selection_index_1based,source_id,raw_id,category,task_id,mask_type,variation_idx,stratum_area_class,rank_in_stratum,mask_px_512,mask_pct_512,mask_rel_path,mask_sha256,mask_file_bytes,orig_rel_path_in_archive,sd2_rel_path_in_archive
1,407825,407825,apple,tgif_train_407825_apple_segm,segm,0,large_over_30pct,1,86077,0.328358,data/research/tgif/masks/training/apple/407825_mask_segm.png_ps_mask.png,4da052457341b99ec3c5c3fad54ee24ed17fe63b3a386de661ac6e9c1e99ffe9,20229,orig/training/apple/407825_orig.png,sd2-sp/training/apple/407825_mask_segm.png_ps_mask.png_sd2_0.png
2,94336,94336,cat,tgif_train_94336_cat_segm,segm,0,large_over_30pct,2,110747,0.422466,data/research/tgif/masks/training/cat/94336_mask_segm.png_ps_mask.png,65948d494e3e0088b2ac977f9126135033730bf789bc891d87d92977fdd5cc12,21811,orig/training/cat/94336_orig.png,sd2-sp/training/cat/94336_mask_segm.png_ps_mask.png_sd2_0.png
3,357941,357941,tv,tgif_train_357941_tv_segm,segm,0,large_over_30pct,3,88537,0.337742,data/research/tgif/masks/training/tv/357941_mask_segm.png_ps_mask.png,c100cf12d10de58b6eeaa2d7860b5cbf28a41324f3729989206ccbd0f72b4f74,18636,orig/training/tv/357941_orig.png,sd2-sp/training/tv/357941_mask_segm.png_ps_mask.png_sd2_0.png
4,165039,165039,bus,tgif_train_165039_bus_segm,segm,0,large_over_30pct,4,106066,0.40461,data/research/tgif/masks/training/bus/165039_mask_segm.png_ps_mask.png,d1c5c09e971a19cd3bf718c97b92d92ed9d9f2fdf7717fe9a8daa525fd4c580a,22634,orig/training/bus/165039_orig.png,sd2-sp/training/bus/165039_mask_segm.png_ps_mask.png_sd2_0.png
5,384661,384661,oven,tgif_train_384661_oven_segm,segm,0,large_over_30pct,5,111494,0.425316,data/research/tgif/masks/training/oven/384661_mask_segm.png_ps_mask.png,6c8c73c219c65fe26074d8d17fb379fb67c3b77f0c2093c65b46e981325b618f,19170,orig/training/oven/384661_orig.png,sd2-sp/training/oven/384661_mask_segm.png_ps_mask.png_sd2_0.png
6,386277,386277,orange,tgif_train_386277_orange_segm,segm,0,large_over_30pct,6,79944,0.304962,data/research/tgif/masks/training/orange/386277_mask_segm.png_ps_mask.png,7c19c57a0437aa88707b23c88f2e10a78eac7fa44cde345affdfca238a60eee7,25206,orig/training/orange/386277_orig.png,sd2-sp/training/orange/386277_mask_segm.png_ps_mask.png_sd2_0.png
7,259640,259640,truck,tgif_train_259640_truck_segm,segm,0,large_over_30pct,7,83388,0.3181,data/research/tgif/masks/training/truck/259640_mask_segm.png_ps_mask.png,81484eff7ae5e04a7874ee291c771cc546968ef281e397ce8d47e7134b66f79e,29519,orig/training/truck/259640_orig.png,sd2-sp/training/truck/259640_mask_segm.png_ps_mask.png_sd2_0.png
8,463283,463283,cup,tgif_train_463283_cup_segm,segm,0,large_over_30pct,8,99275,0.378704,data/research/tgif/masks/training/cup/463283_mask_segm.png_ps_mask.png,2422c5fb09dfb16b70fa0d912e382b6eca05a03b54364d03eb6702aa78d33c88,24631,orig/training/cup/463283_orig.png,sd2-sp/training/cup/463283_mask_segm.png_ps_mask.png_sd2_0.png
9,78426,78426,cat,tgif_train_78426_cat_segm,segm,0,large_over_30pct,9,85334,0.325523,data/research/tgif/masks/training/cat/78426_mask_segm.png_ps_mask.png,b4ce230efd8f472d02002169ded4103a2f507a2c44d74e99f727b4f6baddd737,22254,orig/training/cat/78426_orig.png,sd2-sp/training/cat/78426_mask_segm.png_ps_mask.png_sd2_0.png
10,482970,482970,laptop,tgif_train_482970_laptop_segm,segm,0,large_over_30pct,10,113765,0.433979,data/research/tgif/masks/training/laptop/482970_mask_segm.png_ps_mask.png,7ac47a0b581eb026f1ef069e44cd679656a05760ba778f3de6b78c5e98194a1f,19210,orig/training/laptop/482970_orig.png,sd2-sp/training/laptop/482970_mask_segm.png_ps_mask.png_sd2_0.png
11,7991,7991,carrot,tgif_train_7991_carrot_segm,segm,0,large_over_30pct,11,110754,0.422493,data/research/tgif/masks/training/carrot/7991_mask_segm.png_ps_mask.png,29f2cce448df38a77823918d415799250434a12ffab417168d887d415c910adb,29226,orig/training/carrot/7991_orig.png,sd2-sp/training/carrot/7991_mask_segm.png_ps_mask.png_sd2_0.png
12,207538,207538,microwave,tgif_train_207538_microwave_segm,segm,0,large_over_30pct,12,100653,0.383961,data/research/tgif/masks/training/microwave/207538_mask_segm.png_ps_mask.png,9c15262cbe513428b65b4fa9c8899c3148b982ce14f021d504676545fb6ed41a,16496,orig/training/microwave/207538_orig.png,sd2-sp/training/microwave/207538_mask_segm.png_ps_mask.png_sd2_0.png
13,167240,167240,vase,tgif_train_167240_vase_segm,segm,0,large_over_30pct,13,79197,0.302113,data/research/tgif/masks/training/vase/167240_mask_segm.png_ps_mask.png,692314915a05736688875ca4adfb4d2a07540bea20e0042b2ae8cad88c67ae2e,24101,orig/training/vase/167240_orig.png,sd2-sp/training/vase/167240_mask_segm.png_ps_mask.png_sd2_0.png
14,328030,328030,teddy bear,tgif_train_328030_teddy bear_segm,segm,0,large_over_30pct,14,82718,0.315544,data/research/tgif/masks/training/teddy bear/328030_mask_segm.png_ps_mask.png,5c786a958d7d6b0cd4649699a1c51d3403a7efb33476421d875c4a8963f86666,30695,orig/training/teddy bear/328030_orig.png,sd2-sp/training/teddy bear/328030_mask_segm.png_ps_mask.png_sd2_0.png
15,368684,368684,chair,tgif_train_368684_chair_segm,segm,0,medium_10_to_30pct,1,27036,0.103134,data/research/tgif/masks/training/chair/368684_mask_segm.png_ps_mask.png,1696ec197d0b171abe77e53384f2939c1cdcda697100e3d5bc081e1b582616d2,21535,orig/training/chair/368684_orig.png,sd2-sp/training/chair/368684_mask_segm.png_ps_mask.png_sd2_0.png
16,367195,367195,dog,tgif_train_367195_dog_segm,segm,0,medium_10_to_30pct,2,45088,0.171997,data/research/tgif/masks/training/dog/367195_mask_segm.png_ps_mask.png,643d23f3855b7adbb5043b37aa623c49221d25a611296d79939bfe42bf530656,22785,orig/training/dog/367195_orig.png,sd2-sp/training/dog/367195_mask_segm.png_ps_mask.png_sd2_0.png
17,458410,458410,couch,tgif_train_458410_couch_segm,segm,0,medium_10_to_30pct,3,37312,0.142334,data/research/tgif/masks/training/couch/458410_mask_segm.png_ps_mask.png,7b30e82d805b6e294e8c5750b51513ac66bf5761f12061ec9d0717d89ad83ce1,22854,orig/training/couch/458410_orig.png,sd2-sp/training/couch/458410_mask_segm.png_ps_mask.png_sd2_0.png
18,349480,349480,teddy bear,tgif_train_349480_teddy bear_segm,segm,0,medium_10_to_30pct,4,34190,0.130424,data/research/tgif/masks/training/teddy bear/349480_mask_segm.png_ps_mask.png,79967c63c23c7c2e384d1a7608c1e0c7de287990ae7e5975404d1f58dfbaa1d3,29200,orig/training/teddy bear/349480_orig.png,sd2-sp/training/teddy bear/349480_mask_segm.png_ps_mask.png_sd2_0.png
19,562059,562059,apple,tgif_train_562059_apple_segm,segm,0,medium_10_to_30pct,5,26944,0.102783,data/research/tgif/masks/training/apple/562059_mask_segm.png_ps_mask.png,175ae7e471cf4cd66463929a48fabc1c0bfb7fbbeae1e7ab4d6de9c1a47384f4,17001,orig/training/apple/562059_orig.png,sd2-sp/training/apple/562059_mask_segm.png_ps_mask.png_sd2_0.png
20,151938,151938,dining table,tgif_train_151938_dining table_segm,segm,0,medium_10_to_30pct,6,38967,0.148647,data/research/tgif/masks/training/dining table/151938_mask_segm.png_ps_mask.png,2a6654ed37f74fb86a34345ebf8858da002d77cdb9677ff8f8b941b5e80a4c91,20459,orig/training/dining table/151938_orig.png,sd2-sp/training/dining table/151938_mask_segm.png_ps_mask.png_sd2_0.png
21,291664,291664,dog,tgif_train_291664_dog_segm,segm,0,medium_10_to_30pct,7,28268,0.107834,data/research/tgif/masks/training/dog/291664_mask_segm.png_ps_mask.png,b47e5ce7b5f8823918b89af9730f244b4f242405d2f7aa652ab1c09122527b68,25081,orig/training/dog/291664_orig.png,sd2-sp/training/dog/291664_mask_segm.png_ps_mask.png_sd2_0.png
22,506279,506279,wine glass,tgif_train_506279_wine glass_segm,segm,0,medium_10_to_30pct,8,26370,0.100594,data/research/tgif/masks/training/wine glass/506279_mask_segm.png_ps_mask.png,338ae89042db5bb267f23d10cba1d89707ec87dcc4cfed5d863af53c679b7483,18866,orig/training/wine glass/506279_orig.png,sd2-sp/training/wine glass/506279_mask_segm.png_ps_mask.png_sd2_0.png
23,383606,383606,sink,tgif_train_383606_sink_segm,segm,0,medium_10_to_30pct,9,27133,0.103504,data/research/tgif/masks/training/sink/383606_mask_segm.png_ps_mask.png,8f1c781dfd2cd16033dc0117c8cb16d7b8eb6aff4f35ba6952b44d42ef3f2be6,17973,orig/training/sink/383606_orig.png,sd2-sp/training/sink/383606_mask_segm.png_ps_mask.png_sd2_0.png
24,244496,244496,tie,tgif_train_244496_tie_segm,segm,0,medium_10_to_30pct,10,26762,0.102089,data/research/tgif/masks/training/tie/244496_mask_segm.png_ps_mask.png,139e13b3a4ae1f25495621a09c3c2bae35f70053a95d49c48ac10a57d16d8782,19172,orig/training/tie/244496_orig.png,sd2-sp/training/tie/244496_mask_segm.png_ps_mask.png_sd2_0.png
25,121417,121417,umbrella,tgif_train_121417_umbrella_segm,segm,0,medium_10_to_30pct,11,27196,0.103745,data/research/tgif/masks/training/umbrella/121417_mask_segm.png_ps_mask.png,c3a03782a53236a7038b2fef4aa76d178560a27ac8fe38bcf0c4c27414c32f56,24864,orig/training/umbrella/121417_orig.png,sd2-sp/training/umbrella/121417_mask_segm.png_ps_mask.png_sd2_0.png
26,233139,233139,clock,tgif_train_233139_clock_segm,segm,0,medium_10_to_30pct,12,29550,0.112724,data/research/tgif/masks/training/clock/233139_mask_segm.png_ps_mask.png,89ea537d0c9c4b50ce8c5b20c5638a4b305d1bdba82ba6ddfe0a6da7f8eed909,17740,orig/training/clock/233139_orig.png,sd2-sp/training/clock/233139_mask_segm.png_ps_mask.png_sd2_0.png
27,132375,132375,vase,tgif_train_132375_vase_segm,segm,0,medium_10_to_30pct,13,27206,0.103783,data/research/tgif/masks/training/vase/132375_mask_segm.png_ps_mask.png,6908ebd85db1535f734b681827adf16ee77adbd708d900a9255372a4c9502cf1,21702,orig/training/vase/132375_orig.png,sd2-sp/training/vase/132375_mask_segm.png_ps_mask.png_sd2_0.png
28,352618,352618,orange,tgif_train_352618_orange_segm,segm,0,medium_10_to_30pct,14,37228,0.142014,data/research/tgif/masks/training/orange/352618_mask_segm.png_ps_mask.png,f862e19444e6e33783533e95a6188f2f909399791603f179aaad0fd75c2a5199,18620,orig/training/orange/352618_orig.png,sd2-sp/training/orange/352618_mask_segm.png_ps_mask.png_sd2_0.png
29,210030,210030,cake,tgif_train_210030_cake_segm,segm,0,medium_10_to_30pct,15,52191,0.199093,data/research/tgif/masks/training/cake/210030_mask_segm.png_ps_mask.png,6c75d4809cfffb12837fc0a7f3b4e412b18a818883a6c85634e202ba4c78bc46,27031,orig/training/cake/210030_orig.png,sd2-sp/training/cake/210030_mask_segm.png_ps_mask.png_sd2_0.png
30,412240,412240,dog,tgif_train_412240_dog_segm,segm,0,medium_10_to_30pct,16,45275,0.17271,data/research/tgif/masks/training/dog/412240_mask_segm.png_ps_mask.png,3b37a65a59fdc4f5f886d020c28719d9361a25f7976529f40d85d51b44a91bda,11117,orig/training/dog/412240_orig.png,sd2-sp/training/dog/412240_mask_segm.png_ps_mask.png_sd2_0.png
31,467176,467176,person,tgif_train_467176_person_segm,segm,0,medium_10_to_30pct,17,27743,0.105831,data/research/tgif/masks/training/person/467176_mask_segm.png_ps_mask.png,c3d682827297c278b2a43dddefa848778c95ffeb2247ee11bc85acec8494e5ee,19132,orig/training/person/467176_orig.png,sd2-sp/training/person/467176_mask_segm.png_ps_mask.png_sd2_0.png
32,150417,150417,refrigerator,tgif_train_150417_refrigerator_segm,segm,0,medium_10_to_30pct,18,54462,0.207756,data/research/tgif/masks/training/refrigerator/150417_mask_segm.png_ps_mask.png,30f89749a6d37927b1cfd10d768b185a82da60ab08a919c05906a768993195a1,23328,orig/training/refrigerator/150417_orig.png,sd2-sp/training/refrigerator/150417_mask_segm.png_ps_mask.png_sd2_0.png
33,330818,330818,oven,tgif_train_330818_oven_segm,segm,0,medium_10_to_30pct,19,31196,0.119003,data/research/tgif/masks/training/oven/330818_mask_segm.png_ps_mask.png,a5f3e4a97f65631f59ed423768601ed01e983c4c3367ca9fea391f8d9d02c4a7,17533,orig/training/oven/330818_orig.png,sd2-sp/training/oven/330818_mask_segm.png_ps_mask.png_sd2_0.png
34,185599,185599,orange,tgif_train_185599_orange_segm,segm,0,medium_10_to_30pct,20,51564,0.196701,data/research/tgif/masks/training/orange/185599_mask_segm.png_ps_mask.png,43fc7a5612d08a0b0708e0b582086e693b721943fbacb0cf35709f5ffd918bc9,24367,orig/training/orange/185599_orig.png,sd2-sp/training/orange/185599_mask_segm.png_ps_mask.png_sd2_0.png
35,547854,547854,pizza,tgif_train_547854_pizza_segm,segm,0,medium_10_to_30pct,21,30675,0.117016,data/research/tgif/masks/training/pizza/547854_mask_segm.png_ps_mask.png,070f5a7c9e810d3f9c157f6b581ee165557cc30c6be826d3cf14eec066c69199,18171,orig/training/pizza/547854_orig.png,sd2-sp/training/pizza/547854_mask_segm.png_ps_mask.png_sd2_0.png
36,443498,443498,bus,tgif_train_443498_bus_segm,segm,0,medium_10_to_30pct,22,75792,0.289124,data/research/tgif/masks/training/bus/443498_mask_segm.png_ps_mask.png,e778d5fb7f63ca5fc9511ed6cdd4158efc5f0ededac400d491be99bfc11283dc,22542,orig/training/bus/443498_orig.png,sd2-sp/training/bus/443498_mask_segm.png_ps_mask.png_sd2_0.png
37,109916,109916,cake,tgif_train_109916_cake_segm,segm,0,medium_10_to_30pct,23,32514,0.124031,data/research/tgif/masks/training/cake/109916_mask_segm.png_ps_mask.png,0054cd4ab4c3bfdb923e0df530763008cf09030371e20d1a26217301668354b1,19387,orig/training/cake/109916_orig.png,sd2-sp/training/cake/109916_mask_segm.png_ps_mask.png_sd2_0.png
38,353096,353096,keyboard,tgif_train_353096_keyboard_segm,segm,0,medium_10_to_30pct,24,28596,0.109085,data/research/tgif/masks/training/keyboard/353096_mask_segm.png_ps_mask.png,2b5c49bb7ff45fce0954f8bda068c9f9bb14a82e0b6e312a717d1fcf20e22bc8,15378,orig/training/keyboard/353096_orig.png,sd2-sp/training/keyboard/353096_mask_segm.png_ps_mask.png_sd2_0.png
39,497344,497344,laptop,tgif_train_497344_laptop_segm,segm,0,medium_10_to_30pct,25,26632,0.101593,data/research/tgif/masks/training/laptop/497344_mask_segm.png_ps_mask.png,2e51669a95c2a915b5c4410a6914efe79f8ebc5c9cb8365fec914a9be326f61f,17192,orig/training/laptop/497344_orig.png,sd2-sp/training/laptop/497344_mask_segm.png_ps_mask.png_sd2_0.png
40,545007,545007,clock,tgif_train_545007_clock_segm,segm,0,medium_10_to_30pct,26,27794,0.106026,data/research/tgif/masks/training/clock/545007_mask_segm.png_ps_mask.png,8192071a97485354bd9870fa1958f9d80ae6c9ca37ce595b945c7378b66872c5,18328,orig/training/clock/545007_orig.png,sd2-sp/training/clock/545007_mask_segm.png_ps_mask.png_sd2_0.png
41,460841,460841,bottle,tgif_train_460841_bottle_segm,segm,0,medium_10_to_30pct,27,33654,0.12838,data/research/tgif/masks/training/bottle/460841_mask_segm.png_ps_mask.png,99f24f7d6187f2317bda99cd07d82939b92dcf40c14e97260d83f845e664e221,23037,orig/training/bottle/460841_orig.png,sd2-sp/training/bottle/460841_mask_segm.png_ps_mask.png_sd2_0.png
42,109976,109976,microwave,tgif_train_109976_microwave_segm,segm,0,medium_10_to_30pct,28,26399,0.100704,data/research/tgif/masks/training/microwave/109976_mask_segm.png_ps_mask.png,277b43920ee2674e3c7c6d49cd36416683a5875f64ff443e0ca7f13c8615f549,17531,orig/training/microwave/109976_orig.png,sd2-sp/training/microwave/109976_mask_segm.png_ps_mask.png_sd2_0.png
43,281687,281687,handbag,tgif_train_281687_handbag_segm,segm,0,medium_10_to_30pct,29,26622,0.101555,data/research/tgif/masks/training/handbag/281687_mask_segm.png_ps_mask.png,d519836d7ea1e92f4ef355a38def24bd7be19778485a857e64c3011664e7181d,17480,orig/training/handbag/281687_orig.png,sd2-sp/training/handbag/281687_mask_segm.png_ps_mask.png_sd2_0.png
44,85195,85195,cake,tgif_train_85195_cake_segm,segm,0,medium_10_to_30pct,30,33552,0.127991,data/research/tgif/masks/training/cake/85195_mask_segm.png_ps_mask.png,2d7be680eb1dcd281c9d7b0f79a044f87c4d5e15184e8730910e1e07f669bbd7,21096,orig/training/cake/85195_orig.png,sd2-sp/training/cake/85195_mask_segm.png_ps_mask.png_sd2_0.png
45,267903,267903,sink,tgif_train_267903_sink_segm,segm,0,medium_10_to_30pct,31,47593,0.181553,data/research/tgif/masks/training/sink/267903_mask_segm.png_ps_mask.png,74681150bf1008c572417833cbfed0921e430146aac9ec31f0a1643a2b84254b,20124,orig/training/sink/267903_orig.png,sd2-sp/training/sink/267903_mask_segm.png_ps_mask.png_sd2_0.png
46,447169,447169,oven,tgif_train_447169_oven_segm,segm,0,medium_10_to_30pct,32,31798,0.1213,data/research/tgif/masks/training/oven/447169_mask_segm.png_ps_mask.png,0a4b5d4eaca6bf53de2243238971c7c56c7066fc4834172fbf2de1d7e9d71ac1,18973,orig/training/oven/447169_orig.png,sd2-sp/training/oven/447169_mask_segm.png_ps_mask.png_sd2_0.png
47,147725,147725,bus,tgif_train_147725_bus_segm,segm,0,medium_10_to_30pct,33,50663,0.193264,data/research/tgif/masks/training/bus/147725_mask_segm.png_ps_mask.png,20c5733218a34d1fbae1fd5ff758c3ba81f944ebfe42d7c2f907558f6ac36352,18249,orig/training/bus/147725_orig.png,sd2-sp/training/bus/147725_mask_segm.png_ps_mask.png_sd2_0.png
48,567898,567898,bowl,tgif_train_567898_bowl_segm,segm,0,medium_10_to_30pct,34,77968,0.297424,data/research/tgif/masks/training/bowl/567898_mask_segm.png_ps_mask.png,dfbf2d6c97686287a955c72b5a210bc47ff539b71d8f5e690693dc0b8c7360a6,25014,orig/training/bowl/567898_orig.png,sd2-sp/training/bowl/567898_mask_segm.png_ps_mask.png_sd2_0.png
49,388903,388903,apple,tgif_train_388903_apple_segm,segm,0,medium_10_to_30pct,35,26771,0.102123,data/research/tgif/masks/training/apple/388903_mask_segm.png_ps_mask.png,7c0b7e17c070597c77557cf3c163b75f3104273c724ac5df58d5e4478007fcf2,19012,orig/training/apple/388903_orig.png,sd2-sp/training/apple/388903_mask_segm.png_ps_mask.png_sd2_0.png
50,196754,196754,chair,tgif_train_196754_chair_segm,segm,0,medium_10_to_30pct,36,30569,0.116611,data/research/tgif/masks/training/chair/196754_mask_segm.png_ps_mask.png,ee6ab716dc8607ec9cb5709ce286688bf16cd593dca3bac6227b96cc87a7144d,17549,orig/training/chair/196754_orig.png,sd2-sp/training/chair/196754_mask_segm.png_ps_mask.png_sd2_0.png
51,84170,84170,bus,tgif_train_84170_bus_segm,segm,0,medium_10_to_30pct,37,62338,0.237801,data/research/tgif/masks/training/bus/84170_mask_segm.png_ps_mask.png,97ed398a34eb713b7992735a1cd2382b47d553f694d973bbe19b79e8ce093a89,22083,orig/training/bus/84170_orig.png,sd2-sp/training/bus/84170_mask_segm.png_ps_mask.png_sd2_0.png
52,245764,245764,cat,tgif_train_245764_cat_segm,segm,0,medium_10_to_30pct,38,52885,0.20174,data/research/tgif/masks/training/cat/245764_mask_segm.png_ps_mask.png,82e246dc3ce4c65f0cd8627af5a010b65b94ac0e41ab5bf2d09e6080415dca57,29687,orig/training/cat/245764_orig.png,sd2-sp/training/cat/245764_mask_segm.png_ps_mask.png_sd2_0.png
53,138954,138954,apple,tgif_train_138954_apple_segm,segm,0,medium_10_to_30pct,39,46420,0.177078,data/research/tgif/masks/training/apple/138954_mask_segm.png_ps_mask.png,0a346dcb4acedc724d61a7f00cfe8161f96226c4e77b7a3f2e5ebed630e1bbfa,23899,orig/training/apple/138954_orig.png,sd2-sp/training/apple/138954_mask_segm.png_ps_mask.png_sd2_0.png
54,170595,170595,sandwich,tgif_train_170595_sandwich_segm,segm,0,medium_10_to_30pct,40,32770,0.125008,data/research/tgif/masks/training/sandwich/170595_mask_segm.png_ps_mask.png,5ec9436156fdbc15498f44f5d2ac3223564a7cee9c629a4a6a3428b6526b2030,17757,orig/training/sandwich/170595_orig.png,sd2-sp/training/sandwich/170595_mask_segm.png_ps_mask.png_sd2_0.png
55,51326,51326,vase,tgif_train_51326_vase_segm,segm,0,medium_10_to_30pct,41,62251,0.237469,data/research/tgif/masks/training/vase/51326_mask_segm.png_ps_mask.png,d5093d04facf5257e331fe043f8dbe42a65ab6edd27c0c1d0be17fc5482ead76,23551,orig/training/vase/51326_orig.png,sd2-sp/training/vase/51326_mask_segm.png_ps_mask.png_sd2_0.png
56,474786,474786,tv,tgif_train_474786_tv_segm,segm,0,medium_10_to_30pct,42,26399,0.100704,data/research/tgif/masks/training/tv/474786_mask_segm.png_ps_mask.png,d84504f7176cbf9a4d12a8fe3feafc9c524f205d98c5dee2a80744082ad9de83,15463,orig/training/tv/474786_orig.png,sd2-sp/training/tv/474786_mask_segm.png_ps_mask.png_sd2_0.png
57,131138,131138,tv,tgif_train_131138_tv_segm,segm,0,medium_10_to_30pct,43,28317,0.108021,data/research/tgif/masks/training/tv/131138_mask_segm.png_ps_mask.png,272a6af55aada3f971bc816182426ab861077862d32590f7fa281dd12f543f50,19093,orig/training/tv/131138_orig.png,sd2-sp/training/tv/131138_mask_segm.png_ps_mask.png_sd2_0.png
58,351810,351810,backpack,tgif_train_351810_backpack_segm,segm,0,medium_10_to_30pct,44,30621,0.11681,data/research/tgif/masks/training/backpack/351810_mask_segm.png_ps_mask.png,81a0cb57f075250d48de010875a0f760744521d48777888228c30f7aee12cff9,22824,orig/training/backpack/351810_orig.png,sd2-sp/training/backpack/351810_mask_segm.png_ps_mask.png_sd2_0.png
59,530457,530457,vase,tgif_train_530457_vase_segm,segm,0,medium_10_to_30pct,45,43476,0.165848,data/research/tgif/masks/training/vase/530457_mask_segm.png_ps_mask.png,54a82f4d6174032cd2701029e8e996cf1becd95c84b5b958f074aa6e24440357,24069,orig/training/vase/530457_orig.png,sd2-sp/training/vase/530457_mask_segm.png_ps_mask.png_sd2_0.png
60,249025,249025,vase,tgif_train_249025_vase_segm,segm,0,medium_10_to_30pct,46,53909,0.205647,data/research/tgif/masks/training/vase/249025_mask_segm.png_ps_mask.png,2464b9e5b761dc817eb649ee39b724b78e2739fe3cc2a450702865c051d34ca8,24974,orig/training/vase/249025_orig.png,sd2-sp/training/vase/249025_mask_segm.png_ps_mask.png_sd2_0.png
61,453302,453302,refrigerator,tgif_train_453302_refrigerator_segm,segm,0,medium_10_to_30pct,47,42179,0.1609,data/research/tgif/masks/training/refrigerator/453302_mask_segm.png_ps_mask.png,db9da1ac030490ebacca5744250837b52e152bac9580d28e5352ea1db1f9dc34,19389,orig/training/refrigerator/453302_orig.png,sd2-sp/training/refrigerator/453302_mask_segm.png_ps_mask.png_sd2_0.png
62,388258,388258,bench,tgif_train_388258_bench_segm,segm,0,medium_10_to_30pct,48,31415,0.119839,data/research/tgif/masks/training/bench/388258_mask_segm.png_ps_mask.png,fb4fc1277e058af095cf6695bca48b740fc851a92a284d1622a461213df6a8d8,28669,orig/training/bench/388258_orig.png,sd2-sp/training/bench/388258_mask_segm.png_ps_mask.png_sd2_0.png
63,279145,279145,bench,tgif_train_279145_bench_segm,segm,0,medium_10_to_30pct,49,41941,0.159992,data/research/tgif/masks/training/bench/279145_mask_segm.png_ps_mask.png,c7cf498f154892c19a32bd0a6dabe1de03e8710e9470c2c3e63c3d00a08ed412,30909,orig/training/bench/279145_orig.png,sd2-sp/training/bench/279145_mask_segm.png_ps_mask.png_sd2_0.png
64,172617,172617,suitcase,tgif_train_172617_suitcase_segm,segm,0,medium_10_to_30pct,50,53578,0.204384,data/research/tgif/masks/training/suitcase/172617_mask_segm.png_ps_mask.png,bf488ed8f29c57673bbfb0f456bbe066ea41ff4871c718a84d0a50e5f5aaf9e4,20481,orig/training/suitcase/172617_orig.png,sd2-sp/training/suitcase/172617_mask_segm.png_ps_mask.png_sd2_0.png
65,460929,460929,hot dog,tgif_train_460929_hot dog_segm,segm,0,medium_10_to_30pct,51,29652,0.113113,data/research/tgif/masks/training/hot dog/460929_mask_segm.png_ps_mask.png,70c124390fb57a839e9de80eed02e71dfb45baa3b983c4bb0ac3a0150e356d67,21127,orig/training/hot dog/460929_orig.png,sd2-sp/training/hot dog/460929_mask_segm.png_ps_mask.png_sd2_0.png
66,527750,527750,refrigerator,tgif_train_527750_refrigerator_segm,segm,0,medium_10_to_30pct,52,39765,0.151691,data/research/tgif/masks/training/refrigerator/527750_mask_segm.png_ps_mask.png,3b0b95dbd0ec29abec771a39bdf2e41eb7ff96159218d9ae81f4a57856de95b5,20416,orig/training/refrigerator/527750_orig.png,sd2-sp/training/refrigerator/527750_mask_segm.png_ps_mask.png_sd2_0.png
67,370900,370900,teddy bear,tgif_train_370900_teddy bear_segm,segm,0,medium_10_to_30pct,53,31438,0.119926,data/research/tgif/masks/training/teddy bear/370900_mask_segm.png_ps_mask.png,877351625e3af7a97da109d32b0d430fc9fb3313b353ec4801c79094b0f2f340,23143,orig/training/teddy bear/370900_orig.png,sd2-sp/training/teddy bear/370900_mask_segm.png_ps_mask.png_sd2_0.png
68,30785,30785,sandwich,tgif_train_30785_sandwich_segm,segm,0,medium_10_to_30pct,54,35732,0.136307,data/research/tgif/masks/training/sandwich/30785_mask_segm.png_ps_mask.png,6b288fd425b3add7ed543fa5f9811bcf635c08cb8d951027d8e74231b65b1aed,18349,orig/training/sandwich/30785_orig.png,sd2-sp/training/sandwich/30785_mask_segm.png_ps_mask.png_sd2_0.png
69,405691,405691,bottle,tgif_train_405691_bottle_segm,segm,0,medium_10_to_30pct,55,26950,0.102806,data/research/tgif/masks/training/bottle/405691_mask_segm.png_ps_mask.png,b4d090b6edb0776df1e0f2461c8be332c3e2d85404277763e0f8ad6ee4bfa03a,20171,orig/training/bottle/405691_orig.png,sd2-sp/training/bottle/405691_mask_segm.png_ps_mask.png_sd2_0.png
70,315187,315187,bus,tgif_train_315187_bus_segm,segm,0,medium_10_to_30pct,56,32929,0.125614,data/research/tgif/masks/training/bus/315187_mask_segm.png_ps_mask.png,41dd461caff1344c9de566ab4368a1cf9ea330c99a783021dfa5dab26a2931cf,18106,orig/training/bus/315187_orig.png,sd2-sp/training/bus/315187_mask_segm.png_ps_mask.png_sd2_0.png
71,396338,396338,truck,tgif_train_396338_truck_segm,segm,0,medium_10_to_30pct,57,28629,0.109211,data/research/tgif/masks/training/truck/396338_mask_segm.png_ps_mask.png,7eaa477b7fa7c0c15ec8ae03ce2213b8e9630904ab8333f1a636f8ad7e36117e,25958,orig/training/truck/396338_orig.png,sd2-sp/training/truck/396338_mask_segm.png_ps_mask.png_sd2_0.png
72,360960,360960,umbrella,tgif_train_360960_umbrella_segm,segm,0,medium_10_to_30pct,58,45437,0.173328,data/research/tgif/masks/training/umbrella/360960_mask_segm.png_ps_mask.png,3d5658ce965bd57748ad770869b21d7175cc135be713d1409714972b362b6bbb,18406,orig/training/umbrella/360960_orig.png,sd2-sp/training/umbrella/360960_mask_segm.png_ps_mask.png_sd2_0.png
73,395343,395343,vase,tgif_train_395343_vase_segm,segm,0,medium_10_to_30pct,59,30751,0.117306,data/research/tgif/masks/training/vase/395343_mask_segm.png_ps_mask.png,c4e6ce4d90439d43739e23eb65f1feafaf7278b5715ef62b91b9518f28210ed2,20283,orig/training/vase/395343_orig.png,sd2-sp/training/vase/395343_mask_segm.png_ps_mask.png_sd2_0.png
74,246436,246436,oven,tgif_train_246436_oven_segm,segm,0,medium_10_to_30pct,60,26773,0.102131,data/research/tgif/masks/training/oven/246436_mask_segm.png_ps_mask.png,e94351897936bb86c8abdfd0abb5d91d91785854e65f48254417b490f377c61f,19874,orig/training/oven/246436_orig.png,sd2-sp/training/oven/246436_mask_segm.png_ps_mask.png_sd2_0.png
75,509719,509719,bird,tgif_train_509719_bird_segm,segm,0,medium_10_to_30pct,61,33308,0.12706,data/research/tgif/masks/training/bird/509719_mask_segm.png_ps_mask.png,ce0d9534fc9b9084f2f8920b7380e71313a0619441928d87e7303ea12fe125ee,27727,orig/training/bird/509719_orig.png,sd2-sp/training/bird/509719_mask_segm.png_ps_mask.png_sd2_0.png
76,506310,506310,refrigerator,tgif_train_506310_refrigerator_segm,segm,0,medium_10_to_30pct,62,49766,0.189842,data/research/tgif/masks/training/refrigerator/506310_mask_segm.png_ps_mask.png,1f9e6d001ceeef4b7ce175020bd13917476d322720424cdb1bac9e3d642d3589,18779,orig/training/refrigerator/506310_orig.png,sd2-sp/training/refrigerator/506310_mask_segm.png_ps_mask.png_sd2_0.png
77,335954,335954,bowl,tgif_train_335954_bowl_segm,segm,0,medium_10_to_30pct,63,77558,0.29586,data/research/tgif/masks/training/bowl/335954_mask_segm.png_ps_mask.png,0a0840c42961454aaae64ebb0ffac77fe17ddc9b56016213741ae42d2ac924c5,19598,orig/training/bowl/335954_orig.png,sd2-sp/training/bowl/335954_mask_segm.png_ps_mask.png_sd2_0.png
78,389804,389804,toilet,tgif_train_389804_toilet_segm,segm,0,medium_10_to_30pct,64,28799,0.109859,data/research/tgif/masks/training/toilet/389804_mask_segm.png_ps_mask.png,f597e92d336e3902bc1e9f8b60f8b00bc2b54f5e333e47fbff60bc04b684a009,17725,orig/training/toilet/389804_orig.png,sd2-sp/training/toilet/389804_mask_segm.png_ps_mask.png_sd2_0.png
79,316015,316015,cat,tgif_train_316015_cat_segm,segm,0,medium_10_to_30pct,65,32153,0.122654,data/research/tgif/masks/training/cat/316015_mask_segm.png_ps_mask.png,da4bceb3e3cdb84de99b96605fdec0215c355f6de59f9107305546e608b25542,25362,orig/training/cat/316015_orig.png,sd2-sp/training/cat/316015_mask_segm.png_ps_mask.png_sd2_0.png
80,445658,445658,oven,tgif_train_445658_oven_segm,segm,0,medium_10_to_30pct,66,42678,0.162804,data/research/tgif/masks/training/oven/445658_mask_segm.png_ps_mask.png,0305096dc2b9476443b52b2536bda75837f47cc0d36e43669be51469ddeb38ca,18355,orig/training/oven/445658_orig.png,sd2-sp/training/oven/445658_mask_segm.png_ps_mask.png_sd2_0.png
81,555009,555009,tv,tgif_train_555009_tv_segm,segm,0,medium_10_to_30pct,67,51377,0.195988,data/research/tgif/masks/training/tv/555009_mask_segm.png_ps_mask.png,93f37257cae217f85f46cf88b9860c5059a4eb49ba2ee6bfd69b395406656f15,18358,orig/training/tv/555009_orig.png,sd2-sp/training/tv/555009_mask_segm.png_ps_mask.png_sd2_0.png
82,236592,236592,dog,tgif_train_236592_dog_segm,segm,0,medium_10_to_30pct,68,29868,0.113937,data/research/tgif/masks/training/dog/236592_mask_segm.png_ps_mask.png,151c5f8ae5fc9be94704a891f135418c1462d8c837b29f234ed678d5f367fb9f,22492,orig/training/dog/236592_orig.png,sd2-sp/training/dog/236592_mask_segm.png_ps_mask.png_sd2_0.png
83,156643,156643,teddy bear,tgif_train_156643_teddy bear_segm,segm,0,medium_10_to_30pct,69,34492,0.131577,data/research/tgif/masks/training/teddy bear/156643_mask_segm.png_ps_mask.png,2760a83f357618f284285b3e4ad4ac53b9afd902b7ea3e127d7bc17b453a87fe,28392,orig/training/teddy bear/156643_orig.png,sd2-sp/training/teddy bear/156643_mask_segm.png_ps_mask.png_sd2_0.png
84,123213,123213,person,tgif_train_123213_person_segm,segm,0,medium_10_to_30pct,70,32554,0.124184,data/research/tgif/masks/training/person/123213_mask_segm.png_ps_mask.png,845bc0f5bd4b9ed25d37751ebeeaec67e1777afd31bbdccb8f99153815442ff2,27090,orig/training/person/123213_orig.png,sd2-sp/training/person/123213_mask_segm.png_ps_mask.png_sd2_0.png
85,540928,540928,cat,tgif_train_540928_cat_segm,segm,0,medium_10_to_30pct,71,47456,0.18103,data/research/tgif/masks/training/cat/540928_mask_segm.png_ps_mask.png,10eb97dbee419045ff61af7db87ce3c0d479fa8f796d5b8e65bc1853e9c9c50a,30094,orig/training/cat/540928_orig.png,sd2-sp/training/cat/540928_mask_segm.png_ps_mask.png_sd2_0.png
86,385029,385029,pizza,tgif_train_385029_pizza_segm,segm,0,medium_10_to_30pct,72,29313,0.11182,data/research/tgif/masks/training/pizza/385029_mask_segm.png_ps_mask.png,71ee960a582c15fe865231e2af33790b681ef5be2d428ebea0566f13668a558b,19289,orig/training/pizza/385029_orig.png,sd2-sp/training/pizza/385029_mask_segm.png_ps_mask.png_sd2_0.png
87,465430,465430,sandwich,tgif_train_465430_sandwich_segm,segm,0,medium_10_to_30pct,73,52267,0.199383,data/research/tgif/masks/training/sandwich/465430_mask_segm.png_ps_mask.png,b125cf852bd33e25f559c52b16c2a828dca417f16cf0d5f27ce3fd8429e55878,27686,orig/training/sandwich/465430_orig.png,sd2-sp/training/sandwich/465430_mask_segm.png_ps_mask.png_sd2_0.png
88,222735,222735,tv,tgif_train_222735_tv_segm,segm,0,medium_10_to_30pct,74,31505,0.120182,data/research/tgif/masks/training/tv/222735_mask_segm.png_ps_mask.png,2b0aa70fc2372e931148867f424cfb3a35332952e0ff62245a49ce94b5fc25ca,17827,orig/training/tv/222735_orig.png,sd2-sp/training/tv/222735_mask_segm.png_ps_mask.png_sd2_0.png
89,19742,19742,vase,tgif_train_19742_vase_segm,segm,0,medium_10_to_30pct,75,67585,0.257816,data/research/tgif/masks/training/vase/19742_mask_segm.png_ps_mask.png,b8648380f7fb412d87d5093c05d65593581c172a2ae366e0509126237c7048f5,19243,orig/training/vase/19742_orig.png,sd2-sp/training/vase/19742_mask_segm.png_ps_mask.png_sd2_0.png
90,157767,157767,dining table,tgif_train_157767_dining table_segm,segm,0,medium_10_to_30pct,76,36490,0.139198,data/research/tgif/masks/training/dining table/157767_mask_segm.png_ps_mask.png,e3259057e878546678100bbe461bb3afd2c4d13f3c785504ae73b0c4ea8f6584,18221,orig/training/dining table/157767_orig.png,sd2-sp/training/dining table/157767_mask_segm.png_ps_mask.png_sd2_0.png
91,50679,50679,orange,tgif_train_50679_orange_segm,segm,0,medium_10_to_30pct,77,53882,0.205544,data/research/tgif/masks/training/orange/50679_mask_segm.png_ps_mask.png,2cbb0d831a107a85c92f20574696eb23329f0abbcb451c9ad065ce9446e40dec,20316,orig/training/orange/50679_orig.png,sd2-sp/training/orange/50679_mask_segm.png_ps_mask.png_sd2_0.png
92,128598,128598,apple,tgif_train_128598_apple_segm,segm,0,medium_10_to_30pct,78,55845,0.213032,data/research/tgif/masks/training/apple/128598_mask_segm.png_ps_mask.png,4d0889fe8f5457fd0b8f955b7a923e621a11888e688d7f7afd63d5109363aeb9,22035,orig/training/apple/128598_orig.png,sd2-sp/training/apple/128598_mask_segm.png_ps_mask.png_sd2_0.png
93,66635,66635,tv,tgif_train_66635_tv_segm,segm,0,medium_10_to_30pct,79,78144,0.298096,data/research/tgif/masks/training/tv/66635_mask_segm.png_ps_mask.png,29d97827c8639d72392424d0a51cfebe809a09bffe59aa108760bbf95c8e6003,22215,orig/training/tv/66635_orig.png,sd2-sp/training/tv/66635_mask_segm.png_ps_mask.png_sd2_0.png
94,555012,555012,toilet,tgif_train_555012_toilet_segm,segm,0,medium_10_to_30pct,80,29094,0.110985,data/research/tgif/masks/training/toilet/555012_mask_segm.png_ps_mask.png,45e1d362e94f189074e6fd3334e40811c99b4aacb65161dd3d1a39a660a63dd8,19570,orig/training/toilet/555012_orig.png,sd2-sp/training/toilet/555012_mask_segm.png_ps_mask.png_sd2_0.png
95,435205,435205,teddy bear,tgif_train_435205_teddy bear_segm,segm,0,medium_10_to_30pct,81,38560,0.147095,data/research/tgif/masks/training/teddy bear/435205_mask_segm.png_ps_mask.png,ec29e0176e25a4f272e34ce64597a19cb4bd4f8d9cda144ca86961f2be4be1d6,27391,orig/training/teddy bear/435205_orig.png,sd2-sp/training/teddy bear/435205_mask_segm.png_ps_mask.png_sd2_0.png
96,157807,157807,toilet,tgif_train_157807_toilet_segm,segm,0,medium_10_to_30pct,82,40355,0.153942,data/research/tgif/masks/training/toilet/157807_mask_segm.png_ps_mask.png,c27f8f7ee4527f0f2d8ff99bba3e93308208b4c0cc7c8c9ed2dc10ee26c574ac,24075,orig/training/toilet/157807_orig.png,sd2-sp/training/toilet/157807_mask_segm.png_ps_mask.png_sd2_0.png
97,327769,327769,cat,tgif_train_327769_cat_segm,segm,0,medium_10_to_30pct,83,30466,0.116219,data/research/tgif/masks/training/cat/327769_mask_segm.png_ps_mask.png,b929bd53563b894a11298a3020abbfa2148bd296d4b944fe1823e5c1ba022460,18984,orig/training/cat/327769_orig.png,sd2-sp/training/cat/327769_mask_segm.png_ps_mask.png_sd2_0.png
98,272416,272416,toilet,tgif_train_272416_toilet_segm,segm,0,medium_10_to_30pct,84,50603,0.193035,data/research/tgif/masks/training/toilet/272416_mask_segm.png_ps_mask.png,2f84f54f17bdd1664c5d5058ffeb728e2b4ab776e0f760169edfe7dab2ef550b,23250,orig/training/toilet/272416_orig.png,sd2-sp/training/toilet/272416_mask_segm.png_ps_mask.png_sd2_0.png
99,213035,213035,person,tgif_train_213035_person_segm,segm,0,medium_10_to_30pct,85,35239,0.134426,data/research/tgif/masks/training/person/213035_mask_segm.png_ps_mask.png,20fb3911b01a4e2c7cfa993e775d61b7655032e7c1520f702e34523234226ee6,21603,orig/training/person/213035_orig.png,sd2-sp/training/person/213035_mask_segm.png_ps_mask.png_sd2_0.png
100,69795,69795,potted plant,tgif_train_69795_potted plant_segm,segm,0,medium_10_to_30pct,86,56665,0.21616,data/research/tgif/masks/training/potted plant/69795_mask_segm.png_ps_mask.png,0c1a1b4400139489293c694a4e807a3373805570badd39566a160dc012d08647,35335,orig/training/potted plant/69795_orig.png,sd2-sp/training/potted plant/69795_mask_segm.png_ps_mask.png_sd2_0.png
101,437898,437898,refrigerator,tgif_train_437898_refrigerator_segm,segm,0,medium_10_to_30pct,87,35803,0.136578,data/research/tgif/masks/training/refrigerator/437898_mask_segm.png_ps_mask.png,05d6f120d4ad20a03b98be29ee0959c5ef93f597cf8b3a6879c77990a5296eb4,19692,orig/training/refrigerator/437898_orig.png,sd2-sp/training/refrigerator/437898_mask_segm.png_ps_mask.png_sd2_0.png
102,476787,476787,pizza,tgif_train_476787_pizza_segm,segm,0,medium_10_to_30pct,88,35592,0.135773,data/research/tgif/masks/training/pizza/476787_mask_segm.png_ps_mask.png,5991b581824851298a5b1a65378631e258fe4ce33c6cd4f813e20e3d8b0dfe48,20414,orig/training/pizza/476787_orig.png,sd2-sp/training/pizza/476787_mask_segm.png_ps_mask.png_sd2_0.png
103,452321,452321,bus,tgif_train_452321_bus_segm,segm,0,medium_10_to_30pct,89,51981,0.198292,data/research/tgif/masks/training/bus/452321_mask_segm.png_ps_mask.png,d2647ce0970c0717579267514acb161535c0aa3e08adcb2cd1ca78c0378bc788,23000,orig/training/bus/452321_orig.png,sd2-sp/training/bus/452321_mask_segm.png_ps_mask.png_sd2_0.png
104,46378,46378,bird,tgif_train_46378_bird_segm,segm,0,medium_10_to_30pct,90,44970,0.171547,data/research/tgif/masks/training/bird/46378_mask_segm.png_ps_mask.png,a7ce00b3f1bc373929ee97ed486c64e585455f5801011297545a6dc60adfad53,26349,orig/training/bird/46378_orig.png,sd2-sp/training/bird/46378_mask_segm.png_ps_mask.png_sd2_0.png
105,479248,479248,tv,tgif_train_479248_tv_segm,segm,0,medium_10_to_30pct,91,40745,0.15543,data/research/tgif/masks/training/tv/479248_mask_segm.png_ps_mask.png,0c6b279a2b7c666f1a945e46cdcba772edd42fb095028ab777045a5524719267,18014,orig/training/tv/479248_orig.png,sd2-sp/training/tv/479248_mask_segm.png_ps_mask.png_sd2_0.png
106,472375,472375,dog,tgif_train_472375_dog_segm,segm,0,medium_10_to_30pct,92,59108,0.225479,data/research/tgif/masks/training/dog/472375_mask_segm.png_ps_mask.png,9b47565ebbb354e45159830e9f38a2679c2659334fa47fbf89503c783897a80c,27447,orig/training/dog/472375_orig.png,sd2-sp/training/dog/472375_mask_segm.png_ps_mask.png_sd2_0.png
107,258883,258883,pizza,tgif_train_258883_pizza_segm,segm,0,medium_10_to_30pct,93,29954,0.114265,data/research/tgif/masks/training/pizza/258883_mask_segm.png_ps_mask.png,c9969fb57ca1cd9eb9015bcd328606c00e8a9a12df4c4a24daa7e63025ee0199,18720,orig/training/pizza/258883_orig.png,sd2-sp/training/pizza/258883_mask_segm.png_ps_mask.png_sd2_0.png
108,180383,180383,tv,tgif_train_180383_tv_segm,segm,0,medium_10_to_30pct,94,31924,0.12178,data/research/tgif/masks/training/tv/180383_mask_segm.png_ps_mask.png,21e996eaff581009cbee06df3c3adaf427d242576b01938bd03b5b45a8ff986b,18166,orig/training/tv/180383_orig.png,sd2-sp/training/tv/180383_mask_segm.png_ps_mask.png_sd2_0.png
109,334371,334371,bus,tgif_train_334371_bus_segm,segm,0,medium_10_to_30pct,95,26808,0.102264,data/research/tgif/masks/training/bus/334371_mask_segm.png_ps_mask.png,c503e26a2127549074ef210875bab5b0c7bb8f81dfd1f54983ec6b62b35806f6,19160,orig/training/bus/334371_orig.png,sd2-sp/training/bus/334371_mask_segm.png_ps_mask.png_sd2_0.png
110,283268,283268,hot dog,tgif_train_283268_hot dog_segm,segm,0,medium_10_to_30pct,96,49641,0.189365,data/research/tgif/masks/training/hot dog/283268_mask_segm.png_ps_mask.png,d65b30e5764e9e9842b4f7c4730c88a014e496b9385954381785c15d905323c9,20838,orig/training/hot dog/283268_orig.png,sd2-sp/training/hot dog/283268_mask_segm.png_ps_mask.png_sd2_0.png
111,305343,305343,cup,tgif_train_305343_cup_segm,segm,0,medium_10_to_30pct,97,70835,0.270214,data/research/tgif/masks/training/cup/305343_mask_segm.png_ps_mask.png,b926ca7698cf75c1cf87f65fe36b4f94f65c683539d4c483af1049a15b3a82b1,22946,orig/training/cup/305343_orig.png,sd2-sp/training/cup/305343_mask_segm.png_ps_mask.png_sd2_0.png
112,491757,491757,cat,tgif_train_491757_cat_segm,segm,0,medium_10_to_30pct,98,35668,0.136063,data/research/tgif/masks/training/cat/491757_mask_segm.png_ps_mask.png,43e52754ead8cf633939b910f31c6768277c2e3dec62328cc064186138911dc9,28196,orig/training/cat/491757_orig.png,sd2-sp/training/cat/491757_mask_segm.png_ps_mask.png_sd2_0.png
113,475678,475678,suitcase,tgif_train_475678_suitcase_segm,segm,0,medium_10_to_30pct,99,43850,0.167274,data/research/tgif/masks/training/suitcase/475678_mask_segm.png_ps_mask.png,569dc841d9c35a0d5ee34de07d11216e1843da9b940237b21677ffef735e7ec4,21695,orig/training/suitcase/475678_orig.png,sd2-sp/training/suitcase/475678_mask_segm.png_ps_mask.png_sd2_0.png
114,245448,245448,motorcycle,tgif_train_245448_motorcycle_segm,segm,0,medium_10_to_30pct,100,37205,0.141926,data/research/tgif/masks/training/motorcycle/245448_mask_segm.png_ps_mask.png,944399677f805a97894c7d61a1b3da8d7f41616bfaee0121270958b55de64b7e,27886,orig/training/motorcycle/245448_orig.png,sd2-sp/training/motorcycle/245448_mask_segm.png_ps_mask.png_sd2_0.png
115,320664,320664,hot dog,tgif_train_320664_hot dog_segm,segm,0,medium_10_to_30pct,101,52873,0.201694,data/research/tgif/masks/training/hot dog/320664_mask_segm.png_ps_mask.png,20987d872e3559b8f593e762d84edd967ad270d0fc26ea2e610db39b1f264eb0,21014,orig/training/hot dog/320664_orig.png,sd2-sp/training/hot dog/320664_mask_segm.png_ps_mask.png_sd2_0.png
116,575500,575500,banana,tgif_train_575500_banana_segm,segm,0,medium_10_to_30pct,102,30618,0.116798,data/research/tgif/masks/training/banana/575500_mask_segm.png_ps_mask.png,888082f826c5c0881170c40e08906decf28f0f8db1ddfb03ae07d8ae613324b3,16690,orig/training/banana/575500_orig.png,sd2-sp/training/banana/575500_mask_segm.png_ps_mask.png_sd2_0.png
117,453634,453634,toilet,tgif_train_453634_toilet_segm,segm,0,medium_10_to_30pct,103,33834,0.129066,data/research/tgif/masks/training/toilet/453634_mask_segm.png_ps_mask.png,2712dde0f7cd93521d3ee8ff3628e1d74994f538f80cfe21c58454c3b217f634,22196,orig/training/toilet/453634_orig.png,sd2-sp/training/toilet/453634_mask_segm.png_ps_mask.png_sd2_0.png
118,357459,357459,dog,tgif_train_357459_dog_segm,segm,0,medium_10_to_30pct,104,40367,0.153988,data/research/tgif/masks/training/dog/357459_mask_segm.png_ps_mask.png,d5ec4118a01a8dd46df616f5e15dd5b7a89f0c447395f6286f68a7c785105527,33441,orig/training/dog/357459_orig.png,sd2-sp/training/dog/357459_mask_segm.png_ps_mask.png_sd2_0.png
119,170099,170099,couch,tgif_train_170099_couch_segm,segm,0,medium_10_to_30pct,105,54882,0.209358,data/research/tgif/masks/training/couch/170099_mask_segm.png_ps_mask.png,e37d30b6a4c10e15595ce385275aefff990c6893b49715c60b05721118cf1b16,22135,orig/training/couch/170099_orig.png,sd2-sp/training/couch/170099_mask_segm.png_ps_mask.png_sd2_0.png
120,180296,180296,backpack,tgif_train_180296_backpack_segm,segm,0,medium_10_to_30pct,106,52844,0.201584,data/research/tgif/masks/training/backpack/180296_mask_segm.png_ps_mask.png,7a9ba8705e1c4001c456cd45ad68a5a718a7726cecb49999cfb0dfbce86b22e5,20677,orig/training/backpack/180296_orig.png,sd2-sp/training/backpack/180296_mask_segm.png_ps_mask.png_sd2_0.png
121,34257,34257,carrot,tgif_train_34257_carrot_segm,segm,0,medium_10_to_30pct,107,59784,0.228058,data/research/tgif/masks/training/carrot/34257_mask_segm.png_ps_mask.png,e2ac4264134c7f6cf16594db61061c7d63197a2b5632aa0e8fb6c1aede7510c0,28864,orig/training/carrot/34257_orig.png,sd2-sp/training/carrot/34257_mask_segm.png_ps_mask.png_sd2_0.png
122,402433,402433,motorcycle,tgif_train_402433_motorcycle_segm,segm,0,medium_10_to_30pct,108,27478,0.10482,data/research/tgif/masks/training/motorcycle/402433_mask_segm.png_ps_mask.png,6cdfe9e784377c4c263808c83aa057030bfea7f6139063cc3101ffaf7727c81a,22607,orig/training/motorcycle/402433_orig.png,sd2-sp/training/motorcycle/402433_mask_segm.png_ps_mask.png_sd2_0.png
123,538364,538364,motorcycle,tgif_train_538364_motorcycle_segm,segm,0,medium_10_to_30pct,109,37406,0.142693,data/research/tgif/masks/training/motorcycle/538364_mask_segm.png_ps_mask.png,d986a69ae4c7a7e509fddff3c3579febf65517be2cc80d123bd3a33f3e473241,30730,orig/training/motorcycle/538364_orig.png,sd2-sp/training/motorcycle/538364_mask_segm.png_ps_mask.png_sd2_0.png
124,102644,102644,toilet,tgif_train_102644_toilet_segm,segm,0,medium_10_to_30pct,110,31473,0.12006,data/research/tgif/masks/training/toilet/102644_mask_segm.png_ps_mask.png,ca8025b12b2b0fe7d2e609e58492e87559eff6969831a0843a012198d74efc7f,21364,orig/training/toilet/102644_orig.png,sd2-sp/training/toilet/102644_mask_segm.png_ps_mask.png_sd2_0.png
125,457262,457262,banana,tgif_train_457262_banana_segm,segm,0,medium_10_to_30pct,111,33310,0.127068,data/research/tgif/masks/training/banana/457262_mask_segm.png_ps_mask.png,e6f7052681fe7a6cbc65263c401bd3272ce94c9d89a894cb08a9659a70fdd95b,16167,orig/training/banana/457262_orig.png,sd2-sp/training/banana/457262_mask_segm.png_ps_mask.png_sd2_0.png
126,345252,345252,tv,tgif_train_345252_tv_segm,segm,0,medium_10_to_30pct,112,26262,0.100182,data/research/tgif/masks/training/tv/345252_mask_segm.png_ps_mask.png,0460742309a67615714730990d99f8f4cc2ec17f9347587be28678d8341b0775,17682,orig/training/tv/345252_orig.png,sd2-sp/training/tv/345252_mask_segm.png_ps_mask.png_sd2_0.png
127,480021,480021,motorcycle,tgif_train_480021_motorcycle_segm,segm,0,medium_10_to_30pct,113,57806,0.220512,data/research/tgif/masks/training/motorcycle/480021_mask_segm.png_ps_mask.png,8eb839c0f598bba62fa31fc6bc0a98078a70e4f1aa1f39c7e625bf7f5b9e9b51,29236,orig/training/motorcycle/480021_orig.png,sd2-sp/training/motorcycle/480021_mask_segm.png_ps_mask.png_sd2_0.png
128,350679,350679,dining table,tgif_train_350679_dining table_segm,segm,0,medium_10_to_30pct,114,50249,0.191685,data/research/tgif/masks/training/dining table/350679_mask_segm.png_ps_mask.png,4ddd5080dee5ee5d2133aa223417984a09466d414dd7f0756d3c95a47c775501,24174,orig/training/dining table/350679_orig.png,sd2-sp/training/dining table/350679_mask_segm.png_ps_mask.png_sd2_0.png
129,85089,85089,wine glass,tgif_train_85089_wine glass_segm,segm,0,medium_10_to_30pct,115,50752,0.193604,data/research/tgif/masks/training/wine glass/85089_mask_segm.png_ps_mask.png,a0cacabf32ae2a033f7e25e9e3fc3e5fc5dada9958c5fb549ea31a41e1dc6aa4,20013,orig/training/wine glass/85089_orig.png,sd2-sp/training/wine glass/85089_mask_segm.png_ps_mask.png_sd2_0.png
130,167572,167572,sandwich,tgif_train_167572_sandwich_segm,segm,0,medium_10_to_30pct,116,40450,0.154305,data/research/tgif/masks/training/sandwich/167572_mask_segm.png_ps_mask.png,e6babc4a82ab91e824f7adba2f9e0a41d766e85051184f55113b365175a71f07,20811,orig/training/sandwich/167572_orig.png,sd2-sp/training/sandwich/167572_mask_segm.png_ps_mask.png_sd2_0.png
131,98392,98392,bus,tgif_train_98392_bus_segm,segm,0,medium_10_to_30pct,117,42911,0.163692,data/research/tgif/masks/training/bus/98392_mask_segm.png_ps_mask.png,c42dd5e54f993b8aae11c58348686c282da74545ff937e0af6c4327d47fc8542,20622,orig/training/bus/98392_orig.png,sd2-sp/training/bus/98392_mask_segm.png_ps_mask.png_sd2_0.png
132,242287,242287,bicycle,tgif_train_242287_bicycle_segm,segm,0,medium_10_to_30pct,118,40688,0.155212,data/research/tgif/masks/training/bicycle/242287_mask_segm.png_ps_mask.png,acb37649a08e0da73e55ca0f4edcadebe369f0bbae154e7c61cf6c46ab6b991f,31826,orig/training/bicycle/242287_orig.png,sd2-sp/training/bicycle/242287_mask_segm.png_ps_mask.png_sd2_0.png
133,191013,191013,clock,tgif_train_191013_clock_segm,segm,0,medium_10_to_30pct,119,33736,0.128693,data/research/tgif/masks/training/clock/191013_mask_segm.png_ps_mask.png,1d68fb825a3b28ea7a81771d203af2e8a1409f0719603ce05fb60bc59ab44d80,20212,orig/training/clock/191013_orig.png,sd2-sp/training/clock/191013_mask_segm.png_ps_mask.png_sd2_0.png
134,216277,216277,apple,tgif_train_216277_apple_segm,segm,0,medium_10_to_30pct,120,56895,0.217037,data/research/tgif/masks/training/apple/216277_mask_segm.png_ps_mask.png,c835a3425baf8917d01631526aa51ddf9ad3dcc98d35540d970d504b7ec731d5,24222,orig/training/apple/216277_orig.png,sd2-sp/training/apple/216277_mask_segm.png_ps_mask.png_sd2_0.png
135,368752,368752,person,tgif_train_368752_person_segm,segm,0,medium_10_to_30pct,121,61846,0.235924,data/research/tgif/masks/training/person/368752_mask_segm.png_ps_mask.png,dafe88294272c223c20405c9f0378266a7ea93081879c682c6476d025005f12e,23105,orig/training/person/368752_orig.png,sd2-sp/training/person/368752_mask_segm.png_ps_mask.png_sd2_0.png
136,74256,74256,bus,tgif_train_74256_bus_segm,segm,0,medium_10_to_30pct,122,27965,0.106678,data/research/tgif/masks/training/bus/74256_mask_segm.png_ps_mask.png,3e4aca31e9ee77adc2a528c7c315a152d0f44f8e7a9483259b79c4c9f24498e9,27085,orig/training/bus/74256_orig.png,sd2-sp/training/bus/74256_mask_segm.png_ps_mask.png_sd2_0.png
137,396729,396729,remote,tgif_train_396729_remote_segm,segm,0,medium_10_to_30pct,123,34723,0.132458,data/research/tgif/masks/training/remote/396729_mask_segm.png_ps_mask.png,b5da0020f359be919c3f636fa151e41ef7d6af60ea53e6913fae29813d97341e,19469,orig/training/remote/396729_orig.png,sd2-sp/training/remote/396729_mask_segm.png_ps_mask.png_sd2_0.png
138,315450,315450,bus,tgif_train_315450_bus_segm,segm,0,medium_10_to_30pct,124,63971,0.24403,data/research/tgif/masks/training/bus/315450_mask_segm.png_ps_mask.png,5c611e344a8e39cb55ff8297ec93f22a3fa137a6a66b5c9e576db7dbfb72721c,20542,orig/training/bus/315450_orig.png,sd2-sp/training/bus/315450_mask_segm.png_ps_mask.png_sd2_0.png
139,135561,135561,refrigerator,tgif_train_135561_refrigerator_segm,segm,0,medium_10_to_30pct,125,31580,0.120468,data/research/tgif/masks/training/refrigerator/135561_mask_segm.png_ps_mask.png,13b52c798d4a72a7756aa2c06bd375f61eccf1e69aaee53405dc594c312b260f,18794,orig/training/refrigerator/135561_orig.png,sd2-sp/training/refrigerator/135561_mask_segm.png_ps_mask.png_sd2_0.png
140,110784,110784,truck,tgif_train_110784_truck_segm,segm,0,medium_10_to_30pct,126,49855,0.190182,data/research/tgif/masks/training/truck/110784_mask_segm.png_ps_mask.png,ceb5e6fa48807e1045805287188a424c1afdd8cd42c2075cbe3eb69b9dd04ca6,21179,orig/training/truck/110784_orig.png,sd2-sp/training/truck/110784_mask_segm.png_ps_mask.png_sd2_0.png
141,167486,167486,tv,tgif_train_167486_tv_segm,segm,0,medium_10_to_30pct,127,39212,0.149582,data/research/tgif/masks/training/tv/167486_mask_segm.png_ps_mask.png,f1b1010ea554ccf60c8dcc90f24569bd7873ef546f70a1ecd9f8d9146bd090c2,21920,orig/training/tv/167486_orig.png,sd2-sp/training/tv/167486_mask_segm.png_ps_mask.png_sd2_0.png
142,446651,446651,car,tgif_train_446651_car_segm,segm,0,medium_10_to_30pct,128,29927,0.114162,data/research/tgif/masks/training/car/446651_mask_segm.png_ps_mask.png,e374b77333840851b0f6a7e81e099e4ae302d0f4cff0e61be0f1d20f2674a950,22965,orig/training/car/446651_orig.png,sd2-sp/training/car/446651_mask_segm.png_ps_mask.png_sd2_0.png
143,533536,533536,cat,tgif_train_533536_cat_segm,segm,0,medium_10_to_30pct,129,48688,0.18573,data/research/tgif/masks/training/cat/533536_mask_segm.png_ps_mask.png,9d574c2b476cf077c6144b31679f425408bf9932aca17838d9dadb5690ff285a,26589,orig/training/cat/533536_orig.png,sd2-sp/training/cat/533536_mask_segm.png_ps_mask.png_sd2_0.png
144,100489,100489,bird,tgif_train_100489_bird_segm,segm,0,medium_10_to_30pct,130,28830,0.109978,data/research/tgif/masks/training/bird/100489_mask_segm.png_ps_mask.png,95c2b63aac068839757e752e28006e807fcd21a0d6fc9a02c09d08abb2539068,28531,orig/training/bird/100489_orig.png,sd2-sp/training/bird/100489_mask_segm.png_ps_mask.png_sd2_0.png
145,229659,229659,chair,tgif_train_229659_chair_segm,segm,0,medium_10_to_30pct,131,31087,0.118587,data/research/tgif/masks/training/chair/229659_mask_segm.png_ps_mask.png,c190f228dd4f53771255aebb7007ef1d94e617076cd31ed620318642dc71cb8e,21571,orig/training/chair/229659_orig.png,sd2-sp/training/chair/229659_mask_segm.png_ps_mask.png_sd2_0.png
146,16439,16439,laptop,tgif_train_16439_laptop_segm,segm,0,medium_10_to_30pct,132,35246,0.134453,data/research/tgif/masks/training/laptop/16439_mask_segm.png_ps_mask.png,c6f1776b2d0e20afd7101c425ffc4b2ef058ddc4f90fbeb4d61e80a69b8bea0e,21311,orig/training/laptop/16439_orig.png,sd2-sp/training/laptop/16439_mask_segm.png_ps_mask.png_sd2_0.png
147,54605,54605,cake,tgif_train_54605_cake_segm,segm,0,medium_10_to_30pct,133,31344,0.119568,data/research/tgif/masks/training/cake/54605_mask_segm.png_ps_mask.png,b6b77da1d743ca6753d62e416fc3b254cea010db2cf1fcfd73fb09c0bda67b5b,16503,orig/training/cake/54605_orig.png,sd2-sp/training/cake/54605_mask_segm.png_ps_mask.png_sd2_0.png
148,173091,173091,sandwich,tgif_train_173091_sandwich_segm,segm,0,medium_10_to_30pct,134,39046,0.148949,data/research/tgif/masks/training/sandwich/173091_mask_segm.png_ps_mask.png,1326d0030da2556dbe045a558d3b9734bf8181c3fa66f2ad50e0bde36c4b4108,19046,orig/training/sandwich/173091_orig.png,sd2-sp/training/sandwich/173091_mask_segm.png_ps_mask.png_sd2_0.png
149,379842,379842,remote,tgif_train_379842_remote_segm,segm,0,medium_10_to_30pct,135,46552,0.177582,data/research/tgif/masks/training/remote/379842_mask_segm.png_ps_mask.png,7d3555e181da04187c476beda8003bb08f3d47120c1a20998efe2302abb415b8,20751,orig/training/remote/379842_orig.png,sd2-sp/training/remote/379842_mask_segm.png_ps_mask.png_sd2_0.png
150,173371,173371,pizza,tgif_train_173371_pizza_segm,segm,0,medium_10_to_30pct,136,50120,0.191193,data/research/tgif/masks/training/pizza/173371_mask_segm.png_ps_mask.png,64af770a48e9db80f7590f666a8f1513cb3c7f26572b602a85d2eebcf320e618,21510,orig/training/pizza/173371_orig.png,sd2-sp/training/pizza/173371_mask_segm.png_ps_mask.png_sd2_0.png
151,499775,499775,bus,tgif_train_499775_bus_segm,segm,0,medium_10_to_30pct,137,29012,0.110672,data/research/tgif/masks/training/bus/499775_mask_segm.png_ps_mask.png,7f6d66dcd386ec29a2532677cc1cc998336858b61af88d6797ddd3fab17da21b,18538,orig/training/bus/499775_orig.png,sd2-sp/training/bus/499775_mask_segm.png_ps_mask.png_sd2_0.png
152,213033,213033,umbrella,tgif_train_213033_umbrella_segm,segm,0,medium_10_to_30pct,138,29358,0.111992,data/research/tgif/masks/training/umbrella/213033_mask_segm.png_ps_mask.png,620ba4e896775be0a9c33231da60996b4765e0fff634f6eed9c40aea1de64705,21627,orig/training/umbrella/213033_orig.png,sd2-sp/training/umbrella/213033_mask_segm.png_ps_mask.png_sd2_0.png
153,64084,64084,bowl,tgif_train_64084_bowl_segm,segm,0,medium_10_to_30pct,139,31108,0.118668,data/research/tgif/masks/training/bowl/64084_mask_segm.png_ps_mask.png,4f2ce99dd9c237a30cdeb02117fdf823325a23b1dee21d483b3d93536aa5a156,20522,orig/training/bowl/64084_orig.png,sd2-sp/training/bowl/64084_mask_segm.png_ps_mask.png_sd2_0.png
154,229948,229948,truck,tgif_train_229948_truck_segm,segm,0,medium_10_to_30pct,140,26708,0.101883,data/research/tgif/masks/training/truck/229948_mask_segm.png_ps_mask.png,d33ebc9bf10d4e7be5719e0352142fe2898501013faff29d031e116681f37a51,19244,orig/training/truck/229948_orig.png,sd2-sp/training/truck/229948_mask_segm.png_ps_mask.png_sd2_0.png
155,70774,70774,motorcycle,tgif_train_70774_motorcycle_segm,segm,0,medium_10_to_30pct,141,63931,0.243877,data/research/tgif/masks/training/motorcycle/70774_mask_segm.png_ps_mask.png,25d3d7f2bb602060bb40c428c0e90fa0bc9558d3437dfed2dbe1625bf81f5bcb,27682,orig/training/motorcycle/70774_orig.png,sd2-sp/training/motorcycle/70774_mask_segm.png_ps_mask.png_sd2_0.png
156,144003,144003,dining table,tgif_train_144003_dining table_segm,segm,0,medium_10_to_30pct,142,65716,0.250687,data/research/tgif/masks/training/dining table/144003_mask_segm.png_ps_mask.png,27bfe16c810e48de611f2993a553d4a9bd163e6ea3ad9361367b5a2061fc44cd,23572,orig/training/dining table/144003_orig.png,sd2-sp/training/dining table/144003_mask_segm.png_ps_mask.png_sd2_0.png
157,226058,226058,teddy bear,tgif_train_226058_teddy bear_segm,segm,0,medium_10_to_30pct,143,47704,0.181976,data/research/tgif/masks/training/teddy bear/226058_mask_segm.png_ps_mask.png,c4ac3bd6399d4b2d34c91632570647eb59105ceda03339049dc63fab826c9a59,29520,orig/training/teddy bear/226058_orig.png,sd2-sp/training/teddy bear/226058_mask_segm.png_ps_mask.png_sd2_0.png
158,89880,89880,dog,tgif_train_89880_dog_segm,segm,0,medium_10_to_30pct,144,46899,0.178905,data/research/tgif/masks/training/dog/89880_mask_segm.png_ps_mask.png,7fd71afb267e6674f519a3b03c16036a70c260a79f8203bdee91881f86b8f7fe,25611,orig/training/dog/89880_orig.png,sd2-sp/training/dog/89880_mask_segm.png_ps_mask.png_sd2_0.png
159,423617,423617,bus,tgif_train_423617_bus_segm,segm,0,medium_10_to_30pct,145,46001,0.17548,data/research/tgif/masks/training/bus/423617_mask_segm.png_ps_mask.png,3aaeed91ac3e30fdbd611e6c18583801742619286b584dc4c34d471e38a9357e,23390,orig/training/bus/423617_orig.png,sd2-sp/training/bus/423617_mask_segm.png_ps_mask.png_sd2_0.png
160,496954,496954,cake,tgif_train_496954_cake_segm,segm,0,medium_10_to_30pct,146,41043,0.156567,data/research/tgif/masks/training/cake/496954_mask_segm.png_ps_mask.png,0f5e658400737b815a18c64c0d09717fab275bb554c5e598e77bcc6c033cc653,27507,orig/training/cake/496954_orig.png,sd2-sp/training/cake/496954_mask_segm.png_ps_mask.png_sd2_0.png
161,11511,11511,bench,tgif_train_11511_bench_segm,segm,0,medium_10_to_30pct,147,33470,0.127678,data/research/tgif/masks/training/bench/11511_mask_segm.png_ps_mask.png,d20b75e736a75496d118cc6b389826993af68ae3213ee299c67c111257ce9b30,21214,orig/training/bench/11511_orig.png,sd2-sp/training/bench/11511_mask_segm.png_ps_mask.png_sd2_0.png
162,577584,577584,microwave,tgif_train_577584_microwave_segm,segm,0,medium_10_to_30pct,148,52381,0.199818,data/research/tgif/masks/training/microwave/577584_mask_segm.png_ps_mask.png,05f4b28855fbf4df882a2f76d996bd746b226b909c993afce349cd3eac231733,6688,orig/training/microwave/577584_orig.png,sd2-sp/training/microwave/577584_mask_segm.png_ps_mask.png_sd2_0.png
163,573094,573094,couch,tgif_train_573094_couch_segm,segm,0,medium_10_to_30pct,149,40674,0.155159,data/research/tgif/masks/training/couch/573094_mask_segm.png_ps_mask.png,2af174d0c09fa9702a5a258eecaae8f1c865644912e0993b5b6587f67c8a8cf6,21379,orig/training/couch/573094_orig.png,sd2-sp/training/couch/573094_mask_segm.png_ps_mask.png_sd2_0.png
164,344795,344795,cake,tgif_train_344795_cake_segm,segm,0,medium_10_to_30pct,150,37695,0.143795,data/research/tgif/masks/training/cake/344795_mask_segm.png_ps_mask.png,e2cc33c71109fc2e8294a7b3bb91e1f2bdb67ad7c7fcece668e9ffc9bb03bb7f,17266,orig/training/cake/344795_orig.png,sd2-sp/training/cake/344795_mask_segm.png_ps_mask.png_sd2_0.png
165,231527,231527,cup,tgif_train_231527_cup_segm,segm,0,medium_10_to_30pct,151,28037,0.106953,data/research/tgif/masks/training/cup/231527_mask_segm.png_ps_mask.png,b43ebbd75c37f47cafb25ced68d68b060598350466b9d3c42f824327712dd9cc,5660,orig/training/cup/231527_orig.png,sd2-sp/training/cup/231527_mask_segm.png_ps_mask.png_sd2_0.png
166,194940,194940,bowl,tgif_train_194940_bowl_segm,segm,0,medium_10_to_30pct,152,31039,0.118404,data/research/tgif/masks/training/bowl/194940_mask_segm.png_ps_mask.png,1019f0a25da3925bd6cc0a3dd5c8061e57388fb1974befae69069547330caec7,20567,orig/training/bowl/194940_orig.png,sd2-sp/training/bowl/194940_mask_segm.png_ps_mask.png_sd2_0.png
167,506933,506933,cell phone,tgif_train_506933_cell phone_segm,segm,0,medium_10_to_30pct,153,28741,0.109638,data/research/tgif/masks/training/cell phone/506933_mask_segm.png_ps_mask.png,2e9f2067824730233ab1212e97562e7b3051089232bb37cf3a533f108943b6cb,18333,orig/training/cell phone/506933_orig.png,sd2-sp/training/cell phone/506933_mask_segm.png_ps_mask.png_sd2_0.png
168,109827,109827,teddy bear,tgif_train_109827_teddy bear_segm,segm,0,medium_10_to_30pct,154,49246,0.187859,data/research/tgif/masks/training/teddy bear/109827_mask_segm.png_ps_mask.png,a1c971fae8018f1bf2422536c0d4561d0a6f8857aa3494240f44ae91dba2b9b5,25577,orig/training/teddy bear/109827_orig.png,sd2-sp/training/teddy bear/109827_mask_segm.png_ps_mask.png_sd2_0.png
169,407403,407403,vase,tgif_train_407403_vase_segm,segm,0,medium_10_to_30pct,155,57120,0.217896,data/research/tgif/masks/training/vase/407403_mask_segm.png_ps_mask.png,4f8d6c8fcaed9c5b0616401c1882f8fa2d6d9b5ba2003df3143d3b02b6f831ad,19536,orig/training/vase/407403_orig.png,sd2-sp/training/vase/407403_mask_segm.png_ps_mask.png_sd2_0.png
170,530975,530975,hot dog,tgif_train_530975_hot dog_segm,segm,0,medium_10_to_30pct,156,34980,0.133438,data/research/tgif/masks/training/hot dog/530975_mask_segm.png_ps_mask.png,0234e14134d914d83ff338b122a6b4546716ae92d6557bc8642deb35bf3f472e,24531,orig/training/hot dog/530975_orig.png,sd2-sp/training/hot dog/530975_mask_segm.png_ps_mask.png_sd2_0.png
171,2592,2592,cup,tgif_train_2592_cup_segm,segm,0,medium_10_to_30pct,157,67039,0.255733,data/research/tgif/masks/training/cup/2592_mask_segm.png_ps_mask.png,58d5cd7faba8cf4e1327d1d056b9261978eb4f6ee02d1f3aeda5b2238b98a1cc,21836,orig/training/cup/2592_orig.png,sd2-sp/training/cup/2592_mask_segm.png_ps_mask.png_sd2_0.png
172,456143,456143,sandwich,tgif_train_456143_sandwich_segm,segm,0,medium_10_to_30pct,158,60851,0.232128,data/research/tgif/masks/training/sandwich/456143_mask_segm.png_ps_mask.png,572c098b1a42b16e2fc0be0a6ee977bf12f582ef2056dde82e8b461c0a8c20f9,21492,orig/training/sandwich/456143_orig.png,sd2-sp/training/sandwich/456143_mask_segm.png_ps_mask.png_sd2_0.png
173,466085,466085,sink,tgif_train_466085_sink_segm,segm,0,medium_10_to_30pct,159,29399,0.112148,data/research/tgif/masks/training/sink/466085_mask_segm.png_ps_mask.png,e7c05d63aac2b46d95c7f7ba9ad7df1d388cceff944a7ecce693ccdb8a0af1a5,19528,orig/training/sink/466085_orig.png,sd2-sp/training/sink/466085_mask_segm.png_ps_mask.png_sd2_0.png
174,438774,438774,dining table,tgif_train_438774_dining table_segm,segm,0,medium_10_to_30pct,160,30092,0.114792,data/research/tgif/masks/training/dining table/438774_mask_segm.png_ps_mask.png,708befce7bb2ff8a7fb0f171866dc66aef41e183faef8641d3171b7e03cabcc6,21286,orig/training/dining table/438774_orig.png,sd2-sp/training/dining table/438774_mask_segm.png_ps_mask.png_sd2_0.png
175,519764,519764,cat,tgif_train_519764_cat_segm,segm,0,medium_10_to_30pct,161,34205,0.130482,data/research/tgif/masks/training/cat/519764_mask_segm.png_ps_mask.png,81960b2dec74b5e592dc83b74eb50643beb4d02ce1ff5cd30bca43079f7a3e93,24451,orig/training/cat/519764_orig.png,sd2-sp/training/cat/519764_mask_segm.png_ps_mask.png_sd2_0.png
176,386210,386210,potted plant,tgif_train_386210_potted plant_segm,segm,0,medium_10_to_30pct,162,42525,0.16222,data/research/tgif/masks/training/potted plant/386210_mask_segm.png_ps_mask.png,a52318d4f9b35441b7d76e714414824937934871174f8392352b364d94ade218,24770,orig/training/potted plant/386210_orig.png,sd2-sp/training/potted plant/386210_mask_segm.png_ps_mask.png_sd2_0.png
177,472678,472678,tv,tgif_train_472678_tv_segm,segm,0,medium_10_to_30pct,163,26914,0.102669,data/research/tgif/masks/training/tv/472678_mask_segm.png_ps_mask.png,94e77dbbd7ceab5071fb8a1b7b9f5385b9d97cb20791989e7e3506533dea1fbe,17929,orig/training/tv/472678_orig.png,sd2-sp/training/tv/472678_mask_segm.png_ps_mask.png_sd2_0.png
178,561465,561465,dining table,tgif_train_561465_dining table_segm,segm,0,medium_10_to_30pct,164,41045,0.156574,data/research/tgif/masks/training/dining table/561465_mask_segm.png_ps_mask.png,2fae0cc87905119278ecd079236a02997db0027b0ec13636d26f7ba9d9b0dabd,19484,orig/training/dining table/561465_orig.png,sd2-sp/training/dining table/561465_mask_segm.png_ps_mask.png_sd2_0.png
179,199681,199681,teddy bear,tgif_train_199681_teddy bear_segm,segm,0,medium_10_to_30pct,165,41835,0.159588,data/research/tgif/masks/training/teddy bear/199681_mask_segm.png_ps_mask.png,c236a7e79ba20b08aa5c43e9c0c5f57ef23285e71eef8d828a682ee936d71e2a,24585,orig/training/teddy bear/199681_orig.png,sd2-sp/training/teddy bear/199681_mask_segm.png_ps_mask.png_sd2_0.png
180,231088,231088,umbrella,tgif_train_231088_umbrella_segm,segm,0,medium_10_to_30pct,166,26999,0.102993,data/research/tgif/masks/training/umbrella/231088_mask_segm.png_ps_mask.png,bd08b4ca0510e67e2cc538acac529fc4af24e08c2020773b0b3d545f56d3cfc8,18287,orig/training/umbrella/231088_orig.png,sd2-sp/training/umbrella/231088_mask_segm.png_ps_mask.png_sd2_0.png
181,23781,23781,broccoli,tgif_train_23781_broccoli_segm,segm,0,medium_10_to_30pct,167,28084,0.107132,data/research/tgif/masks/training/broccoli/23781_mask_segm.png_ps_mask.png,939b005530f1ffe198d8860ca1971d5b6f6da9aa0588c213a8c46b4994fa7aa6,20012,orig/training/broccoli/23781_orig.png,sd2-sp/training/broccoli/23781_mask_segm.png_ps_mask.png_sd2_0.png
182,32901,32901,person,tgif_train_32901_person_segm,segm,0,medium_10_to_30pct,168,55414,0.211388,data/research/tgif/masks/training/person/32901_mask_segm.png_ps_mask.png,172e8ca8718193135b57e401cac4ef251acedfd5f97ec08c9f2b6235f10c0c91,24075,orig/training/person/32901_orig.png,sd2-sp/training/person/32901_mask_segm.png_ps_mask.png_sd2_0.png
183,9400,9400,laptop,tgif_train_9400_laptop_segm,segm,0,medium_10_to_30pct,169,30822,0.117577,data/research/tgif/masks/training/laptop/9400_mask_segm.png_ps_mask.png,d9738a2a225d5ad1568d4612fdd4bad4b2b518fc3d1a641b797574f8625bbb40,22998,orig/training/laptop/9400_orig.png,sd2-sp/training/laptop/9400_mask_segm.png_ps_mask.png_sd2_0.png
184,115245,115245,suitcase,tgif_train_115245_suitcase_segm,segm,0,medium_10_to_30pct,170,46289,0.176579,data/research/tgif/masks/training/suitcase/115245_mask_segm.png_ps_mask.png,5e01b24ce9a06bbccdce4112539b7a08caa6c102dc6b09b1a1262bbb44191a7e,24667,orig/training/suitcase/115245_orig.png,sd2-sp/training/suitcase/115245_mask_segm.png_ps_mask.png_sd2_0.png
185,89761,89761,toilet,tgif_train_89761_toilet_segm,segm,0,medium_10_to_30pct,171,49466,0.188698,data/research/tgif/masks/training/toilet/89761_mask_segm.png_ps_mask.png,13f180704aece592b7b396914d78f950dc926f9e6028cfe867ea6edc62d4461b,28482,orig/training/toilet/89761_orig.png,sd2-sp/training/toilet/89761_mask_segm.png_ps_mask.png_sd2_0.png
186,386134,386134,broccoli,tgif_train_386134_broccoli_segm,segm,0,medium_10_to_30pct,172,62021,0.236591,data/research/tgif/masks/training/broccoli/386134_mask_segm.png_ps_mask.png,09332049398445eed0a51dc2d65c4693c88d266707e8a78113ee19259bd067e4,20661,orig/training/broccoli/386134_orig.png,sd2-sp/training/broccoli/386134_mask_segm.png_ps_mask.png_sd2_0.png
187,536947,536947,refrigerator,tgif_train_536947_refrigerator_segm,segm,0,medium_10_to_30pct,173,28054,0.107018,data/research/tgif/masks/training/refrigerator/536947_mask_segm.png_ps_mask.png,078a8ac6bafe1cdedbda8316c41c0bba55f2b8d6b26f4649b05473d3a36c737d,17234,orig/training/refrigerator/536947_orig.png,sd2-sp/training/refrigerator/536947_mask_segm.png_ps_mask.png_sd2_0.png
188,120853,120853,bowl,tgif_train_120853_bowl_segm,segm,0,medium_10_to_30pct,174,41402,0.157936,data/research/tgif/masks/training/bowl/120853_mask_segm.png_ps_mask.png,0956dbf589dd5e2bb8c5eaafd4c4cb4eb2fc03efe022539ba9393fd8725b5a69,20390,orig/training/bowl/120853_orig.png,sd2-sp/training/bowl/120853_mask_segm.png_ps_mask.png_sd2_0.png
189,309495,309495,toilet,tgif_train_309495_toilet_segm,segm,0,medium_10_to_30pct,175,65963,0.251629,data/research/tgif/masks/training/toilet/309495_mask_segm.png_ps_mask.png,cf32b22573c429f83a6732bb68ad3a0d2a2b3242a48140481b4d34c6bf997b88,21877,orig/training/toilet/309495_orig.png,sd2-sp/training/toilet/309495_mask_segm.png_ps_mask.png_sd2_0.png
190,228981,228981,cell phone,tgif_train_228981_cell phone_segm,segm,0,medium_10_to_30pct,176,40751,0.155453,data/research/tgif/masks/training/cell phone/228981_mask_segm.png_ps_mask.png,2efc4ddd77928e5a5c2f682176d02641a527492617a4cfd6b3e5f5cc0877f279,17789,orig/training/cell phone/228981_orig.png,sd2-sp/training/cell phone/228981_mask_segm.png_ps_mask.png_sd2_0.png
191,290843,290843,cat,tgif_train_290843_cat_segm,segm,0,medium_10_to_30pct,177,41692,0.159042,data/research/tgif/masks/training/cat/290843_mask_segm.png_ps_mask.png,a896ae75f82f95ccad8413ee4d8c5ae7112baca11448760041b8dfab6c700482,26709,orig/training/cat/290843_orig.png,sd2-sp/training/cat/290843_mask_segm.png_ps_mask.png_sd2_0.png
192,434459,434459,person,tgif_train_434459_person_segm,segm,0,medium_10_to_30pct,178,32359,0.12344,data/research/tgif/masks/training/person/434459_mask_segm.png_ps_mask.png,0bb168e807a0f74c00874aa383b398acfbff0327457b39da6aeb78645a94964b,21543,orig/training/person/434459_orig.png,sd2-sp/training/person/434459_mask_segm.png_ps_mask.png_sd2_0.png
193,18575,18575,bowl,tgif_train_18575_bowl_segm,segm,0,medium_10_to_30pct,179,65297,0.249088,data/research/tgif/masks/training/bowl/18575_mask_segm.png_ps_mask.png,af291987e1a8ea2b5cf6f124f0b82c2e8cd57ed9bd57617cd71c67baaa9d5bcd,30919,orig/training/bowl/18575_orig.png,sd2-sp/training/bowl/18575_mask_segm.png_ps_mask.png_sd2_0.png
194,538236,538236,hot dog,tgif_train_538236_hot dog_segm,segm,0,medium_10_to_30pct,180,30009,0.114475,data/research/tgif/masks/training/hot dog/538236_mask_segm.png_ps_mask.png,38a85a9bab6b808fb80ed56c8351a1fd7317d51c7f62d7b61952f88a6fb09953,18968,orig/training/hot dog/538236_orig.png,sd2-sp/training/hot dog/538236_mask_segm.png_ps_mask.png_sd2_0.png
195,553664,553664,laptop,tgif_train_553664_laptop_segm,segm,0,medium_10_to_30pct,181,33803,0.128948,data/research/tgif/masks/training/laptop/553664_mask_segm.png_ps_mask.png,2c4eddbb5c28fa9975091c499f04850ee207c3acc116e1eb2d3972e52b94489b,16684,orig/training/laptop/553664_orig.png,sd2-sp/training/laptop/553664_mask_segm.png_ps_mask.png_sd2_0.png
196,222825,222825,oven,tgif_train_222825_oven_segm,segm,0,medium_10_to_30pct,182,35524,0.135513,data/research/tgif/masks/training/oven/222825_mask_segm.png_ps_mask.png,e5bf075e7e71807281eea64ebfc20dedc94a62d0d9c8033a76bf5a1879874a38,18863,orig/training/oven/222825_orig.png,sd2-sp/training/oven/222825_mask_segm.png_ps_mask.png_sd2_0.png
197,231237,231237,vase,tgif_train_231237_vase_segm,segm,0,medium_10_to_30pct,183,46886,0.178856,data/research/tgif/masks/training/vase/231237_mask_segm.png_ps_mask.png,c88563987239c591b61dacc36ee0933a3b4ae03a25c9e8a111a0adfd7eafebd0,24887,orig/training/vase/231237_orig.png,sd2-sp/training/vase/231237_mask_segm.png_ps_mask.png_sd2_0.png
198,324818,324818,bird,tgif_train_324818_bird_segm,segm,0,medium_10_to_30pct,184,31333,0.119526,data/research/tgif/masks/training/bird/324818_mask_segm.png_ps_mask.png,0f7dbd150695d6927890d15bbb439f7ef84907f74989734305c4da2b5f133f79,20466,orig/training/bird/324818_orig.png,sd2-sp/training/bird/324818_mask_segm.png_ps_mask.png_sd2_0.png
199,39477,39477,couch,tgif_train_39477_couch_segm,segm,0,medium_10_to_30pct,185,38355,0.146313,data/research/tgif/masks/training/couch/39477_mask_segm.png_ps_mask.png,2a63a35e062ad0f500efcdebab85110406eef9a96bcfb43e4fe14d0114cd1d69,20541,orig/training/couch/39477_orig.png,sd2-sp/training/couch/39477_mask_segm.png_ps_mask.png_sd2_0.png
200,486479,486479,dog,tgif_train_486479_dog_segm,segm,0,medium_10_to_30pct,186,44980,0.171585,data/research/tgif/masks/training/dog/486479_mask_segm.png_ps_mask.png,15a48708a6662cd0a4d5521f45c3b55fe9780c8a025a8f3c331bf0a747a769f0,28451,orig/training/dog/486479_orig.png,sd2-sp/training/dog/486479_mask_segm.png_ps_mask.png_sd2_0.png
201,312340,312340,cat,tgif_train_312340_cat_segm,segm,0,medium_10_to_30pct,187,59945,0.228672,data/research/tgif/masks/training/cat/312340_mask_segm.png_ps_mask.png,2ae42b3731d65af860e05ea2b1e710b5f4c0893b70e039338dad4daa3632abed,28279,orig/training/cat/312340_orig.png,sd2-sp/training/cat/312340_mask_segm.png_ps_mask.png_sd2_0.png
202,255912,255912,sandwich,tgif_train_255912_sandwich_segm,segm,0,medium_10_to_30pct,188,70632,0.26944,data/research/tgif/masks/training/sandwich/255912_mask_segm.png_ps_mask.png,0cfb5bdf23e9a67f1c32b6ae821a06608c49655c8054f06aee11ba88d31275ac,21517,orig/training/sandwich/255912_orig.png,sd2-sp/training/sandwich/255912_mask_segm.png_ps_mask.png_sd2_0.png
203,372466,372466,mouse,tgif_train_372466_mouse_segm,segm,0,medium_10_to_30pct,189,28112,0.107239,data/research/tgif/masks/training/mouse/372466_mask_segm.png_ps_mask.png,5d916e7f618da0f1fd8adfb522e87cac411f4feb85dbd12ab9d2f740b16abc70,17201,orig/training/mouse/372466_orig.png,sd2-sp/training/mouse/372466_mask_segm.png_ps_mask.png_sd2_0.png
204,341058,341058,umbrella,tgif_train_341058_umbrella_segm,segm,0,medium_10_to_30pct,190,50841,0.193943,data/research/tgif/masks/training/umbrella/341058_mask_segm.png_ps_mask.png,5c432b70f95148e5f9b8d28e64ff09fbf4f01785170d405e3c8565e9adcd469a,18978,orig/training/umbrella/341058_orig.png,sd2-sp/training/umbrella/341058_mask_segm.png_ps_mask.png_sd2_0.png
205,407614,407614,refrigerator,tgif_train_407614_refrigerator_segm,segm,0,medium_10_to_30pct,191,41773,0.159351,data/research/tgif/masks/training/refrigerator/407614_mask_segm.png_ps_mask.png,ced4c754d755c526c7d469c6edc53457d0817aa69541d796cb789c6150af60ab,20786,orig/training/refrigerator/407614_orig.png,sd2-sp/training/refrigerator/407614_mask_segm.png_ps_mask.png_sd2_0.png
206,10363,10363,cat,tgif_train_10363_cat_segm,segm,0,medium_10_to_30pct,192,36356,0.138687,data/research/tgif/masks/training/cat/10363_mask_segm.png_ps_mask.png,2dae9878e6eaa1eb810a4176795ef8ecacc9ad07e461f425b2536510c9828466,21484,orig/training/cat/10363_orig.png,sd2-sp/training/cat/10363_mask_segm.png_ps_mask.png_sd2_0.png
207,276285,276285,pizza,tgif_train_276285_pizza_segm,segm,0,medium_10_to_30pct,193,32108,0.122482,data/research/tgif/masks/training/pizza/276285_mask_segm.png_ps_mask.png,69c90160dea415b2b94ab6a8644dfc1857a3f1a3dcb5e454d09a96b782a297b4,17399,orig/training/pizza/276285_orig.png,sd2-sp/training/pizza/276285_mask_segm.png_ps_mask.png_sd2_0.png
208,70048,70048,cup,tgif_train_70048_cup_segm,segm,0,medium_10_to_30pct,194,51328,0.195801,data/research/tgif/masks/training/cup/70048_mask_segm.png_ps_mask.png,ca8a4b6fdf5aa427ba4ca469a78b261d7277e935c31fe67fc49d1baf638cb2a3,25891,orig/training/cup/70048_orig.png,sd2-sp/training/cup/70048_mask_segm.png_ps_mask.png_sd2_0.png
209,60855,60855,apple,tgif_train_60855_apple_segm,segm,0,medium_10_to_30pct,195,33550,0.127983,data/research/tgif/masks/training/apple/60855_mask_segm.png_ps_mask.png,7ebf6b15c3c86063268862db826c2c593b55110731de1d1107b44fc1006125e5,20857,orig/training/apple/60855_orig.png,sd2-sp/training/apple/60855_mask_segm.png_ps_mask.png_sd2_0.png
210,27186,27186,couch,tgif_train_27186_couch_segm,segm,0,medium_10_to_30pct,196,26867,0.102489,data/research/tgif/masks/training/couch/27186_mask_segm.png_ps_mask.png,f18964c9acff8f828467207c10f2b14abfe2707bc37993ffc7b84b49ded31c92,19200,orig/training/couch/27186_orig.png,sd2-sp/training/couch/27186_mask_segm.png_ps_mask.png_sd2_0.png
211,533145,533145,tv,tgif_train_533145_tv_segm,segm,0,medium_10_to_30pct,197,29836,0.113815,data/research/tgif/masks/training/tv/533145_mask_segm.png_ps_mask.png,0d9b89b22dfb46ecaafdea3c8330a68c25098bd9786baf166592e27efb19296d,20558,orig/training/tv/533145_orig.png,sd2-sp/training/tv/533145_mask_segm.png_ps_mask.png_sd2_0.png
212,245026,245026,cake,tgif_train_245026_cake_segm,segm,0,medium_10_to_30pct,198,42787,0.163219,data/research/tgif/masks/training/cake/245026_mask_segm.png_ps_mask.png,56a60dcd3ab814e4e17b5b1bb03119ed0447133450ad01efd8cd1066489a97eb,18367,orig/training/cake/245026_orig.png,sd2-sp/training/cake/245026_mask_segm.png_ps_mask.png_sd2_0.png
213,213547,213547,refrigerator,tgif_train_213547_refrigerator_segm,segm,0,medium_10_to_30pct,199,30426,0.116066,data/research/tgif/masks/training/refrigerator/213547_mask_segm.png_ps_mask.png,ce27a9ff3240f337a5f970134b9f8b679c93542b73e360e19282a3be96ae79a3,17992,orig/training/refrigerator/213547_orig.png,sd2-sp/training/refrigerator/213547_mask_segm.png_ps_mask.png_sd2_0.png
214,533206,533206,sandwich,tgif_train_533206_sandwich_segm,segm,0,medium_10_to_30pct,200,70612,0.269363,data/research/tgif/masks/training/sandwich/533206_mask_segm.png_ps_mask.png,f197c640717fd638e03307b79dd321d1e6c789b4a015ee7509e6de02f44ea0a7,25148,orig/training/sandwich/533206_orig.png,sd2-sp/training/sandwich/533206_mask_segm.png_ps_mask.png_sd2_0.png
215,104669,104669,broccoli,tgif_train_104669_broccoli_segm,segm,0,medium_10_to_30pct,201,27463,0.104763,data/research/tgif/masks/training/broccoli/104669_mask_segm.png_ps_mask.png,180da0867f3dc0556531813ea5072d1a7ba4daffd6a1b4b3e780f0098a5bcd45,21406,orig/training/broccoli/104669_orig.png,sd2-sp/training/broccoli/104669_mask_segm.png_ps_mask.png_sd2_0.png
216,175535,175535,sandwich,tgif_train_175535_sandwich_segm,segm,0,medium_10_to_30pct,202,37003,0.141155,data/research/tgif/masks/training/sandwich/175535_mask_segm.png_ps_mask.png,eeb6ee3507f7dbdb8c4a05eda7437f1d73e61981be810eaa42fe590b45b0bef8,18869,orig/training/sandwich/175535_orig.png,sd2-sp/training/sandwich/175535_mask_segm.png_ps_mask.png_sd2_0.png
217,569565,569565,truck,tgif_train_569565_truck_segm,segm,0,medium_10_to_30pct,203,36367,0.138729,data/research/tgif/masks/training/truck/569565_mask_segm.png_ps_mask.png,69552141ea267f8b874e040d4e8593d9dfba4c251d44927c819e63db37062623,22592,orig/training/truck/569565_orig.png,sd2-sp/training/truck/569565_mask_segm.png_ps_mask.png_sd2_0.png
218,334006,334006,truck,tgif_train_334006_truck_segm,segm,0,medium_10_to_30pct,204,65631,0.250362,data/research/tgif/masks/training/truck/334006_mask_segm.png_ps_mask.png,82a33f4dabdc1f8f30e84ad2eb72191a952984fb9eb0aacc428124be6e6a4ebd,25921,orig/training/truck/334006_orig.png,sd2-sp/training/truck/334006_mask_segm.png_ps_mask.png_sd2_0.png
219,276284,276284,motorcycle,tgif_train_276284_motorcycle_segm,segm,0,medium_10_to_30pct,205,45507,0.173595,data/research/tgif/masks/training/motorcycle/276284_mask_segm.png_ps_mask.png,697a3501a1131139d2aef0f57a15cad873a17c15c7cad576cc0210ca78ac0020,30049,orig/training/motorcycle/276284_orig.png,sd2-sp/training/motorcycle/276284_mask_segm.png_ps_mask.png_sd2_0.png
220,429530,429530,vase,tgif_train_429530_vase_segm,segm,0,medium_10_to_30pct,206,32357,0.123432,data/research/tgif/masks/training/vase/429530_mask_segm.png_ps_mask.png,8cd76fe10c457447fe2757449b219d2a62da0b99558d48b8a4078773e3f98074,24090,orig/training/vase/429530_orig.png,sd2-sp/training/vase/429530_mask_segm.png_ps_mask.png_sd2_0.png
221,14007,14007,refrigerator,tgif_train_14007_refrigerator_segm,segm,0,medium_10_to_30pct,207,46066,0.175728,data/research/tgif/masks/training/refrigerator/14007_mask_segm.png_ps_mask.png,bac4b6443c7f2fe362a310fb9c02f69c60e97d54762a1783e0faa115541d8f6f,19286,orig/training/refrigerator/14007_orig.png,sd2-sp/training/refrigerator/14007_mask_segm.png_ps_mask.png_sd2_0.png
222,568439,568439,bus,tgif_train_568439_bus_segm,segm,0,medium_10_to_30pct,208,40517,0.15456,data/research/tgif/masks/training/bus/568439_mask_segm.png_ps_mask.png,8c2c69939e51d1ea0eb16feba9c637d7d8fa9c83deea57885119337d7864bf68,20185,orig/training/bus/568439_orig.png,sd2-sp/training/bus/568439_mask_segm.png_ps_mask.png_sd2_0.png
223,189078,189078,apple,tgif_train_189078_apple_segm,segm,0,medium_10_to_30pct,209,28004,0.106827,data/research/tgif/masks/training/apple/189078_mask_segm.png_ps_mask.png,e08a1ef5bfc33b164cccb75918f6ed2d69f15881ac7d8000db2b06dd60a5b5fb,22434,orig/training/apple/189078_orig.png,sd2-sp/training/apple/189078_mask_segm.png_ps_mask.png_sd2_0.png
224,18737,18737,motorcycle,tgif_train_18737_motorcycle_segm,segm,0,medium_10_to_30pct,210,62942,0.240105,data/research/tgif/masks/training/motorcycle/18737_mask_segm.png_ps_mask.png,07b35893972f0e1db2dd00179d77f9e315ecce0f61dcfebaebca4eeab461accf,27090,orig/training/motorcycle/18737_orig.png,sd2-sp/training/motorcycle/18737_mask_segm.png_ps_mask.png_sd2_0.png
225,413247,413247,laptop,tgif_train_413247_laptop_segm,segm,0,medium_10_to_30pct,211,65725,0.250721,data/research/tgif/masks/training/laptop/413247_mask_segm.png_ps_mask.png,d2d755052c80adbaaca70d297c88ed645cfcfc5812ddb0afbc0fdd689710e8f5,20273,orig/training/laptop/413247_orig.png,sd2-sp/training/laptop/413247_mask_segm.png_ps_mask.png_sd2_0.png
226,226984,226984,oven,tgif_train_226984_oven_segm,segm,0,medium_10_to_30pct,212,27048,0.10318,data/research/tgif/masks/training/oven/226984_mask_segm.png_ps_mask.png,391934261694a512ed4661282f2fb3e96b5646ae71c3b3dd0e05c238dccaf594,17442,orig/training/oven/226984_orig.png,sd2-sp/training/oven/226984_mask_segm.png_ps_mask.png_sd2_0.png
227,117914,117914,toilet,tgif_train_117914_toilet_segm,segm,0,medium_10_to_30pct,213,27045,0.103168,data/research/tgif/masks/training/toilet/117914_mask_segm.png_ps_mask.png,2f8c706948e0aa31efd6732bdb61b9e48bd79147465df80ffe59b94f0e10d7aa,22654,orig/training/toilet/117914_orig.png,sd2-sp/training/toilet/117914_mask_segm.png_ps_mask.png_sd2_0.png
228,311950,311950,hot dog,tgif_train_311950_hot dog_segm,segm,0,medium_10_to_30pct,214,45961,0.175327,data/research/tgif/masks/training/hot dog/311950_mask_segm.png_ps_mask.png,24f513f049c33a54b17aada04b1c318025aef7fd45d9eab387dcabfdd0f8ee9a,19459,orig/training/hot dog/311950_orig.png,sd2-sp/training/hot dog/311950_mask_segm.png_ps_mask.png_sd2_0.png
229,462629,462629,refrigerator,tgif_train_462629_refrigerator_segm,segm,0,medium_10_to_30pct,215,31918,0.121758,data/research/tgif/masks/training/refrigerator/462629_mask_segm.png_ps_mask.png,c1f30bb8fcd4a74bc090ccdb47271f0af1c14864c819e60f9c18bf287feab3dd,17079,orig/training/refrigerator/462629_orig.png,sd2-sp/training/refrigerator/462629_mask_segm.png_ps_mask.png_sd2_0.png
230,434204,434204,person,tgif_train_434204_person_segm,segm,0,medium_10_to_30pct,216,35603,0.135815,data/research/tgif/masks/training/person/434204_mask_segm.png_ps_mask.png,f692318a3744fb7d600c77c9f65a6104ceb1e3a015f0b61a6aef59ba420e6d0a,22413,orig/training/person/434204_orig.png,sd2-sp/training/person/434204_mask_segm.png_ps_mask.png_sd2_0.png
231,528705,528705,teddy bear,tgif_train_528705_teddy bear_segm,segm,0,medium_10_to_30pct,217,67932,0.25914,data/research/tgif/masks/training/teddy bear/528705_mask_segm.png_ps_mask.png,f1b9acaf387e7adb49eb37b9acccf6eb953cc9461f5e3cf0f71942c9a57a7bc2,27131,orig/training/teddy bear/528705_orig.png,sd2-sp/training/teddy bear/528705_mask_segm.png_ps_mask.png_sd2_0.png
232,64868,64868,oven,tgif_train_64868_oven_segm,segm,0,medium_10_to_30pct,218,74244,0.283218,data/research/tgif/masks/training/oven/64868_mask_segm.png_ps_mask.png,a5d44bfc24d97bfddd76a929fd56b9dd3ddcf86cd39fda6245ecfb1268dbb66d,22331,orig/training/oven/64868_orig.png,sd2-sp/training/oven/64868_mask_segm.png_ps_mask.png_sd2_0.png
233,13004,13004,banana,tgif_train_13004_banana_segm,segm,0,medium_10_to_30pct,219,53037,0.20232,data/research/tgif/masks/training/banana/13004_mask_segm.png_ps_mask.png,51627eca694aea8321c7cb9827941f3bd7d38f92420dfba60552250195c1e090,20309,orig/training/banana/13004_orig.png,sd2-sp/training/banana/13004_mask_segm.png_ps_mask.png_sd2_0.png
234,475572,475572,teddy bear,tgif_train_475572_teddy bear_segm,segm,0,medium_10_to_30pct,220,34338,0.130989,data/research/tgif/masks/training/teddy bear/475572_mask_segm.png_ps_mask.png,c3878f4ec2ca509608a1f12fdee7fa9fcd28e69b5ccd881309677f0e70b5d6e5,23878,orig/training/teddy bear/475572_orig.png,sd2-sp/training/teddy bear/475572_mask_segm.png_ps_mask.png_sd2_0.png
235,416451,416451,couch,tgif_train_416451_couch_segm,segm,0,medium_10_to_30pct,221,29058,0.110847,data/research/tgif/masks/training/couch/416451_mask_segm.png_ps_mask.png,4c92d99a63987b99c8f57e3b4c2c6ff7ffc453080fac4bc88911f53c61d7fb84,21102,orig/training/couch/416451_orig.png,sd2-sp/training/couch/416451_mask_segm.png_ps_mask.png_sd2_0.png
236,193162,193162,dog,tgif_train_193162_dog_segm,segm,0,small_under_10pct,1,4124,0.015732,data/research/tgif/masks/training/dog/193162_mask_segm.png_ps_mask.png,cc800b7559b516bb3ca03b2f91d05b2788e22dd077d52bca3086efce1159b8c8,16560,orig/training/dog/193162_orig.png,sd2-sp/training/dog/193162_mask_segm.png_ps_mask.png_sd2_0.png
237,15597,15597,bicycle,tgif_train_15597_bicycle_segm,segm,0,small_under_10pct,2,3021,0.011524,data/research/tgif/masks/training/bicycle/15597_mask_segm.png_ps_mask.png,1ff6ac43383685dd55333bd8cdf1f602bbbd6ecdd3ec2930e31d62d84304e1b0,14792,orig/training/bicycle/15597_orig.png,sd2-sp/training/bicycle/15597_mask_segm.png_ps_mask.png_sd2_0.png
238,370711,370711,umbrella,tgif_train_370711_umbrella_segm,segm,0,small_under_10pct,3,5021,0.019154,data/research/tgif/masks/training/umbrella/370711_mask_segm.png_ps_mask.png,4322331dab464f2e7a59dadd5e55efc26f47b5331ab918250b98ca3c55123847,20764,orig/training/umbrella/370711_orig.png,sd2-sp/training/umbrella/370711_mask_segm.png_ps_mask.png_sd2_0.png
239,193674,193674,dog,tgif_train_193674_dog_segm,segm,0,small_under_10pct,4,5797,0.022114,data/research/tgif/masks/training/dog/193674_mask_segm.png_ps_mask.png,e39acdcf79b3fdde06b1c3fa9b121d06dbba13c3ab63433a500f0300661b86dc,18814,orig/training/dog/193674_orig.png,sd2-sp/training/dog/193674_mask_segm.png_ps_mask.png_sd2_0.png
240,76416,76416,cell phone,tgif_train_76416_cell phone_segm,segm,0,small_under_10pct,5,3448,0.013153,data/research/tgif/masks/training/cell phone/76416_mask_segm.png_ps_mask.png,3ea85c43d7633efbf7829f25fc92c5e128b2e83c7dd34d0608e8bde786d831bf,16283,orig/training/cell phone/76416_orig.png,sd2-sp/training/cell phone/76416_mask_segm.png_ps_mask.png_sd2_0.png
241,546829,546829,dog,tgif_train_546829_dog_segm,segm,0,small_under_10pct,6,13168,0.050232,data/research/tgif/masks/training/dog/546829_mask_segm.png_ps_mask.png,f054910bb2d48880bb47033f67a1f92c104a6a3052a0f379c24e5bf801e89cc5,17911,orig/training/dog/546829_orig.png,sd2-sp/training/dog/546829_mask_segm.png_ps_mask.png_sd2_0.png
242,151657,151657,tie,tgif_train_151657_tie_segm,segm,0,small_under_10pct,7,9122,0.034798,data/research/tgif/masks/training/tie/151657_mask_segm.png_ps_mask.png,3789338b914f38359a1475b8db1cebc9ea5c188a80896a5bce46a5b8c0ed9332,16325,orig/training/tie/151657_orig.png,sd2-sp/training/tie/151657_mask_segm.png_ps_mask.png_sd2_0.png
243,447522,447522,broccoli,tgif_train_447522_broccoli_segm,segm,0,small_under_10pct,8,13252,0.050552,data/research/tgif/masks/training/broccoli/447522_mask_segm.png_ps_mask.png,a41734e5daa593cb1b16fb9761722f4918237b7d99dc814ad3994252572fd78b,20728,orig/training/broccoli/447522_orig.png,sd2-sp/training/broccoli/447522_mask_segm.png_ps_mask.png_sd2_0.png
244,329542,329542,cake,tgif_train_329542_cake_segm,segm,0,small_under_10pct,9,10151,0.038723,data/research/tgif/masks/training/cake/329542_mask_segm.png_ps_mask.png,4e28e7f3a0c1fba9f974dfa8210cba26f554dc1c741da868a36e0067bc778831,15150,orig/training/cake/329542_orig.png,sd2-sp/training/cake/329542_mask_segm.png_ps_mask.png_sd2_0.png
245,416256,416256,keyboard,tgif_train_416256_keyboard_segm,segm,0,small_under_10pct,10,24219,0.092388,data/research/tgif/masks/training/keyboard/416256_mask_segm.png_ps_mask.png,9e782bf8f33f7f5ffa93a7e80e61281b7a41cb1be2301cd9435a52a437164102,17454,orig/training/keyboard/416256_orig.png,sd2-sp/training/keyboard/416256_mask_segm.png_ps_mask.png_sd2_0.png
246,242411,242411,clock,tgif_train_242411_clock_segm,segm,0,small_under_10pct,11,5771,0.022015,data/research/tgif/masks/training/clock/242411_mask_segm.png_ps_mask.png,0a608ec0702934425d2193a3ba86c225eda29f4cf8138332649e22fe8a7cd624,15704,orig/training/clock/242411_orig.png,sd2-sp/training/clock/242411_mask_segm.png_ps_mask.png_sd2_0.png
247,409630,409630,mouse,tgif_train_409630_mouse_segm,segm,0,small_under_10pct,12,10909,0.041615,data/research/tgif/masks/training/mouse/409630_mask_segm.png_ps_mask.png,c52256d967eb8d87958233a9c31f309931e573afd0b7390c722dd0ba09c12876,17647,orig/training/mouse/409630_orig.png,sd2-sp/training/mouse/409630_mask_segm.png_ps_mask.png_sd2_0.png
248,322959,322959,orange,tgif_train_322959_orange_segm,segm,0,small_under_10pct,13,4894,0.018669,data/research/tgif/masks/training/orange/322959_mask_segm.png_ps_mask.png,804ddbc13bd09f313a995ef782339ce3e541ec9754d11ce8dad094000aaa45ba,14852,orig/training/orange/322959_orig.png,sd2-sp/training/orange/322959_mask_segm.png_ps_mask.png_sd2_0.png
249,231831,231831,remote,tgif_train_231831_remote_segm,segm,0,small_under_10pct,14,3000,0.011444,data/research/tgif/masks/training/remote/231831_mask_segm.png_ps_mask.png,d543185845500fe52ccd6adc856f0663ceb7c6508fe84ab9c425f852a2cc67cb,15640,orig/training/remote/231831_orig.png,sd2-sp/training/remote/231831_mask_segm.png_ps_mask.png_sd2_0.png
250,9772,9772,tv,tgif_train_9772_tv_segm,segm,0,small_under_10pct,15,5712,0.02179,data/research/tgif/masks/training/tv/9772_mask_segm.png_ps_mask.png,a018444c0b2f8bd022247269010762bdf1f241fd14ad931fb9b178319fe50e5c,16672,orig/training/tv/9772_orig.png,sd2-sp/training/tv/9772_mask_segm.png_ps_mask.png_sd2_0.png
251,7818,7818,wine glass,tgif_train_7818_wine glass_segm,segm,0,small_under_10pct,16,13532,0.05162,data/research/tgif/masks/training/wine glass/7818_mask_segm.png_ps_mask.png,277e23d49f1d798463c951888d7bb981f770d5aaa86c70e40b65e05a02c240ae,16830,orig/training/wine glass/7818_orig.png,sd2-sp/training/wine glass/7818_mask_segm.png_ps_mask.png_sd2_0.png
252,425226,425226,microwave,tgif_train_425226_microwave_segm,segm,0,small_under_10pct,17,5193,0.01981,data/research/tgif/masks/training/microwave/425226_mask_segm.png_ps_mask.png,8291b1014401eaf7a8a9e3479eadcdb3fb00b41344d3c18d4c4dbb7d4d891ad3,16254,orig/training/microwave/425226_orig.png,sd2-sp/training/microwave/425226_mask_segm.png_ps_mask.png_sd2_0.png
253,364636,364636,bench,tgif_train_364636_bench_segm,segm,0,small_under_10pct,18,13824,0.052734,data/research/tgif/masks/training/bench/364636_mask_segm.png_ps_mask.png,4d3124ba34324206ddb01bbec40b66822b6be6e0148dcd9ee5274a99d14a1af1,18134,orig/training/bench/364636_orig.png,sd2-sp/training/bench/364636_mask_segm.png_ps_mask.png_sd2_0.png
254,40083,40083,bicycle,tgif_train_40083_bicycle_segm,segm,0,small_under_10pct,19,3910,0.014915,data/research/tgif/masks/training/bicycle/40083_mask_segm.png_ps_mask.png,e50e4b19e2a647ce77825fcb7b9d3d82b881d07d90e4b3ed014f103b94abee01,15044,orig/training/bicycle/40083_orig.png,sd2-sp/training/bicycle/40083_mask_segm.png_ps_mask.png_sd2_0.png
255,106563,106563,clock,tgif_train_106563_clock_segm,segm,0,small_under_10pct,20,4603,0.017559,data/research/tgif/masks/training/clock/106563_mask_segm.png_ps_mask.png,0f2c86f63a3feab2351017aa6712d1116b04fdf05793456a6139c5945b6bb69b,14696,orig/training/clock/106563_orig.png,sd2-sp/training/clock/106563_mask_segm.png_ps_mask.png_sd2_0.png
256,520009,520009,traffic light,tgif_train_520009_traffic light_segm,segm,0,small_under_10pct,21,5636,0.0215,data/research/tgif/masks/training/traffic light/520009_mask_segm.png_ps_mask.png,183e7e6688387a635e34488c930c6fdca6bb6fb5d2d133d2df2950689d51b93a,15106,orig/training/traffic light/520009_orig.png,sd2-sp/training/traffic light/520009_mask_segm.png_ps_mask.png_sd2_0.png
257,239627,239627,cup,tgif_train_239627_cup_segm,segm,0,small_under_10pct,22,5575,0.021267,data/research/tgif/masks/training/cup/239627_mask_segm.png_ps_mask.png,c81f7be2426e891acb8c3320a26b743f5f53767f2dcea166a17cbd9be881c2b1,15825,orig/training/cup/239627_orig.png,sd2-sp/training/cup/239627_mask_segm.png_ps_mask.png_sd2_0.png
258,276434,276434,orange,tgif_train_276434_orange_segm,segm,0,small_under_10pct,23,3955,0.015087,data/research/tgif/masks/training/orange/276434_mask_segm.png_ps_mask.png,3cbca018d06b1227d66d2d7e2188cb4b06cd3747b3840982184ff9e0d553d6ea,15749,orig/training/orange/276434_orig.png,sd2-sp/training/orange/276434_mask_segm.png_ps_mask.png_sd2_0.png
259,495732,495732,couch,tgif_train_495732_couch_segm,segm,0,small_under_10pct,24,18680,0.071259,data/research/tgif/masks/training/couch/495732_mask_segm.png_ps_mask.png,07effc320ceece6354774c7fd49ba37f7c743a531c386750d9e3b560c0b4b5ce,20294,orig/training/couch/495732_orig.png,sd2-sp/training/couch/495732_mask_segm.png_ps_mask.png_sd2_0.png
260,20992,20992,hot dog,tgif_train_20992_hot dog_segm,segm,0,small_under_10pct,25,14672,0.055969,data/research/tgif/masks/training/hot dog/20992_mask_segm.png_ps_mask.png,62a09a9ab31904e33f8bcf5ee1a233fa9644b2c39be249420d3f98dc2c57bed9,16839,orig/training/hot dog/20992_orig.png,sd2-sp/training/hot dog/20992_mask_segm.png_ps_mask.png_sd2_0.png
261,4795,4795,laptop,tgif_train_4795_laptop_segm,segm,0,small_under_10pct,26,19386,0.073952,data/research/tgif/masks/training/laptop/4795_mask_segm.png_ps_mask.png,b5e1261b40b0949eabb744480a4cea4efb720c41bcecbbc91ae1e37b5a8a452b,19035,orig/training/laptop/4795_orig.png,sd2-sp/training/laptop/4795_mask_segm.png_ps_mask.png_sd2_0.png
262,377368,377368,handbag,tgif_train_377368_handbag_segm,segm,0,small_under_10pct,27,6369,0.024296,data/research/tgif/masks/training/handbag/377368_mask_segm.png_ps_mask.png,07de9ef27250d8fecc5a220ee6e6b445be9ee25edfc53673ebbd9033ccf3afd2,16716,orig/training/handbag/377368_orig.png,sd2-sp/training/handbag/377368_mask_segm.png_ps_mask.png_sd2_0.png
263,527784,527784,vase,tgif_train_527784_vase_segm,segm,0,small_under_10pct,28,5226,0.019936,data/research/tgif/masks/training/vase/527784_mask_segm.png_ps_mask.png,9666caaffc1d6009f877b7801b340db820af58f6a231ad09cd76086738242862,17786,orig/training/vase/527784_orig.png,sd2-sp/training/vase/527784_mask_segm.png_ps_mask.png_sd2_0.png
264,157601,157601,hot dog,tgif_train_157601_hot dog_segm,segm,0,small_under_10pct,29,6309,0.024067,data/research/tgif/masks/training/hot dog/157601_mask_segm.png_ps_mask.png,5f5c3baa69007ecff93c61f890e4d71bed5793a2eb250561e534c31e18c32902,15431,orig/training/hot dog/157601_orig.png,sd2-sp/training/hot dog/157601_mask_segm.png_ps_mask.png_sd2_0.png
265,563882,563882,cell phone,tgif_train_563882_cell phone_segm,segm,0,small_under_10pct,30,3292,0.012558,data/research/tgif/masks/training/cell phone/563882_mask_segm.png_ps_mask.png,775dc8c5713e42d06344d076d5eb1720002f9082af5685c41c299210de957ca8,15577,orig/training/cell phone/563882_orig.png,sd2-sp/training/cell phone/563882_mask_segm.png_ps_mask.png_sd2_0.png
266,193926,193926,orange,tgif_train_193926_orange_segm,segm,0,small_under_10pct,31,3240,0.01236,data/research/tgif/masks/training/orange/193926_mask_segm.png_ps_mask.png,df75f377d8430a4f7d6caffd712c7c6b29b653f8120bfc838d4fa06cb6281131,14995,orig/training/orange/193926_orig.png,sd2-sp/training/orange/193926_mask_segm.png_ps_mask.png_sd2_0.png
267,526103,526103,umbrella,tgif_train_526103_umbrella_segm,segm,0,small_under_10pct,32,6241,0.023808,data/research/tgif/masks/training/umbrella/526103_mask_segm.png_ps_mask.png,35ecbfe34a1bf349601a7cfaaff9496bf47cb0e96babe4b129545356e83f9bbc,16569,orig/training/umbrella/526103_orig.png,sd2-sp/training/umbrella/526103_mask_segm.png_ps_mask.png_sd2_0.png
268,507081,507081,oven,tgif_train_507081_oven_segm,segm,0,small_under_10pct,33,8170,0.031166,data/research/tgif/masks/training/oven/507081_mask_segm.png_ps_mask.png,9b0b493b0544768d08b4446c2c2dde81d8b191c23c69eec48fc0da02847cfdd9,15270,orig/training/oven/507081_orig.png,sd2-sp/training/oven/507081_mask_segm.png_ps_mask.png_sd2_0.png
269,377239,377239,bottle,tgif_train_377239_bottle_segm,segm,0,small_under_10pct,34,3310,0.012627,data/research/tgif/masks/training/bottle/377239_mask_segm.png_ps_mask.png,ef911af9a9e363719bc640fd98c31b9cd4b45e209ebb6d8e13d586cf38092529,15790,orig/training/bottle/377239_orig.png,sd2-sp/training/bottle/377239_mask_segm.png_ps_mask.png_sd2_0.png
270,381587,381587,bowl,tgif_train_381587_bowl_segm,segm,0,small_under_10pct,35,9462,0.036095,data/research/tgif/masks/training/bowl/381587_mask_segm.png_ps_mask.png,4106c6fad79c29d439f91d200146ce9922ad87d41c93dccee782d411760e382c,17089,orig/training/bowl/381587_orig.png,sd2-sp/training/bowl/381587_mask_segm.png_ps_mask.png_sd2_0.png
271,322610,322610,bench,tgif_train_322610_bench_segm,segm,0,small_under_10pct,36,5431,0.020718,data/research/tgif/masks/training/bench/322610_mask_segm.png_ps_mask.png,c095a04fd35ad1513263153abfa27eb809a60a8164067cce22624904d6fd9634,17634,orig/training/bench/322610_orig.png,sd2-sp/training/bench/322610_mask_segm.png_ps_mask.png_sd2_0.png
272,275198,275198,umbrella,tgif_train_275198_umbrella_segm,segm,0,small_under_10pct,37,20395,0.077801,data/research/tgif/masks/training/umbrella/275198_mask_segm.png_ps_mask.png,c781e7d393e4a84c3c2aa2e4723a4129e55547a99498c76c0b144bf5dcde5cb3,18009,orig/training/umbrella/275198_orig.png,sd2-sp/training/umbrella/275198_mask_segm.png_ps_mask.png_sd2_0.png
273,68833,68833,microwave,tgif_train_68833_microwave_segm,segm,0,small_under_10pct,38,3528,0.013458,data/research/tgif/masks/training/microwave/68833_mask_segm.png_ps_mask.png,a5ba76a9f2d9f67ac8fe77e101f8281dfc19aa8699adfe2b34d5d484266b1d59,15477,orig/training/microwave/68833_orig.png,sd2-sp/training/microwave/68833_mask_segm.png_ps_mask.png_sd2_0.png
274,401991,401991,cat,tgif_train_401991_cat_segm,segm,0,small_under_10pct,39,12649,0.048252,data/research/tgif/masks/training/cat/401991_mask_segm.png_ps_mask.png,87c8f01cdafb2b3b8c828f46e136163a49bb79ffcd6718dc74576f6bfe41500e,17102,orig/training/cat/401991_orig.png,sd2-sp/training/cat/401991_mask_segm.png_ps_mask.png_sd2_0.png
275,433204,433204,motorcycle,tgif_train_433204_motorcycle_segm,segm,0,small_under_10pct,40,2938,0.011208,data/research/tgif/masks/training/motorcycle/433204_mask_segm.png_ps_mask.png,83c57fc750485b83454839437f3e270d717f3cec975d9ca2ad8f43d537102790,16719,orig/training/motorcycle/433204_orig.png,sd2-sp/training/motorcycle/433204_mask_segm.png_ps_mask.png_sd2_0.png
276,413404,413404,bench,tgif_train_413404_bench_segm,segm,0,small_under_10pct,41,4993,0.019047,data/research/tgif/masks/training/bench/413404_mask_segm.png_ps_mask.png,6a55c06c2bf9412f074a35dcdfc631d48dd5d6f3387550491bf3ea4a9b7e1a44,15824,orig/training/bench/413404_orig.png,sd2-sp/training/bench/413404_mask_segm.png_ps_mask.png_sd2_0.png
277,468332,468332,cake,tgif_train_468332_cake_segm,segm,0,small_under_10pct,42,8861,0.033802,data/research/tgif/masks/training/cake/468332_mask_segm.png_ps_mask.png,2cf7f4dcfd44ec20e12d3c76872bd3ae348419da07b8db5eda05b46aade5b4a5,16049,orig/training/cake/468332_orig.png,sd2-sp/training/cake/468332_mask_segm.png_ps_mask.png_sd2_0.png
278,205514,205514,couch,tgif_train_205514_couch_segm,segm,0,small_under_10pct,43,17329,0.066105,data/research/tgif/masks/training/couch/205514_mask_segm.png_ps_mask.png,12cd1e4f86b4b8ed70cb6336ebc7e3db68c0faceedc9a194d37c30896339824c,17850,orig/training/couch/205514_orig.png,sd2-sp/training/couch/205514_mask_segm.png_ps_mask.png_sd2_0.png
279,519522,519522,clock,tgif_train_519522_clock_segm,segm,0,small_under_10pct,44,3179,0.012127,data/research/tgif/masks/training/clock/519522_mask_segm.png_ps_mask.png,a78ed96731880dcbf9ca0b8bd8fe6231c6bd680fb02a4a3c83264b5b651b144b,15333,orig/training/clock/519522_orig.png,sd2-sp/training/clock/519522_mask_segm.png_ps_mask.png_sd2_0.png
280,468925,468925,banana,tgif_train_468925_banana_segm,segm,0,small_under_10pct,45,20048,0.076477,data/research/tgif/masks/training/banana/468925_mask_segm.png_ps_mask.png,f6511401cf257097e37ad094c0158c211744c85448563532b2f7892250ebc520,17590,orig/training/banana/468925_orig.png,sd2-sp/training/banana/468925_mask_segm.png_ps_mask.png_sd2_0.png
281,434297,434297,carrot,tgif_train_434297_carrot_segm,segm,0,small_under_10pct,46,5114,0.019508,data/research/tgif/masks/training/carrot/434297_mask_segm.png_ps_mask.png,d1a10e4713b176fc26cf2933065272e7b9f28070f52dacfe381f800b1e6addef,4622,orig/training/carrot/434297_orig.png,sd2-sp/training/carrot/434297_mask_segm.png_ps_mask.png_sd2_0.png
282,282298,282298,clock,tgif_train_282298_clock_segm,segm,0,small_under_10pct,47,9690,0.036964,data/research/tgif/masks/training/clock/282298_mask_segm.png_ps_mask.png,9571f03d314d74866c5fae71fa9b80ffb738a2bd34305b307b04fe49cd5f3a28,16301,orig/training/clock/282298_orig.png,sd2-sp/training/clock/282298_mask_segm.png_ps_mask.png_sd2_0.png
283,15272,15272,traffic light,tgif_train_15272_traffic light_segm,segm,0,small_under_10pct,48,8259,0.031506,data/research/tgif/masks/training/traffic light/15272_mask_segm.png_ps_mask.png,6a0ddae35c43260c3b69d1b02dbaa39443bc9291ff116db71cae8a6c625ab6c4,16849,orig/training/traffic light/15272_orig.png,sd2-sp/training/traffic light/15272_mask_segm.png_ps_mask.png_sd2_0.png
284,190648,190648,chair,tgif_train_190648_chair_segm,segm,0,small_under_10pct,49,4241,0.016178,data/research/tgif/masks/training/chair/190648_mask_segm.png_ps_mask.png,1747a8718fc3837cebc24aca1781297a6707d7807722bd52487790268a09a044,16311,orig/training/chair/190648_orig.png,sd2-sp/training/chair/190648_mask_segm.png_ps_mask.png_sd2_0.png
285,15497,15497,mouse,tgif_train_15497_mouse_segm,segm,0,small_under_10pct,50,9911,0.037807,data/research/tgif/masks/training/mouse/15497_mask_segm.png_ps_mask.png,1534c05bb3cc8a06b4299d0c60b0ed696a5bd5f441efbdabde2218fbfda8bfe8,17335,orig/training/mouse/15497_orig.png,sd2-sp/training/mouse/15497_mask_segm.png_ps_mask.png_sd2_0.png
286,325838,325838,chair,tgif_train_325838_chair_segm,segm,0,small_under_10pct,51,7363,0.028088,data/research/tgif/masks/training/chair/325838_mask_segm.png_ps_mask.png,394fea73c6942fc55c7c1d2328d8098cea282c4327588b40ea04e8063fced7cb,24333,orig/training/chair/325838_orig.png,sd2-sp/training/chair/325838_mask_segm.png_ps_mask.png_sd2_0.png
287,12667,12667,banana,tgif_train_12667_banana_segm,segm,0,small_under_10pct,52,17815,0.067959,data/research/tgif/masks/training/banana/12667_mask_segm.png_ps_mask.png,3509c93349495f78fc072a4dafaa7f6be9844f6f2a9c871607a1146c9831740d,20923,orig/training/banana/12667_orig.png,sd2-sp/training/banana/12667_mask_segm.png_ps_mask.png_sd2_0.png
288,179898,179898,hot dog,tgif_train_179898_hot dog_segm,segm,0,small_under_10pct,53,24850,0.094795,data/research/tgif/masks/training/hot dog/179898_mask_segm.png_ps_mask.png,1e77e6dd27c92d6de5c5a441b6460c793bceb4491fd7d5fe87700904ad50bef9,19945,orig/training/hot dog/179898_orig.png,sd2-sp/training/hot dog/179898_mask_segm.png_ps_mask.png_sd2_0.png
289,565877,565877,book,tgif_train_565877_book_segm,segm,0,small_under_10pct,54,3439,0.013119,data/research/tgif/masks/training/book/565877_mask_segm.png_ps_mask.png,bf3f085f16eab0c3eb4968354569f0b9ff19f7c15c4d6a117f5b6efd8db008d4,16141,orig/training/book/565877_orig.png,sd2-sp/training/book/565877_mask_segm.png_ps_mask.png_sd2_0.png
290,192904,192904,cup,tgif_train_192904_cup_segm,segm,0,small_under_10pct,55,8746,0.033363,data/research/tgif/masks/training/cup/192904_mask_segm.png_ps_mask.png,9674c8f2a86c6c1ac54aa84b19f6b7239a16f9c3f58ccd9e13d11485c8b9fb82,16364,orig/training/cup/192904_orig.png,sd2-sp/training/cup/192904_mask_segm.png_ps_mask.png_sd2_0.png
291,203931,203931,bench,tgif_train_203931_bench_segm,segm,0,small_under_10pct,56,4883,0.018627,data/research/tgif/masks/training/bench/203931_mask_segm.png_ps_mask.png,45718e53e3910e832bec34d320bfd791a38376710f56e517242e117db866cb94,15758,orig/training/bench/203931_orig.png,sd2-sp/training/bench/203931_mask_segm.png_ps_mask.png_sd2_0.png
292,499031,499031,banana,tgif_train_499031_banana_segm,segm,0,small_under_10pct,57,4249,0.016209,data/research/tgif/masks/training/banana/499031_mask_segm.png_ps_mask.png,7c1ebe6c90cff2648b5f485454c9e68f8f370f27658f7cb52dbc259d66281835,16313,orig/training/banana/499031_orig.png,sd2-sp/training/banana/499031_mask_segm.png_ps_mask.png_sd2_0.png
293,454978,454978,motorcycle,tgif_train_454978_motorcycle_segm,segm,0,small_under_10pct,58,18579,0.070873,data/research/tgif/masks/training/motorcycle/454978_mask_segm.png_ps_mask.png,d4e87a9672b42d1fdbc852bd7c3a60d1344de252a7a821841cd8b322751dbbbc,18107,orig/training/motorcycle/454978_orig.png,sd2-sp/training/motorcycle/454978_mask_segm.png_ps_mask.png_sd2_0.png
294,89697,89697,bench,tgif_train_89697_bench_segm,segm,0,small_under_10pct,59,4783,0.018246,data/research/tgif/masks/training/bench/89697_mask_segm.png_ps_mask.png,407fc755190b95793243603a412316fb40affb7140b380864205e7a7ca1b5236,15768,orig/training/bench/89697_orig.png,sd2-sp/training/bench/89697_mask_segm.png_ps_mask.png_sd2_0.png
295,301421,301421,keyboard,tgif_train_301421_keyboard_segm,segm,0,small_under_10pct,60,5610,0.0214,data/research/tgif/masks/training/keyboard/301421_mask_segm.png_ps_mask.png,27ddf41f4161ce011119aa15a4182686e8d847eac64df7e2f3af1b917f207421,15818,orig/training/keyboard/301421_orig.png,sd2-sp/training/keyboard/301421_mask_segm.png_ps_mask.png_sd2_0.png
296,494634,494634,oven,tgif_train_494634_oven_segm,segm,0,small_under_10pct,61,8859,0.033794,data/research/tgif/masks/training/oven/494634_mask_segm.png_ps_mask.png,b2505cf9a0f6215007a26ab3ea95836e2efb4ace4eb8524996f8c34e6e0cb407,15972,orig/training/oven/494634_orig.png,sd2-sp/training/oven/494634_mask_segm.png_ps_mask.png_sd2_0.png
297,319607,319607,traffic light,tgif_train_319607_traffic light_segm,segm,0,small_under_10pct,62,10252,0.039108,data/research/tgif/masks/training/traffic light/319607_mask_segm.png_ps_mask.png,f33d1a82e3e5e9790b984b9acd07cdbbb8557c979da67ea5da8a29c263c15e20,18764,orig/training/traffic light/319607_orig.png,sd2-sp/training/traffic light/319607_mask_segm.png_ps_mask.png_sd2_0.png
298,546475,546475,cell phone,tgif_train_546475_cell phone_segm,segm,0,small_under_10pct,63,5287,0.020168,data/research/tgif/masks/training/cell phone/546475_mask_segm.png_ps_mask.png,86fe8832c2ede8b64d0302f301171bcf5c34333724c85a80d3fbdcdc91a050fb,15444,orig/training/cell phone/546475_orig.png,sd2-sp/training/cell phone/546475_mask_segm.png_ps_mask.png_sd2_0.png
299,29984,29984,umbrella,tgif_train_29984_umbrella_segm,segm,0,small_under_10pct,64,20953,0.079929,data/research/tgif/masks/training/umbrella/29984_mask_segm.png_ps_mask.png,6a81d2d8334804c5b50a27ba5a4dce0d9afe837bfcaaec086010d7c6884f313c,18716,orig/training/umbrella/29984_orig.png,sd2-sp/training/umbrella/29984_mask_segm.png_ps_mask.png_sd2_0.png
300,466125,466125,backpack,tgif_train_466125_backpack_segm,segm,0,small_under_10pct,65,9768,0.037262,data/research/tgif/masks/training/backpack/466125_mask_segm.png_ps_mask.png,e9aaa954c5c16764ad06f66b0bad418326ffe573142cb200e5342cc5b186abf2,17598,orig/training/backpack/466125_orig.png,sd2-sp/training/backpack/466125_mask_segm.png_ps_mask.png_sd2_0.png
301,452084,452084,hot dog,tgif_train_452084_hot dog_segm,segm,0,small_under_10pct,66,7648,0.029175,data/research/tgif/masks/training/hot dog/452084_mask_segm.png_ps_mask.png,50f20374e109e32f7edace298052107e007245d739a877949dc66c2b9e0208a0,17283,orig/training/hot dog/452084_orig.png,sd2-sp/training/hot dog/452084_mask_segm.png_ps_mask.png_sd2_0.png
302,574702,574702,motorcycle,tgif_train_574702_motorcycle_segm,segm,0,small_under_10pct,67,20449,0.078007,data/research/tgif/masks/training/motorcycle/574702_mask_segm.png_ps_mask.png,2c0cdf0e4d294b5bcfe9f755a40f168759c8ab7f7cdea1a5d4ecca1212075682,20582,orig/training/motorcycle/574702_orig.png,sd2-sp/training/motorcycle/574702_mask_segm.png_ps_mask.png_sd2_0.png
303,70739,70739,wine glass,tgif_train_70739_wine glass_segm,segm,0,small_under_10pct,68,5696,0.021729,data/research/tgif/masks/training/wine glass/70739_mask_segm.png_ps_mask.png,33074576cbb7cac5002f171cc829b719b5d7a6cee773b3811487925a3d780597,6568,orig/training/wine glass/70739_orig.png,sd2-sp/training/wine glass/70739_mask_segm.png_ps_mask.png_sd2_0.png
304,174231,174231,cat,tgif_train_174231_cat_segm,segm,0,small_under_10pct,69,24011,0.091595,data/research/tgif/masks/training/cat/174231_mask_segm.png_ps_mask.png,e7eaf3b4626c2e09665469b2b7036711b27d8d02f4589ac8ec5c99bcae711e74,18931,orig/training/cat/174231_orig.png,sd2-sp/training/cat/174231_mask_segm.png_ps_mask.png_sd2_0.png
305,284743,284743,baseball bat,tgif_train_284743_baseball bat_segm,segm,0,small_under_10pct,70,8969,0.034214,data/research/tgif/masks/training/baseball bat/284743_mask_segm.png_ps_mask.png,ade3342864cf3da6b0ec0317ac3c7821f1f6dffabe1cfb0b125b2990383a81e3,20457,orig/training/baseball bat/284743_orig.png,sd2-sp/training/baseball bat/284743_mask_segm.png_ps_mask.png_sd2_0.png
306,47801,47801,cake,tgif_train_47801_cake_segm,segm,0,small_under_10pct,71,4376,0.016693,data/research/tgif/masks/training/cake/47801_mask_segm.png_ps_mask.png,b8a45cf1989346e5bb42d1560daccdd008bba7158a2dbff4e9a3a897638c2d59,14604,orig/training/cake/47801_orig.png,sd2-sp/training/cake/47801_mask_segm.png_ps_mask.png_sd2_0.png
307,351362,351362,sink,tgif_train_351362_sink_segm,segm,0,small_under_10pct,72,9417,0.035923,data/research/tgif/masks/training/sink/351362_mask_segm.png_ps_mask.png,c9d198428b6f8260a6eeb8cc2027d8f8baa6c881dc4ef2e7487a541e89b4044f,16088,orig/training/sink/351362_orig.png,sd2-sp/training/sink/351362_mask_segm.png_ps_mask.png_sd2_0.png
308,327701,327701,person,tgif_train_327701_person_segm,segm,0,small_under_10pct,73,22431,0.085567,data/research/tgif/masks/training/person/327701_mask_segm.png_ps_mask.png,3a13a57afa378e26c5c761987222c96269e7d93fce0c51533b99177e1e294793,19662,orig/training/person/327701_orig.png,sd2-sp/training/person/327701_mask_segm.png_ps_mask.png_sd2_0.png
309,578236,578236,bird,tgif_train_578236_bird_segm,segm,0,small_under_10pct,74,3245,0.012379,data/research/tgif/masks/training/bird/578236_mask_segm.png_ps_mask.png,f6099f386b59814b6d3fb7bccc2e26f16acac24a7dedb3cfeb5a402e41597367,15774,orig/training/bird/578236_orig.png,sd2-sp/training/bird/578236_mask_segm.png_ps_mask.png_sd2_0.png
310,435003,435003,keyboard,tgif_train_435003_keyboard_segm,segm,0,small_under_10pct,75,6068,0.023148,data/research/tgif/masks/training/keyboard/435003_mask_segm.png_ps_mask.png,d49d283422842b493a2c7b50095afebf91bdeed1a2ada2eff78de80a627cca4c,15609,orig/training/keyboard/435003_orig.png,sd2-sp/training/keyboard/435003_mask_segm.png_ps_mask.png_sd2_0.png
311,267300,267300,potted plant,tgif_train_267300_potted plant_segm,segm,0,small_under_10pct,76,23960,0.0914,data/research/tgif/masks/training/potted plant/267300_mask_segm.png_ps_mask.png,984b81cef4810ca45abfd0d9670c18e41af265a115f476d7df678b7a93507031,19402,orig/training/potted plant/267300_orig.png,sd2-sp/training/potted plant/267300_mask_segm.png_ps_mask.png_sd2_0.png
312,222317,222317,dog,tgif_train_222317_dog_segm,segm,0,small_under_10pct,77,11033,0.042088,data/research/tgif/masks/training/dog/222317_mask_segm.png_ps_mask.png,eea469027c0cd7a716e399369fbb27adc32f41cb9188e9080cc45747912de26a,18409,orig/training/dog/222317_orig.png,sd2-sp/training/dog/222317_mask_segm.png_ps_mask.png_sd2_0.png
313,377670,377670,teddy bear,tgif_train_377670_teddy bear_segm,segm,0,small_under_10pct,78,15455,0.058956,data/research/tgif/masks/training/teddy bear/377670_mask_segm.png_ps_mask.png,577c04e77abdeba94975755337e2513671fee0250f9f47ca342082b542ff813e,22811,orig/training/teddy bear/377670_orig.png,sd2-sp/training/teddy bear/377670_mask_segm.png_ps_mask.png_sd2_0.png
314,504074,504074,chair,tgif_train_504074_chair_segm,segm,0,small_under_10pct,79,3589,0.013691,data/research/tgif/masks/training/chair/504074_mask_segm.png_ps_mask.png,757dbda4d99590f72d92576b664685d7fe725e6d05a028b2cea063fa9f4423fd,15876,orig/training/chair/504074_orig.png,sd2-sp/training/chair/504074_mask_segm.png_ps_mask.png_sd2_0.png
315,66771,66771,couch,tgif_train_66771_couch_segm,segm,0,small_under_10pct,80,22300,0.085068,data/research/tgif/masks/training/couch/66771_mask_segm.png_ps_mask.png,107e7a326fd1b7527f27cbc220755b4c832675e298d32b70c5f3a04e069e5c77,20239,orig/training/couch/66771_orig.png,sd2-sp/training/couch/66771_mask_segm.png_ps_mask.png_sd2_0.png
316,133645,133645,bench,tgif_train_133645_bench_segm,segm,0,small_under_10pct,81,6206,0.023674,data/research/tgif/masks/training/bench/133645_mask_segm.png_ps_mask.png,627b42f16e8a3d128c69c0e871cb43ce85b04588e92beff3ed24ee587bd08975,16895,orig/training/bench/133645_orig.png,sd2-sp/training/bench/133645_mask_segm.png_ps_mask.png_sd2_0.png
317,411938,411938,teddy bear,tgif_train_411938_teddy bear_segm,segm,0,small_under_10pct,82,18155,0.069256,data/research/tgif/masks/training/teddy bear/411938_mask_segm.png_ps_mask.png,5fe5626fa5bbd9a17edbc4ea7765cd71b9da3c18c623db1742c93b48a4f6dfa5,22134,orig/training/teddy bear/411938_orig.png,sd2-sp/training/teddy bear/411938_mask_segm.png_ps_mask.png_sd2_0.png
318,478721,478721,truck,tgif_train_478721_truck_segm,segm,0,small_under_10pct,83,3599,0.013729,data/research/tgif/masks/training/truck/478721_mask_segm.png_ps_mask.png,7e8678e5932c7954f8617543f8d9486caf44abdd30d0374d64d4c45a8093d086,15935,orig/training/truck/478721_orig.png,sd2-sp/training/truck/478721_mask_segm.png_ps_mask.png_sd2_0.png
319,211120,211120,teddy bear,tgif_train_211120_teddy bear_segm,segm,0,small_under_10pct,84,10728,0.040924,data/research/tgif/masks/training/teddy bear/211120_mask_segm.png_ps_mask.png,c3ffb69cc0cc418f1cca6e831650cee22f02d3b02f646464b87681c458c7ef3e,8943,orig/training/teddy bear/211120_orig.png,sd2-sp/training/teddy bear/211120_mask_segm.png_ps_mask.png_sd2_0.png
320,279774,279774,baseball bat,tgif_train_279774_baseball bat_segm,segm,0,small_under_10pct,85,2719,0.010372,data/research/tgif/masks/training/baseball bat/279774_mask_segm.png_ps_mask.png,70ac4ef18438aed2066ba93a7552d5fc821a7a6f875cd94f0343a81ca4f6404e,16339,orig/training/baseball bat/279774_orig.png,sd2-sp/training/baseball bat/279774_mask_segm.png_ps_mask.png_sd2_0.png
321,32334,32334,wine glass,tgif_train_32334_wine glass_segm,segm,0,small_under_10pct,86,5659,0.021587,data/research/tgif/masks/training/wine glass/32334_mask_segm.png_ps_mask.png,54eb554ea41ca15adae57ea13f907cc48cc67e82baf5d928a921bd2a93ba1fbc,16169,orig/training/wine glass/32334_orig.png,sd2-sp/training/wine glass/32334_mask_segm.png_ps_mask.png_sd2_0.png
322,132796,132796,bench,tgif_train_132796_bench_segm,segm,0,small_under_10pct,87,10768,0.041077,data/research/tgif/masks/training/bench/132796_mask_segm.png_ps_mask.png,7c11897caecc3ce2024d85ccac73d58926acc7dbda266617bcf9fdcc6a3c9ef3,18963,orig/training/bench/132796_orig.png,sd2-sp/training/bench/132796_mask_segm.png_ps_mask.png_sd2_0.png
323,123633,123633,dining table,tgif_train_123633_dining table_segm,segm,0,small_under_10pct,88,7007,0.02673,data/research/tgif/masks/training/dining table/123633_mask_segm.png_ps_mask.png,88ad74bba25bc3f975eef478055394c0388f3b6d39e63b220bb767615c7ba817,15849,orig/training/dining table/123633_orig.png,sd2-sp/training/dining table/123633_mask_segm.png_ps_mask.png_sd2_0.png
324,26204,26204,bus,tgif_train_26204_bus_segm,segm,0,small_under_10pct,89,17439,0.066525,data/research/tgif/masks/training/bus/26204_mask_segm.png_ps_mask.png,1a221a7557aa0009b84a1ab95cadea74d9920b29b3c03a9d3211c5c98376aa52,17552,orig/training/bus/26204_orig.png,sd2-sp/training/bus/26204_mask_segm.png_ps_mask.png_sd2_0.png
325,264968,264968,baseball bat,tgif_train_264968_baseball bat_segm,segm,0,small_under_10pct,90,8233,0.031406,data/research/tgif/masks/training/baseball bat/264968_mask_segm.png_ps_mask.png,952272b2655afb4ba4c901b48bb90e60867a4d604272525d478957a7e92525ed,18630,orig/training/baseball bat/264968_orig.png,sd2-sp/training/baseball bat/264968_mask_segm.png_ps_mask.png_sd2_0.png
326,114049,114049,suitcase,tgif_train_114049_suitcase_segm,segm,0,small_under_10pct,91,18026,0.068764,data/research/tgif/masks/training/suitcase/114049_mask_segm.png_ps_mask.png,33ce8584bb75638bb4f7758f3102e50f5903264dcd82deb744880e5a1fe6e37e,18145,orig/training/suitcase/114049_orig.png,sd2-sp/training/suitcase/114049_mask_segm.png_ps_mask.png_sd2_0.png
327,535608,535608,umbrella,tgif_train_535608_umbrella_segm,segm,0,small_under_10pct,92,4815,0.018368,data/research/tgif/masks/training/umbrella/535608_mask_segm.png_ps_mask.png,4c2f7517980737e73328631b575cc2b8822552da693f1d49765b67dee5fa2c1e,14906,orig/training/umbrella/535608_orig.png,sd2-sp/training/umbrella/535608_mask_segm.png_ps_mask.png_sd2_0.png
328,206579,206579,cake,tgif_train_206579_cake_segm,segm,0,small_under_10pct,93,14489,0.055271,data/research/tgif/masks/training/cake/206579_mask_segm.png_ps_mask.png,d296ff61bbf40b2f8a7273d69f984fe0ddb585e8e45a33dadff84787c7282a53,17924,orig/training/cake/206579_orig.png,sd2-sp/training/cake/206579_mask_segm.png_ps_mask.png_sd2_0.png
329,366884,366884,dog,tgif_train_366884_dog_segm,segm,0,small_under_10pct,94,6534,0.024925,data/research/tgif/masks/training/dog/366884_mask_segm.png_ps_mask.png,c462d9200e7848263a0ce46e22146535641704651431b724989fc6c93a905cf7,16905,orig/training/dog/366884_orig.png,sd2-sp/training/dog/366884_mask_segm.png_ps_mask.png_sd2_0.png
330,475484,475484,car,tgif_train_475484_car_segm,segm,0,small_under_10pct,95,3822,0.01458,data/research/tgif/masks/training/car/475484_mask_segm.png_ps_mask.png,d4ece545346fa84a9d4bd632e5670323eacbc6173c458c568ca8f0ad1b91b213,15561,orig/training/car/475484_orig.png,sd2-sp/training/car/475484_mask_segm.png_ps_mask.png_sd2_0.png
331,189752,189752,wine glass,tgif_train_189752_wine glass_segm,segm,0,small_under_10pct,96,9810,0.037422,data/research/tgif/masks/training/wine glass/189752_mask_segm.png_ps_mask.png,3c28ba4646c06f99090867e0485c3cf567d5a1ed4cd3153365112a2927612c97,18152,orig/training/wine glass/189752_orig.png,sd2-sp/training/wine glass/189752_mask_segm.png_ps_mask.png_sd2_0.png
332,477805,477805,laptop,tgif_train_477805_laptop_segm,segm,0,small_under_10pct,97,12186,0.046486,data/research/tgif/masks/training/laptop/477805_mask_segm.png_ps_mask.png,bc54a51a3250c5f6f9a4cbce64a8550d640b94ab25bca501d98c34408cc5e49d,20405,orig/training/laptop/477805_orig.png,sd2-sp/training/laptop/477805_mask_segm.png_ps_mask.png_sd2_0.png
333,335427,335427,broccoli,tgif_train_335427_broccoli_segm,segm,0,small_under_10pct,98,17170,0.065498,data/research/tgif/masks/training/broccoli/335427_mask_segm.png_ps_mask.png,50cc922cb159e01ffbf5c42ea5ea60183fed41cb66aa2406296640096dcacd37,20828,orig/training/broccoli/335427_orig.png,sd2-sp/training/broccoli/335427_mask_segm.png_ps_mask.png_sd2_0.png
334,544306,544306,clock,tgif_train_544306_clock_segm,segm,0,small_under_10pct,99,2672,0.010193,data/research/tgif/masks/training/clock/544306_mask_segm.png_ps_mask.png,7c7e6ce56b5dfc5aa7e361fb224cf844fcda533c340c19292d41af40c1287284,14680,orig/training/clock/544306_orig.png,sd2-sp/training/clock/544306_mask_segm.png_ps_mask.png_sd2_0.png
335,410934,410934,broccoli,tgif_train_410934_broccoli_segm,segm,0,small_under_10pct,100,9828,0.037491,data/research/tgif/masks/training/broccoli/410934_mask_segm.png_ps_mask.png,921ff84dc0c74b324a739a1f8bc94ffb888b4725361922431767759453dbfdfd,17407,orig/training/broccoli/410934_orig.png,sd2-sp/training/broccoli/410934_mask_segm.png_ps_mask.png_sd2_0.png
336,93353,93353,book,tgif_train_93353_book_segm,segm,0,small_under_10pct,101,7935,0.03027,data/research/tgif/masks/training/book/93353_mask_segm.png_ps_mask.png,c3895d13f32faa91637d080c4bd1df54fcedfd78c8c01b5a1b81bfae83d586ea,16253,orig/training/book/93353_orig.png,sd2-sp/training/book/93353_mask_segm.png_ps_mask.png_sd2_0.png
337,173008,173008,banana,tgif_train_173008_banana_segm,segm,0,small_under_10pct,102,2943,0.011227,data/research/tgif/masks/training/banana/173008_mask_segm.png_ps_mask.png,2352294f1feea615c9995efd1f659d2b222d770eced0b52a32d096310e9d7602,16978,orig/training/banana/173008_orig.png,sd2-sp/training/banana/173008_mask_segm.png_ps_mask.png_sd2_0.png
338,257169,257169,toilet,tgif_train_257169_toilet_segm,segm,0,small_under_10pct,103,13425,0.051212,data/research/tgif/masks/training/toilet/257169_mask_segm.png_ps_mask.png,082bdc5b8cc39c10ece8fca9d376ea2a0c4c87d698d0e7ce4b0964cd5dac6a7f,21310,orig/training/toilet/257169_orig.png,sd2-sp/training/toilet/257169_mask_segm.png_ps_mask.png_sd2_0.png
339,92416,92416,bottle,tgif_train_92416_bottle_segm,segm,0,small_under_10pct,104,3994,0.015236,data/research/tgif/masks/training/bottle/92416_mask_segm.png_ps_mask.png,dcc5fa95e2d4610882bd15c54c20ef9cde6a3ca0df8502df4b559a312815d004,17677,orig/training/bottle/92416_orig.png,sd2-sp/training/bottle/92416_mask_segm.png_ps_mask.png_sd2_0.png
340,172877,172877,tie,tgif_train_172877_tie_segm,segm,0,small_under_10pct,105,2677,0.010212,data/research/tgif/masks/training/tie/172877_mask_segm.png_ps_mask.png,e54675f7776a865a62ef911e91d470454b668aae559aaec85b49c7bc0b69e9d6,16169,orig/training/tie/172877_orig.png,sd2-sp/training/tie/172877_mask_segm.png_ps_mask.png_sd2_0.png
341,233825,233825,dining table,tgif_train_233825_dining table_segm,segm,0,small_under_10pct,106,8929,0.034061,data/research/tgif/masks/training/dining table/233825_mask_segm.png_ps_mask.png,c164becc516b4431350dffcf9aacc9fc774fa77090af7a297a5a9413a30d3acd,22321,orig/training/dining table/233825_orig.png,sd2-sp/training/dining table/233825_mask_segm.png_ps_mask.png_sd2_0.png
342,203389,203389,motorcycle,tgif_train_203389_motorcycle_segm,segm,0,small_under_10pct,107,18823,0.071804,data/research/tgif/masks/training/motorcycle/203389_mask_segm.png_ps_mask.png,ee9d4ee5abb9c4ccc98969197f6b9fe3dd0711d27584ff53c124f57229ef69fa,17915,orig/training/motorcycle/203389_orig.png,sd2-sp/training/motorcycle/203389_mask_segm.png_ps_mask.png_sd2_0.png
343,396526,396526,potted plant,tgif_train_396526_potted plant_segm,segm,0,small_under_10pct,108,10410,0.039711,data/research/tgif/masks/training/potted plant/396526_mask_segm.png_ps_mask.png,016dea6092b8f3f4c9992e48ac4bd47b90926986fd3927bffaf74201e50c212a,18377,orig/training/potted plant/396526_orig.png,sd2-sp/training/potted plant/396526_mask_segm.png_ps_mask.png_sd2_0.png
344,400161,400161,remote,tgif_train_400161_remote_segm,segm,0,small_under_10pct,109,3263,0.012447,data/research/tgif/masks/training/remote/400161_mask_segm.png_ps_mask.png,2fba5a95454a8b80fc0586e1f0192d8bafcfe0557a3a364236d8baba0bbaf6e5,15933,orig/training/remote/400161_orig.png,sd2-sp/training/remote/400161_mask_segm.png_ps_mask.png_sd2_0.png
345,261888,261888,bicycle,tgif_train_261888_bicycle_segm,segm,0,small_under_10pct,110,22403,0.085461,data/research/tgif/masks/training/bicycle/261888_mask_segm.png_ps_mask.png,e869a518984fad2b1057e73c502dbf1372630d3eb1e9e6396283443dc9468bf0,26311,orig/training/bicycle/261888_orig.png,sd2-sp/training/bicycle/261888_mask_segm.png_ps_mask.png_sd2_0.png
346,398377,398377,handbag,tgif_train_398377_handbag_segm,segm,0,small_under_10pct,111,8732,0.03331,data/research/tgif/masks/training/handbag/398377_mask_segm.png_ps_mask.png,9274d0d4e90838c97f60744d37e4952feb6f006373662845f5935cdf8d6e6895,18473,orig/training/handbag/398377_orig.png,sd2-sp/training/handbag/398377_mask_segm.png_ps_mask.png_sd2_0.png
347,125572,125572,bicycle,tgif_train_125572_bicycle_segm,segm,0,small_under_10pct,112,5141,0.019611,data/research/tgif/masks/training/bicycle/125572_mask_segm.png_ps_mask.png,2f6f31ffb4b8873ed2951f2d33b3c215219b2a9fd1a302bc141b047b8c24b76c,16752,orig/training/bicycle/125572_orig.png,sd2-sp/training/bicycle/125572_mask_segm.png_ps_mask.png_sd2_0.png
348,564336,564336,laptop,tgif_train_564336_laptop_segm,segm,0,small_under_10pct,113,3132,0.011948,data/research/tgif/masks/training/laptop/564336_mask_segm.png_ps_mask.png,7c6c1c87528b19cad21fbf4d3a3a847f4e2c6aed82f24635ba2025b2608a7e55,15206,orig/training/laptop/564336_orig.png,sd2-sp/training/laptop/564336_mask_segm.png_ps_mask.png_sd2_0.png
349,119365,119365,cell phone,tgif_train_119365_cell phone_segm,segm,0,small_under_10pct,114,2911,0.011105,data/research/tgif/masks/training/cell phone/119365_mask_segm.png_ps_mask.png,00cca0ab717b5b739b40dba0ebacc662cc10d4356523fc5fc91c7fad493b213a,16013,orig/training/cell phone/119365_orig.png,sd2-sp/training/cell phone/119365_mask_segm.png_ps_mask.png_sd2_0.png
350,342128,342128,chair,tgif_train_342128_chair_segm,segm,0,small_under_10pct,115,6293,0.024006,data/research/tgif/masks/training/chair/342128_mask_segm.png_ps_mask.png,e221ca3c1ba07659ddde397f68cab05857f1e0706e2f817ac561eadd062167cf,16541,orig/training/chair/342128_orig.png,sd2-sp/training/chair/342128_mask_segm.png_ps_mask.png_sd2_0.png
351,350148,350148,sandwich,tgif_train_350148_sandwich_segm,segm,0,small_under_10pct,116,21026,0.080208,data/research/tgif/masks/training/sandwich/350148_mask_segm.png_ps_mask.png,3e7c1ddcddf677c37e28a7daf1d50a3b1d2dca7700af2a52ed537cf968719985,21638,orig/training/sandwich/350148_orig.png,sd2-sp/training/sandwich/350148_mask_segm.png_ps_mask.png_sd2_0.png
352,71226,71226,cat,tgif_train_71226_cat_segm,segm,0,small_under_10pct,117,11030,0.042076,data/research/tgif/masks/training/cat/71226_mask_segm.png_ps_mask.png,34ff54df46b80c04b5ca3b9dce0f325b150cd8a7dc251f1a974ae5b0e6b018e2,16108,orig/training/cat/71226_orig.png,sd2-sp/training/cat/71226_mask_segm.png_ps_mask.png_sd2_0.png
353,68765,68765,mouse,tgif_train_68765_mouse_segm,segm,0,small_under_10pct,118,9166,0.034966,data/research/tgif/masks/training/mouse/68765_mask_segm.png_ps_mask.png,b007a90effb3d798c93b368ecd4f479ed89d2c2d081b24c2f429ebce72bf41f8,18187,orig/training/mouse/68765_orig.png,sd2-sp/training/mouse/68765_mask_segm.png_ps_mask.png_sd2_0.png
354,575081,575081,tv,tgif_train_575081_tv_segm,segm,0,small_under_10pct,119,13889,0.052982,data/research/tgif/masks/training/tv/575081_mask_segm.png_ps_mask.png,07f65a586d7f9a45ba20df675308c458dbdfaa92fcef08ad5bfa2934576f1763,18300,orig/training/tv/575081_orig.png,sd2-sp/training/tv/575081_mask_segm.png_ps_mask.png_sd2_0.png
355,507575,507575,keyboard,tgif_train_507575_keyboard_segm,segm,0,small_under_10pct,120,6591,0.025143,data/research/tgif/masks/training/keyboard/507575_mask_segm.png_ps_mask.png,6d1c14d6f1d773f577569c03710bce880d8df3219afd930b9295f6d6fbf450d2,15777,orig/training/keyboard/507575_orig.png,sd2-sp/training/keyboard/507575_mask_segm.png_ps_mask.png_sd2_0.png
356,99053,99053,fork,tgif_train_99053_fork_segm,segm,0,small_under_10pct,121,8973,0.034229,data/research/tgif/masks/training/fork/99053_mask_segm.png_ps_mask.png,d0648427af98f85a327fbf27fb0a73e444c2b44eb61d99e900d37d27a6a2a9c8,22264,orig/training/fork/99053_orig.png,sd2-sp/training/fork/99053_mask_segm.png_ps_mask.png_sd2_0.png
357,160012,160012,chair,tgif_train_160012_chair_segm,segm,0,small_under_10pct,122,5535,0.021114,data/research/tgif/masks/training/chair/160012_mask_segm.png_ps_mask.png,c6d323d75989d71279748abc6e529e24885d19f02430a5a8f00b12ad13e7a0da,17885,orig/training/chair/160012_orig.png,sd2-sp/training/chair/160012_mask_segm.png_ps_mask.png_sd2_0.png
358,169996,169996,bicycle,tgif_train_169996_bicycle_segm,segm,0,small_under_10pct,123,6123,0.023357,data/research/tgif/masks/training/bicycle/169996_mask_segm.png_ps_mask.png,cc8e359e9e4b7d6cd922035ac838543511f6bb7cc0b512b0866d819581f7c58d,18703,orig/training/bicycle/169996_orig.png,sd2-sp/training/bicycle/169996_mask_segm.png_ps_mask.png_sd2_0.png
359,454661,454661,traffic light,tgif_train_454661_traffic light_segm,segm,0,small_under_10pct,124,6185,0.023594,data/research/tgif/masks/training/traffic light/454661_mask_segm.png_ps_mask.png,d5af975e372d8e4d56e19ea5d4340cf67d57984d034ae4af334804059f94047b,15703,orig/training/traffic light/454661_orig.png,sd2-sp/training/traffic light/454661_mask_segm.png_ps_mask.png_sd2_0.png
360,190637,190637,remote,tgif_train_190637_remote_segm,segm,0,small_under_10pct,125,2864,0.010925,data/research/tgif/masks/training/remote/190637_mask_segm.png_ps_mask.png,4ad7bcbfaf8f8275309b05ea2540bd87ab8f72f93ad040d8ddf531ad22af3546,16154,orig/training/remote/190637_orig.png,sd2-sp/training/remote/190637_mask_segm.png_ps_mask.png_sd2_0.png
361,529966,529966,orange,tgif_train_529966_orange_segm,segm,0,small_under_10pct,126,8295,0.031643,data/research/tgif/masks/training/orange/529966_mask_segm.png_ps_mask.png,7588116c108c0eba49a4a23c4d64b310844902e71af0769731a5c45fea7713af,16112,orig/training/orange/529966_orig.png,sd2-sp/training/orange/529966_mask_segm.png_ps_mask.png_sd2_0.png
362,84492,84492,bench,tgif_train_84492_bench_segm,segm,0,small_under_10pct,127,13395,0.051098,data/research/tgif/masks/training/bench/84492_mask_segm.png_ps_mask.png,562a332db7436871eb23b1d12b5ac32f6a008dc507752d435b5993f687f6fd62,17318,orig/training/bench/84492_orig.png,sd2-sp/training/bench/84492_mask_segm.png_ps_mask.png_sd2_0.png
363,336658,336658,bus,tgif_train_336658_bus_segm,segm,0,small_under_10pct,128,6751,0.025753,data/research/tgif/masks/training/bus/336658_mask_segm.png_ps_mask.png,fa8a2fab803c4c458967dbca6ec840ab236adb2ecfd684d78f82a64edd783037,16662,orig/training/bus/336658_orig.png,sd2-sp/training/bus/336658_mask_segm.png_ps_mask.png_sd2_0.png
364,418961,418961,clock,tgif_train_418961_clock_segm,segm,0,small_under_10pct,129,22898,0.087349,data/research/tgif/masks/training/clock/418961_mask_segm.png_ps_mask.png,24403a01ec4c467d39d03fd1111829265ad0ffe88a89a7409de903053fbf23b9,17589,orig/training/clock/418961_orig.png,sd2-sp/training/clock/418961_mask_segm.png_ps_mask.png_sd2_0.png
365,230993,230993,backpack,tgif_train_230993_backpack_segm,segm,0,small_under_10pct,130,6235,0.023785,data/research/tgif/masks/training/backpack/230993_mask_segm.png_ps_mask.png,9eb3f7d7a915df5c73f24be22b8196c9753f7c22d8d5517e5fc8841b40fe4c79,16184,orig/training/backpack/230993_orig.png,sd2-sp/training/backpack/230993_mask_segm.png_ps_mask.png_sd2_0.png
366,573008,573008,clock,tgif_train_573008_clock_segm,segm,0,small_under_10pct,131,4201,0.016026,data/research/tgif/masks/training/clock/573008_mask_segm.png_ps_mask.png,dc4bfa54c94bb455c8a480b9f2b95402ce5dd55b4e6c8e53b9b960defd2802dc,15842,orig/training/clock/573008_orig.png,sd2-sp/training/clock/573008_mask_segm.png_ps_mask.png_sd2_0.png
367,322574,322574,sandwich,tgif_train_322574_sandwich_segm,segm,0,small_under_10pct,132,24514,0.093513,data/research/tgif/masks/training/sandwich/322574_mask_segm.png_ps_mask.png,2859cb03c475381dc23b52a4cc7ed05fe342a972cc036234b9298e7d3645b7f0,18992,orig/training/sandwich/322574_orig.png,sd2-sp/training/sandwich/322574_mask_segm.png_ps_mask.png_sd2_0.png
368,632,632,potted plant,tgif_train_632_potted plant_segm,segm,0,small_under_10pct,133,3070,0.011711,data/research/tgif/masks/training/potted plant/632_mask_segm.png_ps_mask.png,fee67c057113643e3308fea9c065fbdbc9f44d10b38cfcb8e4ab303703dae60d,16919,orig/training/potted plant/632_orig.png,sd2-sp/training/potted plant/632_mask_segm.png_ps_mask.png_sd2_0.png
369,327890,327890,bench,tgif_train_327890_bench_segm,segm,0,small_under_10pct,134,25098,0.095741,data/research/tgif/masks/training/bench/327890_mask_segm.png_ps_mask.png,e0c63ce16380e2e850c82aa474c9910d925051387b8a92388ed486b8741990d5,19735,orig/training/bench/327890_orig.png,sd2-sp/training/bench/327890_mask_segm.png_ps_mask.png_sd2_0.png
370,265108,265108,suitcase,tgif_train_265108_suitcase_segm,segm,0,small_under_10pct,135,12499,0.04768,data/research/tgif/masks/training/suitcase/265108_mask_segm.png_ps_mask.png,c5ba0b667c5f8c462e5494145f1e8430baa2f945915f70270624f13ff17baa3e,17809,orig/training/suitcase/265108_orig.png,sd2-sp/training/suitcase/265108_mask_segm.png_ps_mask.png_sd2_0.png
371,366199,366199,cat,tgif_train_366199_cat_segm,segm,0,small_under_10pct,136,14952,0.057037,data/research/tgif/masks/training/cat/366199_mask_segm.png_ps_mask.png,b4b4a3cec101ecb4958150896bccbbb16cff2b6a2e45f4bbf83835552756c406,16419,orig/training/cat/366199_orig.png,sd2-sp/training/cat/366199_mask_segm.png_ps_mask.png_sd2_0.png
372,356498,356498,broccoli,tgif_train_356498_broccoli_segm,segm,0,small_under_10pct,137,12278,0.046837,data/research/tgif/masks/training/broccoli/356498_mask_segm.png_ps_mask.png,27023be12c2c0d53c6c05b7391e25655dff2b47b1beca8fc2e4b841374d38f1d,17651,orig/training/broccoli/356498_orig.png,sd2-sp/training/broccoli/356498_mask_segm.png_ps_mask.png_sd2_0.png
373,557172,557172,sink,tgif_train_557172_sink_segm,segm,0,small_under_10pct,138,22148,0.084488,data/research/tgif/masks/training/sink/557172_mask_segm.png_ps_mask.png,736efe5ed26f4f22ef4f75abdfec8aca2bcf344c4e869ecc3761a471c37c3b26,18566,orig/training/sink/557172_orig.png,sd2-sp/training/sink/557172_mask_segm.png_ps_mask.png_sd2_0.png
374,277051,277051,bird,tgif_train_277051_bird_segm,segm,0,small_under_10pct,139,16609,0.063358,data/research/tgif/masks/training/bird/277051_mask_segm.png_ps_mask.png,6074cbd6e19e186d34580377b609994a42968ad875302633be3cce043cf0900e,21284,orig/training/bird/277051_orig.png,sd2-sp/training/bird/277051_mask_segm.png_ps_mask.png_sd2_0.png
375,182162,182162,suitcase,tgif_train_182162_suitcase_segm,segm,0,small_under_10pct,140,5868,0.022385,data/research/tgif/masks/training/suitcase/182162_mask_segm.png_ps_mask.png,6fd36f4235eb6486628028a1cf624eab8a956dd7f25ebb64e2fb0f647caa260a,15851,orig/training/suitcase/182162_orig.png,sd2-sp/training/suitcase/182162_mask_segm.png_ps_mask.png_sd2_0.png
376,180487,180487,chair,tgif_train_180487_chair_segm,segm,0,small_under_10pct,141,3898,0.01487,data/research/tgif/masks/training/chair/180487_mask_segm.png_ps_mask.png,52e67b41a3e55df67b1645dc609147580b73869dd7243b262df8f5c1e9b9fe04,15704,orig/training/chair/180487_orig.png,sd2-sp/training/chair/180487_mask_segm.png_ps_mask.png_sd2_0.png
377,82986,82986,handbag,tgif_train_82986_handbag_segm,segm,0,small_under_10pct,142,3798,0.014488,data/research/tgif/masks/training/handbag/82986_mask_segm.png_ps_mask.png,765afc526959120b9fe31983c2e30d3a56bc2c08601469a2d0e8a1aeb30077a4,16090,orig/training/handbag/82986_orig.png,sd2-sp/training/handbag/82986_mask_segm.png_ps_mask.png_sd2_0.png
378,473219,473219,potted plant,tgif_train_473219_potted plant_segm,segm,0,small_under_10pct,143,6879,0.026241,data/research/tgif/masks/training/potted plant/473219_mask_segm.png_ps_mask.png,f8e930560f17136310af0a061473fb9fa686870b0d9c417ea6cd94da10006f7b,16512,orig/training/potted plant/473219_orig.png,sd2-sp/training/potted plant/473219_mask_segm.png_ps_mask.png_sd2_0.png
379,476810,476810,remote,tgif_train_476810_remote_segm,segm,0,small_under_10pct,144,19959,0.076138,data/research/tgif/masks/training/remote/476810_mask_segm.png_ps_mask.png,73ee3a087d23b0cef944626a29029a68f2a12223296847dfbcc592ad3c859d79,16771,orig/training/remote/476810_orig.png,sd2-sp/training/remote/476810_mask_segm.png_ps_mask.png_sd2_0.png
380,210388,210388,suitcase,tgif_train_210388_suitcase_segm,segm,0,small_under_10pct,145,4908,0.018723,data/research/tgif/masks/training/suitcase/210388_mask_segm.png_ps_mask.png,67da52b35fac84c2bf41b8dfb9ec5308bd17c014ecdc47463077c72f15bf966f,15896,orig/training/suitcase/210388_orig.png,sd2-sp/training/suitcase/210388_mask_segm.png_ps_mask.png_sd2_0.png
381,572678,572678,wine glass,tgif_train_572678_wine glass_segm,segm,0,small_under_10pct,146,2794,0.010658,data/research/tgif/masks/training/wine glass/572678_mask_segm.png_ps_mask.png,6e07c2fe72be615ddb616aa7dbce0eb50dac28ad11f6bd448f05cd2ec03d3017,15441,orig/training/wine glass/572678_orig.png,sd2-sp/training/wine glass/572678_mask_segm.png_ps_mask.png_sd2_0.png
382,491008,491008,pizza,tgif_train_491008_pizza_segm,segm,0,small_under_10pct,147,6278,0.023949,data/research/tgif/masks/training/pizza/491008_mask_segm.png_ps_mask.png,46fa2a90d721af1fd8fc90a7e99d6c9c14f5bfe80d5a66734e67a7a78ae3dfac,15744,orig/training/pizza/491008_orig.png,sd2-sp/training/pizza/491008_mask_segm.png_ps_mask.png_sd2_0.png
383,313130,313130,microwave,tgif_train_313130_microwave_segm,segm,0,small_under_10pct,148,13012,0.049637,data/research/tgif/masks/training/microwave/313130_mask_segm.png_ps_mask.png,8425e259c0a489c78917e47863a6ddc2a97b8077bb43cfc0d65436ec628e8749,16966,orig/training/microwave/313130_orig.png,sd2-sp/training/microwave/313130_mask_segm.png_ps_mask.png_sd2_0.png
384,336209,336209,person,tgif_train_336209_person_segm,segm,0,small_under_10pct,149,8573,0.032703,data/research/tgif/masks/training/person/336209_mask_segm.png_ps_mask.png,6f421c32b861d36d642153b216bdba09eab1feecf72b7514ce19678c15586978,19706,orig/training/person/336209_orig.png,sd2-sp/training/person/336209_mask_segm.png_ps_mask.png_sd2_0.png
385,422998,422998,sandwich,tgif_train_422998_sandwich_segm,segm,0,small_under_10pct,150,14638,0.05584,data/research/tgif/masks/training/sandwich/422998_mask_segm.png_ps_mask.png,d86621be5d9ea33176f9d549b407b84aa5e5ac770be4b42a082b1c183a594620,6204,orig/training/sandwich/422998_orig.png,sd2-sp/training/sandwich/422998_mask_segm.png_ps_mask.png_sd2_0.png
386,30828,30828,backpack,tgif_train_30828_backpack_segm,segm,0,small_under_10pct,151,6603,0.025188,data/research/tgif/masks/training/backpack/30828_mask_segm.png_ps_mask.png,b6cf00bc6bb50d0972fd1e232052d0c974a909c26de6f1cce7712ac40fc66710,15748,orig/training/backpack/30828_orig.png,sd2-sp/training/backpack/30828_mask_segm.png_ps_mask.png_sd2_0.png
387,458255,458255,book,tgif_train_458255_book_segm,segm,0,small_under_10pct,152,7677,0.029285,data/research/tgif/masks/training/book/458255_mask_segm.png_ps_mask.png,0ea965e12f45b4d9f6ed4ed72835b09259f5c1c8a4eea5dc04adba5913591bac,16253,orig/training/book/458255_orig.png,sd2-sp/training/book/458255_mask_segm.png_ps_mask.png_sd2_0.png
388,554291,554291,mouse,tgif_train_554291_mouse_segm,segm,0,small_under_10pct,153,8167,0.031155,data/research/tgif/masks/training/mouse/554291_mask_segm.png_ps_mask.png,6cd380c6c5883b15c96c50b050feca3f23211bcd59b03ff92359277368f2d212,16135,orig/training/mouse/554291_orig.png,sd2-sp/training/mouse/554291_mask_segm.png_ps_mask.png_sd2_0.png
389,164115,164115,bicycle,tgif_train_164115_bicycle_segm,segm,0,small_under_10pct,154,7523,0.028698,data/research/tgif/masks/training/bicycle/164115_mask_segm.png_ps_mask.png,b46c58a94c880eb152f3afea4a04ce9a26bf50a0b742911f594c507349a9f908,21793,orig/training/bicycle/164115_orig.png,sd2-sp/training/bicycle/164115_mask_segm.png_ps_mask.png_sd2_0.png
390,250619,250619,umbrella,tgif_train_250619_umbrella_segm,segm,0,small_under_10pct,155,23833,0.090916,data/research/tgif/masks/training/umbrella/250619_mask_segm.png_ps_mask.png,289f1fa55c9d86063b17342d01509c71028a75c489bfef44fadc1a6fd564da30,21313,orig/training/umbrella/250619_orig.png,sd2-sp/training/umbrella/250619_mask_segm.png_ps_mask.png_sd2_0.png
391,12670,12670,teddy bear,tgif_train_12670_teddy bear_segm,segm,0,small_under_10pct,156,8368,0.031921,data/research/tgif/masks/training/teddy bear/12670_mask_segm.png_ps_mask.png,88849f94c86a1f457fccbeb2edcbcec3ff64d9503348d503e10dc30171513cd7,17484,orig/training/teddy bear/12670_orig.png,sd2-sp/training/teddy bear/12670_mask_segm.png_ps_mask.png_sd2_0.png
392,298396,298396,oven,tgif_train_298396_oven_segm,segm,0,small_under_10pct,157,13883,0.052959,data/research/tgif/masks/training/oven/298396_mask_segm.png_ps_mask.png,bd63e615bba2311a6569d66a269ee9d4d6293b3cc094a763387d34330360a8de,16159,orig/training/oven/298396_orig.png,sd2-sp/training/oven/298396_mask_segm.png_ps_mask.png_sd2_0.png
393,50331,50331,broccoli,tgif_train_50331_broccoli_segm,segm,0,small_under_10pct,158,14626,0.055794,data/research/tgif/masks/training/broccoli/50331_mask_segm.png_ps_mask.png,d8a7183b11b2e0782f16cac930d5672d3f4142409d0f9bab3762ea8e61684723,18300,orig/training/broccoli/50331_orig.png,sd2-sp/training/broccoli/50331_mask_segm.png_ps_mask.png_sd2_0.png
394,203294,203294,truck,tgif_train_203294_truck_segm,segm,0,small_under_10pct,159,2863,0.010921,data/research/tgif/masks/training/truck/203294_mask_segm.png_ps_mask.png,09f45ce0c4e8de7f6fb62c2213991269e241b6f1b4decd0ab10fa13a6328276f,16957,orig/training/truck/203294_orig.png,sd2-sp/training/truck/203294_mask_segm.png_ps_mask.png_sd2_0.png
395,401446,401446,handbag,tgif_train_401446_handbag_segm,segm,0,small_under_10pct,160,7260,0.027695,data/research/tgif/masks/training/handbag/401446_mask_segm.png_ps_mask.png,521429c595ea5742806e4b769a857dd81be55d5c8a47fbcb3bb0cf6e57c34616,6016,orig/training/handbag/401446_orig.png,sd2-sp/training/handbag/401446_mask_segm.png_ps_mask.png_sd2_0.png
396,6763,6763,tie,tgif_train_6763_tie_segm,segm,0,small_under_10pct,161,10300,0.039291,data/research/tgif/masks/training/tie/6763_mask_segm.png_ps_mask.png,878e3a36ca4e3ad1cda8401a64efed4b38a9c166850ce238ee23d385a22ee0ba,16305,orig/training/tie/6763_orig.png,sd2-sp/training/tie/6763_mask_segm.png_ps_mask.png_sd2_0.png
397,369757,369757,hot dog,tgif_train_369757_hot dog_segm,segm,0,small_under_10pct,162,5990,0.02285,data/research/tgif/masks/training/hot dog/369757_mask_segm.png_ps_mask.png,e5416aaea81cd41fe816a8b096ed272479672e972a3422edf050fa86cff54d5f,15929,orig/training/hot dog/369757_orig.png,sd2-sp/training/hot dog/369757_mask_segm.png_ps_mask.png_sd2_0.png
398,155154,155154,toilet,tgif_train_155154_toilet_segm,segm,0,small_under_10pct,163,10449,0.03986,data/research/tgif/masks/training/toilet/155154_mask_segm.png_ps_mask.png,5acedab48912984d126d53f4c875760806becc043d4f9e766cf0a8a82d21b4e1,16747,orig/training/toilet/155154_orig.png,sd2-sp/training/toilet/155154_mask_segm.png_ps_mask.png_sd2_0.png
399,243867,243867,car,tgif_train_243867_car_segm,segm,0,small_under_10pct,164,19619,0.074841,data/research/tgif/masks/training/car/243867_mask_segm.png_ps_mask.png,48ea092250917edc711f0b5b3e7b6b45c10de0be3d951644f0a08a2c4f54beae,17613,orig/training/car/243867_orig.png,sd2-sp/training/car/243867_mask_segm.png_ps_mask.png_sd2_0.png
400,311392,311392,person,tgif_train_311392_person_segm,segm,0,small_under_10pct,165,6551,0.02499,data/research/tgif/masks/training/person/311392_mask_segm.png_ps_mask.png,a65980625228d44030586756dea92e5c59f0507d848b06bc783271108eb77ac8,16875,orig/training/person/311392_orig.png,sd2-sp/training/person/311392_mask_segm.png_ps_mask.png_sd2_0.png
