source_id,raw_id,category,task_id,mask_type,variation_idx,stratum_area_class,rank_in_stratum,selected_in_n400,selected_in_n200,mask_px_512,mask_pct_512,mask_rel_path,mask_sha256,mask_file_bytes,orig_rel_path_in_archive,sd2_rel_path_in_archive
407825,407825,apple,tgif_train_407825_apple_segm,segm,0,large_over_30pct,1,True,True,86077,0.328358,data/research/tgif/masks/training/apple/407825_mask_segm.png_ps_mask.png,4da052457341b99ec3c5c3fad54ee24ed17fe63b3a386de661ac6e9c1e99ffe9,20229,orig/training/apple/407825_orig.png,sd2-sp/training/apple/407825_mask_segm.png_ps_mask.png_sd2_0.png
94336,94336,cat,tgif_train_94336_cat_segm,segm,0,large_over_30pct,2,True,True,110747,0.422466,data/research/tgif/masks/training/cat/94336_mask_segm.png_ps_mask.png,65948d494e3e0088b2ac977f9126135033730bf789bc891d87d92977fdd5cc12,21811,orig/training/cat/94336_orig.png,sd2-sp/training/cat/94336_mask_segm.png_ps_mask.png_sd2_0.png
357941,357941,tv,tgif_train_357941_tv_segm,segm,0,large_over_30pct,3,True,True,88537,0.337742,data/research/tgif/masks/training/tv/357941_mask_segm.png_ps_mask.png,c100cf12d10de58b6eeaa2d7860b5cbf28a41324f3729989206ccbd0f72b4f74,18636,orig/training/tv/357941_orig.png,sd2-sp/training/tv/357941_mask_segm.png_ps_mask.png_sd2_0.png
165039,165039,bus,tgif_train_165039_bus_segm,segm,0,large_over_30pct,4,True,True,106066,0.40461,data/research/tgif/masks/training/bus/165039_mask_segm.png_ps_mask.png,d1c5c09e971a19cd3bf718c97b92d92ed9d9f2fdf7717fe9a8daa525fd4c580a,22634,orig/training/bus/165039_orig.png,sd2-sp/training/bus/165039_mask_segm.png_ps_mask.png_sd2_0.png
384661,384661,oven,tgif_train_384661_oven_segm,segm,0,large_over_30pct,5,True,True,111494,0.425316,data/research/tgif/masks/training/oven/384661_mask_segm.png_ps_mask.png,6c8c73c219c65fe26074d8d17fb379fb67c3b77f0c2093c65b46e981325b618f,19170,orig/training/oven/384661_orig.png,sd2-sp/training/oven/384661_mask_segm.png_ps_mask.png_sd2_0.png
386277,386277,orange,tgif_train_386277_orange_segm,segm,0,large_over_30pct,6,True,True,79944,0.304962,data/research/tgif/masks/training/orange/386277_mask_segm.png_ps_mask.png,7c19c57a0437aa88707b23c88f2e10a78eac7fa44cde345affdfca238a60eee7,25206,orig/training/orange/386277_orig.png,sd2-sp/training/orange/386277_mask_segm.png_ps_mask.png_sd2_0.png
259640,259640,truck,tgif_train_259640_truck_segm,segm,0,large_over_30pct,7,True,True,83388,0.3181,data/research/tgif/masks/training/truck/259640_mask_segm.png_ps_mask.png,81484eff7ae5e04a7874ee291c771cc546968ef281e397ce8d47e7134b66f79e,29519,orig/training/truck/259640_orig.png,sd2-sp/training/truck/259640_mask_segm.png_ps_mask.png_sd2_0.png
463283,463283,cup,tgif_train_463283_cup_segm,segm,0,large_over_30pct,8,True,True,99275,0.378704,data/research/tgif/masks/training/cup/463283_mask_segm.png_ps_mask.png,2422c5fb09dfb16b70fa0d912e382b6eca05a03b54364d03eb6702aa78d33c88,24631,orig/training/cup/463283_orig.png,sd2-sp/training/cup/463283_mask_segm.png_ps_mask.png_sd2_0.png
78426,78426,cat,tgif_train_78426_cat_segm,segm,0,large_over_30pct,9,True,True,85334,0.325523,data/research/tgif/masks/training/cat/78426_mask_segm.png_ps_mask.png,b4ce230efd8f472d02002169ded4103a2f507a2c44d74e99f727b4f6baddd737,22254,orig/training/cat/78426_orig.png,sd2-sp/training/cat/78426_mask_segm.png_ps_mask.png_sd2_0.png
482970,482970,laptop,tgif_train_482970_laptop_segm,segm,0,large_over_30pct,10,True,True,113765,0.433979,data/research/tgif/masks/training/laptop/482970_mask_segm.png_ps_mask.png,7ac47a0b581eb026f1ef069e44cd679656a05760ba778f3de6b78c5e98194a1f,19210,orig/training/laptop/482970_orig.png,sd2-sp/training/laptop/482970_mask_segm.png_ps_mask.png_sd2_0.png
7991,7991,carrot,tgif_train_7991_carrot_segm,segm,0,large_over_30pct,11,True,True,110754,0.422493,data/research/tgif/masks/training/carrot/7991_mask_segm.png_ps_mask.png,29f2cce448df38a77823918d415799250434a12ffab417168d887d415c910adb,29226,orig/training/carrot/7991_orig.png,sd2-sp/training/carrot/7991_mask_segm.png_ps_mask.png_sd2_0.png
207538,207538,microwave,tgif_train_207538_microwave_segm,segm,0,large_over_30pct,12,True,True,100653,0.383961,data/research/tgif/masks/training/microwave/207538_mask_segm.png_ps_mask.png,9c15262cbe513428b65b4fa9c8899c3148b982ce14f021d504676545fb6ed41a,16496,orig/training/microwave/207538_orig.png,sd2-sp/training/microwave/207538_mask_segm.png_ps_mask.png_sd2_0.png
167240,167240,vase,tgif_train_167240_vase_segm,segm,0,large_over_30pct,13,True,True,79197,0.302113,data/research/tgif/masks/training/vase/167240_mask_segm.png_ps_mask.png,692314915a05736688875ca4adfb4d2a07540bea20e0042b2ae8cad88c67ae2e,24101,orig/training/vase/167240_orig.png,sd2-sp/training/vase/167240_mask_segm.png_ps_mask.png_sd2_0.png
328030,328030,teddy bear,tgif_train_328030_teddy bear_segm,segm,0,large_over_30pct,14,True,True,82718,0.315544,data/research/tgif/masks/training/teddy bear/328030_mask_segm.png_ps_mask.png,5c786a958d7d6b0cd4649699a1c51d3403a7efb33476421d875c4a8963f86666,30695,orig/training/teddy bear/328030_orig.png,sd2-sp/training/teddy bear/328030_mask_segm.png_ps_mask.png_sd2_0.png
368684,368684,chair,tgif_train_368684_chair_segm,segm,0,medium_10_to_30pct,1,True,True,27036,0.103134,data/research/tgif/masks/training/chair/368684_mask_segm.png_ps_mask.png,1696ec197d0b171abe77e53384f2939c1cdcda697100e3d5bc081e1b582616d2,21535,orig/training/chair/368684_orig.png,sd2-sp/training/chair/368684_mask_segm.png_ps_mask.png_sd2_0.png
367195,367195,dog,tgif_train_367195_dog_segm,segm,0,medium_10_to_30pct,2,True,True,45088,0.171997,data/research/tgif/masks/training/dog/367195_mask_segm.png_ps_mask.png,643d23f3855b7adbb5043b37aa623c49221d25a611296d79939bfe42bf530656,22785,orig/training/dog/367195_orig.png,sd2-sp/training/dog/367195_mask_segm.png_ps_mask.png_sd2_0.png
458410,458410,couch,tgif_train_458410_couch_segm,segm,0,medium_10_to_30pct,3,True,True,37312,0.142334,data/research/tgif/masks/training/couch/458410_mask_segm.png_ps_mask.png,7b30e82d805b6e294e8c5750b51513ac66bf5761f12061ec9d0717d89ad83ce1,22854,orig/training/couch/458410_orig.png,sd2-sp/training/couch/458410_mask_segm.png_ps_mask.png_sd2_0.png
349480,349480,teddy bear,tgif_train_349480_teddy bear_segm,segm,0,medium_10_to_30pct,4,True,True,34190,0.130424,data/research/tgif/masks/training/teddy bear/349480_mask_segm.png_ps_mask.png,79967c63c23c7c2e384d1a7608c1e0c7de287990ae7e5975404d1f58dfbaa1d3,29200,orig/training/teddy bear/349480_orig.png,sd2-sp/training/teddy bear/349480_mask_segm.png_ps_mask.png_sd2_0.png
562059,562059,apple,tgif_train_562059_apple_segm,segm,0,medium_10_to_30pct,5,True,True,26944,0.102783,data/research/tgif/masks/training/apple/562059_mask_segm.png_ps_mask.png,175ae7e471cf4cd66463929a48fabc1c0bfb7fbbeae1e7ab4d6de9c1a47384f4,17001,orig/training/apple/562059_orig.png,sd2-sp/training/apple/562059_mask_segm.png_ps_mask.png_sd2_0.png
151938,151938,dining table,tgif_train_151938_dining table_segm,segm,0,medium_10_to_30pct,6,True,True,38967,0.148647,data/research/tgif/masks/training/dining table/151938_mask_segm.png_ps_mask.png,2a6654ed37f74fb86a34345ebf8858da002d77cdb9677ff8f8b941b5e80a4c91,20459,orig/training/dining table/151938_orig.png,sd2-sp/training/dining table/151938_mask_segm.png_ps_mask.png_sd2_0.png
291664,291664,dog,tgif_train_291664_dog_segm,segm,0,medium_10_to_30pct,7,True,True,28268,0.107834,data/research/tgif/masks/training/dog/291664_mask_segm.png_ps_mask.png,b47e5ce7b5f8823918b89af9730f244b4f242405d2f7aa652ab1c09122527b68,25081,orig/training/dog/291664_orig.png,sd2-sp/training/dog/291664_mask_segm.png_ps_mask.png_sd2_0.png
506279,506279,wine glass,tgif_train_506279_wine glass_segm,segm,0,medium_10_to_30pct,8,True,True,26370,0.100594,data/research/tgif/masks/training/wine glass/506279_mask_segm.png_ps_mask.png,338ae89042db5bb267f23d10cba1d89707ec87dcc4cfed5d863af53c679b7483,18866,orig/training/wine glass/506279_orig.png,sd2-sp/training/wine glass/506279_mask_segm.png_ps_mask.png_sd2_0.png
383606,383606,sink,tgif_train_383606_sink_segm,segm,0,medium_10_to_30pct,9,True,True,27133,0.103504,data/research/tgif/masks/training/sink/383606_mask_segm.png_ps_mask.png,8f1c781dfd2cd16033dc0117c8cb16d7b8eb6aff4f35ba6952b44d42ef3f2be6,17973,orig/training/sink/383606_orig.png,sd2-sp/training/sink/383606_mask_segm.png_ps_mask.png_sd2_0.png
244496,244496,tie,tgif_train_244496_tie_segm,segm,0,medium_10_to_30pct,10,True,True,26762,0.102089,data/research/tgif/masks/training/tie/244496_mask_segm.png_ps_mask.png,139e13b3a4ae1f25495621a09c3c2bae35f70053a95d49c48ac10a57d16d8782,19172,orig/training/tie/244496_orig.png,sd2-sp/training/tie/244496_mask_segm.png_ps_mask.png_sd2_0.png
121417,121417,umbrella,tgif_train_121417_umbrella_segm,segm,0,medium_10_to_30pct,11,True,True,27196,0.103745,data/research/tgif/masks/training/umbrella/121417_mask_segm.png_ps_mask.png,c3a03782a53236a7038b2fef4aa76d178560a27ac8fe38bcf0c4c27414c32f56,24864,orig/training/umbrella/121417_orig.png,sd2-sp/training/umbrella/121417_mask_segm.png_ps_mask.png_sd2_0.png
233139,233139,clock,tgif_train_233139_clock_segm,segm,0,medium_10_to_30pct,12,True,True,29550,0.112724,data/research/tgif/masks/training/clock/233139_mask_segm.png_ps_mask.png,89ea537d0c9c4b50ce8c5b20c5638a4b305d1bdba82ba6ddfe0a6da7f8eed909,17740,orig/training/clock/233139_orig.png,sd2-sp/training/clock/233139_mask_segm.png_ps_mask.png_sd2_0.png
132375,132375,vase,tgif_train_132375_vase_segm,segm,0,medium_10_to_30pct,13,True,True,27206,0.103783,data/research/tgif/masks/training/vase/132375_mask_segm.png_ps_mask.png,6908ebd85db1535f734b681827adf16ee77adbd708d900a9255372a4c9502cf1,21702,orig/training/vase/132375_orig.png,sd2-sp/training/vase/132375_mask_segm.png_ps_mask.png_sd2_0.png
352618,352618,orange,tgif_train_352618_orange_segm,segm,0,medium_10_to_30pct,14,True,True,37228,0.142014,data/research/tgif/masks/training/orange/352618_mask_segm.png_ps_mask.png,f862e19444e6e33783533e95a6188f2f909399791603f179aaad0fd75c2a5199,18620,orig/training/orange/352618_orig.png,sd2-sp/training/orange/352618_mask_segm.png_ps_mask.png_sd2_0.png
210030,210030,cake,tgif_train_210030_cake_segm,segm,0,medium_10_to_30pct,15,True,True,52191,0.199093,data/research/tgif/masks/training/cake/210030_mask_segm.png_ps_mask.png,6c75d4809cfffb12837fc0a7f3b4e412b18a818883a6c85634e202ba4c78bc46,27031,orig/training/cake/210030_orig.png,sd2-sp/training/cake/210030_mask_segm.png_ps_mask.png_sd2_0.png
412240,412240,dog,tgif_train_412240_dog_segm,segm,0,medium_10_to_30pct,16,True,True,45275,0.17271,data/research/tgif/masks/training/dog/412240_mask_segm.png_ps_mask.png,3b37a65a59fdc4f5f886d020c28719d9361a25f7976529f40d85d51b44a91bda,11117,orig/training/dog/412240_orig.png,sd2-sp/training/dog/412240_mask_segm.png_ps_mask.png_sd2_0.png
467176,467176,person,tgif_train_467176_person_segm,segm,0,medium_10_to_30pct,17,True,True,27743,0.105831,data/research/tgif/masks/training/person/467176_mask_segm.png_ps_mask.png,c3d682827297c278b2a43dddefa848778c95ffeb2247ee11bc85acec8494e5ee,19132,orig/training/person/467176_orig.png,sd2-sp/training/person/467176_mask_segm.png_ps_mask.png_sd2_0.png
150417,150417,refrigerator,tgif_train_150417_refrigerator_segm,segm,0,medium_10_to_30pct,18,True,True,54462,0.207756,data/research/tgif/masks/training/refrigerator/150417_mask_segm.png_ps_mask.png,30f89749a6d37927b1cfd10d768b185a82da60ab08a919c05906a768993195a1,23328,orig/training/refrigerator/150417_orig.png,sd2-sp/training/refrigerator/150417_mask_segm.png_ps_mask.png_sd2_0.png
330818,330818,oven,tgif_train_330818_oven_segm,segm,0,medium_10_to_30pct,19,True,True,31196,0.119003,data/research/tgif/masks/training/oven/330818_mask_segm.png_ps_mask.png,a5f3e4a97f65631f59ed423768601ed01e983c4c3367ca9fea391f8d9d02c4a7,17533,orig/training/oven/330818_orig.png,sd2-sp/training/oven/330818_mask_segm.png_ps_mask.png_sd2_0.png
185599,185599,orange,tgif_train_185599_orange_segm,segm,0,medium_10_to_30pct,20,True,True,51564,0.196701,data/research/tgif/masks/training/orange/185599_mask_segm.png_ps_mask.png,43fc7a5612d08a0b0708e0b582086e693b721943fbacb0cf35709f5ffd918bc9,24367,orig/training/orange/185599_orig.png,sd2-sp/training/orange/185599_mask_segm.png_ps_mask.png_sd2_0.png
547854,547854,pizza,tgif_train_547854_pizza_segm,segm,0,medium_10_to_30pct,21,True,True,30675,0.117016,data/research/tgif/masks/training/pizza/547854_mask_segm.png_ps_mask.png,070f5a7c9e810d3f9c157f6b581ee165557cc30c6be826d3cf14eec066c69199,18171,orig/training/pizza/547854_orig.png,sd2-sp/training/pizza/547854_mask_segm.png_ps_mask.png_sd2_0.png
443498,443498,bus,tgif_train_443498_bus_segm,segm,0,medium_10_to_30pct,22,True,True,75792,0.289124,data/research/tgif/masks/training/bus/443498_mask_segm.png_ps_mask.png,e778d5fb7f63ca5fc9511ed6cdd4158efc5f0ededac400d491be99bfc11283dc,22542,orig/training/bus/443498_orig.png,sd2-sp/training/bus/443498_mask_segm.png_ps_mask.png_sd2_0.png
109916,109916,cake,tgif_train_109916_cake_segm,segm,0,medium_10_to_30pct,23,True,True,32514,0.124031,data/research/tgif/masks/training/cake/109916_mask_segm.png_ps_mask.png,0054cd4ab4c3bfdb923e0df530763008cf09030371e20d1a26217301668354b1,19387,orig/training/cake/109916_orig.png,sd2-sp/training/cake/109916_mask_segm.png_ps_mask.png_sd2_0.png
353096,353096,keyboard,tgif_train_353096_keyboard_segm,segm,0,medium_10_to_30pct,24,True,True,28596,0.109085,data/research/tgif/masks/training/keyboard/353096_mask_segm.png_ps_mask.png,2b5c49bb7ff45fce0954f8bda068c9f9bb14a82e0b6e312a717d1fcf20e22bc8,15378,orig/training/keyboard/353096_orig.png,sd2-sp/training/keyboard/353096_mask_segm.png_ps_mask.png_sd2_0.png
497344,497344,laptop,tgif_train_497344_laptop_segm,segm,0,medium_10_to_30pct,25,True,True,26632,0.101593,data/research/tgif/masks/training/laptop/497344_mask_segm.png_ps_mask.png,2e51669a95c2a915b5c4410a6914efe79f8ebc5c9cb8365fec914a9be326f61f,17192,orig/training/laptop/497344_orig.png,sd2-sp/training/laptop/497344_mask_segm.png_ps_mask.png_sd2_0.png
545007,545007,clock,tgif_train_545007_clock_segm,segm,0,medium_10_to_30pct,26,True,True,27794,0.106026,data/research/tgif/masks/training/clock/545007_mask_segm.png_ps_mask.png,8192071a97485354bd9870fa1958f9d80ae6c9ca37ce595b945c7378b66872c5,18328,orig/training/clock/545007_orig.png,sd2-sp/training/clock/545007_mask_segm.png_ps_mask.png_sd2_0.png
460841,460841,bottle,tgif_train_460841_bottle_segm,segm,0,medium_10_to_30pct,27,True,True,33654,0.12838,data/research/tgif/masks/training/bottle/460841_mask_segm.png_ps_mask.png,99f24f7d6187f2317bda99cd07d82939b92dcf40c14e97260d83f845e664e221,23037,orig/training/bottle/460841_orig.png,sd2-sp/training/bottle/460841_mask_segm.png_ps_mask.png_sd2_0.png
109976,109976,microwave,tgif_train_109976_microwave_segm,segm,0,medium_10_to_30pct,28,True,True,26399,0.100704,data/research/tgif/masks/training/microwave/109976_mask_segm.png_ps_mask.png,277b43920ee2674e3c7c6d49cd36416683a5875f64ff443e0ca7f13c8615f549,17531,orig/training/microwave/109976_orig.png,sd2-sp/training/microwave/109976_mask_segm.png_ps_mask.png_sd2_0.png
281687,281687,handbag,tgif_train_281687_handbag_segm,segm,0,medium_10_to_30pct,29,True,True,26622,0.101555,data/research/tgif/masks/training/handbag/281687_mask_segm.png_ps_mask.png,d519836d7ea1e92f4ef355a38def24bd7be19778485a857e64c3011664e7181d,17480,orig/training/handbag/281687_orig.png,sd2-sp/training/handbag/281687_mask_segm.png_ps_mask.png_sd2_0.png
85195,85195,cake,tgif_train_85195_cake_segm,segm,0,medium_10_to_30pct,30,True,True,33552,0.127991,data/research/tgif/masks/training/cake/85195_mask_segm.png_ps_mask.png,2d7be680eb1dcd281c9d7b0f79a044f87c4d5e15184e8730910e1e07f669bbd7,21096,orig/training/cake/85195_orig.png,sd2-sp/training/cake/85195_mask_segm.png_ps_mask.png_sd2_0.png
267903,267903,sink,tgif_train_267903_sink_segm,segm,0,medium_10_to_30pct,31,True,True,47593,0.181553,data/research/tgif/masks/training/sink/267903_mask_segm.png_ps_mask.png,74681150bf1008c572417833cbfed0921e430146aac9ec31f0a1643a2b84254b,20124,orig/training/sink/267903_orig.png,sd2-sp/training/sink/267903_mask_segm.png_ps_mask.png_sd2_0.png
447169,447169,oven,tgif_train_447169_oven_segm,segm,0,medium_10_to_30pct,32,True,True,31798,0.1213,data/research/tgif/masks/training/oven/447169_mask_segm.png_ps_mask.png,0a4b5d4eaca6bf53de2243238971c7c56c7066fc4834172fbf2de1d7e9d71ac1,18973,orig/training/oven/447169_orig.png,sd2-sp/training/oven/447169_mask_segm.png_ps_mask.png_sd2_0.png
147725,147725,bus,tgif_train_147725_bus_segm,segm,0,medium_10_to_30pct,33,True,True,50663,0.193264,data/research/tgif/masks/training/bus/147725_mask_segm.png_ps_mask.png,20c5733218a34d1fbae1fd5ff758c3ba81f944ebfe42d7c2f907558f6ac36352,18249,orig/training/bus/147725_orig.png,sd2-sp/training/bus/147725_mask_segm.png_ps_mask.png_sd2_0.png
567898,567898,bowl,tgif_train_567898_bowl_segm,segm,0,medium_10_to_30pct,34,True,True,77968,0.297424,data/research/tgif/masks/training/bowl/567898_mask_segm.png_ps_mask.png,dfbf2d6c97686287a955c72b5a210bc47ff539b71d8f5e690693dc0b8c7360a6,25014,orig/training/bowl/567898_orig.png,sd2-sp/training/bowl/567898_mask_segm.png_ps_mask.png_sd2_0.png
388903,388903,apple,tgif_train_388903_apple_segm,segm,0,medium_10_to_30pct,35,True,True,26771,0.102123,data/research/tgif/masks/training/apple/388903_mask_segm.png_ps_mask.png,7c0b7e17c070597c77557cf3c163b75f3104273c724ac5df58d5e4478007fcf2,19012,orig/training/apple/388903_orig.png,sd2-sp/training/apple/388903_mask_segm.png_ps_mask.png_sd2_0.png
196754,196754,chair,tgif_train_196754_chair_segm,segm,0,medium_10_to_30pct,36,True,True,30569,0.116611,data/research/tgif/masks/training/chair/196754_mask_segm.png_ps_mask.png,ee6ab716dc8607ec9cb5709ce286688bf16cd593dca3bac6227b96cc87a7144d,17549,orig/training/chair/196754_orig.png,sd2-sp/training/chair/196754_mask_segm.png_ps_mask.png_sd2_0.png
84170,84170,bus,tgif_train_84170_bus_segm,segm,0,medium_10_to_30pct,37,True,True,62338,0.237801,data/research/tgif/masks/training/bus/84170_mask_segm.png_ps_mask.png,97ed398a34eb713b7992735a1cd2382b47d553f694d973bbe19b79e8ce093a89,22083,orig/training/bus/84170_orig.png,sd2-sp/training/bus/84170_mask_segm.png_ps_mask.png_sd2_0.png
245764,245764,cat,tgif_train_245764_cat_segm,segm,0,medium_10_to_30pct,38,True,True,52885,0.20174,data/research/tgif/masks/training/cat/245764_mask_segm.png_ps_mask.png,82e246dc3ce4c65f0cd8627af5a010b65b94ac0e41ab5bf2d09e6080415dca57,29687,orig/training/cat/245764_orig.png,sd2-sp/training/cat/245764_mask_segm.png_ps_mask.png_sd2_0.png
138954,138954,apple,tgif_train_138954_apple_segm,segm,0,medium_10_to_30pct,39,True,True,46420,0.177078,data/research/tgif/masks/training/apple/138954_mask_segm.png_ps_mask.png,0a346dcb4acedc724d61a7f00cfe8161f96226c4e77b7a3f2e5ebed630e1bbfa,23899,orig/training/apple/138954_orig.png,sd2-sp/training/apple/138954_mask_segm.png_ps_mask.png_sd2_0.png
170595,170595,sandwich,tgif_train_170595_sandwich_segm,segm,0,medium_10_to_30pct,40,True,True,32770,0.125008,data/research/tgif/masks/training/sandwich/170595_mask_segm.png_ps_mask.png,5ec9436156fdbc15498f44f5d2ac3223564a7cee9c629a4a6a3428b6526b2030,17757,orig/training/sandwich/170595_orig.png,sd2-sp/training/sandwich/170595_mask_segm.png_ps_mask.png_sd2_0.png
51326,51326,vase,tgif_train_51326_vase_segm,segm,0,medium_10_to_30pct,41,True,True,62251,0.237469,data/research/tgif/masks/training/vase/51326_mask_segm.png_ps_mask.png,d5093d04facf5257e331fe043f8dbe42a65ab6edd27c0c1d0be17fc5482ead76,23551,orig/training/vase/51326_orig.png,sd2-sp/training/vase/51326_mask_segm.png_ps_mask.png_sd2_0.png
474786,474786,tv,tgif_train_474786_tv_segm,segm,0,medium_10_to_30pct,42,True,True,26399,0.100704,data/research/tgif/masks/training/tv/474786_mask_segm.png_ps_mask.png,d84504f7176cbf9a4d12a8fe3feafc9c524f205d98c5dee2a80744082ad9de83,15463,orig/training/tv/474786_orig.png,sd2-sp/training/tv/474786_mask_segm.png_ps_mask.png_sd2_0.png
131138,131138,tv,tgif_train_131138_tv_segm,segm,0,medium_10_to_30pct,43,True,True,28317,0.108021,data/research/tgif/masks/training/tv/131138_mask_segm.png_ps_mask.png,272a6af55aada3f971bc816182426ab861077862d32590f7fa281dd12f543f50,19093,orig/training/tv/131138_orig.png,sd2-sp/training/tv/131138_mask_segm.png_ps_mask.png_sd2_0.png
351810,351810,backpack,tgif_train_351810_backpack_segm,segm,0,medium_10_to_30pct,44,True,True,30621,0.11681,data/research/tgif/masks/training/backpack/351810_mask_segm.png_ps_mask.png,81a0cb57f075250d48de010875a0f760744521d48777888228c30f7aee12cff9,22824,orig/training/backpack/351810_orig.png,sd2-sp/training/backpack/351810_mask_segm.png_ps_mask.png_sd2_0.png
530457,530457,vase,tgif_train_530457_vase_segm,segm,0,medium_10_to_30pct,45,True,True,43476,0.165848,data/research/tgif/masks/training/vase/530457_mask_segm.png_ps_mask.png,54a82f4d6174032cd2701029e8e996cf1becd95c84b5b958f074aa6e24440357,24069,orig/training/vase/530457_orig.png,sd2-sp/training/vase/530457_mask_segm.png_ps_mask.png_sd2_0.png
249025,249025,vase,tgif_train_249025_vase_segm,segm,0,medium_10_to_30pct,46,True,True,53909,0.205647,data/research/tgif/masks/training/vase/249025_mask_segm.png_ps_mask.png,2464b9e5b761dc817eb649ee39b724b78e2739fe3cc2a450702865c051d34ca8,24974,orig/training/vase/249025_orig.png,sd2-sp/training/vase/249025_mask_segm.png_ps_mask.png_sd2_0.png
453302,453302,refrigerator,tgif_train_453302_refrigerator_segm,segm,0,medium_10_to_30pct,47,True,True,42179,0.1609,data/research/tgif/masks/training/refrigerator/453302_mask_segm.png_ps_mask.png,db9da1ac030490ebacca5744250837b52e152bac9580d28e5352ea1db1f9dc34,19389,orig/training/refrigerator/453302_orig.png,sd2-sp/training/refrigerator/453302_mask_segm.png_ps_mask.png_sd2_0.png
388258,388258,bench,tgif_train_388258_bench_segm,segm,0,medium_10_to_30pct,48,True,True,31415,0.119839,data/research/tgif/masks/training/bench/388258_mask_segm.png_ps_mask.png,fb4fc1277e058af095cf6695bca48b740fc851a92a284d1622a461213df6a8d8,28669,orig/training/bench/388258_orig.png,sd2-sp/training/bench/388258_mask_segm.png_ps_mask.png_sd2_0.png
279145,279145,bench,tgif_train_279145_bench_segm,segm,0,medium_10_to_30pct,49,True,True,41941,0.159992,data/research/tgif/masks/training/bench/279145_mask_segm.png_ps_mask.png,c7cf498f154892c19a32bd0a6dabe1de03e8710e9470c2c3e63c3d00a08ed412,30909,orig/training/bench/279145_orig.png,sd2-sp/training/bench/279145_mask_segm.png_ps_mask.png_sd2_0.png
172617,172617,suitcase,tgif_train_172617_suitcase_segm,segm,0,medium_10_to_30pct,50,True,True,53578,0.204384,data/research/tgif/masks/training/suitcase/172617_mask_segm.png_ps_mask.png,bf488ed8f29c57673bbfb0f456bbe066ea41ff4871c718a84d0a50e5f5aaf9e4,20481,orig/training/suitcase/172617_orig.png,sd2-sp/training/suitcase/172617_mask_segm.png_ps_mask.png_sd2_0.png
460929,460929,hot dog,tgif_train_460929_hot dog_segm,segm,0,medium_10_to_30pct,51,True,True,29652,0.113113,data/research/tgif/masks/training/hot dog/460929_mask_segm.png_ps_mask.png,70c124390fb57a839e9de80eed02e71dfb45baa3b983c4bb0ac3a0150e356d67,21127,orig/training/hot dog/460929_orig.png,sd2-sp/training/hot dog/460929_mask_segm.png_ps_mask.png_sd2_0.png
527750,527750,refrigerator,tgif_train_527750_refrigerator_segm,segm,0,medium_10_to_30pct,52,True,True,39765,0.151691,data/research/tgif/masks/training/refrigerator/527750_mask_segm.png_ps_mask.png,3b0b95dbd0ec29abec771a39bdf2e41eb7ff96159218d9ae81f4a57856de95b5,20416,orig/training/refrigerator/527750_orig.png,sd2-sp/training/refrigerator/527750_mask_segm.png_ps_mask.png_sd2_0.png
370900,370900,teddy bear,tgif_train_370900_teddy bear_segm,segm,0,medium_10_to_30pct,53,True,True,31438,0.119926,data/research/tgif/masks/training/teddy bear/370900_mask_segm.png_ps_mask.png,877351625e3af7a97da109d32b0d430fc9fb3313b353ec4801c79094b0f2f340,23143,orig/training/teddy bear/370900_orig.png,sd2-sp/training/teddy bear/370900_mask_segm.png_ps_mask.png_sd2_0.png
30785,30785,sandwich,tgif_train_30785_sandwich_segm,segm,0,medium_10_to_30pct,54,True,True,35732,0.136307,data/research/tgif/masks/training/sandwich/30785_mask_segm.png_ps_mask.png,6b288fd425b3add7ed543fa5f9811bcf635c08cb8d951027d8e74231b65b1aed,18349,orig/training/sandwich/30785_orig.png,sd2-sp/training/sandwich/30785_mask_segm.png_ps_mask.png_sd2_0.png
405691,405691,bottle,tgif_train_405691_bottle_segm,segm,0,medium_10_to_30pct,55,True,True,26950,0.102806,data/research/tgif/masks/training/bottle/405691_mask_segm.png_ps_mask.png,b4d090b6edb0776df1e0f2461c8be332c3e2d85404277763e0f8ad6ee4bfa03a,20171,orig/training/bottle/405691_orig.png,sd2-sp/training/bottle/405691_mask_segm.png_ps_mask.png_sd2_0.png
315187,315187,bus,tgif_train_315187_bus_segm,segm,0,medium_10_to_30pct,56,True,True,32929,0.125614,data/research/tgif/masks/training/bus/315187_mask_segm.png_ps_mask.png,41dd461caff1344c9de566ab4368a1cf9ea330c99a783021dfa5dab26a2931cf,18106,orig/training/bus/315187_orig.png,sd2-sp/training/bus/315187_mask_segm.png_ps_mask.png_sd2_0.png
396338,396338,truck,tgif_train_396338_truck_segm,segm,0,medium_10_to_30pct,57,True,True,28629,0.109211,data/research/tgif/masks/training/truck/396338_mask_segm.png_ps_mask.png,7eaa477b7fa7c0c15ec8ae03ce2213b8e9630904ab8333f1a636f8ad7e36117e,25958,orig/training/truck/396338_orig.png,sd2-sp/training/truck/396338_mask_segm.png_ps_mask.png_sd2_0.png
360960,360960,umbrella,tgif_train_360960_umbrella_segm,segm,0,medium_10_to_30pct,58,True,True,45437,0.173328,data/research/tgif/masks/training/umbrella/360960_mask_segm.png_ps_mask.png,3d5658ce965bd57748ad770869b21d7175cc135be713d1409714972b362b6bbb,18406,orig/training/umbrella/360960_orig.png,sd2-sp/training/umbrella/360960_mask_segm.png_ps_mask.png_sd2_0.png
395343,395343,vase,tgif_train_395343_vase_segm,segm,0,medium_10_to_30pct,59,True,True,30751,0.117306,data/research/tgif/masks/training/vase/395343_mask_segm.png_ps_mask.png,c4e6ce4d90439d43739e23eb65f1feafaf7278b5715ef62b91b9518f28210ed2,20283,orig/training/vase/395343_orig.png,sd2-sp/training/vase/395343_mask_segm.png_ps_mask.png_sd2_0.png
246436,246436,oven,tgif_train_246436_oven_segm,segm,0,medium_10_to_30pct,60,True,True,26773,0.102131,data/research/tgif/masks/training/oven/246436_mask_segm.png_ps_mask.png,e94351897936bb86c8abdfd0abb5d91d91785854e65f48254417b490f377c61f,19874,orig/training/oven/246436_orig.png,sd2-sp/training/oven/246436_mask_segm.png_ps_mask.png_sd2_0.png
509719,509719,bird,tgif_train_509719_bird_segm,segm,0,medium_10_to_30pct,61,True,True,33308,0.12706,data/research/tgif/masks/training/bird/509719_mask_segm.png_ps_mask.png,ce0d9534fc9b9084f2f8920b7380e71313a0619441928d87e7303ea12fe125ee,27727,orig/training/bird/509719_orig.png,sd2-sp/training/bird/509719_mask_segm.png_ps_mask.png_sd2_0.png
506310,506310,refrigerator,tgif_train_506310_refrigerator_segm,segm,0,medium_10_to_30pct,62,True,True,49766,0.189842,data/research/tgif/masks/training/refrigerator/506310_mask_segm.png_ps_mask.png,1f9e6d001ceeef4b7ce175020bd13917476d322720424cdb1bac9e3d642d3589,18779,orig/training/refrigerator/506310_orig.png,sd2-sp/training/refrigerator/506310_mask_segm.png_ps_mask.png_sd2_0.png
335954,335954,bowl,tgif_train_335954_bowl_segm,segm,0,medium_10_to_30pct,63,True,True,77558,0.29586,data/research/tgif/masks/training/bowl/335954_mask_segm.png_ps_mask.png,0a0840c42961454aaae64ebb0ffac77fe17ddc9b56016213741ae42d2ac924c5,19598,orig/training/bowl/335954_orig.png,sd2-sp/training/bowl/335954_mask_segm.png_ps_mask.png_sd2_0.png
389804,389804,toilet,tgif_train_389804_toilet_segm,segm,0,medium_10_to_30pct,64,True,True,28799,0.109859,data/research/tgif/masks/training/toilet/389804_mask_segm.png_ps_mask.png,f597e92d336e3902bc1e9f8b60f8b00bc2b54f5e333e47fbff60bc04b684a009,17725,orig/training/toilet/389804_orig.png,sd2-sp/training/toilet/389804_mask_segm.png_ps_mask.png_sd2_0.png
316015,316015,cat,tgif_train_316015_cat_segm,segm,0,medium_10_to_30pct,65,True,True,32153,0.122654,data/research/tgif/masks/training/cat/316015_mask_segm.png_ps_mask.png,da4bceb3e3cdb84de99b96605fdec0215c355f6de59f9107305546e608b25542,25362,orig/training/cat/316015_orig.png,sd2-sp/training/cat/316015_mask_segm.png_ps_mask.png_sd2_0.png
445658,445658,oven,tgif_train_445658_oven_segm,segm,0,medium_10_to_30pct,66,True,True,42678,0.162804,data/research/tgif/masks/training/oven/445658_mask_segm.png_ps_mask.png,0305096dc2b9476443b52b2536bda75837f47cc0d36e43669be51469ddeb38ca,18355,orig/training/oven/445658_orig.png,sd2-sp/training/oven/445658_mask_segm.png_ps_mask.png_sd2_0.png
555009,555009,tv,tgif_train_555009_tv_segm,segm,0,medium_10_to_30pct,67,True,True,51377,0.195988,data/research/tgif/masks/training/tv/555009_mask_segm.png_ps_mask.png,93f37257cae217f85f46cf88b9860c5059a4eb49ba2ee6bfd69b395406656f15,18358,orig/training/tv/555009_orig.png,sd2-sp/training/tv/555009_mask_segm.png_ps_mask.png_sd2_0.png
236592,236592,dog,tgif_train_236592_dog_segm,segm,0,medium_10_to_30pct,68,True,True,29868,0.113937,data/research/tgif/masks/training/dog/236592_mask_segm.png_ps_mask.png,151c5f8ae5fc9be94704a891f135418c1462d8c837b29f234ed678d5f367fb9f,22492,orig/training/dog/236592_orig.png,sd2-sp/training/dog/236592_mask_segm.png_ps_mask.png_sd2_0.png
156643,156643,teddy bear,tgif_train_156643_teddy bear_segm,segm,0,medium_10_to_30pct,69,True,True,34492,0.131577,data/research/tgif/masks/training/teddy bear/156643_mask_segm.png_ps_mask.png,2760a83f357618f284285b3e4ad4ac53b9afd902b7ea3e127d7bc17b453a87fe,28392,orig/training/teddy bear/156643_orig.png,sd2-sp/training/teddy bear/156643_mask_segm.png_ps_mask.png_sd2_0.png
123213,123213,person,tgif_train_123213_person_segm,segm,0,medium_10_to_30pct,70,True,True,32554,0.124184,data/research/tgif/masks/training/person/123213_mask_segm.png_ps_mask.png,845bc0f5bd4b9ed25d37751ebeeaec67e1777afd31bbdccb8f99153815442ff2,27090,orig/training/person/123213_orig.png,sd2-sp/training/person/123213_mask_segm.png_ps_mask.png_sd2_0.png
540928,540928,cat,tgif_train_540928_cat_segm,segm,0,medium_10_to_30pct,71,True,True,47456,0.18103,data/research/tgif/masks/training/cat/540928_mask_segm.png_ps_mask.png,10eb97dbee419045ff61af7db87ce3c0d479fa8f796d5b8e65bc1853e9c9c50a,30094,orig/training/cat/540928_orig.png,sd2-sp/training/cat/540928_mask_segm.png_ps_mask.png_sd2_0.png
385029,385029,pizza,tgif_train_385029_pizza_segm,segm,0,medium_10_to_30pct,72,True,True,29313,0.11182,data/research/tgif/masks/training/pizza/385029_mask_segm.png_ps_mask.png,71ee960a582c15fe865231e2af33790b681ef5be2d428ebea0566f13668a558b,19289,orig/training/pizza/385029_orig.png,sd2-sp/training/pizza/385029_mask_segm.png_ps_mask.png_sd2_0.png
465430,465430,sandwich,tgif_train_465430_sandwich_segm,segm,0,medium_10_to_30pct,73,True,True,52267,0.199383,data/research/tgif/masks/training/sandwich/465430_mask_segm.png_ps_mask.png,b125cf852bd33e25f559c52b16c2a828dca417f16cf0d5f27ce3fd8429e55878,27686,orig/training/sandwich/465430_orig.png,sd2-sp/training/sandwich/465430_mask_segm.png_ps_mask.png_sd2_0.png
222735,222735,tv,tgif_train_222735_tv_segm,segm,0,medium_10_to_30pct,74,True,True,31505,0.120182,data/research/tgif/masks/training/tv/222735_mask_segm.png_ps_mask.png,2b0aa70fc2372e931148867f424cfb3a35332952e0ff62245a49ce94b5fc25ca,17827,orig/training/tv/222735_orig.png,sd2-sp/training/tv/222735_mask_segm.png_ps_mask.png_sd2_0.png
19742,19742,vase,tgif_train_19742_vase_segm,segm,0,medium_10_to_30pct,75,True,True,67585,0.257816,data/research/tgif/masks/training/vase/19742_mask_segm.png_ps_mask.png,b8648380f7fb412d87d5093c05d65593581c172a2ae366e0509126237c7048f5,19243,orig/training/vase/19742_orig.png,sd2-sp/training/vase/19742_mask_segm.png_ps_mask.png_sd2_0.png
157767,157767,dining table,tgif_train_157767_dining table_segm,segm,0,medium_10_to_30pct,76,True,True,36490,0.139198,data/research/tgif/masks/training/dining table/157767_mask_segm.png_ps_mask.png,e3259057e878546678100bbe461bb3afd2c4d13f3c785504ae73b0c4ea8f6584,18221,orig/training/dining table/157767_orig.png,sd2-sp/training/dining table/157767_mask_segm.png_ps_mask.png_sd2_0.png
50679,50679,orange,tgif_train_50679_orange_segm,segm,0,medium_10_to_30pct,77,True,True,53882,0.205544,data/research/tgif/masks/training/orange/50679_mask_segm.png_ps_mask.png,2cbb0d831a107a85c92f20574696eb23329f0abbcb451c9ad065ce9446e40dec,20316,orig/training/orange/50679_orig.png,sd2-sp/training/orange/50679_mask_segm.png_ps_mask.png_sd2_0.png
128598,128598,apple,tgif_train_128598_apple_segm,segm,0,medium_10_to_30pct,78,True,True,55845,0.213032,data/research/tgif/masks/training/apple/128598_mask_segm.png_ps_mask.png,4d0889fe8f5457fd0b8f955b7a923e621a11888e688d7f7afd63d5109363aeb9,22035,orig/training/apple/128598_orig.png,sd2-sp/training/apple/128598_mask_segm.png_ps_mask.png_sd2_0.png
66635,66635,tv,tgif_train_66635_tv_segm,segm,0,medium_10_to_30pct,79,True,True,78144,0.298096,data/research/tgif/masks/training/tv/66635_mask_segm.png_ps_mask.png,29d97827c8639d72392424d0a51cfebe809a09bffe59aa108760bbf95c8e6003,22215,orig/training/tv/66635_orig.png,sd2-sp/training/tv/66635_mask_segm.png_ps_mask.png_sd2_0.png
555012,555012,toilet,tgif_train_555012_toilet_segm,segm,0,medium_10_to_30pct,80,True,True,29094,0.110985,data/research/tgif/masks/training/toilet/555012_mask_segm.png_ps_mask.png,45e1d362e94f189074e6fd3334e40811c99b4aacb65161dd3d1a39a660a63dd8,19570,orig/training/toilet/555012_orig.png,sd2-sp/training/toilet/555012_mask_segm.png_ps_mask.png_sd2_0.png
435205,435205,teddy bear,tgif_train_435205_teddy bear_segm,segm,0,medium_10_to_30pct,81,True,True,38560,0.147095,data/research/tgif/masks/training/teddy bear/435205_mask_segm.png_ps_mask.png,ec29e0176e25a4f272e34ce64597a19cb4bd4f8d9cda144ca86961f2be4be1d6,27391,orig/training/teddy bear/435205_orig.png,sd2-sp/training/teddy bear/435205_mask_segm.png_ps_mask.png_sd2_0.png
157807,157807,toilet,tgif_train_157807_toilet_segm,segm,0,medium_10_to_30pct,82,True,True,40355,0.153942,data/research/tgif/masks/training/toilet/157807_mask_segm.png_ps_mask.png,c27f8f7ee4527f0f2d8ff99bba3e93308208b4c0cc7c8c9ed2dc10ee26c574ac,24075,orig/training/toilet/157807_orig.png,sd2-sp/training/toilet/157807_mask_segm.png_ps_mask.png_sd2_0.png
327769,327769,cat,tgif_train_327769_cat_segm,segm,0,medium_10_to_30pct,83,True,True,30466,0.116219,data/research/tgif/masks/training/cat/327769_mask_segm.png_ps_mask.png,b929bd53563b894a11298a3020abbfa2148bd296d4b944fe1823e5c1ba022460,18984,orig/training/cat/327769_orig.png,sd2-sp/training/cat/327769_mask_segm.png_ps_mask.png_sd2_0.png
272416,272416,toilet,tgif_train_272416_toilet_segm,segm,0,medium_10_to_30pct,84,True,True,50603,0.193035,data/research/tgif/masks/training/toilet/272416_mask_segm.png_ps_mask.png,2f84f54f17bdd1664c5d5058ffeb728e2b4ab776e0f760169edfe7dab2ef550b,23250,orig/training/toilet/272416_orig.png,sd2-sp/training/toilet/272416_mask_segm.png_ps_mask.png_sd2_0.png
213035,213035,person,tgif_train_213035_person_segm,segm,0,medium_10_to_30pct,85,True,True,35239,0.134426,data/research/tgif/masks/training/person/213035_mask_segm.png_ps_mask.png,20fb3911b01a4e2c7cfa993e775d61b7655032e7c1520f702e34523234226ee6,21603,orig/training/person/213035_orig.png,sd2-sp/training/person/213035_mask_segm.png_ps_mask.png_sd2_0.png
69795,69795,potted plant,tgif_train_69795_potted plant_segm,segm,0,medium_10_to_30pct,86,True,True,56665,0.21616,data/research/tgif/masks/training/potted plant/69795_mask_segm.png_ps_mask.png,0c1a1b4400139489293c694a4e807a3373805570badd39566a160dc012d08647,35335,orig/training/potted plant/69795_orig.png,sd2-sp/training/potted plant/69795_mask_segm.png_ps_mask.png_sd2_0.png
437898,437898,refrigerator,tgif_train_437898_refrigerator_segm,segm,0,medium_10_to_30pct,87,True,True,35803,0.136578,data/research/tgif/masks/training/refrigerator/437898_mask_segm.png_ps_mask.png,05d6f120d4ad20a03b98be29ee0959c5ef93f597cf8b3a6879c77990a5296eb4,19692,orig/training/refrigerator/437898_orig.png,sd2-sp/training/refrigerator/437898_mask_segm.png_ps_mask.png_sd2_0.png
476787,476787,pizza,tgif_train_476787_pizza_segm,segm,0,medium_10_to_30pct,88,True,True,35592,0.135773,data/research/tgif/masks/training/pizza/476787_mask_segm.png_ps_mask.png,5991b581824851298a5b1a65378631e258fe4ce33c6cd4f813e20e3d8b0dfe48,20414,orig/training/pizza/476787_orig.png,sd2-sp/training/pizza/476787_mask_segm.png_ps_mask.png_sd2_0.png
452321,452321,bus,tgif_train_452321_bus_segm,segm,0,medium_10_to_30pct,89,True,True,51981,0.198292,data/research/tgif/masks/training/bus/452321_mask_segm.png_ps_mask.png,d2647ce0970c0717579267514acb161535c0aa3e08adcb2cd1ca78c0378bc788,23000,orig/training/bus/452321_orig.png,sd2-sp/training/bus/452321_mask_segm.png_ps_mask.png_sd2_0.png
46378,46378,bird,tgif_train_46378_bird_segm,segm,0,medium_10_to_30pct,90,True,True,44970,0.171547,data/research/tgif/masks/training/bird/46378_mask_segm.png_ps_mask.png,a7ce00b3f1bc373929ee97ed486c64e585455f5801011297545a6dc60adfad53,26349,orig/training/bird/46378_orig.png,sd2-sp/training/bird/46378_mask_segm.png_ps_mask.png_sd2_0.png
479248,479248,tv,tgif_train_479248_tv_segm,segm,0,medium_10_to_30pct,91,True,True,40745,0.15543,data/research/tgif/masks/training/tv/479248_mask_segm.png_ps_mask.png,0c6b279a2b7c666f1a945e46cdcba772edd42fb095028ab777045a5524719267,18014,orig/training/tv/479248_orig.png,sd2-sp/training/tv/479248_mask_segm.png_ps_mask.png_sd2_0.png
472375,472375,dog,tgif_train_472375_dog_segm,segm,0,medium_10_to_30pct,92,True,True,59108,0.225479,data/research/tgif/masks/training/dog/472375_mask_segm.png_ps_mask.png,9b47565ebbb354e45159830e9f38a2679c2659334fa47fbf89503c783897a80c,27447,orig/training/dog/472375_orig.png,sd2-sp/training/dog/472375_mask_segm.png_ps_mask.png_sd2_0.png
258883,258883,pizza,tgif_train_258883_pizza_segm,segm,0,medium_10_to_30pct,93,True,True,29954,0.114265,data/research/tgif/masks/training/pizza/258883_mask_segm.png_ps_mask.png,c9969fb57ca1cd9eb9015bcd328606c00e8a9a12df4c4a24daa7e63025ee0199,18720,orig/training/pizza/258883_orig.png,sd2-sp/training/pizza/258883_mask_segm.png_ps_mask.png_sd2_0.png
180383,180383,tv,tgif_train_180383_tv_segm,segm,0,medium_10_to_30pct,94,True,False,31924,0.12178,data/research/tgif/masks/training/tv/180383_mask_segm.png_ps_mask.png,21e996eaff581009cbee06df3c3adaf427d242576b01938bd03b5b45a8ff986b,18166,orig/training/tv/180383_orig.png,sd2-sp/training/tv/180383_mask_segm.png_ps_mask.png_sd2_0.png
334371,334371,bus,tgif_train_334371_bus_segm,segm,0,medium_10_to_30pct,95,True,False,26808,0.102264,data/research/tgif/masks/training/bus/334371_mask_segm.png_ps_mask.png,c503e26a2127549074ef210875bab5b0c7bb8f81dfd1f54983ec6b62b35806f6,19160,orig/training/bus/334371_orig.png,sd2-sp/training/bus/334371_mask_segm.png_ps_mask.png_sd2_0.png
283268,283268,hot dog,tgif_train_283268_hot dog_segm,segm,0,medium_10_to_30pct,96,True,False,49641,0.189365,data/research/tgif/masks/training/hot dog/283268_mask_segm.png_ps_mask.png,d65b30e5764e9e9842b4f7c4730c88a014e496b9385954381785c15d905323c9,20838,orig/training/hot dog/283268_orig.png,sd2-sp/training/hot dog/283268_mask_segm.png_ps_mask.png_sd2_0.png
305343,305343,cup,tgif_train_305343_cup_segm,segm,0,medium_10_to_30pct,97,True,False,70835,0.270214,data/research/tgif/masks/training/cup/305343_mask_segm.png_ps_mask.png,b926ca7698cf75c1cf87f65fe36b4f94f65c683539d4c483af1049a15b3a82b1,22946,orig/training/cup/305343_orig.png,sd2-sp/training/cup/305343_mask_segm.png_ps_mask.png_sd2_0.png
491757,491757,cat,tgif_train_491757_cat_segm,segm,0,medium_10_to_30pct,98,True,False,35668,0.136063,data/research/tgif/masks/training/cat/491757_mask_segm.png_ps_mask.png,43e52754ead8cf633939b910f31c6768277c2e3dec62328cc064186138911dc9,28196,orig/training/cat/491757_orig.png,sd2-sp/training/cat/491757_mask_segm.png_ps_mask.png_sd2_0.png
475678,475678,suitcase,tgif_train_475678_suitcase_segm,segm,0,medium_10_to_30pct,99,True,False,43850,0.167274,data/research/tgif/masks/training/suitcase/475678_mask_segm.png_ps_mask.png,569dc841d9c35a0d5ee34de07d11216e1843da9b940237b21677ffef735e7ec4,21695,orig/training/suitcase/475678_orig.png,sd2-sp/training/suitcase/475678_mask_segm.png_ps_mask.png_sd2_0.png
245448,245448,motorcycle,tgif_train_245448_motorcycle_segm,segm,0,medium_10_to_30pct,100,True,False,37205,0.141926,data/research/tgif/masks/training/motorcycle/245448_mask_segm.png_ps_mask.png,944399677f805a97894c7d61a1b3da8d7f41616bfaee0121270958b55de64b7e,27886,orig/training/motorcycle/245448_orig.png,sd2-sp/training/motorcycle/245448_mask_segm.png_ps_mask.png_sd2_0.png
320664,320664,hot dog,tgif_train_320664_hot dog_segm,segm,0,medium_10_to_30pct,101,True,False,52873,0.201694,data/research/tgif/masks/training/hot dog/320664_mask_segm.png_ps_mask.png,20987d872e3559b8f593e762d84edd967ad270d0fc26ea2e610db39b1f264eb0,21014,orig/training/hot dog/320664_orig.png,sd2-sp/training/hot dog/320664_mask_segm.png_ps_mask.png_sd2_0.png
575500,575500,banana,tgif_train_575500_banana_segm,segm,0,medium_10_to_30pct,102,True,False,30618,0.116798,data/research/tgif/masks/training/banana/575500_mask_segm.png_ps_mask.png,888082f826c5c0881170c40e08906decf28f0f8db1ddfb03ae07d8ae613324b3,16690,orig/training/banana/575500_orig.png,sd2-sp/training/banana/575500_mask_segm.png_ps_mask.png_sd2_0.png
453634,453634,toilet,tgif_train_453634_toilet_segm,segm,0,medium_10_to_30pct,103,True,False,33834,0.129066,data/research/tgif/masks/training/toilet/453634_mask_segm.png_ps_mask.png,2712dde0f7cd93521d3ee8ff3628e1d74994f538f80cfe21c58454c3b217f634,22196,orig/training/toilet/453634_orig.png,sd2-sp/training/toilet/453634_mask_segm.png_ps_mask.png_sd2_0.png
357459,357459,dog,tgif_train_357459_dog_segm,segm,0,medium_10_to_30pct,104,True,False,40367,0.153988,data/research/tgif/masks/training/dog/357459_mask_segm.png_ps_mask.png,d5ec4118a01a8dd46df616f5e15dd5b7a89f0c447395f6286f68a7c785105527,33441,orig/training/dog/357459_orig.png,sd2-sp/training/dog/357459_mask_segm.png_ps_mask.png_sd2_0.png
170099,170099,couch,tgif_train_170099_couch_segm,segm,0,medium_10_to_30pct,105,True,False,54882,0.209358,data/research/tgif/masks/training/couch/170099_mask_segm.png_ps_mask.png,e37d30b6a4c10e15595ce385275aefff990c6893b49715c60b05721118cf1b16,22135,orig/training/couch/170099_orig.png,sd2-sp/training/couch/170099_mask_segm.png_ps_mask.png_sd2_0.png
180296,180296,backpack,tgif_train_180296_backpack_segm,segm,0,medium_10_to_30pct,106,True,False,52844,0.201584,data/research/tgif/masks/training/backpack/180296_mask_segm.png_ps_mask.png,7a9ba8705e1c4001c456cd45ad68a5a718a7726cecb49999cfb0dfbce86b22e5,20677,orig/training/backpack/180296_orig.png,sd2-sp/training/backpack/180296_mask_segm.png_ps_mask.png_sd2_0.png
34257,34257,carrot,tgif_train_34257_carrot_segm,segm,0,medium_10_to_30pct,107,True,False,59784,0.228058,data/research/tgif/masks/training/carrot/34257_mask_segm.png_ps_mask.png,e2ac4264134c7f6cf16594db61061c7d63197a2b5632aa0e8fb6c1aede7510c0,28864,orig/training/carrot/34257_orig.png,sd2-sp/training/carrot/34257_mask_segm.png_ps_mask.png_sd2_0.png
402433,402433,motorcycle,tgif_train_402433_motorcycle_segm,segm,0,medium_10_to_30pct,108,True,False,27478,0.10482,data/research/tgif/masks/training/motorcycle/402433_mask_segm.png_ps_mask.png,6cdfe9e784377c4c263808c83aa057030bfea7f6139063cc3101ffaf7727c81a,22607,orig/training/motorcycle/402433_orig.png,sd2-sp/training/motorcycle/402433_mask_segm.png_ps_mask.png_sd2_0.png
538364,538364,motorcycle,tgif_train_538364_motorcycle_segm,segm,0,medium_10_to_30pct,109,True,False,37406,0.142693,data/research/tgif/masks/training/motorcycle/538364_mask_segm.png_ps_mask.png,d986a69ae4c7a7e509fddff3c3579febf65517be2cc80d123bd3a33f3e473241,30730,orig/training/motorcycle/538364_orig.png,sd2-sp/training/motorcycle/538364_mask_segm.png_ps_mask.png_sd2_0.png
102644,102644,toilet,tgif_train_102644_toilet_segm,segm,0,medium_10_to_30pct,110,True,False,31473,0.12006,data/research/tgif/masks/training/toilet/102644_mask_segm.png_ps_mask.png,ca8025b12b2b0fe7d2e609e58492e87559eff6969831a0843a012198d74efc7f,21364,orig/training/toilet/102644_orig.png,sd2-sp/training/toilet/102644_mask_segm.png_ps_mask.png_sd2_0.png
457262,457262,banana,tgif_train_457262_banana_segm,segm,0,medium_10_to_30pct,111,True,False,33310,0.127068,data/research/tgif/masks/training/banana/457262_mask_segm.png_ps_mask.png,e6f7052681fe7a6cbc65263c401bd3272ce94c9d89a894cb08a9659a70fdd95b,16167,orig/training/banana/457262_orig.png,sd2-sp/training/banana/457262_mask_segm.png_ps_mask.png_sd2_0.png
345252,345252,tv,tgif_train_345252_tv_segm,segm,0,medium_10_to_30pct,112,True,False,26262,0.100182,data/research/tgif/masks/training/tv/345252_mask_segm.png_ps_mask.png,0460742309a67615714730990d99f8f4cc2ec17f9347587be28678d8341b0775,17682,orig/training/tv/345252_orig.png,sd2-sp/training/tv/345252_mask_segm.png_ps_mask.png_sd2_0.png
480021,480021,motorcycle,tgif_train_480021_motorcycle_segm,segm,0,medium_10_to_30pct,113,True,False,57806,0.220512,data/research/tgif/masks/training/motorcycle/480021_mask_segm.png_ps_mask.png,8eb839c0f598bba62fa31fc6bc0a98078a70e4f1aa1f39c7e625bf7f5b9e9b51,29236,orig/training/motorcycle/480021_orig.png,sd2-sp/training/motorcycle/480021_mask_segm.png_ps_mask.png_sd2_0.png
350679,350679,dining table,tgif_train_350679_dining table_segm,segm,0,medium_10_to_30pct,114,True,False,50249,0.191685,data/research/tgif/masks/training/dining table/350679_mask_segm.png_ps_mask.png,4ddd5080dee5ee5d2133aa223417984a09466d414dd7f0756d3c95a47c775501,24174,orig/training/dining table/350679_orig.png,sd2-sp/training/dining table/350679_mask_segm.png_ps_mask.png_sd2_0.png
85089,85089,wine glass,tgif_train_85089_wine glass_segm,segm,0,medium_10_to_30pct,115,True,False,50752,0.193604,data/research/tgif/masks/training/wine glass/85089_mask_segm.png_ps_mask.png,a0cacabf32ae2a033f7e25e9e3fc3e5fc5dada9958c5fb549ea31a41e1dc6aa4,20013,orig/training/wine glass/85089_orig.png,sd2-sp/training/wine glass/85089_mask_segm.png_ps_mask.png_sd2_0.png
167572,167572,sandwich,tgif_train_167572_sandwich_segm,segm,0,medium_10_to_30pct,116,True,False,40450,0.154305,data/research/tgif/masks/training/sandwich/167572_mask_segm.png_ps_mask.png,e6babc4a82ab91e824f7adba2f9e0a41d766e85051184f55113b365175a71f07,20811,orig/training/sandwich/167572_orig.png,sd2-sp/training/sandwich/167572_mask_segm.png_ps_mask.png_sd2_0.png
98392,98392,bus,tgif_train_98392_bus_segm,segm,0,medium_10_to_30pct,117,True,False,42911,0.163692,data/research/tgif/masks/training/bus/98392_mask_segm.png_ps_mask.png,c42dd5e54f993b8aae11c58348686c282da74545ff937e0af6c4327d47fc8542,20622,orig/training/bus/98392_orig.png,sd2-sp/training/bus/98392_mask_segm.png_ps_mask.png_sd2_0.png
242287,242287,bicycle,tgif_train_242287_bicycle_segm,segm,0,medium_10_to_30pct,118,True,False,40688,0.155212,data/research/tgif/masks/training/bicycle/242287_mask_segm.png_ps_mask.png,acb37649a08e0da73e55ca0f4edcadebe369f0bbae154e7c61cf6c46ab6b991f,31826,orig/training/bicycle/242287_orig.png,sd2-sp/training/bicycle/242287_mask_segm.png_ps_mask.png_sd2_0.png
191013,191013,clock,tgif_train_191013_clock_segm,segm,0,medium_10_to_30pct,119,True,False,33736,0.128693,data/research/tgif/masks/training/clock/191013_mask_segm.png_ps_mask.png,1d68fb825a3b28ea7a81771d203af2e8a1409f0719603ce05fb60bc59ab44d80,20212,orig/training/clock/191013_orig.png,sd2-sp/training/clock/191013_mask_segm.png_ps_mask.png_sd2_0.png
216277,216277,apple,tgif_train_216277_apple_segm,segm,0,medium_10_to_30pct,120,True,False,56895,0.217037,data/research/tgif/masks/training/apple/216277_mask_segm.png_ps_mask.png,c835a3425baf8917d01631526aa51ddf9ad3dcc98d35540d970d504b7ec731d5,24222,orig/training/apple/216277_orig.png,sd2-sp/training/apple/216277_mask_segm.png_ps_mask.png_sd2_0.png
368752,368752,person,tgif_train_368752_person_segm,segm,0,medium_10_to_30pct,121,True,False,61846,0.235924,data/research/tgif/masks/training/person/368752_mask_segm.png_ps_mask.png,dafe88294272c223c20405c9f0378266a7ea93081879c682c6476d025005f12e,23105,orig/training/person/368752_orig.png,sd2-sp/training/person/368752_mask_segm.png_ps_mask.png_sd2_0.png
74256,74256,bus,tgif_train_74256_bus_segm,segm,0,medium_10_to_30pct,122,True,False,27965,0.106678,data/research/tgif/masks/training/bus/74256_mask_segm.png_ps_mask.png,3e4aca31e9ee77adc2a528c7c315a152d0f44f8e7a9483259b79c4c9f24498e9,27085,orig/training/bus/74256_orig.png,sd2-sp/training/bus/74256_mask_segm.png_ps_mask.png_sd2_0.png
396729,396729,remote,tgif_train_396729_remote_segm,segm,0,medium_10_to_30pct,123,True,False,34723,0.132458,data/research/tgif/masks/training/remote/396729_mask_segm.png_ps_mask.png,b5da0020f359be919c3f636fa151e41ef7d6af60ea53e6913fae29813d97341e,19469,orig/training/remote/396729_orig.png,sd2-sp/training/remote/396729_mask_segm.png_ps_mask.png_sd2_0.png
315450,315450,bus,tgif_train_315450_bus_segm,segm,0,medium_10_to_30pct,124,True,False,63971,0.24403,data/research/tgif/masks/training/bus/315450_mask_segm.png_ps_mask.png,5c611e344a8e39cb55ff8297ec93f22a3fa137a6a66b5c9e576db7dbfb72721c,20542,orig/training/bus/315450_orig.png,sd2-sp/training/bus/315450_mask_segm.png_ps_mask.png_sd2_0.png
135561,135561,refrigerator,tgif_train_135561_refrigerator_segm,segm,0,medium_10_to_30pct,125,True,False,31580,0.120468,data/research/tgif/masks/training/refrigerator/135561_mask_segm.png_ps_mask.png,13b52c798d4a72a7756aa2c06bd375f61eccf1e69aaee53405dc594c312b260f,18794,orig/training/refrigerator/135561_orig.png,sd2-sp/training/refrigerator/135561_mask_segm.png_ps_mask.png_sd2_0.png
110784,110784,truck,tgif_train_110784_truck_segm,segm,0,medium_10_to_30pct,126,True,False,49855,0.190182,data/research/tgif/masks/training/truck/110784_mask_segm.png_ps_mask.png,ceb5e6fa48807e1045805287188a424c1afdd8cd42c2075cbe3eb69b9dd04ca6,21179,orig/training/truck/110784_orig.png,sd2-sp/training/truck/110784_mask_segm.png_ps_mask.png_sd2_0.png
167486,167486,tv,tgif_train_167486_tv_segm,segm,0,medium_10_to_30pct,127,True,False,39212,0.149582,data/research/tgif/masks/training/tv/167486_mask_segm.png_ps_mask.png,f1b1010ea554ccf60c8dcc90f24569bd7873ef546f70a1ecd9f8d9146bd090c2,21920,orig/training/tv/167486_orig.png,sd2-sp/training/tv/167486_mask_segm.png_ps_mask.png_sd2_0.png
446651,446651,car,tgif_train_446651_car_segm,segm,0,medium_10_to_30pct,128,True,False,29927,0.114162,data/research/tgif/masks/training/car/446651_mask_segm.png_ps_mask.png,e374b77333840851b0f6a7e81e099e4ae302d0f4cff0e61be0f1d20f2674a950,22965,orig/training/car/446651_orig.png,sd2-sp/training/car/446651_mask_segm.png_ps_mask.png_sd2_0.png
533536,533536,cat,tgif_train_533536_cat_segm,segm,0,medium_10_to_30pct,129,True,False,48688,0.18573,data/research/tgif/masks/training/cat/533536_mask_segm.png_ps_mask.png,9d574c2b476cf077c6144b31679f425408bf9932aca17838d9dadb5690ff285a,26589,orig/training/cat/533536_orig.png,sd2-sp/training/cat/533536_mask_segm.png_ps_mask.png_sd2_0.png
100489,100489,bird,tgif_train_100489_bird_segm,segm,0,medium_10_to_30pct,130,True,False,28830,0.109978,data/research/tgif/masks/training/bird/100489_mask_segm.png_ps_mask.png,95c2b63aac068839757e752e28006e807fcd21a0d6fc9a02c09d08abb2539068,28531,orig/training/bird/100489_orig.png,sd2-sp/training/bird/100489_mask_segm.png_ps_mask.png_sd2_0.png
229659,229659,chair,tgif_train_229659_chair_segm,segm,0,medium_10_to_30pct,131,True,False,31087,0.118587,data/research/tgif/masks/training/chair/229659_mask_segm.png_ps_mask.png,c190f228dd4f53771255aebb7007ef1d94e617076cd31ed620318642dc71cb8e,21571,orig/training/chair/229659_orig.png,sd2-sp/training/chair/229659_mask_segm.png_ps_mask.png_sd2_0.png
16439,16439,laptop,tgif_train_16439_laptop_segm,segm,0,medium_10_to_30pct,132,True,False,35246,0.134453,data/research/tgif/masks/training/laptop/16439_mask_segm.png_ps_mask.png,c6f1776b2d0e20afd7101c425ffc4b2ef058ddc4f90fbeb4d61e80a69b8bea0e,21311,orig/training/laptop/16439_orig.png,sd2-sp/training/laptop/16439_mask_segm.png_ps_mask.png_sd2_0.png
54605,54605,cake,tgif_train_54605_cake_segm,segm,0,medium_10_to_30pct,133,True,False,31344,0.119568,data/research/tgif/masks/training/cake/54605_mask_segm.png_ps_mask.png,b6b77da1d743ca6753d62e416fc3b254cea010db2cf1fcfd73fb09c0bda67b5b,16503,orig/training/cake/54605_orig.png,sd2-sp/training/cake/54605_mask_segm.png_ps_mask.png_sd2_0.png
173091,173091,sandwich,tgif_train_173091_sandwich_segm,segm,0,medium_10_to_30pct,134,True,False,39046,0.148949,data/research/tgif/masks/training/sandwich/173091_mask_segm.png_ps_mask.png,1326d0030da2556dbe045a558d3b9734bf8181c3fa66f2ad50e0bde36c4b4108,19046,orig/training/sandwich/173091_orig.png,sd2-sp/training/sandwich/173091_mask_segm.png_ps_mask.png_sd2_0.png
379842,379842,remote,tgif_train_379842_remote_segm,segm,0,medium_10_to_30pct,135,True,False,46552,0.177582,data/research/tgif/masks/training/remote/379842_mask_segm.png_ps_mask.png,7d3555e181da04187c476beda8003bb08f3d47120c1a20998efe2302abb415b8,20751,orig/training/remote/379842_orig.png,sd2-sp/training/remote/379842_mask_segm.png_ps_mask.png_sd2_0.png
173371,173371,pizza,tgif_train_173371_pizza_segm,segm,0,medium_10_to_30pct,136,True,False,50120,0.191193,data/research/tgif/masks/training/pizza/173371_mask_segm.png_ps_mask.png,64af770a48e9db80f7590f666a8f1513cb3c7f26572b602a85d2eebcf320e618,21510,orig/training/pizza/173371_orig.png,sd2-sp/training/pizza/173371_mask_segm.png_ps_mask.png_sd2_0.png
499775,499775,bus,tgif_train_499775_bus_segm,segm,0,medium_10_to_30pct,137,True,False,29012,0.110672,data/research/tgif/masks/training/bus/499775_mask_segm.png_ps_mask.png,7f6d66dcd386ec29a2532677cc1cc998336858b61af88d6797ddd3fab17da21b,18538,orig/training/bus/499775_orig.png,sd2-sp/training/bus/499775_mask_segm.png_ps_mask.png_sd2_0.png
213033,213033,umbrella,tgif_train_213033_umbrella_segm,segm,0,medium_10_to_30pct,138,True,False,29358,0.111992,data/research/tgif/masks/training/umbrella/213033_mask_segm.png_ps_mask.png,620ba4e896775be0a9c33231da60996b4765e0fff634f6eed9c40aea1de64705,21627,orig/training/umbrella/213033_orig.png,sd2-sp/training/umbrella/213033_mask_segm.png_ps_mask.png_sd2_0.png
64084,64084,bowl,tgif_train_64084_bowl_segm,segm,0,medium_10_to_30pct,139,True,False,31108,0.118668,data/research/tgif/masks/training/bowl/64084_mask_segm.png_ps_mask.png,4f2ce99dd9c237a30cdeb02117fdf823325a23b1dee21d483b3d93536aa5a156,20522,orig/training/bowl/64084_orig.png,sd2-sp/training/bowl/64084_mask_segm.png_ps_mask.png_sd2_0.png
229948,229948,truck,tgif_train_229948_truck_segm,segm,0,medium_10_to_30pct,140,True,False,26708,0.101883,data/research/tgif/masks/training/truck/229948_mask_segm.png_ps_mask.png,d33ebc9bf10d4e7be5719e0352142fe2898501013faff29d031e116681f37a51,19244,orig/training/truck/229948_orig.png,sd2-sp/training/truck/229948_mask_segm.png_ps_mask.png_sd2_0.png
70774,70774,motorcycle,tgif_train_70774_motorcycle_segm,segm,0,medium_10_to_30pct,141,True,False,63931,0.243877,data/research/tgif/masks/training/motorcycle/70774_mask_segm.png_ps_mask.png,25d3d7f2bb602060bb40c428c0e90fa0bc9558d3437dfed2dbe1625bf81f5bcb,27682,orig/training/motorcycle/70774_orig.png,sd2-sp/training/motorcycle/70774_mask_segm.png_ps_mask.png_sd2_0.png
144003,144003,dining table,tgif_train_144003_dining table_segm,segm,0,medium_10_to_30pct,142,True,False,65716,0.250687,data/research/tgif/masks/training/dining table/144003_mask_segm.png_ps_mask.png,27bfe16c810e48de611f2993a553d4a9bd163e6ea3ad9361367b5a2061fc44cd,23572,orig/training/dining table/144003_orig.png,sd2-sp/training/dining table/144003_mask_segm.png_ps_mask.png_sd2_0.png
226058,226058,teddy bear,tgif_train_226058_teddy bear_segm,segm,0,medium_10_to_30pct,143,True,False,47704,0.181976,data/research/tgif/masks/training/teddy bear/226058_mask_segm.png_ps_mask.png,c4ac3bd6399d4b2d34c91632570647eb59105ceda03339049dc63fab826c9a59,29520,orig/training/teddy bear/226058_orig.png,sd2-sp/training/teddy bear/226058_mask_segm.png_ps_mask.png_sd2_0.png
89880,89880,dog,tgif_train_89880_dog_segm,segm,0,medium_10_to_30pct,144,True,False,46899,0.178905,data/research/tgif/masks/training/dog/89880_mask_segm.png_ps_mask.png,7fd71afb267e6674f519a3b03c16036a70c260a79f8203bdee91881f86b8f7fe,25611,orig/training/dog/89880_orig.png,sd2-sp/training/dog/89880_mask_segm.png_ps_mask.png_sd2_0.png
423617,423617,bus,tgif_train_423617_bus_segm,segm,0,medium_10_to_30pct,145,True,False,46001,0.17548,data/research/tgif/masks/training/bus/423617_mask_segm.png_ps_mask.png,3aaeed91ac3e30fdbd611e6c18583801742619286b584dc4c34d471e38a9357e,23390,orig/training/bus/423617_orig.png,sd2-sp/training/bus/423617_mask_segm.png_ps_mask.png_sd2_0.png
496954,496954,cake,tgif_train_496954_cake_segm,segm,0,medium_10_to_30pct,146,True,False,41043,0.156567,data/research/tgif/masks/training/cake/496954_mask_segm.png_ps_mask.png,0f5e658400737b815a18c64c0d09717fab275bb554c5e598e77bcc6c033cc653,27507,orig/training/cake/496954_orig.png,sd2-sp/training/cake/496954_mask_segm.png_ps_mask.png_sd2_0.png
11511,11511,bench,tgif_train_11511_bench_segm,segm,0,medium_10_to_30pct,147,True,False,33470,0.127678,data/research/tgif/masks/training/bench/11511_mask_segm.png_ps_mask.png,d20b75e736a75496d118cc6b389826993af68ae3213ee299c67c111257ce9b30,21214,orig/training/bench/11511_orig.png,sd2-sp/training/bench/11511_mask_segm.png_ps_mask.png_sd2_0.png
577584,577584,microwave,tgif_train_577584_microwave_segm,segm,0,medium_10_to_30pct,148,True,False,52381,0.199818,data/research/tgif/masks/training/microwave/577584_mask_segm.png_ps_mask.png,05f4b28855fbf4df882a2f76d996bd746b226b909c993afce349cd3eac231733,6688,orig/training/microwave/577584_orig.png,sd2-sp/training/microwave/577584_mask_segm.png_ps_mask.png_sd2_0.png
573094,573094,couch,tgif_train_573094_couch_segm,segm,0,medium_10_to_30pct,149,True,False,40674,0.155159,data/research/tgif/masks/training/couch/573094_mask_segm.png_ps_mask.png,2af174d0c09fa9702a5a258eecaae8f1c865644912e0993b5b6587f67c8a8cf6,21379,orig/training/couch/573094_orig.png,sd2-sp/training/couch/573094_mask_segm.png_ps_mask.png_sd2_0.png
344795,344795,cake,tgif_train_344795_cake_segm,segm,0,medium_10_to_30pct,150,True,False,37695,0.143795,data/research/tgif/masks/training/cake/344795_mask_segm.png_ps_mask.png,e2cc33c71109fc2e8294a7b3bb91e1f2bdb67ad7c7fcece668e9ffc9bb03bb7f,17266,orig/training/cake/344795_orig.png,sd2-sp/training/cake/344795_mask_segm.png_ps_mask.png_sd2_0.png
231527,231527,cup,tgif_train_231527_cup_segm,segm,0,medium_10_to_30pct,151,True,False,28037,0.106953,data/research/tgif/masks/training/cup/231527_mask_segm.png_ps_mask.png,b43ebbd75c37f47cafb25ced68d68b060598350466b9d3c42f824327712dd9cc,5660,orig/training/cup/231527_orig.png,sd2-sp/training/cup/231527_mask_segm.png_ps_mask.png_sd2_0.png
194940,194940,bowl,tgif_train_194940_bowl_segm,segm,0,medium_10_to_30pct,152,True,False,31039,0.118404,data/research/tgif/masks/training/bowl/194940_mask_segm.png_ps_mask.png,1019f0a25da3925bd6cc0a3dd5c8061e57388fb1974befae69069547330caec7,20567,orig/training/bowl/194940_orig.png,sd2-sp/training/bowl/194940_mask_segm.png_ps_mask.png_sd2_0.png
506933,506933,cell phone,tgif_train_506933_cell phone_segm,segm,0,medium_10_to_30pct,153,True,False,28741,0.109638,data/research/tgif/masks/training/cell phone/506933_mask_segm.png_ps_mask.png,2e9f2067824730233ab1212e97562e7b3051089232bb37cf3a533f108943b6cb,18333,orig/training/cell phone/506933_orig.png,sd2-sp/training/cell phone/506933_mask_segm.png_ps_mask.png_sd2_0.png
109827,109827,teddy bear,tgif_train_109827_teddy bear_segm,segm,0,medium_10_to_30pct,154,True,False,49246,0.187859,data/research/tgif/masks/training/teddy bear/109827_mask_segm.png_ps_mask.png,a1c971fae8018f1bf2422536c0d4561d0a6f8857aa3494240f44ae91dba2b9b5,25577,orig/training/teddy bear/109827_orig.png,sd2-sp/training/teddy bear/109827_mask_segm.png_ps_mask.png_sd2_0.png
407403,407403,vase,tgif_train_407403_vase_segm,segm,0,medium_10_to_30pct,155,True,False,57120,0.217896,data/research/tgif/masks/training/vase/407403_mask_segm.png_ps_mask.png,4f8d6c8fcaed9c5b0616401c1882f8fa2d6d9b5ba2003df3143d3b02b6f831ad,19536,orig/training/vase/407403_orig.png,sd2-sp/training/vase/407403_mask_segm.png_ps_mask.png_sd2_0.png
530975,530975,hot dog,tgif_train_530975_hot dog_segm,segm,0,medium_10_to_30pct,156,True,False,34980,0.133438,data/research/tgif/masks/training/hot dog/530975_mask_segm.png_ps_mask.png,0234e14134d914d83ff338b122a6b4546716ae92d6557bc8642deb35bf3f472e,24531,orig/training/hot dog/530975_orig.png,sd2-sp/training/hot dog/530975_mask_segm.png_ps_mask.png_sd2_0.png
2592,2592,cup,tgif_train_2592_cup_segm,segm,0,medium_10_to_30pct,157,True,False,67039,0.255733,data/research/tgif/masks/training/cup/2592_mask_segm.png_ps_mask.png,58d5cd7faba8cf4e1327d1d056b9261978eb4f6ee02d1f3aeda5b2238b98a1cc,21836,orig/training/cup/2592_orig.png,sd2-sp/training/cup/2592_mask_segm.png_ps_mask.png_sd2_0.png
456143,456143,sandwich,tgif_train_456143_sandwich_segm,segm,0,medium_10_to_30pct,158,True,False,60851,0.232128,data/research/tgif/masks/training/sandwich/456143_mask_segm.png_ps_mask.png,572c098b1a42b16e2fc0be0a6ee977bf12f582ef2056dde82e8b461c0a8c20f9,21492,orig/training/sandwich/456143_orig.png,sd2-sp/training/sandwich/456143_mask_segm.png_ps_mask.png_sd2_0.png
466085,466085,sink,tgif_train_466085_sink_segm,segm,0,medium_10_to_30pct,159,True,False,29399,0.112148,data/research/tgif/masks/training/sink/466085_mask_segm.png_ps_mask.png,e7c05d63aac2b46d95c7f7ba9ad7df1d388cceff944a7ecce693ccdb8a0af1a5,19528,orig/training/sink/466085_orig.png,sd2-sp/training/sink/466085_mask_segm.png_ps_mask.png_sd2_0.png
438774,438774,dining table,tgif_train_438774_dining table_segm,segm,0,medium_10_to_30pct,160,True,False,30092,0.114792,data/research/tgif/masks/training/dining table/438774_mask_segm.png_ps_mask.png,708befce7bb2ff8a7fb0f171866dc66aef41e183faef8641d3171b7e03cabcc6,21286,orig/training/dining table/438774_orig.png,sd2-sp/training/dining table/438774_mask_segm.png_ps_mask.png_sd2_0.png
519764,519764,cat,tgif_train_519764_cat_segm,segm,0,medium_10_to_30pct,161,True,False,34205,0.130482,data/research/tgif/masks/training/cat/519764_mask_segm.png_ps_mask.png,81960b2dec74b5e592dc83b74eb50643beb4d02ce1ff5cd30bca43079f7a3e93,24451,orig/training/cat/519764_orig.png,sd2-sp/training/cat/519764_mask_segm.png_ps_mask.png_sd2_0.png
386210,386210,potted plant,tgif_train_386210_potted plant_segm,segm,0,medium_10_to_30pct,162,True,False,42525,0.16222,data/research/tgif/masks/training/potted plant/386210_mask_segm.png_ps_mask.png,a52318d4f9b35441b7d76e714414824937934871174f8392352b364d94ade218,24770,orig/training/potted plant/386210_orig.png,sd2-sp/training/potted plant/386210_mask_segm.png_ps_mask.png_sd2_0.png
472678,472678,tv,tgif_train_472678_tv_segm,segm,0,medium_10_to_30pct,163,True,False,26914,0.102669,data/research/tgif/masks/training/tv/472678_mask_segm.png_ps_mask.png,94e77dbbd7ceab5071fb8a1b7b9f5385b9d97cb20791989e7e3506533dea1fbe,17929,orig/training/tv/472678_orig.png,sd2-sp/training/tv/472678_mask_segm.png_ps_mask.png_sd2_0.png
561465,561465,dining table,tgif_train_561465_dining table_segm,segm,0,medium_10_to_30pct,164,True,False,41045,0.156574,data/research/tgif/masks/training/dining table/561465_mask_segm.png_ps_mask.png,2fae0cc87905119278ecd079236a02997db0027b0ec13636d26f7ba9d9b0dabd,19484,orig/training/dining table/561465_orig.png,sd2-sp/training/dining table/561465_mask_segm.png_ps_mask.png_sd2_0.png
199681,199681,teddy bear,tgif_train_199681_teddy bear_segm,segm,0,medium_10_to_30pct,165,True,False,41835,0.159588,data/research/tgif/masks/training/teddy bear/199681_mask_segm.png_ps_mask.png,c236a7e79ba20b08aa5c43e9c0c5f57ef23285e71eef8d828a682ee936d71e2a,24585,orig/training/teddy bear/199681_orig.png,sd2-sp/training/teddy bear/199681_mask_segm.png_ps_mask.png_sd2_0.png
231088,231088,umbrella,tgif_train_231088_umbrella_segm,segm,0,medium_10_to_30pct,166,True,False,26999,0.102993,data/research/tgif/masks/training/umbrella/231088_mask_segm.png_ps_mask.png,bd08b4ca0510e67e2cc538acac529fc4af24e08c2020773b0b3d545f56d3cfc8,18287,orig/training/umbrella/231088_orig.png,sd2-sp/training/umbrella/231088_mask_segm.png_ps_mask.png_sd2_0.png
23781,23781,broccoli,tgif_train_23781_broccoli_segm,segm,0,medium_10_to_30pct,167,True,False,28084,0.107132,data/research/tgif/masks/training/broccoli/23781_mask_segm.png_ps_mask.png,939b005530f1ffe198d8860ca1971d5b6f6da9aa0588c213a8c46b4994fa7aa6,20012,orig/training/broccoli/23781_orig.png,sd2-sp/training/broccoli/23781_mask_segm.png_ps_mask.png_sd2_0.png
32901,32901,person,tgif_train_32901_person_segm,segm,0,medium_10_to_30pct,168,True,False,55414,0.211388,data/research/tgif/masks/training/person/32901_mask_segm.png_ps_mask.png,172e8ca8718193135b57e401cac4ef251acedfd5f97ec08c9f2b6235f10c0c91,24075,orig/training/person/32901_orig.png,sd2-sp/training/person/32901_mask_segm.png_ps_mask.png_sd2_0.png
9400,9400,laptop,tgif_train_9400_laptop_segm,segm,0,medium_10_to_30pct,169,True,False,30822,0.117577,data/research/tgif/masks/training/laptop/9400_mask_segm.png_ps_mask.png,d9738a2a225d5ad1568d4612fdd4bad4b2b518fc3d1a641b797574f8625bbb40,22998,orig/training/laptop/9400_orig.png,sd2-sp/training/laptop/9400_mask_segm.png_ps_mask.png_sd2_0.png
115245,115245,suitcase,tgif_train_115245_suitcase_segm,segm,0,medium_10_to_30pct,170,True,False,46289,0.176579,data/research/tgif/masks/training/suitcase/115245_mask_segm.png_ps_mask.png,5e01b24ce9a06bbccdce4112539b7a08caa6c102dc6b09b1a1262bbb44191a7e,24667,orig/training/suitcase/115245_orig.png,sd2-sp/training/suitcase/115245_mask_segm.png_ps_mask.png_sd2_0.png
89761,89761,toilet,tgif_train_89761_toilet_segm,segm,0,medium_10_to_30pct,171,True,False,49466,0.188698,data/research/tgif/masks/training/toilet/89761_mask_segm.png_ps_mask.png,13f180704aece592b7b396914d78f950dc926f9e6028cfe867ea6edc62d4461b,28482,orig/training/toilet/89761_orig.png,sd2-sp/training/toilet/89761_mask_segm.png_ps_mask.png_sd2_0.png
386134,386134,broccoli,tgif_train_386134_broccoli_segm,segm,0,medium_10_to_30pct,172,True,False,62021,0.236591,data/research/tgif/masks/training/broccoli/386134_mask_segm.png_ps_mask.png,09332049398445eed0a51dc2d65c4693c88d266707e8a78113ee19259bd067e4,20661,orig/training/broccoli/386134_orig.png,sd2-sp/training/broccoli/386134_mask_segm.png_ps_mask.png_sd2_0.png
536947,536947,refrigerator,tgif_train_536947_refrigerator_segm,segm,0,medium_10_to_30pct,173,True,False,28054,0.107018,data/research/tgif/masks/training/refrigerator/536947_mask_segm.png_ps_mask.png,078a8ac6bafe1cdedbda8316c41c0bba55f2b8d6b26f4649b05473d3a36c737d,17234,orig/training/refrigerator/536947_orig.png,sd2-sp/training/refrigerator/536947_mask_segm.png_ps_mask.png_sd2_0.png
120853,120853,bowl,tgif_train_120853_bowl_segm,segm,0,medium_10_to_30pct,174,True,False,41402,0.157936,data/research/tgif/masks/training/bowl/120853_mask_segm.png_ps_mask.png,0956dbf589dd5e2bb8c5eaafd4c4cb4eb2fc03efe022539ba9393fd8725b5a69,20390,orig/training/bowl/120853_orig.png,sd2-sp/training/bowl/120853_mask_segm.png_ps_mask.png_sd2_0.png
309495,309495,toilet,tgif_train_309495_toilet_segm,segm,0,medium_10_to_30pct,175,True,False,65963,0.251629,data/research/tgif/masks/training/toilet/309495_mask_segm.png_ps_mask.png,cf32b22573c429f83a6732bb68ad3a0d2a2b3242a48140481b4d34c6bf997b88,21877,orig/training/toilet/309495_orig.png,sd2-sp/training/toilet/309495_mask_segm.png_ps_mask.png_sd2_0.png
228981,228981,cell phone,tgif_train_228981_cell phone_segm,segm,0,medium_10_to_30pct,176,True,False,40751,0.155453,data/research/tgif/masks/training/cell phone/228981_mask_segm.png_ps_mask.png,2efc4ddd77928e5a5c2f682176d02641a527492617a4cfd6b3e5f5cc0877f279,17789,orig/training/cell phone/228981_orig.png,sd2-sp/training/cell phone/228981_mask_segm.png_ps_mask.png_sd2_0.png
290843,290843,cat,tgif_train_290843_cat_segm,segm,0,medium_10_to_30pct,177,True,False,41692,0.159042,data/research/tgif/masks/training/cat/290843_mask_segm.png_ps_mask.png,a896ae75f82f95ccad8413ee4d8c5ae7112baca11448760041b8dfab6c700482,26709,orig/training/cat/290843_orig.png,sd2-sp/training/cat/290843_mask_segm.png_ps_mask.png_sd2_0.png
434459,434459,person,tgif_train_434459_person_segm,segm,0,medium_10_to_30pct,178,True,False,32359,0.12344,data/research/tgif/masks/training/person/434459_mask_segm.png_ps_mask.png,0bb168e807a0f74c00874aa383b398acfbff0327457b39da6aeb78645a94964b,21543,orig/training/person/434459_orig.png,sd2-sp/training/person/434459_mask_segm.png_ps_mask.png_sd2_0.png
18575,18575,bowl,tgif_train_18575_bowl_segm,segm,0,medium_10_to_30pct,179,True,False,65297,0.249088,data/research/tgif/masks/training/bowl/18575_mask_segm.png_ps_mask.png,af291987e1a8ea2b5cf6f124f0b82c2e8cd57ed9bd57617cd71c67baaa9d5bcd,30919,orig/training/bowl/18575_orig.png,sd2-sp/training/bowl/18575_mask_segm.png_ps_mask.png_sd2_0.png
538236,538236,hot dog,tgif_train_538236_hot dog_segm,segm,0,medium_10_to_30pct,180,True,False,30009,0.114475,data/research/tgif/masks/training/hot dog/538236_mask_segm.png_ps_mask.png,38a85a9bab6b808fb80ed56c8351a1fd7317d51c7f62d7b61952f88a6fb09953,18968,orig/training/hot dog/538236_orig.png,sd2-sp/training/hot dog/538236_mask_segm.png_ps_mask.png_sd2_0.png
553664,553664,laptop,tgif_train_553664_laptop_segm,segm,0,medium_10_to_30pct,181,True,False,33803,0.128948,data/research/tgif/masks/training/laptop/553664_mask_segm.png_ps_mask.png,2c4eddbb5c28fa9975091c499f04850ee207c3acc116e1eb2d3972e52b94489b,16684,orig/training/laptop/553664_orig.png,sd2-sp/training/laptop/553664_mask_segm.png_ps_mask.png_sd2_0.png
222825,222825,oven,tgif_train_222825_oven_segm,segm,0,medium_10_to_30pct,182,True,False,35524,0.135513,data/research/tgif/masks/training/oven/222825_mask_segm.png_ps_mask.png,e5bf075e7e71807281eea64ebfc20dedc94a62d0d9c8033a76bf5a1879874a38,18863,orig/training/oven/222825_orig.png,sd2-sp/training/oven/222825_mask_segm.png_ps_mask.png_sd2_0.png
231237,231237,vase,tgif_train_231237_vase_segm,segm,0,medium_10_to_30pct,183,True,False,46886,0.178856,data/research/tgif/masks/training/vase/231237_mask_segm.png_ps_mask.png,c88563987239c591b61dacc36ee0933a3b4ae03a25c9e8a111a0adfd7eafebd0,24887,orig/training/vase/231237_orig.png,sd2-sp/training/vase/231237_mask_segm.png_ps_mask.png_sd2_0.png
324818,324818,bird,tgif_train_324818_bird_segm,segm,0,medium_10_to_30pct,184,True,False,31333,0.119526,data/research/tgif/masks/training/bird/324818_mask_segm.png_ps_mask.png,0f7dbd150695d6927890d15bbb439f7ef84907f74989734305c4da2b5f133f79,20466,orig/training/bird/324818_orig.png,sd2-sp/training/bird/324818_mask_segm.png_ps_mask.png_sd2_0.png
39477,39477,couch,tgif_train_39477_couch_segm,segm,0,medium_10_to_30pct,185,True,False,38355,0.146313,data/research/tgif/masks/training/couch/39477_mask_segm.png_ps_mask.png,2a63a35e062ad0f500efcdebab85110406eef9a96bcfb43e4fe14d0114cd1d69,20541,orig/training/couch/39477_orig.png,sd2-sp/training/couch/39477_mask_segm.png_ps_mask.png_sd2_0.png
486479,486479,dog,tgif_train_486479_dog_segm,segm,0,medium_10_to_30pct,186,True,False,44980,0.171585,data/research/tgif/masks/training/dog/486479_mask_segm.png_ps_mask.png,15a48708a6662cd0a4d5521f45c3b55fe9780c8a025a8f3c331bf0a747a769f0,28451,orig/training/dog/486479_orig.png,sd2-sp/training/dog/486479_mask_segm.png_ps_mask.png_sd2_0.png
312340,312340,cat,tgif_train_312340_cat_segm,segm,0,medium_10_to_30pct,187,True,False,59945,0.228672,data/research/tgif/masks/training/cat/312340_mask_segm.png_ps_mask.png,2ae42b3731d65af860e05ea2b1e710b5f4c0893b70e039338dad4daa3632abed,28279,orig/training/cat/312340_orig.png,sd2-sp/training/cat/312340_mask_segm.png_ps_mask.png_sd2_0.png
255912,255912,sandwich,tgif_train_255912_sandwich_segm,segm,0,medium_10_to_30pct,188,True,False,70632,0.26944,data/research/tgif/masks/training/sandwich/255912_mask_segm.png_ps_mask.png,0cfb5bdf23e9a67f1c32b6ae821a06608c49655c8054f06aee11ba88d31275ac,21517,orig/training/sandwich/255912_orig.png,sd2-sp/training/sandwich/255912_mask_segm.png_ps_mask.png_sd2_0.png
372466,372466,mouse,tgif_train_372466_mouse_segm,segm,0,medium_10_to_30pct,189,True,False,28112,0.107239,data/research/tgif/masks/training/mouse/372466_mask_segm.png_ps_mask.png,5d916e7f618da0f1fd8adfb522e87cac411f4feb85dbd12ab9d2f740b16abc70,17201,orig/training/mouse/372466_orig.png,sd2-sp/training/mouse/372466_mask_segm.png_ps_mask.png_sd2_0.png
341058,341058,umbrella,tgif_train_341058_umbrella_segm,segm,0,medium_10_to_30pct,190,True,False,50841,0.193943,data/research/tgif/masks/training/umbrella/341058_mask_segm.png_ps_mask.png,5c432b70f95148e5f9b8d28e64ff09fbf4f01785170d405e3c8565e9adcd469a,18978,orig/training/umbrella/341058_orig.png,sd2-sp/training/umbrella/341058_mask_segm.png_ps_mask.png_sd2_0.png
407614,407614,refrigerator,tgif_train_407614_refrigerator_segm,segm,0,medium_10_to_30pct,191,True,False,41773,0.159351,data/research/tgif/masks/training/refrigerator/407614_mask_segm.png_ps_mask.png,ced4c754d755c526c7d469c6edc53457d0817aa69541d796cb789c6150af60ab,20786,orig/training/refrigerator/407614_orig.png,sd2-sp/training/refrigerator/407614_mask_segm.png_ps_mask.png_sd2_0.png
10363,10363,cat,tgif_train_10363_cat_segm,segm,0,medium_10_to_30pct,192,True,False,36356,0.138687,data/research/tgif/masks/training/cat/10363_mask_segm.png_ps_mask.png,2dae9878e6eaa1eb810a4176795ef8ecacc9ad07e461f425b2536510c9828466,21484,orig/training/cat/10363_orig.png,sd2-sp/training/cat/10363_mask_segm.png_ps_mask.png_sd2_0.png
276285,276285,pizza,tgif_train_276285_pizza_segm,segm,0,medium_10_to_30pct,193,True,False,32108,0.122482,data/research/tgif/masks/training/pizza/276285_mask_segm.png_ps_mask.png,69c90160dea415b2b94ab6a8644dfc1857a3f1a3dcb5e454d09a96b782a297b4,17399,orig/training/pizza/276285_orig.png,sd2-sp/training/pizza/276285_mask_segm.png_ps_mask.png_sd2_0.png
70048,70048,cup,tgif_train_70048_cup_segm,segm,0,medium_10_to_30pct,194,True,False,51328,0.195801,data/research/tgif/masks/training/cup/70048_mask_segm.png_ps_mask.png,ca8a4b6fdf5aa427ba4ca469a78b261d7277e935c31fe67fc49d1baf638cb2a3,25891,orig/training/cup/70048_orig.png,sd2-sp/training/cup/70048_mask_segm.png_ps_mask.png_sd2_0.png
60855,60855,apple,tgif_train_60855_apple_segm,segm,0,medium_10_to_30pct,195,True,False,33550,0.127983,data/research/tgif/masks/training/apple/60855_mask_segm.png_ps_mask.png,7ebf6b15c3c86063268862db826c2c593b55110731de1d1107b44fc1006125e5,20857,orig/training/apple/60855_orig.png,sd2-sp/training/apple/60855_mask_segm.png_ps_mask.png_sd2_0.png
27186,27186,couch,tgif_train_27186_couch_segm,segm,0,medium_10_to_30pct,196,True,False,26867,0.102489,data/research/tgif/masks/training/couch/27186_mask_segm.png_ps_mask.png,f18964c9acff8f828467207c10f2b14abfe2707bc37993ffc7b84b49ded31c92,19200,orig/training/couch/27186_orig.png,sd2-sp/training/couch/27186_mask_segm.png_ps_mask.png_sd2_0.png
533145,533145,tv,tgif_train_533145_tv_segm,segm,0,medium_10_to_30pct,197,True,False,29836,0.113815,data/research/tgif/masks/training/tv/533145_mask_segm.png_ps_mask.png,0d9b89b22dfb46ecaafdea3c8330a68c25098bd9786baf166592e27efb19296d,20558,orig/training/tv/533145_orig.png,sd2-sp/training/tv/533145_mask_segm.png_ps_mask.png_sd2_0.png
245026,245026,cake,tgif_train_245026_cake_segm,segm,0,medium_10_to_30pct,198,True,False,42787,0.163219,data/research/tgif/masks/training/cake/245026_mask_segm.png_ps_mask.png,56a60dcd3ab814e4e17b5b1bb03119ed0447133450ad01efd8cd1066489a97eb,18367,orig/training/cake/245026_orig.png,sd2-sp/training/cake/245026_mask_segm.png_ps_mask.png_sd2_0.png
213547,213547,refrigerator,tgif_train_213547_refrigerator_segm,segm,0,medium_10_to_30pct,199,True,False,30426,0.116066,data/research/tgif/masks/training/refrigerator/213547_mask_segm.png_ps_mask.png,ce27a9ff3240f337a5f970134b9f8b679c93542b73e360e19282a3be96ae79a3,17992,orig/training/refrigerator/213547_orig.png,sd2-sp/training/refrigerator/213547_mask_segm.png_ps_mask.png_sd2_0.png
533206,533206,sandwich,tgif_train_533206_sandwich_segm,segm,0,medium_10_to_30pct,200,True,False,70612,0.269363,data/research/tgif/masks/training/sandwich/533206_mask_segm.png_ps_mask.png,f197c640717fd638e03307b79dd321d1e6c789b4a015ee7509e6de02f44ea0a7,25148,orig/training/sandwich/533206_orig.png,sd2-sp/training/sandwich/533206_mask_segm.png_ps_mask.png_sd2_0.png
104669,104669,broccoli,tgif_train_104669_broccoli_segm,segm,0,medium_10_to_30pct,201,True,False,27463,0.104763,data/research/tgif/masks/training/broccoli/104669_mask_segm.png_ps_mask.png,180da0867f3dc0556531813ea5072d1a7ba4daffd6a1b4b3e780f0098a5bcd45,21406,orig/training/broccoli/104669_orig.png,sd2-sp/training/broccoli/104669_mask_segm.png_ps_mask.png_sd2_0.png
175535,175535,sandwich,tgif_train_175535_sandwich_segm,segm,0,medium_10_to_30pct,202,True,False,37003,0.141155,data/research/tgif/masks/training/sandwich/175535_mask_segm.png_ps_mask.png,eeb6ee3507f7dbdb8c4a05eda7437f1d73e61981be810eaa42fe590b45b0bef8,18869,orig/training/sandwich/175535_orig.png,sd2-sp/training/sandwich/175535_mask_segm.png_ps_mask.png_sd2_0.png
569565,569565,truck,tgif_train_569565_truck_segm,segm,0,medium_10_to_30pct,203,True,False,36367,0.138729,data/research/tgif/masks/training/truck/569565_mask_segm.png_ps_mask.png,69552141ea267f8b874e040d4e8593d9dfba4c251d44927c819e63db37062623,22592,orig/training/truck/569565_orig.png,sd2-sp/training/truck/569565_mask_segm.png_ps_mask.png_sd2_0.png
334006,334006,truck,tgif_train_334006_truck_segm,segm,0,medium_10_to_30pct,204,True,False,65631,0.250362,data/research/tgif/masks/training/truck/334006_mask_segm.png_ps_mask.png,82a33f4dabdc1f8f30e84ad2eb72191a952984fb9eb0aacc428124be6e6a4ebd,25921,orig/training/truck/334006_orig.png,sd2-sp/training/truck/334006_mask_segm.png_ps_mask.png_sd2_0.png
276284,276284,motorcycle,tgif_train_276284_motorcycle_segm,segm,0,medium_10_to_30pct,205,True,False,45507,0.173595,data/research/tgif/masks/training/motorcycle/276284_mask_segm.png_ps_mask.png,697a3501a1131139d2aef0f57a15cad873a17c15c7cad576cc0210ca78ac0020,30049,orig/training/motorcycle/276284_orig.png,sd2-sp/training/motorcycle/276284_mask_segm.png_ps_mask.png_sd2_0.png
429530,429530,vase,tgif_train_429530_vase_segm,segm,0,medium_10_to_30pct,206,True,False,32357,0.123432,data/research/tgif/masks/training/vase/429530_mask_segm.png_ps_mask.png,8cd76fe10c457447fe2757449b219d2a62da0b99558d48b8a4078773e3f98074,24090,orig/training/vase/429530_orig.png,sd2-sp/training/vase/429530_mask_segm.png_ps_mask.png_sd2_0.png
14007,14007,refrigerator,tgif_train_14007_refrigerator_segm,segm,0,medium_10_to_30pct,207,True,False,46066,0.175728,data/research/tgif/masks/training/refrigerator/14007_mask_segm.png_ps_mask.png,bac4b6443c7f2fe362a310fb9c02f69c60e97d54762a1783e0faa115541d8f6f,19286,orig/training/refrigerator/14007_orig.png,sd2-sp/training/refrigerator/14007_mask_segm.png_ps_mask.png_sd2_0.png
568439,568439,bus,tgif_train_568439_bus_segm,segm,0,medium_10_to_30pct,208,True,False,40517,0.15456,data/research/tgif/masks/training/bus/568439_mask_segm.png_ps_mask.png,8c2c69939e51d1ea0eb16feba9c637d7d8fa9c83deea57885119337d7864bf68,20185,orig/training/bus/568439_orig.png,sd2-sp/training/bus/568439_mask_segm.png_ps_mask.png_sd2_0.png
189078,189078,apple,tgif_train_189078_apple_segm,segm,0,medium_10_to_30pct,209,True,False,28004,0.106827,data/research/tgif/masks/training/apple/189078_mask_segm.png_ps_mask.png,e08a1ef5bfc33b164cccb75918f6ed2d69f15881ac7d8000db2b06dd60a5b5fb,22434,orig/training/apple/189078_orig.png,sd2-sp/training/apple/189078_mask_segm.png_ps_mask.png_sd2_0.png
18737,18737,motorcycle,tgif_train_18737_motorcycle_segm,segm,0,medium_10_to_30pct,210,True,False,62942,0.240105,data/research/tgif/masks/training/motorcycle/18737_mask_segm.png_ps_mask.png,07b35893972f0e1db2dd00179d77f9e315ecce0f61dcfebaebca4eeab461accf,27090,orig/training/motorcycle/18737_orig.png,sd2-sp/training/motorcycle/18737_mask_segm.png_ps_mask.png_sd2_0.png
413247,413247,laptop,tgif_train_413247_laptop_segm,segm,0,medium_10_to_30pct,211,True,False,65725,0.250721,data/research/tgif/masks/training/laptop/413247_mask_segm.png_ps_mask.png,d2d755052c80adbaaca70d297c88ed645cfcfc5812ddb0afbc0fdd689710e8f5,20273,orig/training/laptop/413247_orig.png,sd2-sp/training/laptop/413247_mask_segm.png_ps_mask.png_sd2_0.png
226984,226984,oven,tgif_train_226984_oven_segm,segm,0,medium_10_to_30pct,212,True,False,27048,0.10318,data/research/tgif/masks/training/oven/226984_mask_segm.png_ps_mask.png,391934261694a512ed4661282f2fb3e96b5646ae71c3b3dd0e05c238dccaf594,17442,orig/training/oven/226984_orig.png,sd2-sp/training/oven/226984_mask_segm.png_ps_mask.png_sd2_0.png
117914,117914,toilet,tgif_train_117914_toilet_segm,segm,0,medium_10_to_30pct,213,True,False,27045,0.103168,data/research/tgif/masks/training/toilet/117914_mask_segm.png_ps_mask.png,2f8c706948e0aa31efd6732bdb61b9e48bd79147465df80ffe59b94f0e10d7aa,22654,orig/training/toilet/117914_orig.png,sd2-sp/training/toilet/117914_mask_segm.png_ps_mask.png_sd2_0.png
311950,311950,hot dog,tgif_train_311950_hot dog_segm,segm,0,medium_10_to_30pct,214,True,False,45961,0.175327,data/research/tgif/masks/training/hot dog/311950_mask_segm.png_ps_mask.png,24f513f049c33a54b17aada04b1c318025aef7fd45d9eab387dcabfdd0f8ee9a,19459,orig/training/hot dog/311950_orig.png,sd2-sp/training/hot dog/311950_mask_segm.png_ps_mask.png_sd2_0.png
462629,462629,refrigerator,tgif_train_462629_refrigerator_segm,segm,0,medium_10_to_30pct,215,True,False,31918,0.121758,data/research/tgif/masks/training/refrigerator/462629_mask_segm.png_ps_mask.png,c1f30bb8fcd4a74bc090ccdb47271f0af1c14864c819e60f9c18bf287feab3dd,17079,orig/training/refrigerator/462629_orig.png,sd2-sp/training/refrigerator/462629_mask_segm.png_ps_mask.png_sd2_0.png
434204,434204,person,tgif_train_434204_person_segm,segm,0,medium_10_to_30pct,216,True,False,35603,0.135815,data/research/tgif/masks/training/person/434204_mask_segm.png_ps_mask.png,f692318a3744fb7d600c77c9f65a6104ceb1e3a015f0b61a6aef59ba420e6d0a,22413,orig/training/person/434204_orig.png,sd2-sp/training/person/434204_mask_segm.png_ps_mask.png_sd2_0.png
528705,528705,teddy bear,tgif_train_528705_teddy bear_segm,segm,0,medium_10_to_30pct,217,True,False,67932,0.25914,data/research/tgif/masks/training/teddy bear/528705_mask_segm.png_ps_mask.png,f1b9acaf387e7adb49eb37b9acccf6eb953cc9461f5e3cf0f71942c9a57a7bc2,27131,orig/training/teddy bear/528705_orig.png,sd2-sp/training/teddy bear/528705_mask_segm.png_ps_mask.png_sd2_0.png
64868,64868,oven,tgif_train_64868_oven_segm,segm,0,medium_10_to_30pct,218,True,False,74244,0.283218,data/research/tgif/masks/training/oven/64868_mask_segm.png_ps_mask.png,a5d44bfc24d97bfddd76a929fd56b9dd3ddcf86cd39fda6245ecfb1268dbb66d,22331,orig/training/oven/64868_orig.png,sd2-sp/training/oven/64868_mask_segm.png_ps_mask.png_sd2_0.png
13004,13004,banana,tgif_train_13004_banana_segm,segm,0,medium_10_to_30pct,219,True,False,53037,0.20232,data/research/tgif/masks/training/banana/13004_mask_segm.png_ps_mask.png,51627eca694aea8321c7cb9827941f3bd7d38f92420dfba60552250195c1e090,20309,orig/training/banana/13004_orig.png,sd2-sp/training/banana/13004_mask_segm.png_ps_mask.png_sd2_0.png
475572,475572,teddy bear,tgif_train_475572_teddy bear_segm,segm,0,medium_10_to_30pct,220,True,False,34338,0.130989,data/research/tgif/masks/training/teddy bear/475572_mask_segm.png_ps_mask.png,c3878f4ec2ca509608a1f12fdee7fa9fcd28e69b5ccd881309677f0e70b5d6e5,23878,orig/training/teddy bear/475572_orig.png,sd2-sp/training/teddy bear/475572_mask_segm.png_ps_mask.png_sd2_0.png
416451,416451,couch,tgif_train_416451_couch_segm,segm,0,medium_10_to_30pct,221,True,False,29058,0.110847,data/research/tgif/masks/training/couch/416451_mask_segm.png_ps_mask.png,4c92d99a63987b99c8f57e3b4c2c6ff7ffc453080fac4bc88911f53c61d7fb84,21102,orig/training/couch/416451_orig.png,sd2-sp/training/couch/416451_mask_segm.png_ps_mask.png_sd2_0.png
128148,128148,couch,tgif_train_128148_couch_segm,segm,0,medium_10_to_30pct,222,False,False,39027,0.148876,data/research/tgif/masks/training/couch/128148_mask_segm.png_ps_mask.png,bd396d263aed6831df4b63159609ad226d06e6314ae204d95a3269f7d97fdae1,17518,orig/training/couch/128148_orig.png,sd2-sp/training/couch/128148_mask_segm.png_ps_mask.png_sd2_0.png
505565,505565,bird,tgif_train_505565_bird_segm,segm,0,medium_10_to_30pct,223,False,False,34315,0.130901,data/research/tgif/masks/training/bird/505565_mask_segm.png_ps_mask.png,22f06840739b79635f92767845d3b19d15ed6f68735dc403213ebebdad9d58ba,26553,orig/training/bird/505565_orig.png,sd2-sp/training/bird/505565_mask_segm.png_ps_mask.png_sd2_0.png
119452,119452,orange,tgif_train_119452_orange_segm,segm,0,medium_10_to_30pct,224,False,False,52137,0.198887,data/research/tgif/masks/training/orange/119452_mask_segm.png_ps_mask.png,4e0a7bbd460d0df41ed27425107a4b5dc73e9e803201572b6a031f3834ce2158,12885,orig/training/orange/119452_orig.png,sd2-sp/training/orange/119452_mask_segm.png_ps_mask.png_sd2_0.png
385719,385719,tv,tgif_train_385719_tv_segm,segm,0,medium_10_to_30pct,225,False,False,31773,0.121204,data/research/tgif/masks/training/tv/385719_mask_segm.png_ps_mask.png,376dd37a72568571c8f50465b5c9568747da0420bbe1dbf4f01be6582dc44493,17299,orig/training/tv/385719_orig.png,sd2-sp/training/tv/385719_mask_segm.png_ps_mask.png_sd2_0.png
387098,387098,laptop,tgif_train_387098_laptop_segm,segm,0,medium_10_to_30pct,226,False,False,33743,0.128719,data/research/tgif/masks/training/laptop/387098_mask_segm.png_ps_mask.png,fc033be0647d517a3ea4e954c53605bdaabdd3a95b9789d098dd44412cc2f7aa,19877,orig/training/laptop/387098_orig.png,sd2-sp/training/laptop/387098_mask_segm.png_ps_mask.png_sd2_0.png
6614,6614,orange,tgif_train_6614_orange_segm,segm,0,medium_10_to_30pct,227,False,False,45381,0.173115,data/research/tgif/masks/training/orange/6614_mask_segm.png_ps_mask.png,1ef08e798936ff7e109cc9a0442c413282200b60c3a088e0072d843a004f2bf2,24995,orig/training/orange/6614_orig.png,sd2-sp/training/orange/6614_mask_segm.png_ps_mask.png_sd2_0.png
17714,17714,pizza,tgif_train_17714_pizza_segm,segm,0,medium_10_to_30pct,228,False,False,33980,0.129623,data/research/tgif/masks/training/pizza/17714_mask_segm.png_ps_mask.png,5c7906c9fa863c73001bbe8c96963abc3a67afa9d7b60b74b221ff383d87e620,22961,orig/training/pizza/17714_orig.png,sd2-sp/training/pizza/17714_mask_segm.png_ps_mask.png_sd2_0.png
165681,165681,motorcycle,tgif_train_165681_motorcycle_segm,segm,0,medium_10_to_30pct,229,False,False,30117,0.114887,data/research/tgif/masks/training/motorcycle/165681_mask_segm.png_ps_mask.png,9a3599460fdcf045515eca70c7a333a25e53cdd17fe7b48657563195f772c58b,21542,orig/training/motorcycle/165681_orig.png,sd2-sp/training/motorcycle/165681_mask_segm.png_ps_mask.png_sd2_0.png
148620,148620,tv,tgif_train_148620_tv_segm,segm,0,medium_10_to_30pct,230,False,False,50469,0.192524,data/research/tgif/masks/training/tv/148620_mask_segm.png_ps_mask.png,fbc85ed3906f7656c44aa67856fe443fed929f971421163e5175e727d48cdedb,15898,orig/training/tv/148620_orig.png,sd2-sp/training/tv/148620_mask_segm.png_ps_mask.png_sd2_0.png
335800,335800,traffic light,tgif_train_335800_traffic light_segm,segm,0,medium_10_to_30pct,231,False,False,31649,0.120731,data/research/tgif/masks/training/traffic light/335800_mask_segm.png_ps_mask.png,b2b00ba11b12c0f5bd8aaa25a5652b4bce3d728254d00ffbec5f2654ec7933b5,19215,orig/training/traffic light/335800_orig.png,sd2-sp/training/traffic light/335800_mask_segm.png_ps_mask.png_sd2_0.png
248111,248111,refrigerator,tgif_train_248111_refrigerator_segm,segm,0,medium_10_to_30pct,232,False,False,33137,0.126408,data/research/tgif/masks/training/refrigerator/248111_mask_segm.png_ps_mask.png,8fd6432b4301af5256b8b55bc01e8b58165330f284565541cd22493ee99017f5,17273,orig/training/refrigerator/248111_orig.png,sd2-sp/training/refrigerator/248111_mask_segm.png_ps_mask.png_sd2_0.png
802,802,oven,tgif_train_802_oven_segm,segm,0,medium_10_to_30pct,233,False,False,39479,0.1506,data/research/tgif/masks/training/oven/802_mask_segm.png_ps_mask.png,5cf00ecdcddf13d37daec7ecef2768f2bf809445082ce12e9a70193e909d70de,17132,orig/training/oven/802_orig.png,sd2-sp/training/oven/802_mask_segm.png_ps_mask.png_sd2_0.png
562197,562197,broccoli,tgif_train_562197_broccoli_segm,segm,0,medium_10_to_30pct,234,False,False,45434,0.173317,data/research/tgif/masks/training/broccoli/562197_mask_segm.png_ps_mask.png,a8f195dec3103e2574c2a6f7ef080a8bd267e3a858b8e34f039cf6133a430295,31540,orig/training/broccoli/562197_orig.png,sd2-sp/training/broccoli/562197_mask_segm.png_ps_mask.png_sd2_0.png
202339,202339,bus,tgif_train_202339_bus_segm,segm,0,medium_10_to_30pct,235,False,False,46324,0.176712,data/research/tgif/masks/training/bus/202339_mask_segm.png_ps_mask.png,56c01d9301c35486f215f692f4a3bd869a721b18e30e9bf5d95d19a41c875d92,25918,orig/training/bus/202339_orig.png,sd2-sp/training/bus/202339_mask_segm.png_ps_mask.png_sd2_0.png
548506,548506,banana,tgif_train_548506_banana_segm,segm,0,medium_10_to_30pct,236,False,False,55670,0.212364,data/research/tgif/masks/training/banana/548506_mask_segm.png_ps_mask.png,7802c12a9a1055b3b63c2992717ee663302b477eba915d6c5225661814063827,24005,orig/training/banana/548506_orig.png,sd2-sp/training/banana/548506_mask_segm.png_ps_mask.png_sd2_0.png
342295,342295,toilet,tgif_train_342295_toilet_segm,segm,0,medium_10_to_30pct,237,False,False,31422,0.119865,data/research/tgif/masks/training/toilet/342295_mask_segm.png_ps_mask.png,a3731729850942026ba5954ab579d0964501898b676f046e277b38ebb7584990,22629,orig/training/toilet/342295_orig.png,sd2-sp/training/toilet/342295_mask_segm.png_ps_mask.png_sd2_0.png
466986,466986,person,tgif_train_466986_person_segm,segm,0,medium_10_to_30pct,238,False,False,39509,0.150715,data/research/tgif/masks/training/person/466986_mask_segm.png_ps_mask.png,71c0630f857391917a89cabe9de5972604069a69f2a088570abd795f4ecf5968,28420,orig/training/person/466986_orig.png,sd2-sp/training/person/466986_mask_segm.png_ps_mask.png_sd2_0.png
167159,167159,book,tgif_train_167159_book_segm,segm,0,medium_10_to_30pct,239,False,False,28370,0.108223,data/research/tgif/masks/training/book/167159_mask_segm.png_ps_mask.png,65ce7ef78eea8ff7759afd4325a93f3bb43bf8aa8c4048980efcd105bcea755f,19915,orig/training/book/167159_orig.png,sd2-sp/training/book/167159_mask_segm.png_ps_mask.png_sd2_0.png
215644,215644,microwave,tgif_train_215644_microwave_segm,segm,0,medium_10_to_30pct,240,False,False,38063,0.145199,data/research/tgif/masks/training/microwave/215644_mask_segm.png_ps_mask.png,61010f818fbd7dc8a78621de839fd86175a968a48179daba5e0ff8d3d6fdfa8d,16930,orig/training/microwave/215644_orig.png,sd2-sp/training/microwave/215644_mask_segm.png_ps_mask.png_sd2_0.png
459954,459954,refrigerator,tgif_train_459954_refrigerator_segm,segm,0,medium_10_to_30pct,241,False,False,26319,0.100399,data/research/tgif/masks/training/refrigerator/459954_mask_segm.png_ps_mask.png,5585c6ce5b71f4351f8ffb78039b6e2a198e33e9b618683e9791d5be2dae6245,16917,orig/training/refrigerator/459954_orig.png,sd2-sp/training/refrigerator/459954_mask_segm.png_ps_mask.png_sd2_0.png
324927,324927,pizza,tgif_train_324927_pizza_segm,segm,0,medium_10_to_30pct,242,False,False,42451,0.161938,data/research/tgif/masks/training/pizza/324927_mask_segm.png_ps_mask.png,e3ec5d1c834a668ef9c1a118e369c51171384bae9d4a4f0152d239405e614259,24622,orig/training/pizza/324927_orig.png,sd2-sp/training/pizza/324927_mask_segm.png_ps_mask.png_sd2_0.png
52413,52413,cell phone,tgif_train_52413_cell phone_segm,segm,0,medium_10_to_30pct,243,False,False,29188,0.111343,data/research/tgif/masks/training/cell phone/52413_mask_segm.png_ps_mask.png,f5e541f86771f0a5b74a64ab0a07b979c4a44900656ae12510b5d760ccfdd17e,23648,orig/training/cell phone/52413_orig.png,sd2-sp/training/cell phone/52413_mask_segm.png_ps_mask.png_sd2_0.png
404568,404568,bird,tgif_train_404568_bird_segm,segm,0,medium_10_to_30pct,244,False,False,37530,0.143166,data/research/tgif/masks/training/bird/404568_mask_segm.png_ps_mask.png,773f1589348cd6ca8392fedf299314789715d4efd1d264602d7eafbaf82e1f10,34158,orig/training/bird/404568_orig.png,sd2-sp/training/bird/404568_mask_segm.png_ps_mask.png_sd2_0.png
551822,551822,sandwich,tgif_train_551822_sandwich_segm,segm,0,medium_10_to_30pct,245,False,False,42363,0.161602,data/research/tgif/masks/training/sandwich/551822_mask_segm.png_ps_mask.png,d7312b48eb9311995704093c1e1e604ecb5dfff37d5f728c2de878bf53eb0408,18636,orig/training/sandwich/551822_orig.png,sd2-sp/training/sandwich/551822_mask_segm.png_ps_mask.png_sd2_0.png
280930,280930,oven,tgif_train_280930_oven_segm,segm,0,medium_10_to_30pct,246,False,False,30531,0.116467,data/research/tgif/masks/training/oven/280930_mask_segm.png_ps_mask.png,e7602aa941445d512cebc985894f877f3b80f3241abdfb9b7e604fad4c18df45,17751,orig/training/oven/280930_orig.png,sd2-sp/training/oven/280930_mask_segm.png_ps_mask.png_sd2_0.png
189451,189451,cake,tgif_train_189451_cake_segm,segm,0,medium_10_to_30pct,247,False,False,62984,0.240265,data/research/tgif/masks/training/cake/189451_mask_segm.png_ps_mask.png,a7f4cec1c34c720a01f87445bf8ec3e7b128749cfc0f17fa0aee4d0421cc116b,23861,orig/training/cake/189451_orig.png,sd2-sp/training/cake/189451_mask_segm.png_ps_mask.png_sd2_0.png
393014,393014,sandwich,tgif_train_393014_sandwich_segm,segm,0,medium_10_to_30pct,248,False,False,39044,0.148941,data/research/tgif/masks/training/sandwich/393014_mask_segm.png_ps_mask.png,4042d94a759f3922626ce03d3a324f374c6eea6c2a0a7b5045341f0abe475de1,24895,orig/training/sandwich/393014_orig.png,sd2-sp/training/sandwich/393014_mask_segm.png_ps_mask.png_sd2_0.png
568584,568584,couch,tgif_train_568584_couch_segm,segm,0,medium_10_to_30pct,249,False,False,57061,0.21767,data/research/tgif/masks/training/couch/568584_mask_segm.png_ps_mask.png,4a041e18f9fb55c2f4b440a8aae19c71b3a35cd66699381358b25b77c612cb99,23048,orig/training/couch/568584_orig.png,sd2-sp/training/couch/568584_mask_segm.png_ps_mask.png_sd2_0.png
38576,38576,tv,tgif_train_38576_tv_segm,segm,0,medium_10_to_30pct,250,False,False,52862,0.201653,data/research/tgif/masks/training/tv/38576_mask_segm.png_ps_mask.png,3577f93caef37682c16e70f4567a3671c481ce7c5eac043e046638829a672138,18714,orig/training/tv/38576_orig.png,sd2-sp/training/tv/38576_mask_segm.png_ps_mask.png_sd2_0.png
554579,554579,dog,tgif_train_554579_dog_segm,segm,0,medium_10_to_30pct,251,False,False,34373,0.131123,data/research/tgif/masks/training/dog/554579_mask_segm.png_ps_mask.png,8ed1974a363655d813a0d836071358af3ada323a36364ace87d1ae3481603100,34588,orig/training/dog/554579_orig.png,sd2-sp/training/dog/554579_mask_segm.png_ps_mask.png_sd2_0.png
77396,77396,tv,tgif_train_77396_tv_segm,segm,0,medium_10_to_30pct,252,False,False,35620,0.13588,data/research/tgif/masks/training/tv/77396_mask_segm.png_ps_mask.png,5dfb90c37ad6df4235813fef11847d38cbb084e2739bc2655693d1b055093f91,17790,orig/training/tv/77396_orig.png,sd2-sp/training/tv/77396_mask_segm.png_ps_mask.png_sd2_0.png
119677,119677,cake,tgif_train_119677_cake_segm,segm,0,medium_10_to_30pct,253,False,False,33582,0.128105,data/research/tgif/masks/training/cake/119677_mask_segm.png_ps_mask.png,7e541b219c038f0be3f2522e9f594e14004f0d8cdb2208287b1ecef69d7c9282,21920,orig/training/cake/119677_orig.png,sd2-sp/training/cake/119677_mask_segm.png_ps_mask.png_sd2_0.png
137294,137294,oven,tgif_train_137294_oven_segm,segm,0,medium_10_to_30pct,254,False,False,54357,0.207355,data/research/tgif/masks/training/oven/137294_mask_segm.png_ps_mask.png,ccce752795f1b7a19155e54e1e2648e498347282b4abc02e9e8902f7b347d585,13721,orig/training/oven/137294_orig.png,sd2-sp/training/oven/137294_mask_segm.png_ps_mask.png_sd2_0.png
232649,232649,sink,tgif_train_232649_sink_segm,segm,0,medium_10_to_30pct,255,False,False,38822,0.148094,data/research/tgif/masks/training/sink/232649_mask_segm.png_ps_mask.png,29467503584059eeb1da60609ec30de13a6c44cd876e9f586ae4e954dad0ef87,18258,orig/training/sink/232649_orig.png,sd2-sp/training/sink/232649_mask_segm.png_ps_mask.png_sd2_0.png
314541,314541,bench,tgif_train_314541_bench_segm,segm,0,medium_10_to_30pct,256,False,False,28134,0.107323,data/research/tgif/masks/training/bench/314541_mask_segm.png_ps_mask.png,6840aaaf04630d01787f5bc03e2bb39ab8f5861b6a888970d99bae569ace0ec0,20204,orig/training/bench/314541_orig.png,sd2-sp/training/bench/314541_mask_segm.png_ps_mask.png_sd2_0.png
48924,48924,motorcycle,tgif_train_48924_motorcycle_segm,segm,0,medium_10_to_30pct,257,False,False,38283,0.146038,data/research/tgif/masks/training/motorcycle/48924_mask_segm.png_ps_mask.png,a644cb134ee972da83fda9a1e5d31210dacd41dedce501cf79aeec0a3e4b8e26,28957,orig/training/motorcycle/48924_orig.png,sd2-sp/training/motorcycle/48924_mask_segm.png_ps_mask.png_sd2_0.png
302882,302882,cell phone,tgif_train_302882_cell phone_segm,segm,0,medium_10_to_30pct,258,False,False,27982,0.106743,data/research/tgif/masks/training/cell phone/302882_mask_segm.png_ps_mask.png,3e80e509203310557e0b216c36ecc4735922730ca817d77c3af2f9f93620561e,20819,orig/training/cell phone/302882_orig.png,sd2-sp/training/cell phone/302882_mask_segm.png_ps_mask.png_sd2_0.png
140439,140439,vase,tgif_train_140439_vase_segm,segm,0,medium_10_to_30pct,259,False,False,34650,0.132179,data/research/tgif/masks/training/vase/140439_mask_segm.png_ps_mask.png,79b1349e5bdff75b79c1ff6b69c87e029bc25460a7f3447d1940c2e4a9a89cc2,18073,orig/training/vase/140439_orig.png,sd2-sp/training/vase/140439_mask_segm.png_ps_mask.png_sd2_0.png
261161,261161,bench,tgif_train_261161_bench_segm,segm,0,medium_10_to_30pct,260,False,False,43821,0.167164,data/research/tgif/masks/training/bench/261161_mask_segm.png_ps_mask.png,b362e6ac973c16c580bf64843281b6804f347859a294afeb7bb216cdb07059af,22582,orig/training/bench/261161_orig.png,sd2-sp/training/bench/261161_mask_segm.png_ps_mask.png_sd2_0.png
512403,512403,vase,tgif_train_512403_vase_segm,segm,0,medium_10_to_30pct,261,False,False,30404,0.115982,data/research/tgif/masks/training/vase/512403_mask_segm.png_ps_mask.png,fb669bd14c748a2614aaca7b0c2a77fd908c0eb55c373bd6dfe65f01998dfff0,21512,orig/training/vase/512403_orig.png,sd2-sp/training/vase/512403_mask_segm.png_ps_mask.png_sd2_0.png
300155,300155,bird,tgif_train_300155_bird_segm,segm,0,medium_10_to_30pct,262,False,False,30722,0.117195,data/research/tgif/masks/training/bird/300155_mask_segm.png_ps_mask.png,58dfbd269d6a8531a0559924f90d5ae90a72fd14b03b1fc2e866d5d7449edc3b,25782,orig/training/bird/300155_orig.png,sd2-sp/training/bird/300155_mask_segm.png_ps_mask.png_sd2_0.png
214869,214869,cell phone,tgif_train_214869_cell phone_segm,segm,0,medium_10_to_30pct,263,False,False,43133,0.164539,data/research/tgif/masks/training/cell phone/214869_mask_segm.png_ps_mask.png,eaa95224399d13ebae72c9a96aeea37aeefbdd59009418b89d42bdcf35281212,21082,orig/training/cell phone/214869_orig.png,sd2-sp/training/cell phone/214869_mask_segm.png_ps_mask.png_sd2_0.png
23023,23023,suitcase,tgif_train_23023_suitcase_segm,segm,0,medium_10_to_30pct,264,False,False,35169,0.134159,data/research/tgif/masks/training/suitcase/23023_mask_segm.png_ps_mask.png,5065aad66fe6b1ab13917d5298279da976b0c05426dc06488092376e3e08c068,16240,orig/training/suitcase/23023_orig.png,sd2-sp/training/suitcase/23023_mask_segm.png_ps_mask.png_sd2_0.png
138241,138241,hot dog,tgif_train_138241_hot dog_segm,segm,0,medium_10_to_30pct,265,False,False,38312,0.146149,data/research/tgif/masks/training/hot dog/138241_mask_segm.png_ps_mask.png,611f0e754093d61d80e9c39f6c520c666dc1ee1c88f3416f4b5e62a3d79e4b9e,23100,orig/training/hot dog/138241_orig.png,sd2-sp/training/hot dog/138241_mask_segm.png_ps_mask.png_sd2_0.png
207306,207306,teddy bear,tgif_train_207306_teddy bear_segm,segm,0,medium_10_to_30pct,266,False,False,58136,0.221771,data/research/tgif/masks/training/teddy bear/207306_mask_segm.png_ps_mask.png,fcc019f60f9ac7da8d41e6cb2f3109d5ac96d55c9ed1662bb27f674e9e5c2f36,26945,orig/training/teddy bear/207306_orig.png,sd2-sp/training/teddy bear/207306_mask_segm.png_ps_mask.png_sd2_0.png
492110,492110,laptop,tgif_train_492110_laptop_segm,segm,0,medium_10_to_30pct,267,False,False,34070,0.129967,data/research/tgif/masks/training/laptop/492110_mask_segm.png_ps_mask.png,592eca2ae6ea165560bf900bafdd83fb90b547d08c3990caeee63d1fb1d900de,21690,orig/training/laptop/492110_orig.png,sd2-sp/training/laptop/492110_mask_segm.png_ps_mask.png_sd2_0.png
288391,288391,cell phone,tgif_train_288391_cell phone_segm,segm,0,medium_10_to_30pct,268,False,False,48485,0.184956,data/research/tgif/masks/training/cell phone/288391_mask_segm.png_ps_mask.png,9d63665941cb6e7ab44ddc327a85e471a2f2e29627db2dd0745e371a3558c773,19556,orig/training/cell phone/288391_orig.png,sd2-sp/training/cell phone/288391_mask_segm.png_ps_mask.png_sd2_0.png
107087,107087,cat,tgif_train_107087_cat_segm,segm,0,medium_10_to_30pct,269,False,False,37276,0.142197,data/research/tgif/masks/training/cat/107087_mask_segm.png_ps_mask.png,ab983279ed4eb91f588229389d045ff6f93679e1087b15b57e69951e25b929b7,27424,orig/training/cat/107087_orig.png,sd2-sp/training/cat/107087_mask_segm.png_ps_mask.png_sd2_0.png
197796,197796,sink,tgif_train_197796_sink_segm,segm,0,medium_10_to_30pct,270,False,False,42561,0.162357,data/research/tgif/masks/training/sink/197796_mask_segm.png_ps_mask.png,0da17ccf141595cfff6375cc9009e4d89f9b9a7a273be30cbbe6a434d7cbfe10,24579,orig/training/sink/197796_orig.png,sd2-sp/training/sink/197796_mask_segm.png_ps_mask.png_sd2_0.png
7816,7816,motorcycle,tgif_train_7816_motorcycle_segm,segm,0,medium_10_to_30pct,271,False,False,43023,0.16412,data/research/tgif/masks/training/motorcycle/7816_mask_segm.png_ps_mask.png,17c1b55e0ec0de4285e6c638c867c97d500d5c4ae2d1aa98f92986f106903446,28162,orig/training/motorcycle/7816_orig.png,sd2-sp/training/motorcycle/7816_mask_segm.png_ps_mask.png_sd2_0.png
393226,393226,truck,tgif_train_393226_truck_segm,segm,0,medium_10_to_30pct,272,False,False,51841,0.197758,data/research/tgif/masks/training/truck/393226_mask_segm.png_ps_mask.png,2c650dbd6d5000c86ba51bdf2001e8c4cf10da3870c1ec5ff43c11f74805d30e,24852,orig/training/truck/393226_orig.png,sd2-sp/training/truck/393226_mask_segm.png_ps_mask.png_sd2_0.png
232684,232684,laptop,tgif_train_232684_laptop_segm,segm,0,medium_10_to_30pct,273,False,False,46166,0.176109,data/research/tgif/masks/training/laptop/232684_mask_segm.png_ps_mask.png,7c8c6fcb83248bedaa83cd2dbcae41c1079da809ef7767f7b45bd20b8ec2b1b0,25022,orig/training/laptop/232684_orig.png,sd2-sp/training/laptop/232684_mask_segm.png_ps_mask.png_sd2_0.png
102411,102411,motorcycle,tgif_train_102411_motorcycle_segm,segm,0,medium_10_to_30pct,274,False,False,29071,0.110897,data/research/tgif/masks/training/motorcycle/102411_mask_segm.png_ps_mask.png,d3b461ff9620ac33932c7d648ab3ac61c3f1bae3b0487e5f14b276341927d1cd,31262,orig/training/motorcycle/102411_orig.png,sd2-sp/training/motorcycle/102411_mask_segm.png_ps_mask.png_sd2_0.png
255824,255824,cake,tgif_train_255824_cake_segm,segm,0,medium_10_to_30pct,275,False,False,55241,0.210728,data/research/tgif/masks/training/cake/255824_mask_segm.png_ps_mask.png,79284381535aa81d2ac20aa005fc89bfd0e4d8f02d0a1ca112a67657e284b24b,29112,orig/training/cake/255824_orig.png,sd2-sp/training/cake/255824_mask_segm.png_ps_mask.png_sd2_0.png
86220,86220,car,tgif_train_86220_car_segm,segm,0,medium_10_to_30pct,276,False,False,40493,0.154469,data/research/tgif/masks/training/car/86220_mask_segm.png_ps_mask.png,4096f6cbe428056e92a9c5842d00ef8b9646ccadbeb537afa5ca1050280b1947,19935,orig/training/car/86220_orig.png,sd2-sp/training/car/86220_mask_segm.png_ps_mask.png_sd2_0.png
490125,490125,truck,tgif_train_490125_truck_segm,segm,0,medium_10_to_30pct,277,False,False,32729,0.124851,data/research/tgif/masks/training/truck/490125_mask_segm.png_ps_mask.png,e2a0ba4354eceff85a44b85ee37699ebbc119efd87d7307e43533b2bfc19b1ea,19967,orig/training/truck/490125_orig.png,sd2-sp/training/truck/490125_mask_segm.png_ps_mask.png_sd2_0.png
428867,428867,teddy bear,tgif_train_428867_teddy bear_segm,segm,0,medium_10_to_30pct,278,False,False,37359,0.142513,data/research/tgif/masks/training/teddy bear/428867_mask_segm.png_ps_mask.png,a686132ed0b14707a4d0aeef01152e7cfadfe08bbc724bfffddbfbbf7e3eb8e7,24177,orig/training/teddy bear/428867_orig.png,sd2-sp/training/teddy bear/428867_mask_segm.png_ps_mask.png_sd2_0.png
286908,286908,dining table,tgif_train_286908_dining table_segm,segm,0,medium_10_to_30pct,279,False,False,59240,0.225983,data/research/tgif/masks/training/dining table/286908_mask_segm.png_ps_mask.png,7f3c5cf9f150512a6927c0031e83ba04d89e5cd8665825dd2543228a6688aac0,20562,orig/training/dining table/286908_orig.png,sd2-sp/training/dining table/286908_mask_segm.png_ps_mask.png_sd2_0.png
11699,11699,suitcase,tgif_train_11699_suitcase_segm,segm,0,medium_10_to_30pct,280,False,False,44854,0.171104,data/research/tgif/masks/training/suitcase/11699_mask_segm.png_ps_mask.png,0733dd973d04261b67f5f32d0ab55eb9e709986bd21729c51151fa71d1c9fce0,20987,orig/training/suitcase/11699_orig.png,sd2-sp/training/suitcase/11699_mask_segm.png_ps_mask.png_sd2_0.png
353027,353027,pizza,tgif_train_353027_pizza_segm,segm,0,medium_10_to_30pct,281,False,False,62762,0.239418,data/research/tgif/masks/training/pizza/353027_mask_segm.png_ps_mask.png,2de3028d81f56452ab36badb8024e2fabf2ddb9ada35c054bb2c86195a37d1fb,26437,orig/training/pizza/353027_orig.png,sd2-sp/training/pizza/353027_mask_segm.png_ps_mask.png_sd2_0.png
102707,102707,bottle,tgif_train_102707_bottle_segm,segm,0,medium_10_to_30pct,282,False,False,30469,0.11623,data/research/tgif/masks/training/bottle/102707_mask_segm.png_ps_mask.png,d02244c426ec37c3445b480975932c63d1638281d72819dc353bded970ced517,17651,orig/training/bottle/102707_orig.png,sd2-sp/training/bottle/102707_mask_segm.png_ps_mask.png_sd2_0.png
193162,193162,dog,tgif_train_193162_dog_segm,segm,0,small_under_10pct,1,True,True,4124,0.015732,data/research/tgif/masks/training/dog/193162_mask_segm.png_ps_mask.png,cc800b7559b516bb3ca03b2f91d05b2788e22dd077d52bca3086efce1159b8c8,16560,orig/training/dog/193162_orig.png,sd2-sp/training/dog/193162_mask_segm.png_ps_mask.png_sd2_0.png
15597,15597,bicycle,tgif_train_15597_bicycle_segm,segm,0,small_under_10pct,2,True,True,3021,0.011524,data/research/tgif/masks/training/bicycle/15597_mask_segm.png_ps_mask.png,1ff6ac43383685dd55333bd8cdf1f602bbbd6ecdd3ec2930e31d62d84304e1b0,14792,orig/training/bicycle/15597_orig.png,sd2-sp/training/bicycle/15597_mask_segm.png_ps_mask.png_sd2_0.png
370711,370711,umbrella,tgif_train_370711_umbrella_segm,segm,0,small_under_10pct,3,True,True,5021,0.019154,data/research/tgif/masks/training/umbrella/370711_mask_segm.png_ps_mask.png,4322331dab464f2e7a59dadd5e55efc26f47b5331ab918250b98ca3c55123847,20764,orig/training/umbrella/370711_orig.png,sd2-sp/training/umbrella/370711_mask_segm.png_ps_mask.png_sd2_0.png
193674,193674,dog,tgif_train_193674_dog_segm,segm,0,small_under_10pct,4,True,True,5797,0.022114,data/research/tgif/masks/training/dog/193674_mask_segm.png_ps_mask.png,e39acdcf79b3fdde06b1c3fa9b121d06dbba13c3ab63433a500f0300661b86dc,18814,orig/training/dog/193674_orig.png,sd2-sp/training/dog/193674_mask_segm.png_ps_mask.png_sd2_0.png
76416,76416,cell phone,tgif_train_76416_cell phone_segm,segm,0,small_under_10pct,5,True,True,3448,0.013153,data/research/tgif/masks/training/cell phone/76416_mask_segm.png_ps_mask.png,3ea85c43d7633efbf7829f25fc92c5e128b2e83c7dd34d0608e8bde786d831bf,16283,orig/training/cell phone/76416_orig.png,sd2-sp/training/cell phone/76416_mask_segm.png_ps_mask.png_sd2_0.png
546829,546829,dog,tgif_train_546829_dog_segm,segm,0,small_under_10pct,6,True,True,13168,0.050232,data/research/tgif/masks/training/dog/546829_mask_segm.png_ps_mask.png,f054910bb2d48880bb47033f67a1f92c104a6a3052a0f379c24e5bf801e89cc5,17911,orig/training/dog/546829_orig.png,sd2-sp/training/dog/546829_mask_segm.png_ps_mask.png_sd2_0.png
151657,151657,tie,tgif_train_151657_tie_segm,segm,0,small_under_10pct,7,True,True,9122,0.034798,data/research/tgif/masks/training/tie/151657_mask_segm.png_ps_mask.png,3789338b914f38359a1475b8db1cebc9ea5c188a80896a5bce46a5b8c0ed9332,16325,orig/training/tie/151657_orig.png,sd2-sp/training/tie/151657_mask_segm.png_ps_mask.png_sd2_0.png
447522,447522,broccoli,tgif_train_447522_broccoli_segm,segm,0,small_under_10pct,8,True,True,13252,0.050552,data/research/tgif/masks/training/broccoli/447522_mask_segm.png_ps_mask.png,a41734e5daa593cb1b16fb9761722f4918237b7d99dc814ad3994252572fd78b,20728,orig/training/broccoli/447522_orig.png,sd2-sp/training/broccoli/447522_mask_segm.png_ps_mask.png_sd2_0.png
329542,329542,cake,tgif_train_329542_cake_segm,segm,0,small_under_10pct,9,True,True,10151,0.038723,data/research/tgif/masks/training/cake/329542_mask_segm.png_ps_mask.png,4e28e7f3a0c1fba9f974dfa8210cba26f554dc1c741da868a36e0067bc778831,15150,orig/training/cake/329542_orig.png,sd2-sp/training/cake/329542_mask_segm.png_ps_mask.png_sd2_0.png
416256,416256,keyboard,tgif_train_416256_keyboard_segm,segm,0,small_under_10pct,10,True,True,24219,0.092388,data/research/tgif/masks/training/keyboard/416256_mask_segm.png_ps_mask.png,9e782bf8f33f7f5ffa93a7e80e61281b7a41cb1be2301cd9435a52a437164102,17454,orig/training/keyboard/416256_orig.png,sd2-sp/training/keyboard/416256_mask_segm.png_ps_mask.png_sd2_0.png
242411,242411,clock,tgif_train_242411_clock_segm,segm,0,small_under_10pct,11,True,True,5771,0.022015,data/research/tgif/masks/training/clock/242411_mask_segm.png_ps_mask.png,0a608ec0702934425d2193a3ba86c225eda29f4cf8138332649e22fe8a7cd624,15704,orig/training/clock/242411_orig.png,sd2-sp/training/clock/242411_mask_segm.png_ps_mask.png_sd2_0.png
409630,409630,mouse,tgif_train_409630_mouse_segm,segm,0,small_under_10pct,12,True,True,10909,0.041615,data/research/tgif/masks/training/mouse/409630_mask_segm.png_ps_mask.png,c52256d967eb8d87958233a9c31f309931e573afd0b7390c722dd0ba09c12876,17647,orig/training/mouse/409630_orig.png,sd2-sp/training/mouse/409630_mask_segm.png_ps_mask.png_sd2_0.png
322959,322959,orange,tgif_train_322959_orange_segm,segm,0,small_under_10pct,13,True,True,4894,0.018669,data/research/tgif/masks/training/orange/322959_mask_segm.png_ps_mask.png,804ddbc13bd09f313a995ef782339ce3e541ec9754d11ce8dad094000aaa45ba,14852,orig/training/orange/322959_orig.png,sd2-sp/training/orange/322959_mask_segm.png_ps_mask.png_sd2_0.png
231831,231831,remote,tgif_train_231831_remote_segm,segm,0,small_under_10pct,14,True,True,3000,0.011444,data/research/tgif/masks/training/remote/231831_mask_segm.png_ps_mask.png,d543185845500fe52ccd6adc856f0663ceb7c6508fe84ab9c425f852a2cc67cb,15640,orig/training/remote/231831_orig.png,sd2-sp/training/remote/231831_mask_segm.png_ps_mask.png_sd2_0.png
9772,9772,tv,tgif_train_9772_tv_segm,segm,0,small_under_10pct,15,True,True,5712,0.02179,data/research/tgif/masks/training/tv/9772_mask_segm.png_ps_mask.png,a018444c0b2f8bd022247269010762bdf1f241fd14ad931fb9b178319fe50e5c,16672,orig/training/tv/9772_orig.png,sd2-sp/training/tv/9772_mask_segm.png_ps_mask.png_sd2_0.png
7818,7818,wine glass,tgif_train_7818_wine glass_segm,segm,0,small_under_10pct,16,True,True,13532,0.05162,data/research/tgif/masks/training/wine glass/7818_mask_segm.png_ps_mask.png,277e23d49f1d798463c951888d7bb981f770d5aaa86c70e40b65e05a02c240ae,16830,orig/training/wine glass/7818_orig.png,sd2-sp/training/wine glass/7818_mask_segm.png_ps_mask.png_sd2_0.png
425226,425226,microwave,tgif_train_425226_microwave_segm,segm,0,small_under_10pct,17,True,True,5193,0.01981,data/research/tgif/masks/training/microwave/425226_mask_segm.png_ps_mask.png,8291b1014401eaf7a8a9e3479eadcdb3fb00b41344d3c18d4c4dbb7d4d891ad3,16254,orig/training/microwave/425226_orig.png,sd2-sp/training/microwave/425226_mask_segm.png_ps_mask.png_sd2_0.png
364636,364636,bench,tgif_train_364636_bench_segm,segm,0,small_under_10pct,18,True,True,13824,0.052734,data/research/tgif/masks/training/bench/364636_mask_segm.png_ps_mask.png,4d3124ba34324206ddb01bbec40b66822b6be6e0148dcd9ee5274a99d14a1af1,18134,orig/training/bench/364636_orig.png,sd2-sp/training/bench/364636_mask_segm.png_ps_mask.png_sd2_0.png
40083,40083,bicycle,tgif_train_40083_bicycle_segm,segm,0,small_under_10pct,19,True,True,3910,0.014915,data/research/tgif/masks/training/bicycle/40083_mask_segm.png_ps_mask.png,e50e4b19e2a647ce77825fcb7b9d3d82b881d07d90e4b3ed014f103b94abee01,15044,orig/training/bicycle/40083_orig.png,sd2-sp/training/bicycle/40083_mask_segm.png_ps_mask.png_sd2_0.png
106563,106563,clock,tgif_train_106563_clock_segm,segm,0,small_under_10pct,20,True,True,4603,0.017559,data/research/tgif/masks/training/clock/106563_mask_segm.png_ps_mask.png,0f2c86f63a3feab2351017aa6712d1116b04fdf05793456a6139c5945b6bb69b,14696,orig/training/clock/106563_orig.png,sd2-sp/training/clock/106563_mask_segm.png_ps_mask.png_sd2_0.png
520009,520009,traffic light,tgif_train_520009_traffic light_segm,segm,0,small_under_10pct,21,True,True,5636,0.0215,data/research/tgif/masks/training/traffic light/520009_mask_segm.png_ps_mask.png,183e7e6688387a635e34488c930c6fdca6bb6fb5d2d133d2df2950689d51b93a,15106,orig/training/traffic light/520009_orig.png,sd2-sp/training/traffic light/520009_mask_segm.png_ps_mask.png_sd2_0.png
239627,239627,cup,tgif_train_239627_cup_segm,segm,0,small_under_10pct,22,True,True,5575,0.021267,data/research/tgif/masks/training/cup/239627_mask_segm.png_ps_mask.png,c81f7be2426e891acb8c3320a26b743f5f53767f2dcea166a17cbd9be881c2b1,15825,orig/training/cup/239627_orig.png,sd2-sp/training/cup/239627_mask_segm.png_ps_mask.png_sd2_0.png
276434,276434,orange,tgif_train_276434_orange_segm,segm,0,small_under_10pct,23,True,True,3955,0.015087,data/research/tgif/masks/training/orange/276434_mask_segm.png_ps_mask.png,3cbca018d06b1227d66d2d7e2188cb4b06cd3747b3840982184ff9e0d553d6ea,15749,orig/training/orange/276434_orig.png,sd2-sp/training/orange/276434_mask_segm.png_ps_mask.png_sd2_0.png
495732,495732,couch,tgif_train_495732_couch_segm,segm,0,small_under_10pct,24,True,True,18680,0.071259,data/research/tgif/masks/training/couch/495732_mask_segm.png_ps_mask.png,07effc320ceece6354774c7fd49ba37f7c743a531c386750d9e3b560c0b4b5ce,20294,orig/training/couch/495732_orig.png,sd2-sp/training/couch/495732_mask_segm.png_ps_mask.png_sd2_0.png
20992,20992,hot dog,tgif_train_20992_hot dog_segm,segm,0,small_under_10pct,25,True,True,14672,0.055969,data/research/tgif/masks/training/hot dog/20992_mask_segm.png_ps_mask.png,62a09a9ab31904e33f8bcf5ee1a233fa9644b2c39be249420d3f98dc2c57bed9,16839,orig/training/hot dog/20992_orig.png,sd2-sp/training/hot dog/20992_mask_segm.png_ps_mask.png_sd2_0.png
4795,4795,laptop,tgif_train_4795_laptop_segm,segm,0,small_under_10pct,26,True,True,19386,0.073952,data/research/tgif/masks/training/laptop/4795_mask_segm.png_ps_mask.png,b5e1261b40b0949eabb744480a4cea4efb720c41bcecbbc91ae1e37b5a8a452b,19035,orig/training/laptop/4795_orig.png,sd2-sp/training/laptop/4795_mask_segm.png_ps_mask.png_sd2_0.png
377368,377368,handbag,tgif_train_377368_handbag_segm,segm,0,small_under_10pct,27,True,True,6369,0.024296,data/research/tgif/masks/training/handbag/377368_mask_segm.png_ps_mask.png,07de9ef27250d8fecc5a220ee6e6b445be9ee25edfc53673ebbd9033ccf3afd2,16716,orig/training/handbag/377368_orig.png,sd2-sp/training/handbag/377368_mask_segm.png_ps_mask.png_sd2_0.png
527784,527784,vase,tgif_train_527784_vase_segm,segm,0,small_under_10pct,28,True,True,5226,0.019936,data/research/tgif/masks/training/vase/527784_mask_segm.png_ps_mask.png,9666caaffc1d6009f877b7801b340db820af58f6a231ad09cd76086738242862,17786,orig/training/vase/527784_orig.png,sd2-sp/training/vase/527784_mask_segm.png_ps_mask.png_sd2_0.png
157601,157601,hot dog,tgif_train_157601_hot dog_segm,segm,0,small_under_10pct,29,True,True,6309,0.024067,data/research/tgif/masks/training/hot dog/157601_mask_segm.png_ps_mask.png,5f5c3baa69007ecff93c61f890e4d71bed5793a2eb250561e534c31e18c32902,15431,orig/training/hot dog/157601_orig.png,sd2-sp/training/hot dog/157601_mask_segm.png_ps_mask.png_sd2_0.png
563882,563882,cell phone,tgif_train_563882_cell phone_segm,segm,0,small_under_10pct,30,True,True,3292,0.012558,data/research/tgif/masks/training/cell phone/563882_mask_segm.png_ps_mask.png,775dc8c5713e42d06344d076d5eb1720002f9082af5685c41c299210de957ca8,15577,orig/training/cell phone/563882_orig.png,sd2-sp/training/cell phone/563882_mask_segm.png_ps_mask.png_sd2_0.png
193926,193926,orange,tgif_train_193926_orange_segm,segm,0,small_under_10pct,31,True,True,3240,0.01236,data/research/tgif/masks/training/orange/193926_mask_segm.png_ps_mask.png,df75f377d8430a4f7d6caffd712c7c6b29b653f8120bfc838d4fa06cb6281131,14995,orig/training/orange/193926_orig.png,sd2-sp/training/orange/193926_mask_segm.png_ps_mask.png_sd2_0.png
526103,526103,umbrella,tgif_train_526103_umbrella_segm,segm,0,small_under_10pct,32,True,True,6241,0.023808,data/research/tgif/masks/training/umbrella/526103_mask_segm.png_ps_mask.png,35ecbfe34a1bf349601a7cfaaff9496bf47cb0e96babe4b129545356e83f9bbc,16569,orig/training/umbrella/526103_orig.png,sd2-sp/training/umbrella/526103_mask_segm.png_ps_mask.png_sd2_0.png
507081,507081,oven,tgif_train_507081_oven_segm,segm,0,small_under_10pct,33,True,True,8170,0.031166,data/research/tgif/masks/training/oven/507081_mask_segm.png_ps_mask.png,9b0b493b0544768d08b4446c2c2dde81d8b191c23c69eec48fc0da02847cfdd9,15270,orig/training/oven/507081_orig.png,sd2-sp/training/oven/507081_mask_segm.png_ps_mask.png_sd2_0.png
377239,377239,bottle,tgif_train_377239_bottle_segm,segm,0,small_under_10pct,34,True,True,3310,0.012627,data/research/tgif/masks/training/bottle/377239_mask_segm.png_ps_mask.png,ef911af9a9e363719bc640fd98c31b9cd4b45e209ebb6d8e13d586cf38092529,15790,orig/training/bottle/377239_orig.png,sd2-sp/training/bottle/377239_mask_segm.png_ps_mask.png_sd2_0.png
381587,381587,bowl,tgif_train_381587_bowl_segm,segm,0,small_under_10pct,35,True,True,9462,0.036095,data/research/tgif/masks/training/bowl/381587_mask_segm.png_ps_mask.png,4106c6fad79c29d439f91d200146ce9922ad87d41c93dccee782d411760e382c,17089,orig/training/bowl/381587_orig.png,sd2-sp/training/bowl/381587_mask_segm.png_ps_mask.png_sd2_0.png
322610,322610,bench,tgif_train_322610_bench_segm,segm,0,small_under_10pct,36,True,True,5431,0.020718,data/research/tgif/masks/training/bench/322610_mask_segm.png_ps_mask.png,c095a04fd35ad1513263153abfa27eb809a60a8164067cce22624904d6fd9634,17634,orig/training/bench/322610_orig.png,sd2-sp/training/bench/322610_mask_segm.png_ps_mask.png_sd2_0.png
275198,275198,umbrella,tgif_train_275198_umbrella_segm,segm,0,small_under_10pct,37,True,True,20395,0.077801,data/research/tgif/masks/training/umbrella/275198_mask_segm.png_ps_mask.png,c781e7d393e4a84c3c2aa2e4723a4129e55547a99498c76c0b144bf5dcde5cb3,18009,orig/training/umbrella/275198_orig.png,sd2-sp/training/umbrella/275198_mask_segm.png_ps_mask.png_sd2_0.png
68833,68833,microwave,tgif_train_68833_microwave_segm,segm,0,small_under_10pct,38,True,True,3528,0.013458,data/research/tgif/masks/training/microwave/68833_mask_segm.png_ps_mask.png,a5ba76a9f2d9f67ac8fe77e101f8281dfc19aa8699adfe2b34d5d484266b1d59,15477,orig/training/microwave/68833_orig.png,sd2-sp/training/microwave/68833_mask_segm.png_ps_mask.png_sd2_0.png
401991,401991,cat,tgif_train_401991_cat_segm,segm,0,small_under_10pct,39,True,True,12649,0.048252,data/research/tgif/masks/training/cat/401991_mask_segm.png_ps_mask.png,87c8f01cdafb2b3b8c828f46e136163a49bb79ffcd6718dc74576f6bfe41500e,17102,orig/training/cat/401991_orig.png,sd2-sp/training/cat/401991_mask_segm.png_ps_mask.png_sd2_0.png
433204,433204,motorcycle,tgif_train_433204_motorcycle_segm,segm,0,small_under_10pct,40,True,True,2938,0.011208,data/research/tgif/masks/training/motorcycle/433204_mask_segm.png_ps_mask.png,83c57fc750485b83454839437f3e270d717f3cec975d9ca2ad8f43d537102790,16719,orig/training/motorcycle/433204_orig.png,sd2-sp/training/motorcycle/433204_mask_segm.png_ps_mask.png_sd2_0.png
413404,413404,bench,tgif_train_413404_bench_segm,segm,0,small_under_10pct,41,True,True,4993,0.019047,data/research/tgif/masks/training/bench/413404_mask_segm.png_ps_mask.png,6a55c06c2bf9412f074a35dcdfc631d48dd5d6f3387550491bf3ea4a9b7e1a44,15824,orig/training/bench/413404_orig.png,sd2-sp/training/bench/413404_mask_segm.png_ps_mask.png_sd2_0.png
468332,468332,cake,tgif_train_468332_cake_segm,segm,0,small_under_10pct,42,True,True,8861,0.033802,data/research/tgif/masks/training/cake/468332_mask_segm.png_ps_mask.png,2cf7f4dcfd44ec20e12d3c76872bd3ae348419da07b8db5eda05b46aade5b4a5,16049,orig/training/cake/468332_orig.png,sd2-sp/training/cake/468332_mask_segm.png_ps_mask.png_sd2_0.png
205514,205514,couch,tgif_train_205514_couch_segm,segm,0,small_under_10pct,43,True,True,17329,0.066105,data/research/tgif/masks/training/couch/205514_mask_segm.png_ps_mask.png,12cd1e4f86b4b8ed70cb6336ebc7e3db68c0faceedc9a194d37c30896339824c,17850,orig/training/couch/205514_orig.png,sd2-sp/training/couch/205514_mask_segm.png_ps_mask.png_sd2_0.png
519522,519522,clock,tgif_train_519522_clock_segm,segm,0,small_under_10pct,44,True,True,3179,0.012127,data/research/tgif/masks/training/clock/519522_mask_segm.png_ps_mask.png,a78ed96731880dcbf9ca0b8bd8fe6231c6bd680fb02a4a3c83264b5b651b144b,15333,orig/training/clock/519522_orig.png,sd2-sp/training/clock/519522_mask_segm.png_ps_mask.png_sd2_0.png
468925,468925,banana,tgif_train_468925_banana_segm,segm,0,small_under_10pct,45,True,True,20048,0.076477,data/research/tgif/masks/training/banana/468925_mask_segm.png_ps_mask.png,f6511401cf257097e37ad094c0158c211744c85448563532b2f7892250ebc520,17590,orig/training/banana/468925_orig.png,sd2-sp/training/banana/468925_mask_segm.png_ps_mask.png_sd2_0.png
434297,434297,carrot,tgif_train_434297_carrot_segm,segm,0,small_under_10pct,46,True,True,5114,0.019508,data/research/tgif/masks/training/carrot/434297_mask_segm.png_ps_mask.png,d1a10e4713b176fc26cf2933065272e7b9f28070f52dacfe381f800b1e6addef,4622,orig/training/carrot/434297_orig.png,sd2-sp/training/carrot/434297_mask_segm.png_ps_mask.png_sd2_0.png
282298,282298,clock,tgif_train_282298_clock_segm,segm,0,small_under_10pct,47,True,True,9690,0.036964,data/research/tgif/masks/training/clock/282298_mask_segm.png_ps_mask.png,9571f03d314d74866c5fae71fa9b80ffb738a2bd34305b307b04fe49cd5f3a28,16301,orig/training/clock/282298_orig.png,sd2-sp/training/clock/282298_mask_segm.png_ps_mask.png_sd2_0.png
15272,15272,traffic light,tgif_train_15272_traffic light_segm,segm,0,small_under_10pct,48,True,True,8259,0.031506,data/research/tgif/masks/training/traffic light/15272_mask_segm.png_ps_mask.png,6a0ddae35c43260c3b69d1b02dbaa39443bc9291ff116db71cae8a6c625ab6c4,16849,orig/training/traffic light/15272_orig.png,sd2-sp/training/traffic light/15272_mask_segm.png_ps_mask.png_sd2_0.png
190648,190648,chair,tgif_train_190648_chair_segm,segm,0,small_under_10pct,49,True,True,4241,0.016178,data/research/tgif/masks/training/chair/190648_mask_segm.png_ps_mask.png,1747a8718fc3837cebc24aca1781297a6707d7807722bd52487790268a09a044,16311,orig/training/chair/190648_orig.png,sd2-sp/training/chair/190648_mask_segm.png_ps_mask.png_sd2_0.png
15497,15497,mouse,tgif_train_15497_mouse_segm,segm,0,small_under_10pct,50,True,True,9911,0.037807,data/research/tgif/masks/training/mouse/15497_mask_segm.png_ps_mask.png,1534c05bb3cc8a06b4299d0c60b0ed696a5bd5f441efbdabde2218fbfda8bfe8,17335,orig/training/mouse/15497_orig.png,sd2-sp/training/mouse/15497_mask_segm.png_ps_mask.png_sd2_0.png
325838,325838,chair,tgif_train_325838_chair_segm,segm,0,small_under_10pct,51,True,True,7363,0.028088,data/research/tgif/masks/training/chair/325838_mask_segm.png_ps_mask.png,394fea73c6942fc55c7c1d2328d8098cea282c4327588b40ea04e8063fced7cb,24333,orig/training/chair/325838_orig.png,sd2-sp/training/chair/325838_mask_segm.png_ps_mask.png_sd2_0.png
12667,12667,banana,tgif_train_12667_banana_segm,segm,0,small_under_10pct,52,True,True,17815,0.067959,data/research/tgif/masks/training/banana/12667_mask_segm.png_ps_mask.png,3509c93349495f78fc072a4dafaa7f6be9844f6f2a9c871607a1146c9831740d,20923,orig/training/banana/12667_orig.png,sd2-sp/training/banana/12667_mask_segm.png_ps_mask.png_sd2_0.png
179898,179898,hot dog,tgif_train_179898_hot dog_segm,segm,0,small_under_10pct,53,True,True,24850,0.094795,data/research/tgif/masks/training/hot dog/179898_mask_segm.png_ps_mask.png,1e77e6dd27c92d6de5c5a441b6460c793bceb4491fd7d5fe87700904ad50bef9,19945,orig/training/hot dog/179898_orig.png,sd2-sp/training/hot dog/179898_mask_segm.png_ps_mask.png_sd2_0.png
565877,565877,book,tgif_train_565877_book_segm,segm,0,small_under_10pct,54,True,True,3439,0.013119,data/research/tgif/masks/training/book/565877_mask_segm.png_ps_mask.png,bf3f085f16eab0c3eb4968354569f0b9ff19f7c15c4d6a117f5b6efd8db008d4,16141,orig/training/book/565877_orig.png,sd2-sp/training/book/565877_mask_segm.png_ps_mask.png_sd2_0.png
192904,192904,cup,tgif_train_192904_cup_segm,segm,0,small_under_10pct,55,True,True,8746,0.033363,data/research/tgif/masks/training/cup/192904_mask_segm.png_ps_mask.png,9674c8f2a86c6c1ac54aa84b19f6b7239a16f9c3f58ccd9e13d11485c8b9fb82,16364,orig/training/cup/192904_orig.png,sd2-sp/training/cup/192904_mask_segm.png_ps_mask.png_sd2_0.png
203931,203931,bench,tgif_train_203931_bench_segm,segm,0,small_under_10pct,56,True,True,4883,0.018627,data/research/tgif/masks/training/bench/203931_mask_segm.png_ps_mask.png,45718e53e3910e832bec34d320bfd791a38376710f56e517242e117db866cb94,15758,orig/training/bench/203931_orig.png,sd2-sp/training/bench/203931_mask_segm.png_ps_mask.png_sd2_0.png
499031,499031,banana,tgif_train_499031_banana_segm,segm,0,small_under_10pct,57,True,True,4249,0.016209,data/research/tgif/masks/training/banana/499031_mask_segm.png_ps_mask.png,7c1ebe6c90cff2648b5f485454c9e68f8f370f27658f7cb52dbc259d66281835,16313,orig/training/banana/499031_orig.png,sd2-sp/training/banana/499031_mask_segm.png_ps_mask.png_sd2_0.png
454978,454978,motorcycle,tgif_train_454978_motorcycle_segm,segm,0,small_under_10pct,58,True,True,18579,0.070873,data/research/tgif/masks/training/motorcycle/454978_mask_segm.png_ps_mask.png,d4e87a9672b42d1fdbc852bd7c3a60d1344de252a7a821841cd8b322751dbbbc,18107,orig/training/motorcycle/454978_orig.png,sd2-sp/training/motorcycle/454978_mask_segm.png_ps_mask.png_sd2_0.png
89697,89697,bench,tgif_train_89697_bench_segm,segm,0,small_under_10pct,59,True,True,4783,0.018246,data/research/tgif/masks/training/bench/89697_mask_segm.png_ps_mask.png,407fc755190b95793243603a412316fb40affb7140b380864205e7a7ca1b5236,15768,orig/training/bench/89697_orig.png,sd2-sp/training/bench/89697_mask_segm.png_ps_mask.png_sd2_0.png
301421,301421,keyboard,tgif_train_301421_keyboard_segm,segm,0,small_under_10pct,60,True,True,5610,0.0214,data/research/tgif/masks/training/keyboard/301421_mask_segm.png_ps_mask.png,27ddf41f4161ce011119aa15a4182686e8d847eac64df7e2f3af1b917f207421,15818,orig/training/keyboard/301421_orig.png,sd2-sp/training/keyboard/301421_mask_segm.png_ps_mask.png_sd2_0.png
494634,494634,oven,tgif_train_494634_oven_segm,segm,0,small_under_10pct,61,True,True,8859,0.033794,data/research/tgif/masks/training/oven/494634_mask_segm.png_ps_mask.png,b2505cf9a0f6215007a26ab3ea95836e2efb4ace4eb8524996f8c34e6e0cb407,15972,orig/training/oven/494634_orig.png,sd2-sp/training/oven/494634_mask_segm.png_ps_mask.png_sd2_0.png
319607,319607,traffic light,tgif_train_319607_traffic light_segm,segm,0,small_under_10pct,62,True,True,10252,0.039108,data/research/tgif/masks/training/traffic light/319607_mask_segm.png_ps_mask.png,f33d1a82e3e5e9790b984b9acd07cdbbb8557c979da67ea5da8a29c263c15e20,18764,orig/training/traffic light/319607_orig.png,sd2-sp/training/traffic light/319607_mask_segm.png_ps_mask.png_sd2_0.png
546475,546475,cell phone,tgif_train_546475_cell phone_segm,segm,0,small_under_10pct,63,True,True,5287,0.020168,data/research/tgif/masks/training/cell phone/546475_mask_segm.png_ps_mask.png,86fe8832c2ede8b64d0302f301171bcf5c34333724c85a80d3fbdcdc91a050fb,15444,orig/training/cell phone/546475_orig.png,sd2-sp/training/cell phone/546475_mask_segm.png_ps_mask.png_sd2_0.png
29984,29984,umbrella,tgif_train_29984_umbrella_segm,segm,0,small_under_10pct,64,True,True,20953,0.079929,data/research/tgif/masks/training/umbrella/29984_mask_segm.png_ps_mask.png,6a81d2d8334804c5b50a27ba5a4dce0d9afe837bfcaaec086010d7c6884f313c,18716,orig/training/umbrella/29984_orig.png,sd2-sp/training/umbrella/29984_mask_segm.png_ps_mask.png_sd2_0.png
466125,466125,backpack,tgif_train_466125_backpack_segm,segm,0,small_under_10pct,65,True,True,9768,0.037262,data/research/tgif/masks/training/backpack/466125_mask_segm.png_ps_mask.png,e9aaa954c5c16764ad06f66b0bad418326ffe573142cb200e5342cc5b186abf2,17598,orig/training/backpack/466125_orig.png,sd2-sp/training/backpack/466125_mask_segm.png_ps_mask.png_sd2_0.png
452084,452084,hot dog,tgif_train_452084_hot dog_segm,segm,0,small_under_10pct,66,True,True,7648,0.029175,data/research/tgif/masks/training/hot dog/452084_mask_segm.png_ps_mask.png,50f20374e109e32f7edace298052107e007245d739a877949dc66c2b9e0208a0,17283,orig/training/hot dog/452084_orig.png,sd2-sp/training/hot dog/452084_mask_segm.png_ps_mask.png_sd2_0.png
574702,574702,motorcycle,tgif_train_574702_motorcycle_segm,segm,0,small_under_10pct,67,True,True,20449,0.078007,data/research/tgif/masks/training/motorcycle/574702_mask_segm.png_ps_mask.png,2c0cdf0e4d294b5bcfe9f755a40f168759c8ab7f7cdea1a5d4ecca1212075682,20582,orig/training/motorcycle/574702_orig.png,sd2-sp/training/motorcycle/574702_mask_segm.png_ps_mask.png_sd2_0.png
70739,70739,wine glass,tgif_train_70739_wine glass_segm,segm,0,small_under_10pct,68,True,True,5696,0.021729,data/research/tgif/masks/training/wine glass/70739_mask_segm.png_ps_mask.png,33074576cbb7cac5002f171cc829b719b5d7a6cee773b3811487925a3d780597,6568,orig/training/wine glass/70739_orig.png,sd2-sp/training/wine glass/70739_mask_segm.png_ps_mask.png_sd2_0.png
174231,174231,cat,tgif_train_174231_cat_segm,segm,0,small_under_10pct,69,True,True,24011,0.091595,data/research/tgif/masks/training/cat/174231_mask_segm.png_ps_mask.png,e7eaf3b4626c2e09665469b2b7036711b27d8d02f4589ac8ec5c99bcae711e74,18931,orig/training/cat/174231_orig.png,sd2-sp/training/cat/174231_mask_segm.png_ps_mask.png_sd2_0.png
284743,284743,baseball bat,tgif_train_284743_baseball bat_segm,segm,0,small_under_10pct,70,True,True,8969,0.034214,data/research/tgif/masks/training/baseball bat/284743_mask_segm.png_ps_mask.png,ade3342864cf3da6b0ec0317ac3c7821f1f6dffabe1cfb0b125b2990383a81e3,20457,orig/training/baseball bat/284743_orig.png,sd2-sp/training/baseball bat/284743_mask_segm.png_ps_mask.png_sd2_0.png
47801,47801,cake,tgif_train_47801_cake_segm,segm,0,small_under_10pct,71,True,True,4376,0.016693,data/research/tgif/masks/training/cake/47801_mask_segm.png_ps_mask.png,b8a45cf1989346e5bb42d1560daccdd008bba7158a2dbff4e9a3a897638c2d59,14604,orig/training/cake/47801_orig.png,sd2-sp/training/cake/47801_mask_segm.png_ps_mask.png_sd2_0.png
351362,351362,sink,tgif_train_351362_sink_segm,segm,0,small_under_10pct,72,True,True,9417,0.035923,data/research/tgif/masks/training/sink/351362_mask_segm.png_ps_mask.png,c9d198428b6f8260a6eeb8cc2027d8f8baa6c881dc4ef2e7487a541e89b4044f,16088,orig/training/sink/351362_orig.png,sd2-sp/training/sink/351362_mask_segm.png_ps_mask.png_sd2_0.png
327701,327701,person,tgif_train_327701_person_segm,segm,0,small_under_10pct,73,True,True,22431,0.085567,data/research/tgif/masks/training/person/327701_mask_segm.png_ps_mask.png,3a13a57afa378e26c5c761987222c96269e7d93fce0c51533b99177e1e294793,19662,orig/training/person/327701_orig.png,sd2-sp/training/person/327701_mask_segm.png_ps_mask.png_sd2_0.png
578236,578236,bird,tgif_train_578236_bird_segm,segm,0,small_under_10pct,74,True,True,3245,0.012379,data/research/tgif/masks/training/bird/578236_mask_segm.png_ps_mask.png,f6099f386b59814b6d3fb7bccc2e26f16acac24a7dedb3cfeb5a402e41597367,15774,orig/training/bird/578236_orig.png,sd2-sp/training/bird/578236_mask_segm.png_ps_mask.png_sd2_0.png
435003,435003,keyboard,tgif_train_435003_keyboard_segm,segm,0,small_under_10pct,75,True,True,6068,0.023148,data/research/tgif/masks/training/keyboard/435003_mask_segm.png_ps_mask.png,d49d283422842b493a2c7b50095afebf91bdeed1a2ada2eff78de80a627cca4c,15609,orig/training/keyboard/435003_orig.png,sd2-sp/training/keyboard/435003_mask_segm.png_ps_mask.png_sd2_0.png
267300,267300,potted plant,tgif_train_267300_potted plant_segm,segm,0,small_under_10pct,76,True,True,23960,0.0914,data/research/tgif/masks/training/potted plant/267300_mask_segm.png_ps_mask.png,984b81cef4810ca45abfd0d9670c18e41af265a115f476d7df678b7a93507031,19402,orig/training/potted plant/267300_orig.png,sd2-sp/training/potted plant/267300_mask_segm.png_ps_mask.png_sd2_0.png
222317,222317,dog,tgif_train_222317_dog_segm,segm,0,small_under_10pct,77,True,True,11033,0.042088,data/research/tgif/masks/training/dog/222317_mask_segm.png_ps_mask.png,eea469027c0cd7a716e399369fbb27adc32f41cb9188e9080cc45747912de26a,18409,orig/training/dog/222317_orig.png,sd2-sp/training/dog/222317_mask_segm.png_ps_mask.png_sd2_0.png
377670,377670,teddy bear,tgif_train_377670_teddy bear_segm,segm,0,small_under_10pct,78,True,True,15455,0.058956,data/research/tgif/masks/training/teddy bear/377670_mask_segm.png_ps_mask.png,577c04e77abdeba94975755337e2513671fee0250f9f47ca342082b542ff813e,22811,orig/training/teddy bear/377670_orig.png,sd2-sp/training/teddy bear/377670_mask_segm.png_ps_mask.png_sd2_0.png
504074,504074,chair,tgif_train_504074_chair_segm,segm,0,small_under_10pct,79,True,True,3589,0.013691,data/research/tgif/masks/training/chair/504074_mask_segm.png_ps_mask.png,757dbda4d99590f72d92576b664685d7fe725e6d05a028b2cea063fa9f4423fd,15876,orig/training/chair/504074_orig.png,sd2-sp/training/chair/504074_mask_segm.png_ps_mask.png_sd2_0.png
66771,66771,couch,tgif_train_66771_couch_segm,segm,0,small_under_10pct,80,True,True,22300,0.085068,data/research/tgif/masks/training/couch/66771_mask_segm.png_ps_mask.png,107e7a326fd1b7527f27cbc220755b4c832675e298d32b70c5f3a04e069e5c77,20239,orig/training/couch/66771_orig.png,sd2-sp/training/couch/66771_mask_segm.png_ps_mask.png_sd2_0.png
133645,133645,bench,tgif_train_133645_bench_segm,segm,0,small_under_10pct,81,True,True,6206,0.023674,data/research/tgif/masks/training/bench/133645_mask_segm.png_ps_mask.png,627b42f16e8a3d128c69c0e871cb43ce85b04588e92beff3ed24ee587bd08975,16895,orig/training/bench/133645_orig.png,sd2-sp/training/bench/133645_mask_segm.png_ps_mask.png_sd2_0.png
411938,411938,teddy bear,tgif_train_411938_teddy bear_segm,segm,0,small_under_10pct,82,True,True,18155,0.069256,data/research/tgif/masks/training/teddy bear/411938_mask_segm.png_ps_mask.png,5fe5626fa5bbd9a17edbc4ea7765cd71b9da3c18c623db1742c93b48a4f6dfa5,22134,orig/training/teddy bear/411938_orig.png,sd2-sp/training/teddy bear/411938_mask_segm.png_ps_mask.png_sd2_0.png
478721,478721,truck,tgif_train_478721_truck_segm,segm,0,small_under_10pct,83,True,True,3599,0.013729,data/research/tgif/masks/training/truck/478721_mask_segm.png_ps_mask.png,7e8678e5932c7954f8617543f8d9486caf44abdd30d0374d64d4c45a8093d086,15935,orig/training/truck/478721_orig.png,sd2-sp/training/truck/478721_mask_segm.png_ps_mask.png_sd2_0.png
211120,211120,teddy bear,tgif_train_211120_teddy bear_segm,segm,0,small_under_10pct,84,True,True,10728,0.040924,data/research/tgif/masks/training/teddy bear/211120_mask_segm.png_ps_mask.png,c3ffb69cc0cc418f1cca6e831650cee22f02d3b02f646464b87681c458c7ef3e,8943,orig/training/teddy bear/211120_orig.png,sd2-sp/training/teddy bear/211120_mask_segm.png_ps_mask.png_sd2_0.png
279774,279774,baseball bat,tgif_train_279774_baseball bat_segm,segm,0,small_under_10pct,85,True,True,2719,0.010372,data/research/tgif/masks/training/baseball bat/279774_mask_segm.png_ps_mask.png,70ac4ef18438aed2066ba93a7552d5fc821a7a6f875cd94f0343a81ca4f6404e,16339,orig/training/baseball bat/279774_orig.png,sd2-sp/training/baseball bat/279774_mask_segm.png_ps_mask.png_sd2_0.png
32334,32334,wine glass,tgif_train_32334_wine glass_segm,segm,0,small_under_10pct,86,True,True,5659,0.021587,data/research/tgif/masks/training/wine glass/32334_mask_segm.png_ps_mask.png,54eb554ea41ca15adae57ea13f907cc48cc67e82baf5d928a921bd2a93ba1fbc,16169,orig/training/wine glass/32334_orig.png,sd2-sp/training/wine glass/32334_mask_segm.png_ps_mask.png_sd2_0.png
132796,132796,bench,tgif_train_132796_bench_segm,segm,0,small_under_10pct,87,True,True,10768,0.041077,data/research/tgif/masks/training/bench/132796_mask_segm.png_ps_mask.png,7c11897caecc3ce2024d85ccac73d58926acc7dbda266617bcf9fdcc6a3c9ef3,18963,orig/training/bench/132796_orig.png,sd2-sp/training/bench/132796_mask_segm.png_ps_mask.png_sd2_0.png
123633,123633,dining table,tgif_train_123633_dining table_segm,segm,0,small_under_10pct,88,True,True,7007,0.02673,data/research/tgif/masks/training/dining table/123633_mask_segm.png_ps_mask.png,88ad74bba25bc3f975eef478055394c0388f3b6d39e63b220bb767615c7ba817,15849,orig/training/dining table/123633_orig.png,sd2-sp/training/dining table/123633_mask_segm.png_ps_mask.png_sd2_0.png
26204,26204,bus,tgif_train_26204_bus_segm,segm,0,small_under_10pct,89,True,True,17439,0.066525,data/research/tgif/masks/training/bus/26204_mask_segm.png_ps_mask.png,1a221a7557aa0009b84a1ab95cadea74d9920b29b3c03a9d3211c5c98376aa52,17552,orig/training/bus/26204_orig.png,sd2-sp/training/bus/26204_mask_segm.png_ps_mask.png_sd2_0.png
264968,264968,baseball bat,tgif_train_264968_baseball bat_segm,segm,0,small_under_10pct,90,True,True,8233,0.031406,data/research/tgif/masks/training/baseball bat/264968_mask_segm.png_ps_mask.png,952272b2655afb4ba4c901b48bb90e60867a4d604272525d478957a7e92525ed,18630,orig/training/baseball bat/264968_orig.png,sd2-sp/training/baseball bat/264968_mask_segm.png_ps_mask.png_sd2_0.png
114049,114049,suitcase,tgif_train_114049_suitcase_segm,segm,0,small_under_10pct,91,True,True,18026,0.068764,data/research/tgif/masks/training/suitcase/114049_mask_segm.png_ps_mask.png,33ce8584bb75638bb4f7758f3102e50f5903264dcd82deb744880e5a1fe6e37e,18145,orig/training/suitcase/114049_orig.png,sd2-sp/training/suitcase/114049_mask_segm.png_ps_mask.png_sd2_0.png
535608,535608,umbrella,tgif_train_535608_umbrella_segm,segm,0,small_under_10pct,92,True,True,4815,0.018368,data/research/tgif/masks/training/umbrella/535608_mask_segm.png_ps_mask.png,4c2f7517980737e73328631b575cc2b8822552da693f1d49765b67dee5fa2c1e,14906,orig/training/umbrella/535608_orig.png,sd2-sp/training/umbrella/535608_mask_segm.png_ps_mask.png_sd2_0.png
206579,206579,cake,tgif_train_206579_cake_segm,segm,0,small_under_10pct,93,True,True,14489,0.055271,data/research/tgif/masks/training/cake/206579_mask_segm.png_ps_mask.png,d296ff61bbf40b2f8a7273d69f984fe0ddb585e8e45a33dadff84787c7282a53,17924,orig/training/cake/206579_orig.png,sd2-sp/training/cake/206579_mask_segm.png_ps_mask.png_sd2_0.png
366884,366884,dog,tgif_train_366884_dog_segm,segm,0,small_under_10pct,94,True,False,6534,0.024925,data/research/tgif/masks/training/dog/366884_mask_segm.png_ps_mask.png,c462d9200e7848263a0ce46e22146535641704651431b724989fc6c93a905cf7,16905,orig/training/dog/366884_orig.png,sd2-sp/training/dog/366884_mask_segm.png_ps_mask.png_sd2_0.png
475484,475484,car,tgif_train_475484_car_segm,segm,0,small_under_10pct,95,True,False,3822,0.01458,data/research/tgif/masks/training/car/475484_mask_segm.png_ps_mask.png,d4ece545346fa84a9d4bd632e5670323eacbc6173c458c568ca8f0ad1b91b213,15561,orig/training/car/475484_orig.png,sd2-sp/training/car/475484_mask_segm.png_ps_mask.png_sd2_0.png
189752,189752,wine glass,tgif_train_189752_wine glass_segm,segm,0,small_under_10pct,96,True,False,9810,0.037422,data/research/tgif/masks/training/wine glass/189752_mask_segm.png_ps_mask.png,3c28ba4646c06f99090867e0485c3cf567d5a1ed4cd3153365112a2927612c97,18152,orig/training/wine glass/189752_orig.png,sd2-sp/training/wine glass/189752_mask_segm.png_ps_mask.png_sd2_0.png
477805,477805,laptop,tgif_train_477805_laptop_segm,segm,0,small_under_10pct,97,True,False,12186,0.046486,data/research/tgif/masks/training/laptop/477805_mask_segm.png_ps_mask.png,bc54a51a3250c5f6f9a4cbce64a8550d640b94ab25bca501d98c34408cc5e49d,20405,orig/training/laptop/477805_orig.png,sd2-sp/training/laptop/477805_mask_segm.png_ps_mask.png_sd2_0.png
335427,335427,broccoli,tgif_train_335427_broccoli_segm,segm,0,small_under_10pct,98,True,False,17170,0.065498,data/research/tgif/masks/training/broccoli/335427_mask_segm.png_ps_mask.png,50cc922cb159e01ffbf5c42ea5ea60183fed41cb66aa2406296640096dcacd37,20828,orig/training/broccoli/335427_orig.png,sd2-sp/training/broccoli/335427_mask_segm.png_ps_mask.png_sd2_0.png
544306,544306,clock,tgif_train_544306_clock_segm,segm,0,small_under_10pct,99,True,False,2672,0.010193,data/research/tgif/masks/training/clock/544306_mask_segm.png_ps_mask.png,7c7e6ce56b5dfc5aa7e361fb224cf844fcda533c340c19292d41af40c1287284,14680,orig/training/clock/544306_orig.png,sd2-sp/training/clock/544306_mask_segm.png_ps_mask.png_sd2_0.png
410934,410934,broccoli,tgif_train_410934_broccoli_segm,segm,0,small_under_10pct,100,True,False,9828,0.037491,data/research/tgif/masks/training/broccoli/410934_mask_segm.png_ps_mask.png,921ff84dc0c74b324a739a1f8bc94ffb888b4725361922431767759453dbfdfd,17407,orig/training/broccoli/410934_orig.png,sd2-sp/training/broccoli/410934_mask_segm.png_ps_mask.png_sd2_0.png
93353,93353,book,tgif_train_93353_book_segm,segm,0,small_under_10pct,101,True,False,7935,0.03027,data/research/tgif/masks/training/book/93353_mask_segm.png_ps_mask.png,c3895d13f32faa91637d080c4bd1df54fcedfd78c8c01b5a1b81bfae83d586ea,16253,orig/training/book/93353_orig.png,sd2-sp/training/book/93353_mask_segm.png_ps_mask.png_sd2_0.png
173008,173008,banana,tgif_train_173008_banana_segm,segm,0,small_under_10pct,102,True,False,2943,0.011227,data/research/tgif/masks/training/banana/173008_mask_segm.png_ps_mask.png,2352294f1feea615c9995efd1f659d2b222d770eced0b52a32d096310e9d7602,16978,orig/training/banana/173008_orig.png,sd2-sp/training/banana/173008_mask_segm.png_ps_mask.png_sd2_0.png
257169,257169,toilet,tgif_train_257169_toilet_segm,segm,0,small_under_10pct,103,True,False,13425,0.051212,data/research/tgif/masks/training/toilet/257169_mask_segm.png_ps_mask.png,082bdc5b8cc39c10ece8fca9d376ea2a0c4c87d698d0e7ce4b0964cd5dac6a7f,21310,orig/training/toilet/257169_orig.png,sd2-sp/training/toilet/257169_mask_segm.png_ps_mask.png_sd2_0.png
92416,92416,bottle,tgif_train_92416_bottle_segm,segm,0,small_under_10pct,104,True,False,3994,0.015236,data/research/tgif/masks/training/bottle/92416_mask_segm.png_ps_mask.png,dcc5fa95e2d4610882bd15c54c20ef9cde6a3ca0df8502df4b559a312815d004,17677,orig/training/bottle/92416_orig.png,sd2-sp/training/bottle/92416_mask_segm.png_ps_mask.png_sd2_0.png
172877,172877,tie,tgif_train_172877_tie_segm,segm,0,small_under_10pct,105,True,False,2677,0.010212,data/research/tgif/masks/training/tie/172877_mask_segm.png_ps_mask.png,e54675f7776a865a62ef911e91d470454b668aae559aaec85b49c7bc0b69e9d6,16169,orig/training/tie/172877_orig.png,sd2-sp/training/tie/172877_mask_segm.png_ps_mask.png_sd2_0.png
233825,233825,dining table,tgif_train_233825_dining table_segm,segm,0,small_under_10pct,106,True,False,8929,0.034061,data/research/tgif/masks/training/dining table/233825_mask_segm.png_ps_mask.png,c164becc516b4431350dffcf9aacc9fc774fa77090af7a297a5a9413a30d3acd,22321,orig/training/dining table/233825_orig.png,sd2-sp/training/dining table/233825_mask_segm.png_ps_mask.png_sd2_0.png
203389,203389,motorcycle,tgif_train_203389_motorcycle_segm,segm,0,small_under_10pct,107,True,False,18823,0.071804,data/research/tgif/masks/training/motorcycle/203389_mask_segm.png_ps_mask.png,ee9d4ee5abb9c4ccc98969197f6b9fe3dd0711d27584ff53c124f57229ef69fa,17915,orig/training/motorcycle/203389_orig.png,sd2-sp/training/motorcycle/203389_mask_segm.png_ps_mask.png_sd2_0.png
396526,396526,potted plant,tgif_train_396526_potted plant_segm,segm,0,small_under_10pct,108,True,False,10410,0.039711,data/research/tgif/masks/training/potted plant/396526_mask_segm.png_ps_mask.png,016dea6092b8f3f4c9992e48ac4bd47b90926986fd3927bffaf74201e50c212a,18377,orig/training/potted plant/396526_orig.png,sd2-sp/training/potted plant/396526_mask_segm.png_ps_mask.png_sd2_0.png
400161,400161,remote,tgif_train_400161_remote_segm,segm,0,small_under_10pct,109,True,False,3263,0.012447,data/research/tgif/masks/training/remote/400161_mask_segm.png_ps_mask.png,2fba5a95454a8b80fc0586e1f0192d8bafcfe0557a3a364236d8baba0bbaf6e5,15933,orig/training/remote/400161_orig.png,sd2-sp/training/remote/400161_mask_segm.png_ps_mask.png_sd2_0.png
261888,261888,bicycle,tgif_train_261888_bicycle_segm,segm,0,small_under_10pct,110,True,False,22403,0.085461,data/research/tgif/masks/training/bicycle/261888_mask_segm.png_ps_mask.png,e869a518984fad2b1057e73c502dbf1372630d3eb1e9e6396283443dc9468bf0,26311,orig/training/bicycle/261888_orig.png,sd2-sp/training/bicycle/261888_mask_segm.png_ps_mask.png_sd2_0.png
398377,398377,handbag,tgif_train_398377_handbag_segm,segm,0,small_under_10pct,111,True,False,8732,0.03331,data/research/tgif/masks/training/handbag/398377_mask_segm.png_ps_mask.png,9274d0d4e90838c97f60744d37e4952feb6f006373662845f5935cdf8d6e6895,18473,orig/training/handbag/398377_orig.png,sd2-sp/training/handbag/398377_mask_segm.png_ps_mask.png_sd2_0.png
125572,125572,bicycle,tgif_train_125572_bicycle_segm,segm,0,small_under_10pct,112,True,False,5141,0.019611,data/research/tgif/masks/training/bicycle/125572_mask_segm.png_ps_mask.png,2f6f31ffb4b8873ed2951f2d33b3c215219b2a9fd1a302bc141b047b8c24b76c,16752,orig/training/bicycle/125572_orig.png,sd2-sp/training/bicycle/125572_mask_segm.png_ps_mask.png_sd2_0.png
564336,564336,laptop,tgif_train_564336_laptop_segm,segm,0,small_under_10pct,113,True,False,3132,0.011948,data/research/tgif/masks/training/laptop/564336_mask_segm.png_ps_mask.png,7c6c1c87528b19cad21fbf4d3a3a847f4e2c6aed82f24635ba2025b2608a7e55,15206,orig/training/laptop/564336_orig.png,sd2-sp/training/laptop/564336_mask_segm.png_ps_mask.png_sd2_0.png
119365,119365,cell phone,tgif_train_119365_cell phone_segm,segm,0,small_under_10pct,114,True,False,2911,0.011105,data/research/tgif/masks/training/cell phone/119365_mask_segm.png_ps_mask.png,00cca0ab717b5b739b40dba0ebacc662cc10d4356523fc5fc91c7fad493b213a,16013,orig/training/cell phone/119365_orig.png,sd2-sp/training/cell phone/119365_mask_segm.png_ps_mask.png_sd2_0.png
342128,342128,chair,tgif_train_342128_chair_segm,segm,0,small_under_10pct,115,True,False,6293,0.024006,data/research/tgif/masks/training/chair/342128_mask_segm.png_ps_mask.png,e221ca3c1ba07659ddde397f68cab05857f1e0706e2f817ac561eadd062167cf,16541,orig/training/chair/342128_orig.png,sd2-sp/training/chair/342128_mask_segm.png_ps_mask.png_sd2_0.png
350148,350148,sandwich,tgif_train_350148_sandwich_segm,segm,0,small_under_10pct,116,True,False,21026,0.080208,data/research/tgif/masks/training/sandwich/350148_mask_segm.png_ps_mask.png,3e7c1ddcddf677c37e28a7daf1d50a3b1d2dca7700af2a52ed537cf968719985,21638,orig/training/sandwich/350148_orig.png,sd2-sp/training/sandwich/350148_mask_segm.png_ps_mask.png_sd2_0.png
71226,71226,cat,tgif_train_71226_cat_segm,segm,0,small_under_10pct,117,True,False,11030,0.042076,data/research/tgif/masks/training/cat/71226_mask_segm.png_ps_mask.png,34ff54df46b80c04b5ca3b9dce0f325b150cd8a7dc251f1a974ae5b0e6b018e2,16108,orig/training/cat/71226_orig.png,sd2-sp/training/cat/71226_mask_segm.png_ps_mask.png_sd2_0.png
68765,68765,mouse,tgif_train_68765_mouse_segm,segm,0,small_under_10pct,118,True,False,9166,0.034966,data/research/tgif/masks/training/mouse/68765_mask_segm.png_ps_mask.png,b007a90effb3d798c93b368ecd4f479ed89d2c2d081b24c2f429ebce72bf41f8,18187,orig/training/mouse/68765_orig.png,sd2-sp/training/mouse/68765_mask_segm.png_ps_mask.png_sd2_0.png
575081,575081,tv,tgif_train_575081_tv_segm,segm,0,small_under_10pct,119,True,False,13889,0.052982,data/research/tgif/masks/training/tv/575081_mask_segm.png_ps_mask.png,07f65a586d7f9a45ba20df675308c458dbdfaa92fcef08ad5bfa2934576f1763,18300,orig/training/tv/575081_orig.png,sd2-sp/training/tv/575081_mask_segm.png_ps_mask.png_sd2_0.png
507575,507575,keyboard,tgif_train_507575_keyboard_segm,segm,0,small_under_10pct,120,True,False,6591,0.025143,data/research/tgif/masks/training/keyboard/507575_mask_segm.png_ps_mask.png,6d1c14d6f1d773f577569c03710bce880d8df3219afd930b9295f6d6fbf450d2,15777,orig/training/keyboard/507575_orig.png,sd2-sp/training/keyboard/507575_mask_segm.png_ps_mask.png_sd2_0.png
99053,99053,fork,tgif_train_99053_fork_segm,segm,0,small_under_10pct,121,True,False,8973,0.034229,data/research/tgif/masks/training/fork/99053_mask_segm.png_ps_mask.png,d0648427af98f85a327fbf27fb0a73e444c2b44eb61d99e900d37d27a6a2a9c8,22264,orig/training/fork/99053_orig.png,sd2-sp/training/fork/99053_mask_segm.png_ps_mask.png_sd2_0.png
160012,160012,chair,tgif_train_160012_chair_segm,segm,0,small_under_10pct,122,True,False,5535,0.021114,data/research/tgif/masks/training/chair/160012_mask_segm.png_ps_mask.png,c6d323d75989d71279748abc6e529e24885d19f02430a5a8f00b12ad13e7a0da,17885,orig/training/chair/160012_orig.png,sd2-sp/training/chair/160012_mask_segm.png_ps_mask.png_sd2_0.png
169996,169996,bicycle,tgif_train_169996_bicycle_segm,segm,0,small_under_10pct,123,True,False,6123,0.023357,data/research/tgif/masks/training/bicycle/169996_mask_segm.png_ps_mask.png,cc8e359e9e4b7d6cd922035ac838543511f6bb7cc0b512b0866d819581f7c58d,18703,orig/training/bicycle/169996_orig.png,sd2-sp/training/bicycle/169996_mask_segm.png_ps_mask.png_sd2_0.png
454661,454661,traffic light,tgif_train_454661_traffic light_segm,segm,0,small_under_10pct,124,True,False,6185,0.023594,data/research/tgif/masks/training/traffic light/454661_mask_segm.png_ps_mask.png,d5af975e372d8e4d56e19ea5d4340cf67d57984d034ae4af334804059f94047b,15703,orig/training/traffic light/454661_orig.png,sd2-sp/training/traffic light/454661_mask_segm.png_ps_mask.png_sd2_0.png
190637,190637,remote,tgif_train_190637_remote_segm,segm,0,small_under_10pct,125,True,False,2864,0.010925,data/research/tgif/masks/training/remote/190637_mask_segm.png_ps_mask.png,4ad7bcbfaf8f8275309b05ea2540bd87ab8f72f93ad040d8ddf531ad22af3546,16154,orig/training/remote/190637_orig.png,sd2-sp/training/remote/190637_mask_segm.png_ps_mask.png_sd2_0.png
529966,529966,orange,tgif_train_529966_orange_segm,segm,0,small_under_10pct,126,True,False,8295,0.031643,data/research/tgif/masks/training/orange/529966_mask_segm.png_ps_mask.png,7588116c108c0eba49a4a23c4d64b310844902e71af0769731a5c45fea7713af,16112,orig/training/orange/529966_orig.png,sd2-sp/training/orange/529966_mask_segm.png_ps_mask.png_sd2_0.png
84492,84492,bench,tgif_train_84492_bench_segm,segm,0,small_under_10pct,127,True,False,13395,0.051098,data/research/tgif/masks/training/bench/84492_mask_segm.png_ps_mask.png,562a332db7436871eb23b1d12b5ac32f6a008dc507752d435b5993f687f6fd62,17318,orig/training/bench/84492_orig.png,sd2-sp/training/bench/84492_mask_segm.png_ps_mask.png_sd2_0.png
336658,336658,bus,tgif_train_336658_bus_segm,segm,0,small_under_10pct,128,True,False,6751,0.025753,data/research/tgif/masks/training/bus/336658_mask_segm.png_ps_mask.png,fa8a2fab803c4c458967dbca6ec840ab236adb2ecfd684d78f82a64edd783037,16662,orig/training/bus/336658_orig.png,sd2-sp/training/bus/336658_mask_segm.png_ps_mask.png_sd2_0.png
418961,418961,clock,tgif_train_418961_clock_segm,segm,0,small_under_10pct,129,True,False,22898,0.087349,data/research/tgif/masks/training/clock/418961_mask_segm.png_ps_mask.png,24403a01ec4c467d39d03fd1111829265ad0ffe88a89a7409de903053fbf23b9,17589,orig/training/clock/418961_orig.png,sd2-sp/training/clock/418961_mask_segm.png_ps_mask.png_sd2_0.png
230993,230993,backpack,tgif_train_230993_backpack_segm,segm,0,small_under_10pct,130,True,False,6235,0.023785,data/research/tgif/masks/training/backpack/230993_mask_segm.png_ps_mask.png,9eb3f7d7a915df5c73f24be22b8196c9753f7c22d8d5517e5fc8841b40fe4c79,16184,orig/training/backpack/230993_orig.png,sd2-sp/training/backpack/230993_mask_segm.png_ps_mask.png_sd2_0.png
573008,573008,clock,tgif_train_573008_clock_segm,segm,0,small_under_10pct,131,True,False,4201,0.016026,data/research/tgif/masks/training/clock/573008_mask_segm.png_ps_mask.png,dc4bfa54c94bb455c8a480b9f2b95402ce5dd55b4e6c8e53b9b960defd2802dc,15842,orig/training/clock/573008_orig.png,sd2-sp/training/clock/573008_mask_segm.png_ps_mask.png_sd2_0.png
322574,322574,sandwich,tgif_train_322574_sandwich_segm,segm,0,small_under_10pct,132,True,False,24514,0.093513,data/research/tgif/masks/training/sandwich/322574_mask_segm.png_ps_mask.png,2859cb03c475381dc23b52a4cc7ed05fe342a972cc036234b9298e7d3645b7f0,18992,orig/training/sandwich/322574_orig.png,sd2-sp/training/sandwich/322574_mask_segm.png_ps_mask.png_sd2_0.png
632,632,potted plant,tgif_train_632_potted plant_segm,segm,0,small_under_10pct,133,True,False,3070,0.011711,data/research/tgif/masks/training/potted plant/632_mask_segm.png_ps_mask.png,fee67c057113643e3308fea9c065fbdbc9f44d10b38cfcb8e4ab303703dae60d,16919,orig/training/potted plant/632_orig.png,sd2-sp/training/potted plant/632_mask_segm.png_ps_mask.png_sd2_0.png
327890,327890,bench,tgif_train_327890_bench_segm,segm,0,small_under_10pct,134,True,False,25098,0.095741,data/research/tgif/masks/training/bench/327890_mask_segm.png_ps_mask.png,e0c63ce16380e2e850c82aa474c9910d925051387b8a92388ed486b8741990d5,19735,orig/training/bench/327890_orig.png,sd2-sp/training/bench/327890_mask_segm.png_ps_mask.png_sd2_0.png
265108,265108,suitcase,tgif_train_265108_suitcase_segm,segm,0,small_under_10pct,135,True,False,12499,0.04768,data/research/tgif/masks/training/suitcase/265108_mask_segm.png_ps_mask.png,c5ba0b667c5f8c462e5494145f1e8430baa2f945915f70270624f13ff17baa3e,17809,orig/training/suitcase/265108_orig.png,sd2-sp/training/suitcase/265108_mask_segm.png_ps_mask.png_sd2_0.png
366199,366199,cat,tgif_train_366199_cat_segm,segm,0,small_under_10pct,136,True,False,14952,0.057037,data/research/tgif/masks/training/cat/366199_mask_segm.png_ps_mask.png,b4b4a3cec101ecb4958150896bccbbb16cff2b6a2e45f4bbf83835552756c406,16419,orig/training/cat/366199_orig.png,sd2-sp/training/cat/366199_mask_segm.png_ps_mask.png_sd2_0.png
356498,356498,broccoli,tgif_train_356498_broccoli_segm,segm,0,small_under_10pct,137,True,False,12278,0.046837,data/research/tgif/masks/training/broccoli/356498_mask_segm.png_ps_mask.png,27023be12c2c0d53c6c05b7391e25655dff2b47b1beca8fc2e4b841374d38f1d,17651,orig/training/broccoli/356498_orig.png,sd2-sp/training/broccoli/356498_mask_segm.png_ps_mask.png_sd2_0.png
557172,557172,sink,tgif_train_557172_sink_segm,segm,0,small_under_10pct,138,True,False,22148,0.084488,data/research/tgif/masks/training/sink/557172_mask_segm.png_ps_mask.png,736efe5ed26f4f22ef4f75abdfec8aca2bcf344c4e869ecc3761a471c37c3b26,18566,orig/training/sink/557172_orig.png,sd2-sp/training/sink/557172_mask_segm.png_ps_mask.png_sd2_0.png
277051,277051,bird,tgif_train_277051_bird_segm,segm,0,small_under_10pct,139,True,False,16609,0.063358,data/research/tgif/masks/training/bird/277051_mask_segm.png_ps_mask.png,6074cbd6e19e186d34580377b609994a42968ad875302633be3cce043cf0900e,21284,orig/training/bird/277051_orig.png,sd2-sp/training/bird/277051_mask_segm.png_ps_mask.png_sd2_0.png
182162,182162,suitcase,tgif_train_182162_suitcase_segm,segm,0,small_under_10pct,140,True,False,5868,0.022385,data/research/tgif/masks/training/suitcase/182162_mask_segm.png_ps_mask.png,6fd36f4235eb6486628028a1cf624eab8a956dd7f25ebb64e2fb0f647caa260a,15851,orig/training/suitcase/182162_orig.png,sd2-sp/training/suitcase/182162_mask_segm.png_ps_mask.png_sd2_0.png
180487,180487,chair,tgif_train_180487_chair_segm,segm,0,small_under_10pct,141,True,False,3898,0.01487,data/research/tgif/masks/training/chair/180487_mask_segm.png_ps_mask.png,52e67b41a3e55df67b1645dc609147580b73869dd7243b262df8f5c1e9b9fe04,15704,orig/training/chair/180487_orig.png,sd2-sp/training/chair/180487_mask_segm.png_ps_mask.png_sd2_0.png
82986,82986,handbag,tgif_train_82986_handbag_segm,segm,0,small_under_10pct,142,True,False,3798,0.014488,data/research/tgif/masks/training/handbag/82986_mask_segm.png_ps_mask.png,765afc526959120b9fe31983c2e30d3a56bc2c08601469a2d0e8a1aeb30077a4,16090,orig/training/handbag/82986_orig.png,sd2-sp/training/handbag/82986_mask_segm.png_ps_mask.png_sd2_0.png
473219,473219,potted plant,tgif_train_473219_potted plant_segm,segm,0,small_under_10pct,143,True,False,6879,0.026241,data/research/tgif/masks/training/potted plant/473219_mask_segm.png_ps_mask.png,f8e930560f17136310af0a061473fb9fa686870b0d9c417ea6cd94da10006f7b,16512,orig/training/potted plant/473219_orig.png,sd2-sp/training/potted plant/473219_mask_segm.png_ps_mask.png_sd2_0.png
476810,476810,remote,tgif_train_476810_remote_segm,segm,0,small_under_10pct,144,True,False,19959,0.076138,data/research/tgif/masks/training/remote/476810_mask_segm.png_ps_mask.png,73ee3a087d23b0cef944626a29029a68f2a12223296847dfbcc592ad3c859d79,16771,orig/training/remote/476810_orig.png,sd2-sp/training/remote/476810_mask_segm.png_ps_mask.png_sd2_0.png
210388,210388,suitcase,tgif_train_210388_suitcase_segm,segm,0,small_under_10pct,145,True,False,4908,0.018723,data/research/tgif/masks/training/suitcase/210388_mask_segm.png_ps_mask.png,67da52b35fac84c2bf41b8dfb9ec5308bd17c014ecdc47463077c72f15bf966f,15896,orig/training/suitcase/210388_orig.png,sd2-sp/training/suitcase/210388_mask_segm.png_ps_mask.png_sd2_0.png
572678,572678,wine glass,tgif_train_572678_wine glass_segm,segm,0,small_under_10pct,146,True,False,2794,0.010658,data/research/tgif/masks/training/wine glass/572678_mask_segm.png_ps_mask.png,6e07c2fe72be615ddb616aa7dbce0eb50dac28ad11f6bd448f05cd2ec03d3017,15441,orig/training/wine glass/572678_orig.png,sd2-sp/training/wine glass/572678_mask_segm.png_ps_mask.png_sd2_0.png
491008,491008,pizza,tgif_train_491008_pizza_segm,segm,0,small_under_10pct,147,True,False,6278,0.023949,data/research/tgif/masks/training/pizza/491008_mask_segm.png_ps_mask.png,46fa2a90d721af1fd8fc90a7e99d6c9c14f5bfe80d5a66734e67a7a78ae3dfac,15744,orig/training/pizza/491008_orig.png,sd2-sp/training/pizza/491008_mask_segm.png_ps_mask.png_sd2_0.png
313130,313130,microwave,tgif_train_313130_microwave_segm,segm,0,small_under_10pct,148,True,False,13012,0.049637,data/research/tgif/masks/training/microwave/313130_mask_segm.png_ps_mask.png,8425e259c0a489c78917e47863a6ddc2a97b8077bb43cfc0d65436ec628e8749,16966,orig/training/microwave/313130_orig.png,sd2-sp/training/microwave/313130_mask_segm.png_ps_mask.png_sd2_0.png
336209,336209,person,tgif_train_336209_person_segm,segm,0,small_under_10pct,149,True,False,8573,0.032703,data/research/tgif/masks/training/person/336209_mask_segm.png_ps_mask.png,6f421c32b861d36d642153b216bdba09eab1feecf72b7514ce19678c15586978,19706,orig/training/person/336209_orig.png,sd2-sp/training/person/336209_mask_segm.png_ps_mask.png_sd2_0.png
422998,422998,sandwich,tgif_train_422998_sandwich_segm,segm,0,small_under_10pct,150,True,False,14638,0.05584,data/research/tgif/masks/training/sandwich/422998_mask_segm.png_ps_mask.png,d86621be5d9ea33176f9d549b407b84aa5e5ac770be4b42a082b1c183a594620,6204,orig/training/sandwich/422998_orig.png,sd2-sp/training/sandwich/422998_mask_segm.png_ps_mask.png_sd2_0.png
30828,30828,backpack,tgif_train_30828_backpack_segm,segm,0,small_under_10pct,151,True,False,6603,0.025188,data/research/tgif/masks/training/backpack/30828_mask_segm.png_ps_mask.png,b6cf00bc6bb50d0972fd1e232052d0c974a909c26de6f1cce7712ac40fc66710,15748,orig/training/backpack/30828_orig.png,sd2-sp/training/backpack/30828_mask_segm.png_ps_mask.png_sd2_0.png
458255,458255,book,tgif_train_458255_book_segm,segm,0,small_under_10pct,152,True,False,7677,0.029285,data/research/tgif/masks/training/book/458255_mask_segm.png_ps_mask.png,0ea965e12f45b4d9f6ed4ed72835b09259f5c1c8a4eea5dc04adba5913591bac,16253,orig/training/book/458255_orig.png,sd2-sp/training/book/458255_mask_segm.png_ps_mask.png_sd2_0.png
554291,554291,mouse,tgif_train_554291_mouse_segm,segm,0,small_under_10pct,153,True,False,8167,0.031155,data/research/tgif/masks/training/mouse/554291_mask_segm.png_ps_mask.png,6cd380c6c5883b15c96c50b050feca3f23211bcd59b03ff92359277368f2d212,16135,orig/training/mouse/554291_orig.png,sd2-sp/training/mouse/554291_mask_segm.png_ps_mask.png_sd2_0.png
164115,164115,bicycle,tgif_train_164115_bicycle_segm,segm,0,small_under_10pct,154,True,False,7523,0.028698,data/research/tgif/masks/training/bicycle/164115_mask_segm.png_ps_mask.png,b46c58a94c880eb152f3afea4a04ce9a26bf50a0b742911f594c507349a9f908,21793,orig/training/bicycle/164115_orig.png,sd2-sp/training/bicycle/164115_mask_segm.png_ps_mask.png_sd2_0.png
250619,250619,umbrella,tgif_train_250619_umbrella_segm,segm,0,small_under_10pct,155,True,False,23833,0.090916,data/research/tgif/masks/training/umbrella/250619_mask_segm.png_ps_mask.png,289f1fa55c9d86063b17342d01509c71028a75c489bfef44fadc1a6fd564da30,21313,orig/training/umbrella/250619_orig.png,sd2-sp/training/umbrella/250619_mask_segm.png_ps_mask.png_sd2_0.png
12670,12670,teddy bear,tgif_train_12670_teddy bear_segm,segm,0,small_under_10pct,156,True,False,8368,0.031921,data/research/tgif/masks/training/teddy bear/12670_mask_segm.png_ps_mask.png,88849f94c86a1f457fccbeb2edcbcec3ff64d9503348d503e10dc30171513cd7,17484,orig/training/teddy bear/12670_orig.png,sd2-sp/training/teddy bear/12670_mask_segm.png_ps_mask.png_sd2_0.png
298396,298396,oven,tgif_train_298396_oven_segm,segm,0,small_under_10pct,157,True,False,13883,0.052959,data/research/tgif/masks/training/oven/298396_mask_segm.png_ps_mask.png,bd63e615bba2311a6569d66a269ee9d4d6293b3cc094a763387d34330360a8de,16159,orig/training/oven/298396_orig.png,sd2-sp/training/oven/298396_mask_segm.png_ps_mask.png_sd2_0.png
50331,50331,broccoli,tgif_train_50331_broccoli_segm,segm,0,small_under_10pct,158,True,False,14626,0.055794,data/research/tgif/masks/training/broccoli/50331_mask_segm.png_ps_mask.png,d8a7183b11b2e0782f16cac930d5672d3f4142409d0f9bab3762ea8e61684723,18300,orig/training/broccoli/50331_orig.png,sd2-sp/training/broccoli/50331_mask_segm.png_ps_mask.png_sd2_0.png
203294,203294,truck,tgif_train_203294_truck_segm,segm,0,small_under_10pct,159,True,False,2863,0.010921,data/research/tgif/masks/training/truck/203294_mask_segm.png_ps_mask.png,09f45ce0c4e8de7f6fb62c2213991269e241b6f1b4decd0ab10fa13a6328276f,16957,orig/training/truck/203294_orig.png,sd2-sp/training/truck/203294_mask_segm.png_ps_mask.png_sd2_0.png
401446,401446,handbag,tgif_train_401446_handbag_segm,segm,0,small_under_10pct,160,True,False,7260,0.027695,data/research/tgif/masks/training/handbag/401446_mask_segm.png_ps_mask.png,521429c595ea5742806e4b769a857dd81be55d5c8a47fbcb3bb0cf6e57c34616,6016,orig/training/handbag/401446_orig.png,sd2-sp/training/handbag/401446_mask_segm.png_ps_mask.png_sd2_0.png
6763,6763,tie,tgif_train_6763_tie_segm,segm,0,small_under_10pct,161,True,False,10300,0.039291,data/research/tgif/masks/training/tie/6763_mask_segm.png_ps_mask.png,878e3a36ca4e3ad1cda8401a64efed4b38a9c166850ce238ee23d385a22ee0ba,16305,orig/training/tie/6763_orig.png,sd2-sp/training/tie/6763_mask_segm.png_ps_mask.png_sd2_0.png
369757,369757,hot dog,tgif_train_369757_hot dog_segm,segm,0,small_under_10pct,162,True,False,5990,0.02285,data/research/tgif/masks/training/hot dog/369757_mask_segm.png_ps_mask.png,e5416aaea81cd41fe816a8b096ed272479672e972a3422edf050fa86cff54d5f,15929,orig/training/hot dog/369757_orig.png,sd2-sp/training/hot dog/369757_mask_segm.png_ps_mask.png_sd2_0.png
155154,155154,toilet,tgif_train_155154_toilet_segm,segm,0,small_under_10pct,163,True,False,10449,0.03986,data/research/tgif/masks/training/toilet/155154_mask_segm.png_ps_mask.png,5acedab48912984d126d53f4c875760806becc043d4f9e766cf0a8a82d21b4e1,16747,orig/training/toilet/155154_orig.png,sd2-sp/training/toilet/155154_mask_segm.png_ps_mask.png_sd2_0.png
243867,243867,car,tgif_train_243867_car_segm,segm,0,small_under_10pct,164,True,False,19619,0.074841,data/research/tgif/masks/training/car/243867_mask_segm.png_ps_mask.png,48ea092250917edc711f0b5b3e7b6b45c10de0be3d951644f0a08a2c4f54beae,17613,orig/training/car/243867_orig.png,sd2-sp/training/car/243867_mask_segm.png_ps_mask.png_sd2_0.png
311392,311392,person,tgif_train_311392_person_segm,segm,0,small_under_10pct,165,True,False,6551,0.02499,data/research/tgif/masks/training/person/311392_mask_segm.png_ps_mask.png,a65980625228d44030586756dea92e5c59f0507d848b06bc783271108eb77ac8,16875,orig/training/person/311392_orig.png,sd2-sp/training/person/311392_mask_segm.png_ps_mask.png_sd2_0.png
461009,461009,chair,tgif_train_461009_chair_segm,segm,0,small_under_10pct,166,False,False,3018,0.011513,data/research/tgif/masks/training/chair/461009_mask_segm.png_ps_mask.png,cb913e924b11999bc4b5e360ad507585beb468f70722fa55c307669b28cbd033,14696,orig/training/chair/461009_orig.png,sd2-sp/training/chair/461009_mask_segm.png_ps_mask.png_sd2_0.png
53505,53505,toilet,tgif_train_53505_toilet_segm,segm,0,small_under_10pct,167,False,False,4661,0.01778,data/research/tgif/masks/training/toilet/53505_mask_segm.png_ps_mask.png,8a73bae197e2a890dcc1d6237beac7ac2b9d233a370bc3070fcd0d6661575992,16793,orig/training/toilet/53505_orig.png,sd2-sp/training/toilet/53505_mask_segm.png_ps_mask.png_sd2_0.png
388846,388846,umbrella,tgif_train_388846_umbrella_segm,segm,0,small_under_10pct,168,False,False,4269,0.016285,data/research/tgif/masks/training/umbrella/388846_mask_segm.png_ps_mask.png,0c3971ec0375924a40d203be77cd0bb03103ba3dc90bf6bcc21e34694c0ae798,16391,orig/training/umbrella/388846_orig.png,sd2-sp/training/umbrella/388846_mask_segm.png_ps_mask.png_sd2_0.png
309391,309391,bus,tgif_train_309391_bus_segm,segm,0,small_under_10pct,169,False,False,5184,0.019775,data/research/tgif/masks/training/bus/309391_mask_segm.png_ps_mask.png,e508e47e916fe2d5cede524f9e1d259be03612f2cfa61a2addf577e6340af378,16406,orig/training/bus/309391_orig.png,sd2-sp/training/bus/309391_mask_segm.png_ps_mask.png_sd2_0.png
442161,442161,wine glass,tgif_train_442161_wine glass_segm,segm,0,small_under_10pct,170,False,False,6443,0.024578,data/research/tgif/masks/training/wine glass/442161_mask_segm.png_ps_mask.png,c6c26616f118ed26e9ee1c19e88f0713e417078cba391368dda372932842a04f,19109,orig/training/wine glass/442161_orig.png,sd2-sp/training/wine glass/442161_mask_segm.png_ps_mask.png_sd2_0.png
11051,11051,tie,tgif_train_11051_tie_segm,segm,0,small_under_10pct,171,False,False,6700,0.025558,data/research/tgif/masks/training/tie/11051_mask_segm.png_ps_mask.png,7bf2c7fce7155fd8568d7d04e31b0a855d645c9065fcefd45162463a534ea0c0,18496,orig/training/tie/11051_orig.png,sd2-sp/training/tie/11051_mask_segm.png_ps_mask.png_sd2_0.png
88345,88345,clock,tgif_train_88345_clock_segm,segm,0,small_under_10pct,172,False,False,6173,0.023548,data/research/tgif/masks/training/clock/88345_mask_segm.png_ps_mask.png,842a6420cf0e3eedf5d0f4c94a596b6dd9a95dabc84e416af01c6a5c0369d061,17205,orig/training/clock/88345_orig.png,sd2-sp/training/clock/88345_mask_segm.png_ps_mask.png_sd2_0.png
279769,279769,banana,tgif_train_279769_banana_segm,segm,0,small_under_10pct,173,False,False,17629,0.067249,data/research/tgif/masks/training/banana/279769_mask_segm.png_ps_mask.png,b0fb41a90d55f3afd81606eef2c5848a59a68ec12c3291e7b59fd6ab25167e94,17862,orig/training/banana/279769_orig.png,sd2-sp/training/banana/279769_mask_segm.png_ps_mask.png_sd2_0.png
491071,491071,sink,tgif_train_491071_sink_segm,segm,0,small_under_10pct,174,False,False,8648,0.03299,data/research/tgif/masks/training/sink/491071_mask_segm.png_ps_mask.png,275b20f820fac9ac24b923118f6c19dd82b40cde4452649ee5b5687a8c944f9a,4053,orig/training/sink/491071_orig.png,sd2-sp/training/sink/491071_mask_segm.png_ps_mask.png_sd2_0.png
111207,111207,bench,tgif_train_111207_bench_segm,segm,0,small_under_10pct,175,False,False,5411,0.020641,data/research/tgif/masks/training/bench/111207_mask_segm.png_ps_mask.png,71e9beea3716bdc1160693e989538799137c51ff62308a3a09a68cdb599c13c0,16018,orig/training/bench/111207_orig.png,sd2-sp/training/bench/111207_mask_segm.png_ps_mask.png_sd2_0.png
165831,165831,broccoli,tgif_train_165831_broccoli_segm,segm,0,small_under_10pct,176,False,False,9652,0.036819,data/research/tgif/masks/training/broccoli/165831_mask_segm.png_ps_mask.png,6e74210a0e75620c405e53dc1d38fede342feac75f05830a3d83a7d162be33c8,19165,orig/training/broccoli/165831_orig.png,sd2-sp/training/broccoli/165831_mask_segm.png_ps_mask.png_sd2_0.png
550084,550084,truck,tgif_train_550084_truck_segm,segm,0,small_under_10pct,177,False,False,20783,0.079281,data/research/tgif/masks/training/truck/550084_mask_segm.png_ps_mask.png,e3c1672d325060af601dc391a072c7f23aa25882c2f244e254668624f7b09998,26607,orig/training/truck/550084_orig.png,sd2-sp/training/truck/550084_mask_segm.png_ps_mask.png_sd2_0.png
26941,26941,suitcase,tgif_train_26941_suitcase_segm,segm,0,small_under_10pct,178,False,False,23376,0.089172,data/research/tgif/masks/training/suitcase/26941_mask_segm.png_ps_mask.png,deb17bb2be56e46993e9b9bd3dedfe0367931e493f33c2c7d8c925a6a919f37b,16395,orig/training/suitcase/26941_orig.png,sd2-sp/training/suitcase/26941_mask_segm.png_ps_mask.png_sd2_0.png
335081,335081,bird,tgif_train_335081_bird_segm,segm,0,small_under_10pct,179,False,False,25066,0.095619,data/research/tgif/masks/training/bird/335081_mask_segm.png_ps_mask.png,277b0a27f05f8234fd03510fb99e95bb13221eff6b9a4e502f53171ce9d5cee6,19108,orig/training/bird/335081_orig.png,sd2-sp/training/bird/335081_mask_segm.png_ps_mask.png_sd2_0.png
378515,378515,bicycle,tgif_train_378515_bicycle_segm,segm,0,small_under_10pct,180,False,False,4131,0.015759,data/research/tgif/masks/training/bicycle/378515_mask_segm.png_ps_mask.png,47fa4cbba7ab0e7b34332225bd6bb071063c457a64224f57cafcd033fec081e8,14974,orig/training/bicycle/378515_orig.png,sd2-sp/training/bicycle/378515_mask_segm.png_ps_mask.png_sd2_0.png
422886,422886,hot dog,tgif_train_422886_hot dog_segm,segm,0,small_under_10pct,181,False,False,13329,0.050846,data/research/tgif/masks/training/hot dog/422886_mask_segm.png_ps_mask.png,b79913b77e00dcdc1daaabf83a3112be520276695863c81a5255ed6ca343caf5,20876,orig/training/hot dog/422886_orig.png,sd2-sp/training/hot dog/422886_mask_segm.png_ps_mask.png_sd2_0.png
419653,419653,microwave,tgif_train_419653_microwave_segm,segm,0,small_under_10pct,182,False,False,2814,0.010735,data/research/tgif/masks/training/microwave/419653_mask_segm.png_ps_mask.png,1727cfc5f661ad1404719c6d92791e0b660b55653798723e851b61fb8e756e8c,15830,orig/training/microwave/419653_orig.png,sd2-sp/training/microwave/419653_mask_segm.png_ps_mask.png_sd2_0.png
153217,153217,cat,tgif_train_153217_cat_segm,segm,0,small_under_10pct,183,False,False,22117,0.08437,data/research/tgif/masks/training/cat/153217_mask_segm.png_ps_mask.png,1bace53051bba4559488465307202f1bb2ce02b1b140ab3345dffa0e1656cccd,20642,orig/training/cat/153217_orig.png,sd2-sp/training/cat/153217_mask_segm.png_ps_mask.png_sd2_0.png
186449,186449,suitcase,tgif_train_186449_suitcase_segm,segm,0,small_under_10pct,184,False,False,6793,0.025913,data/research/tgif/masks/training/suitcase/186449_mask_segm.png_ps_mask.png,ca2b27063dc7d61743234eb43fa3ccfa222faf7d82702630df25aeef67f927b8,15985,orig/training/suitcase/186449_orig.png,sd2-sp/training/suitcase/186449_mask_segm.png_ps_mask.png_sd2_0.png
3156,3156,sink,tgif_train_3156_sink_segm,segm,0,small_under_10pct,185,False,False,4231,0.01614,data/research/tgif/masks/training/sink/3156_mask_segm.png_ps_mask.png,9ff1ae1bf6d5737213d4f4c3fc172f79dc493e551c1345b062770a147d91e0c6,15583,orig/training/sink/3156_orig.png,sd2-sp/training/sink/3156_mask_segm.png_ps_mask.png_sd2_0.png
444275,444275,microwave,tgif_train_444275_microwave_segm,segm,0,small_under_10pct,186,False,False,12821,0.048908,data/research/tgif/masks/training/microwave/444275_mask_segm.png_ps_mask.png,20a7f9e159d02928fb864ec1d79ed32ea4f783e0d10b93127bf1840dea786c15,16207,orig/training/microwave/444275_orig.png,sd2-sp/training/microwave/444275_mask_segm.png_ps_mask.png_sd2_0.png
544811,544811,bird,tgif_train_544811_bird_segm,segm,0,small_under_10pct,187,False,False,5184,0.019775,data/research/tgif/masks/training/bird/544811_mask_segm.png_ps_mask.png,51a0cbbde3872e8863843b10a908d984fb05cd7f0db51129487f3c3f14e2f203,17810,orig/training/bird/544811_orig.png,sd2-sp/training/bird/544811_mask_segm.png_ps_mask.png_sd2_0.png
227478,227478,bench,tgif_train_227478_bench_segm,segm,0,small_under_10pct,188,False,False,4984,0.019012,data/research/tgif/masks/training/bench/227478_mask_segm.png_ps_mask.png,00a4cfd9e260be352c68bd52885faecb4b8f89b72e6c98272223b4a796c28846,17865,orig/training/bench/227478_orig.png,sd2-sp/training/bench/227478_mask_segm.png_ps_mask.png_sd2_0.png
521540,521540,spoon,tgif_train_521540_spoon_segm,segm,0,small_under_10pct,189,False,False,4332,0.016525,data/research/tgif/masks/training/spoon/521540_mask_segm.png_ps_mask.png,acbb30a814581fb79f04095eb2c89e6ea732391e1f9c5b8517df95072f858bb8,20766,orig/training/spoon/521540_orig.png,sd2-sp/training/spoon/521540_mask_segm.png_ps_mask.png_sd2_0.png
221017,221017,bird,tgif_train_221017_bird_segm,segm,0,small_under_10pct,190,False,False,20302,0.077446,data/research/tgif/masks/training/bird/221017_mask_segm.png_ps_mask.png,836b66da992e0471c90c2b899e04fac361fe2a7f6bdccced259d0c7490b7bf07,30725,orig/training/bird/221017_orig.png,sd2-sp/training/bird/221017_mask_segm.png_ps_mask.png_sd2_0.png
326248,326248,umbrella,tgif_train_326248_umbrella_segm,segm,0,small_under_10pct,191,False,False,4299,0.016399,data/research/tgif/masks/training/umbrella/326248_mask_segm.png_ps_mask.png,8b36b323201acc320bf4aec3258324ca674f96b3c83efab21e5e143fd822083f,15423,orig/training/umbrella/326248_orig.png,sd2-sp/training/umbrella/326248_mask_segm.png_ps_mask.png_sd2_0.png
111951,111951,vase,tgif_train_111951_vase_segm,segm,0,small_under_10pct,192,False,False,3172,0.0121,data/research/tgif/masks/training/vase/111951_mask_segm.png_ps_mask.png,cfaedf37d6cdf29a2711f5092e955093ea88410f9172ad55bea8afef8b2627dd,14958,orig/training/vase/111951_orig.png,sd2-sp/training/vase/111951_mask_segm.png_ps_mask.png_sd2_0.png
251537,251537,carrot,tgif_train_251537_carrot_segm,segm,0,small_under_10pct,193,False,False,11089,0.042301,data/research/tgif/masks/training/carrot/251537_mask_segm.png_ps_mask.png,6bee3a4a1fd37277b91908c9f681ed404f22014bbbae85bad3207bdc1e786a2a,22271,orig/training/carrot/251537_orig.png,sd2-sp/training/carrot/251537_mask_segm.png_ps_mask.png_sd2_0.png
278749,278749,person,tgif_train_278749_person_segm,segm,0,small_under_10pct,194,False,False,4375,0.016689,data/research/tgif/masks/training/person/278749_mask_segm.png_ps_mask.png,e67c10a0267635cde9fd0332ce129bfc76df3ebecda2d775f57f139517973265,16331,orig/training/person/278749_orig.png,sd2-sp/training/person/278749_mask_segm.png_ps_mask.png_sd2_0.png
145620,145620,motorcycle,tgif_train_145620_motorcycle_segm,segm,0,small_under_10pct,195,False,False,15304,0.05838,data/research/tgif/masks/training/motorcycle/145620_mask_segm.png_ps_mask.png,4a53662f1ef24df472e5bda2f4f8fcf8020d31a484c5c9242680a0ef5495eb9b,22948,orig/training/motorcycle/145620_orig.png,sd2-sp/training/motorcycle/145620_mask_segm.png_ps_mask.png_sd2_0.png
123321,123321,broccoli,tgif_train_123321_broccoli_segm,segm,0,small_under_10pct,196,False,False,7301,0.027851,data/research/tgif/masks/training/broccoli/123321_mask_segm.png_ps_mask.png,fb4c5a115cab299e723668e42cd0fc38a3466829ab7e8ae807a459f8fa0b6c8f,14977,orig/training/broccoli/123321_orig.png,sd2-sp/training/broccoli/123321_mask_segm.png_ps_mask.png_sd2_0.png
239773,239773,baseball bat,tgif_train_239773_baseball bat_segm,segm,0,small_under_10pct,197,False,False,5782,0.022057,data/research/tgif/masks/training/baseball bat/239773_mask_segm.png_ps_mask.png,b662872ee1b98ef4e4e488da26be010ce7add2617baf494d6438ac686f4c0a21,7924,orig/training/baseball bat/239773_orig.png,sd2-sp/training/baseball bat/239773_mask_segm.png_ps_mask.png_sd2_0.png
70254,70254,bench,tgif_train_70254_bench_segm,segm,0,small_under_10pct,198,False,False,3024,0.011536,data/research/tgif/masks/training/bench/70254_mask_segm.png_ps_mask.png,ce72d48f2814240f008249392119731ed8d27d149453480d54897a9d6be9e904,15886,orig/training/bench/70254_orig.png,sd2-sp/training/bench/70254_mask_segm.png_ps_mask.png_sd2_0.png
295478,295478,dog,tgif_train_295478_dog_segm,segm,0,small_under_10pct,199,False,False,4397,0.016773,data/research/tgif/masks/training/dog/295478_mask_segm.png_ps_mask.png,69fd516f9085ca260f4e067a99916f2604b3c1f84442b6648f5e7f986e8e7ed6,16755,orig/training/dog/295478_orig.png,sd2-sp/training/dog/295478_mask_segm.png_ps_mask.png_sd2_0.png
559547,559547,baseball bat,tgif_train_559547_baseball bat_segm,segm,0,small_under_10pct,200,False,False,3232,0.012329,data/research/tgif/masks/training/baseball bat/559547_mask_segm.png_ps_mask.png,b3860901be22d5ac029d9787d966034452ae1bed403dacbfd0428249996939c2,17464,orig/training/baseball bat/559547_orig.png,sd2-sp/training/baseball bat/559547_mask_segm.png_ps_mask.png_sd2_0.png
276055,276055,carrot,tgif_train_276055_carrot_segm,segm,0,small_under_10pct,201,False,False,4276,0.016312,data/research/tgif/masks/training/carrot/276055_mask_segm.png_ps_mask.png,775e94277633e0634cb9e84d3da88d9906525fb16a6dc74d1b36835c0798e61e,16454,orig/training/carrot/276055_orig.png,sd2-sp/training/carrot/276055_mask_segm.png_ps_mask.png_sd2_0.png
361551,361551,truck,tgif_train_361551_truck_segm,segm,0,small_under_10pct,202,False,False,4407,0.016811,data/research/tgif/masks/training/truck/361551_mask_segm.png_ps_mask.png,1c3c6f83ac5055bf1607e9c63189c83fe9b508b837f04f49ed7299d02fb57405,16115,orig/training/truck/361551_orig.png,sd2-sp/training/truck/361551_mask_segm.png_ps_mask.png_sd2_0.png
488673,488673,wine glass,tgif_train_488673_wine glass_segm,segm,0,small_under_10pct,203,False,False,6813,0.02599,data/research/tgif/masks/training/wine glass/488673_mask_segm.png_ps_mask.png,61fdfeb72194b683574d0a8a3c51263bf6f51c7c60e112a9ff05cbdc2253ccc1,16763,orig/training/wine glass/488673_orig.png,sd2-sp/training/wine glass/488673_mask_segm.png_ps_mask.png_sd2_0.png
571313,571313,microwave,tgif_train_571313_microwave_segm,segm,0,small_under_10pct,204,False,False,11655,0.04446,data/research/tgif/masks/training/microwave/571313_mask_segm.png_ps_mask.png,bba33e4297df562bbe6abf752d37d4345969f4aa3a4e383bb17db49a58c2959a,16292,orig/training/microwave/571313_orig.png,sd2-sp/training/microwave/571313_mask_segm.png_ps_mask.png_sd2_0.png
564280,564280,remote,tgif_train_564280_remote_segm,segm,0,small_under_10pct,205,False,False,6271,0.023922,data/research/tgif/masks/training/remote/564280_mask_segm.png_ps_mask.png,f91d7fbf2ddc104619c7f75acd91703bc94165083614af1c12a029923d42c69b,15496,orig/training/remote/564280_orig.png,sd2-sp/training/remote/564280_mask_segm.png_ps_mask.png_sd2_0.png
346703,346703,couch,tgif_train_346703_couch_segm,segm,0,small_under_10pct,206,False,False,5172,0.01973,data/research/tgif/masks/training/couch/346703_mask_segm.png_ps_mask.png,81367ffbac6806fe92413e9881ecbc557a164552e7edb1e649356417741eef6e,18415,orig/training/couch/346703_orig.png,sd2-sp/training/couch/346703_mask_segm.png_ps_mask.png_sd2_0.png
441247,441247,refrigerator,tgif_train_441247_refrigerator_segm,segm,0,small_under_10pct,207,False,False,4038,0.015404,data/research/tgif/masks/training/refrigerator/441247_mask_segm.png_ps_mask.png,e42191a4f308f19f863510017fa3f6daf1a9230b479d6ef741e92fcd2fa382ad,16441,orig/training/refrigerator/441247_orig.png,sd2-sp/training/refrigerator/441247_mask_segm.png_ps_mask.png_sd2_0.png
307598,307598,traffic light,tgif_train_307598_traffic light_segm,segm,0,small_under_10pct,208,False,False,2630,0.010033,data/research/tgif/masks/training/traffic light/307598_mask_segm.png_ps_mask.png,1b412216b9b59294dad50f166547ace124550dc7990840fd87810ab8b27de9f4,15391,orig/training/traffic light/307598_orig.png,sd2-sp/training/traffic light/307598_mask_segm.png_ps_mask.png_sd2_0.png
112798,112798,book,tgif_train_112798_book_segm,segm,0,small_under_10pct,209,False,False,2728,0.010406,data/research/tgif/masks/training/book/112798_mask_segm.png_ps_mask.png,52af4e6ccf0052743cce03331fc93265044ddb2a50e195cbad68d2f1589d193c,15274,orig/training/book/112798_orig.png,sd2-sp/training/book/112798_mask_segm.png_ps_mask.png_sd2_0.png
133244,133244,chair,tgif_train_133244_chair_segm,segm,0,small_under_10pct,210,False,False,3698,0.014107,data/research/tgif/masks/training/chair/133244_mask_segm.png_ps_mask.png,f998a26580a2210dccc038d3beba25aa150eb7929c0806f622524f5ff5c5c82b,15894,orig/training/chair/133244_orig.png,sd2-sp/training/chair/133244_mask_segm.png_ps_mask.png_sd2_0.png
436738,436738,bus,tgif_train_436738_bus_segm,segm,0,small_under_10pct,211,False,False,18694,0.071312,data/research/tgif/masks/training/bus/436738_mask_segm.png_ps_mask.png,0dd8c790c5f159eee5f744a581d10e5e08369d96725c10dda0c64065ccc0fd10,19371,orig/training/bus/436738_orig.png,sd2-sp/training/bus/436738_mask_segm.png_ps_mask.png_sd2_0.png
351559,351559,traffic light,tgif_train_351559_traffic light_segm,segm,0,small_under_10pct,212,False,False,12766,0.048698,data/research/tgif/masks/training/traffic light/351559_mask_segm.png_ps_mask.png,4854b14299743cf20093045fff4ec7dbbeea931ffc69a5ecb5d73408286dcd21,17051,orig/training/traffic light/351559_orig.png,sd2-sp/training/traffic light/351559_mask_segm.png_ps_mask.png_sd2_0.png
81061,81061,suitcase,tgif_train_81061_suitcase_segm,segm,0,small_under_10pct,213,False,False,17212,0.065659,data/research/tgif/masks/training/suitcase/81061_mask_segm.png_ps_mask.png,b0302182000ad45274824aae98d315b0c8c49b1c9e659e743af58bd85a4a4c77,17275,orig/training/suitcase/81061_orig.png,sd2-sp/training/suitcase/81061_mask_segm.png_ps_mask.png_sd2_0.png
182611,182611,cake,tgif_train_182611_cake_segm,segm,0,small_under_10pct,214,False,False,6571,0.025066,data/research/tgif/masks/training/cake/182611_mask_segm.png_ps_mask.png,33514b8a753972b90d3186dad0001ea6f397bd2cd2320d680b02cfa60674246b,16334,orig/training/cake/182611_orig.png,sd2-sp/training/cake/182611_mask_segm.png_ps_mask.png_sd2_0.png
215723,215723,traffic light,tgif_train_215723_traffic light_segm,segm,0,small_under_10pct,215,False,False,19670,0.075035,data/research/tgif/masks/training/traffic light/215723_mask_segm.png_ps_mask.png,0caef2bf583081a167582fc45d8527f226c007ffeaf1ebdb7dd3649a0c2f275a,18789,orig/training/traffic light/215723_orig.png,sd2-sp/training/traffic light/215723_mask_segm.png_ps_mask.png_sd2_0.png
269113,269113,dog,tgif_train_269113_dog_segm,segm,0,small_under_10pct,216,False,False,16037,0.061176,data/research/tgif/masks/training/dog/269113_mask_segm.png_ps_mask.png,9ced6f931274361790da01fa9c2087520236052024f788e7ba5f789779b464da,28774,orig/training/dog/269113_orig.png,sd2-sp/training/dog/269113_mask_segm.png_ps_mask.png_sd2_0.png
579900,579900,broccoli,tgif_train_579900_broccoli_segm,segm,0,small_under_10pct,217,False,False,3482,0.013283,data/research/tgif/masks/training/broccoli/579900_mask_segm.png_ps_mask.png,d7156720ca92eb54e1e3fc56297b6ba99dfddbf1bd9879241132b54a16723d21,15055,orig/training/broccoli/579900_orig.png,sd2-sp/training/broccoli/579900_mask_segm.png_ps_mask.png_sd2_0.png
455157,455157,dining table,tgif_train_455157_dining table_segm,segm,0,small_under_10pct,218,False,False,16060,0.061264,data/research/tgif/masks/training/dining table/455157_mask_segm.png_ps_mask.png,6266f348bebcabadffa291224021f17f80c78f7ea1e56b6166a679390409ddf1,26880,orig/training/dining table/455157_orig.png,sd2-sp/training/dining table/455157_mask_segm.png_ps_mask.png_sd2_0.png
32817,32817,toilet,tgif_train_32817_toilet_segm,segm,0,small_under_10pct,219,False,False,14015,0.053463,data/research/tgif/masks/training/toilet/32817_mask_segm.png_ps_mask.png,d4cfcb93609f0fc45736510256850f6f9a345ed01602465bb4619d81effe5f0e,17651,orig/training/toilet/32817_orig.png,sd2-sp/training/toilet/32817_mask_segm.png_ps_mask.png_sd2_0.png
289938,289938,umbrella,tgif_train_289938_umbrella_segm,segm,0,small_under_10pct,220,False,False,7509,0.028645,data/research/tgif/masks/training/umbrella/289938_mask_segm.png_ps_mask.png,29a3f76fbdb4752877c259b1dbc200717be8b52c9a729f6e2fcd75ccbbed9d92,16037,orig/training/umbrella/289938_orig.png,sd2-sp/training/umbrella/289938_mask_segm.png_ps_mask.png_sd2_0.png
294162,294162,mouse,tgif_train_294162_mouse_segm,segm,0,small_under_10pct,221,False,False,11825,0.045109,data/research/tgif/masks/training/mouse/294162_mask_segm.png_ps_mask.png,b91b1bb030d6708d84f22642714a190734f186e913b4c58c73ee324e38e3fa92,17353,orig/training/mouse/294162_orig.png,sd2-sp/training/mouse/294162_mask_segm.png_ps_mask.png_sd2_0.png
495146,495146,truck,tgif_train_495146_truck_segm,segm,0,small_under_10pct,222,False,False,6716,0.02562,data/research/tgif/masks/training/truck/495146_mask_segm.png_ps_mask.png,8e3effcb190c701fd08f2701f0bbe04da5cee99e1648b56b02316465a55a6722,16719,orig/training/truck/495146_orig.png,sd2-sp/training/truck/495146_mask_segm.png_ps_mask.png_sd2_0.png
347254,347254,tie,tgif_train_347254_tie_segm,segm,0,small_under_10pct,223,False,False,13626,0.051979,data/research/tgif/masks/training/tie/347254_mask_segm.png_ps_mask.png,406cb7968c302121ada9e98039dedc640c408da09d9223e80c116bbb4c3f94fd,18383,orig/training/tie/347254_orig.png,sd2-sp/training/tie/347254_mask_segm.png_ps_mask.png_sd2_0.png
464251,464251,bird,tgif_train_464251_bird_segm,segm,0,small_under_10pct,224,False,False,8555,0.032635,data/research/tgif/masks/training/bird/464251_mask_segm.png_ps_mask.png,73ce2dad03ec25f944dab55ba27a6c7f9575eed0ce35c8f188278bfffe4a9c91,18464,orig/training/bird/464251_orig.png,sd2-sp/training/bird/464251_mask_segm.png_ps_mask.png_sd2_0.png
181542,181542,bus,tgif_train_181542_bus_segm,segm,0,small_under_10pct,225,False,False,9493,0.036213,data/research/tgif/masks/training/bus/181542_mask_segm.png_ps_mask.png,fd32b67b9702a81ccac7941a7e9d54e4bfc2dfb0d9e634922ae7abb52a5ef791,18998,orig/training/bus/181542_orig.png,sd2-sp/training/bus/181542_mask_segm.png_ps_mask.png_sd2_0.png
430875,430875,traffic light,tgif_train_430875_traffic light_segm,segm,0,small_under_10pct,226,False,False,5405,0.020618,data/research/tgif/masks/training/traffic light/430875_mask_segm.png_ps_mask.png,91c47312d9b9e9374d8d201aeb35ae9cfde2135a8da8a7be4b6a5da5b0738a70,15833,orig/training/traffic light/430875_orig.png,sd2-sp/training/traffic light/430875_mask_segm.png_ps_mask.png_sd2_0.png
385205,385205,carrot,tgif_train_385205_carrot_segm,segm,0,small_under_10pct,227,False,False,3830,0.01461,data/research/tgif/masks/training/carrot/385205_mask_segm.png_ps_mask.png,55620fdbf41cd40bdd19dc451db1c2118632080f867ad6e78cff1e2c0535d023,18479,orig/training/carrot/385205_orig.png,sd2-sp/training/carrot/385205_mask_segm.png_ps_mask.png_sd2_0.png
58539,58539,tie,tgif_train_58539_tie_segm,segm,0,small_under_10pct,228,False,False,8275,0.031567,data/research/tgif/masks/training/tie/58539_mask_segm.png_ps_mask.png,9d4964133c3a806ae0354bdfbd29c4426c23cd2b7a022323fa97e67467e3a81f,17845,orig/training/tie/58539_orig.png,sd2-sp/training/tie/58539_mask_segm.png_ps_mask.png_sd2_0.png
147729,147729,cell phone,tgif_train_147729_cell phone_segm,segm,0,small_under_10pct,229,False,False,2712,0.010345,data/research/tgif/masks/training/cell phone/147729_mask_segm.png_ps_mask.png,57c8ae116d21cb09341678063b54933974f0f7d72abab12c53fbdbf15a601ce5,16590,orig/training/cell phone/147729_orig.png,sd2-sp/training/cell phone/147729_mask_segm.png_ps_mask.png_sd2_0.png
334483,334483,cake,tgif_train_334483_cake_segm,segm,0,small_under_10pct,230,False,False,10882,0.041512,data/research/tgif/masks/training/cake/334483_mask_segm.png_ps_mask.png,cfd72c8d338054a7953d8dbbc1dc61dad7d08199ea0ed592cca8a428fb555203,16624,orig/training/cake/334483_orig.png,sd2-sp/training/cake/334483_mask_segm.png_ps_mask.png_sd2_0.png
123585,123585,bird,tgif_train_123585_bird_segm,segm,0,small_under_10pct,231,False,False,14168,0.054047,data/research/tgif/masks/training/bird/123585_mask_segm.png_ps_mask.png,af778a57a03f034ebe7acd3f5c05e69e6fb66f785827edb6f629d318507d0d6f,17749,orig/training/bird/123585_orig.png,sd2-sp/training/bird/123585_mask_segm.png_ps_mask.png_sd2_0.png
281759,281759,umbrella,tgif_train_281759_umbrella_segm,segm,0,small_under_10pct,232,False,False,13416,0.051178,data/research/tgif/masks/training/umbrella/281759_mask_segm.png_ps_mask.png,1d46dde26055cdf11e289271e44681f0ba611ca3968ea9b3751de77c412232c4,17840,orig/training/umbrella/281759_orig.png,sd2-sp/training/umbrella/281759_mask_segm.png_ps_mask.png_sd2_0.png
262682,262682,oven,tgif_train_262682_oven_segm,segm,0,small_under_10pct,233,False,False,15800,0.060272,data/research/tgif/masks/training/oven/262682_mask_segm.png_ps_mask.png,f58a8fc14c7d2b14250fbced87a4c6ff26821e08dcf6b1c71cae903106782350,16636,orig/training/oven/262682_orig.png,sd2-sp/training/oven/262682_mask_segm.png_ps_mask.png_sd2_0.png
152771,152771,bicycle,tgif_train_152771_bicycle_segm,segm,0,small_under_10pct,234,False,False,4210,0.01606,data/research/tgif/masks/training/bicycle/152771_mask_segm.png_ps_mask.png,6c2e82e69139a5722c4005464d0c51256d5beb28d014ee22810743956acd87d0,18522,orig/training/bicycle/152771_orig.png,sd2-sp/training/bicycle/152771_mask_segm.png_ps_mask.png_sd2_0.png
67213,67213,dog,tgif_train_67213_dog_segm,segm,0,small_under_10pct,235,False,False,16183,0.061733,data/research/tgif/masks/training/dog/67213_mask_segm.png_ps_mask.png,588e992024602675591d73396719a11309c7f54f7d398e125692b58d84339f6c,26447,orig/training/dog/67213_orig.png,sd2-sp/training/dog/67213_mask_segm.png_ps_mask.png_sd2_0.png
8211,8211,person,tgif_train_8211_person_segm,segm,0,small_under_10pct,236,False,False,9000,0.034332,data/research/tgif/masks/training/person/8211_mask_segm.png_ps_mask.png,df63d6b0d9c1df3d7dba6db95e8cda2102ef1ae905844272abebd6e5d2645a25,18790,orig/training/person/8211_orig.png,sd2-sp/training/person/8211_mask_segm.png_ps_mask.png_sd2_0.png
68078,68078,bottle,tgif_train_68078_bottle_segm,segm,0,small_under_10pct,237,False,False,2950,0.011253,data/research/tgif/masks/training/bottle/68078_mask_segm.png_ps_mask.png,54b08dd8c220e71c745269c75af7fb98f2d18c60c6e792d0c279072b22ffa88b,15360,orig/training/bottle/68078_orig.png,sd2-sp/training/bottle/68078_mask_segm.png_ps_mask.png_sd2_0.png
211825,211825,oven,tgif_train_211825_oven_segm,segm,0,small_under_10pct,238,False,False,23721,0.090488,data/research/tgif/masks/training/oven/211825_mask_segm.png_ps_mask.png,a3e2793b8a1d1747896c8157fa8bae887c1a27748a9bd8b8ae511d696fab1594,20625,orig/training/oven/211825_orig.png,sd2-sp/training/oven/211825_mask_segm.png_ps_mask.png_sd2_0.png
125245,125245,broccoli,tgif_train_125245_broccoli_segm,segm,0,small_under_10pct,239,False,False,25687,0.097988,data/research/tgif/masks/training/broccoli/125245_mask_segm.png_ps_mask.png,2cfe426ccb28b73d9c03b413fdf6106d0fd9a64a9fce5243458285b4f78b9666,21157,orig/training/broccoli/125245_orig.png,sd2-sp/training/broccoli/125245_mask_segm.png_ps_mask.png_sd2_0.png
112110,112110,suitcase,tgif_train_112110_suitcase_segm,segm,0,small_under_10pct,240,False,False,11037,0.042103,data/research/tgif/masks/training/suitcase/112110_mask_segm.png_ps_mask.png,c481fd88d886524bf60dae3e7f9eba048ee9f83a41ffbc895de9cd8a1e41e6eb,16522,orig/training/suitcase/112110_orig.png,sd2-sp/training/suitcase/112110_mask_segm.png_ps_mask.png_sd2_0.png
165518,165518,motorcycle,tgif_train_165518_motorcycle_segm,segm,0,small_under_10pct,241,False,False,14185,0.054111,data/research/tgif/masks/training/motorcycle/165518_mask_segm.png_ps_mask.png,6aa04384bb777cffa2ba84de4cb8f1bc321fee414597473e14a7547a3ed40e49,18098,orig/training/motorcycle/165518_orig.png,sd2-sp/training/motorcycle/165518_mask_segm.png_ps_mask.png_sd2_0.png
127394,127394,pizza,tgif_train_127394_pizza_segm,segm,0,small_under_10pct,242,False,False,5587,0.021313,data/research/tgif/masks/training/pizza/127394_mask_segm.png_ps_mask.png,ebc2b473d8dba1fbd0bb69e312e9811cbac4b82f37b5919a069e2f944685b5d3,15746,orig/training/pizza/127394_orig.png,sd2-sp/training/pizza/127394_mask_segm.png_ps_mask.png_sd2_0.png
402519,402519,bird,tgif_train_402519_bird_segm,segm,0,small_under_10pct,243,False,False,17567,0.067013,data/research/tgif/masks/training/bird/402519_mask_segm.png_ps_mask.png,d18dcde50aea0d1d9f0a872178eb2777037170752ed8afb1e3c41ecf80aca6e2,18508,orig/training/bird/402519_orig.png,sd2-sp/training/bird/402519_mask_segm.png_ps_mask.png_sd2_0.png
58655,58655,clock,tgif_train_58655_clock_segm,segm,0,small_under_10pct,244,False,False,9305,0.035496,data/research/tgif/masks/training/clock/58655_mask_segm.png_ps_mask.png,9868f16879a5de0e5fe8ca9e03829caa87fc66001bd8f14d71a3dc0cfb07f7b4,15680,orig/training/clock/58655_orig.png,sd2-sp/training/clock/58655_mask_segm.png_ps_mask.png_sd2_0.png
482719,482719,apple,tgif_train_482719_apple_segm,segm,0,small_under_10pct,245,False,False,16127,0.06152,data/research/tgif/masks/training/apple/482719_mask_segm.png_ps_mask.png,c0c351b680a69f3a76429c583a28fd28bf31313105ed702ba8288e7e6fb11ef8,17940,orig/training/apple/482719_orig.png,sd2-sp/training/apple/482719_mask_segm.png_ps_mask.png_sd2_0.png
94751,94751,traffic light,tgif_train_94751_traffic light_segm,segm,0,small_under_10pct,246,False,False,5026,0.019173,data/research/tgif/masks/training/traffic light/94751_mask_segm.png_ps_mask.png,1b7bfc2f8df2be34bc0d447c1ad5796b016c2beadf90916357f25b627e43c64a,15820,orig/training/traffic light/94751_orig.png,sd2-sp/training/traffic light/94751_mask_segm.png_ps_mask.png_sd2_0.png
423506,423506,tie,tgif_train_423506_tie_segm,segm,0,small_under_10pct,247,False,False,11578,0.044167,data/research/tgif/masks/training/tie/423506_mask_segm.png_ps_mask.png,b343fca86bee3b119452e79adcd40919cf4e9f055d5a9cfa563ff8ca5ed101f1,20055,orig/training/tie/423506_orig.png,sd2-sp/training/tie/423506_mask_segm.png_ps_mask.png_sd2_0.png
166478,166478,laptop,tgif_train_166478_laptop_segm,segm,0,small_under_10pct,248,False,False,18590,0.070915,data/research/tgif/masks/training/laptop/166478_mask_segm.png_ps_mask.png,f70fe8210343681f504b5b6a71662fc21a8609826bf01b08ae53a1c08c32f192,16226,orig/training/laptop/166478_orig.png,sd2-sp/training/laptop/166478_mask_segm.png_ps_mask.png_sd2_0.png
499768,499768,car,tgif_train_499768_car_segm,segm,0,small_under_10pct,249,False,False,7277,0.02776,data/research/tgif/masks/training/car/499768_mask_segm.png_ps_mask.png,05a9958c3453ca1f9539c05d8011cd1e28d72a48c78e206e014d8afb067a5b20,16711,orig/training/car/499768_orig.png,sd2-sp/training/car/499768_mask_segm.png_ps_mask.png_sd2_0.png
308328,308328,suitcase,tgif_train_308328_suitcase_segm,segm,0,small_under_10pct,250,False,False,12944,0.049377,data/research/tgif/masks/training/suitcase/308328_mask_segm.png_ps_mask.png,d0703789a52ce8ddfb282bbc6dea1930dcf6c328947a21868a63970de7f39d1c,5785,orig/training/suitcase/308328_orig.png,sd2-sp/training/suitcase/308328_mask_segm.png_ps_mask.png_sd2_0.png
541291,541291,sink,tgif_train_541291_sink_segm,segm,0,small_under_10pct,251,False,False,25266,0.096382,data/research/tgif/masks/training/sink/541291_mask_segm.png_ps_mask.png,04dac2d02447a235e070c06b58309d84ae988db1d8e8051c5c3afe658c496457,17219,orig/training/sink/541291_orig.png,sd2-sp/training/sink/541291_mask_segm.png_ps_mask.png_sd2_0.png
581206,581206,hot dog,tgif_train_581206_hot dog_segm,segm,0,small_under_10pct,252,False,False,18683,0.07127,data/research/tgif/masks/training/hot dog/581206_mask_segm.png_ps_mask.png,4fb77c89660f10a177ba13e61b8e9e471b2c07b29f14bd187dcb24e707da0e86,20908,orig/training/hot dog/581206_orig.png,sd2-sp/training/hot dog/581206_mask_segm.png_ps_mask.png_sd2_0.png
262938,262938,dog,tgif_train_262938_dog_segm,segm,0,small_under_10pct,253,False,False,9580,0.036545,data/research/tgif/masks/training/dog/262938_mask_segm.png_ps_mask.png,30fef4f26ff5810f106dd508a609c646721201133a327d9eba5b92d809c0c444,16192,orig/training/dog/262938_orig.png,sd2-sp/training/dog/262938_mask_segm.png_ps_mask.png_sd2_0.png
579091,579091,broccoli,tgif_train_579091_broccoli_segm,segm,0,small_under_10pct,254,False,False,19302,0.073631,data/research/tgif/masks/training/broccoli/579091_mask_segm.png_ps_mask.png,6ece5e13b3364ec6211f7d4ee228a3ca1d48cfd2488bb22ac2caa513cf009e9c,17789,orig/training/broccoli/579091_orig.png,sd2-sp/training/broccoli/579091_mask_segm.png_ps_mask.png_sd2_0.png
427055,427055,clock,tgif_train_427055_clock_segm,segm,0,small_under_10pct,255,False,False,7360,0.028076,data/research/tgif/masks/training/clock/427055_mask_segm.png_ps_mask.png,70da8a7747be7c83adb74779148bb1c8838ba00fac6b65657c729cb27a99242f,16403,orig/training/clock/427055_orig.png,sd2-sp/training/clock/427055_mask_segm.png_ps_mask.png_sd2_0.png
268378,268378,dining table,tgif_train_268378_dining table_segm,segm,0,small_under_10pct,256,False,False,21047,0.080288,data/research/tgif/masks/training/dining table/268378_mask_segm.png_ps_mask.png,c7b9c9b7771e999bf021d0e4b15915b6abafa2d7871cb3d1ed424c6d190d5261,22047,orig/training/dining table/268378_orig.png,sd2-sp/training/dining table/268378_mask_segm.png_ps_mask.png_sd2_0.png
514586,514586,baseball bat,tgif_train_514586_baseball bat_segm,segm,0,small_under_10pct,257,False,False,2765,0.010548,data/research/tgif/masks/training/baseball bat/514586_mask_segm.png_ps_mask.png,a8718d7af74a83bc1f7d0e93dc9b44dad0dfb0584e1dc93a48d6eafc4db72ce6,20252,orig/training/baseball bat/514586_orig.png,sd2-sp/training/baseball bat/514586_mask_segm.png_ps_mask.png_sd2_0.png
191580,191580,broccoli,tgif_train_191580_broccoli_segm,segm,0,small_under_10pct,258,False,False,2800,0.010681,data/research/tgif/masks/training/broccoli/191580_mask_segm.png_ps_mask.png,6e07431782bac054037fd702653c0b9d30ab31db72e5770f1dbd63f1ed9c2216,16046,orig/training/broccoli/191580_orig.png,sd2-sp/training/broccoli/191580_mask_segm.png_ps_mask.png_sd2_0.png
271471,271471,banana,tgif_train_271471_banana_segm,segm,0,small_under_10pct,259,False,False,17548,0.06694,data/research/tgif/masks/training/banana/271471_mask_segm.png_ps_mask.png,ba7d65cf23d5287545945336ca6d839064ca12c2f6add11488463ece0bfc79dd,17416,orig/training/banana/271471_orig.png,sd2-sp/training/banana/271471_mask_segm.png_ps_mask.png_sd2_0.png
527695,527695,broccoli,tgif_train_527695_broccoli_segm,segm,0,small_under_10pct,260,False,False,15001,0.057224,data/research/tgif/masks/training/broccoli/527695_mask_segm.png_ps_mask.png,0dbd7eea14403a6cd2da708e9d96fd2cf2ff2ed8e5291abe1c22d46fa3c47179,17108,orig/training/broccoli/527695_orig.png,sd2-sp/training/broccoli/527695_mask_segm.png_ps_mask.png_sd2_0.png
358525,358525,suitcase,tgif_train_358525_suitcase_segm,segm,0,small_under_10pct,261,False,False,18842,0.071877,data/research/tgif/masks/training/suitcase/358525_mask_segm.png_ps_mask.png,9091cdc5665a0be989e26581b349c9f3f0a81dd7c5665d062f935341dec2b586,17947,orig/training/suitcase/358525_orig.png,sd2-sp/training/suitcase/358525_mask_segm.png_ps_mask.png_sd2_0.png
320554,320554,cat,tgif_train_320554_cat_segm,segm,0,small_under_10pct,262,False,False,13297,0.050724,data/research/tgif/masks/training/cat/320554_mask_segm.png_ps_mask.png,f1758f850aaab6e2d7d19732f2a505cc584434d297a3f056d8cc0d07a79bf17b,19445,orig/training/cat/320554_orig.png,sd2-sp/training/cat/320554_mask_segm.png_ps_mask.png_sd2_0.png
478393,478393,cat,tgif_train_478393_cat_segm,segm,0,small_under_10pct,263,False,False,7395,0.02821,data/research/tgif/masks/training/cat/478393_mask_segm.png_ps_mask.png,b8f0d8a9f31d765f54efd473df3e3d5e75fb38dc68aa35675adb7f5efec92f6f,16149,orig/training/cat/478393_orig.png,sd2-sp/training/cat/478393_mask_segm.png_ps_mask.png_sd2_0.png
512657,512657,couch,tgif_train_512657_couch_segm,segm,0,small_under_10pct,264,False,False,13667,0.052135,data/research/tgif/masks/training/couch/512657_mask_segm.png_ps_mask.png,fc1d323f0aa6e41b436ef58d7a67143dbb3589b7d39ae4cc0bc096deec2e4e26,18469,orig/training/couch/512657_orig.png,sd2-sp/training/couch/512657_mask_segm.png_ps_mask.png_sd2_0.png
565563,565563,car,tgif_train_565563_car_segm,segm,0,small_under_10pct,265,False,False,8857,0.033787,data/research/tgif/masks/training/car/565563_mask_segm.png_ps_mask.png,fd35ac6a3db69c3ee9b6f80a83d0e16b128d2ee544347ce81b148248608f2f6d,17867,orig/training/car/565563_orig.png,sd2-sp/training/car/565563_mask_segm.png_ps_mask.png_sd2_0.png
303566,303566,apple,tgif_train_303566_apple_segm,segm,0,small_under_10pct,266,False,False,4714,0.017982,data/research/tgif/masks/training/apple/303566_mask_segm.png_ps_mask.png,8d43c0a068e67db1f14daecccccfb675a3c1d26593953a165e09b8ea96cb04e9,16204,orig/training/apple/303566_orig.png,sd2-sp/training/apple/303566_mask_segm.png_ps_mask.png_sd2_0.png
452784,452784,sink,tgif_train_452784_sink_segm,segm,0,small_under_10pct,267,False,False,23825,0.090885,data/research/tgif/masks/training/sink/452784_mask_segm.png_ps_mask.png,6287b48823837b8fcba576da3bd74fe201f4b3634babe930344f613aad5e98c2,17770,orig/training/sink/452784_orig.png,sd2-sp/training/sink/452784_mask_segm.png_ps_mask.png_sd2_0.png
532761,532761,chair,tgif_train_532761_chair_segm,segm,0,small_under_10pct,268,False,False,15423,0.058834,data/research/tgif/masks/training/chair/532761_mask_segm.png_ps_mask.png,1df7daf483f4586ac0eace25aa535fb35464fe8afa53695d2f4fcfeba0565eee,18595,orig/training/chair/532761_orig.png,sd2-sp/training/chair/532761_mask_segm.png_ps_mask.png_sd2_0.png
158956,158956,cake,tgif_train_158956_cake_segm,segm,0,small_under_10pct,269,False,False,6907,0.026348,data/research/tgif/masks/training/cake/158956_mask_segm.png_ps_mask.png,58eb94928685beb30512cbd46e565b39653462cf502bf1201780ca824ac218e4,15528,orig/training/cake/158956_orig.png,sd2-sp/training/cake/158956_mask_segm.png_ps_mask.png_sd2_0.png
421923,421923,book,tgif_train_421923_book_segm,segm,0,small_under_10pct,270,False,False,2778,0.010597,data/research/tgif/masks/training/book/421923_mask_segm.png_ps_mask.png,e5619945acb937cc2d238594194ad10c228a4e150ad53dadedd74be744da5d0d,15344,orig/training/book/421923_orig.png,sd2-sp/training/book/421923_mask_segm.png_ps_mask.png_sd2_0.png
527427,527427,laptop,tgif_train_527427_laptop_segm,segm,0,small_under_10pct,271,False,False,8150,0.03109,data/research/tgif/masks/training/laptop/527427_mask_segm.png_ps_mask.png,3289ff92883a9235e372a2497ff33c234d65a57e8fb985a6b4378ecbc550498d,17087,orig/training/laptop/527427_orig.png,sd2-sp/training/laptop/527427_mask_segm.png_ps_mask.png_sd2_0.png
382111,382111,truck,tgif_train_382111_truck_segm,segm,0,small_under_10pct,272,False,False,6436,0.024551,data/research/tgif/masks/training/truck/382111_mask_segm.png_ps_mask.png,1db70c37d56599e56d649e3d44fb87b725c15b6e658c2e7bdd6b03cbf462e98a,19349,orig/training/truck/382111_orig.png,sd2-sp/training/truck/382111_mask_segm.png_ps_mask.png_sd2_0.png
16451,16451,backpack,tgif_train_16451_backpack_segm,segm,0,small_under_10pct,273,False,False,2977,0.011356,data/research/tgif/masks/training/backpack/16451_mask_segm.png_ps_mask.png,00af524ebee46789d73494a0122410f4293f3c68e431af6c2298299a2601b646,14571,orig/training/backpack/16451_orig.png,sd2-sp/training/backpack/16451_mask_segm.png_ps_mask.png_sd2_0.png
456292,456292,cat,tgif_train_456292_cat_segm,segm,0,small_under_10pct,274,False,False,14223,0.054256,data/research/tgif/masks/training/cat/456292_mask_segm.png_ps_mask.png,88625510d50f7045d6e00765a5b42d2b392add0f3fa7969fc1c5e293f30df3fc,20468,orig/training/cat/456292_orig.png,sd2-sp/training/cat/456292_mask_segm.png_ps_mask.png_sd2_0.png
413395,413395,cat,tgif_train_413395_cat_segm,segm,0,small_under_10pct,275,False,False,14677,0.055988,data/research/tgif/masks/training/cat/413395_mask_segm.png_ps_mask.png,f12500ece14a8e3f33bbb84f01c7740dc1e4f2c5312c768ab7391073d813264c,19788,orig/training/cat/413395_orig.png,sd2-sp/training/cat/413395_mask_segm.png_ps_mask.png_sd2_0.png
474854,474854,banana,tgif_train_474854_banana_segm,segm,0,small_under_10pct,276,False,False,7704,0.029388,data/research/tgif/masks/training/banana/474854_mask_segm.png_ps_mask.png,53adb3c0ddbb522c06a6aa7d86a4b36b01269d875922b0a75e14603f2737797e,17390,orig/training/banana/474854_orig.png,sd2-sp/training/banana/474854_mask_segm.png_ps_mask.png_sd2_0.png
505573,505573,tie,tgif_train_505573_tie_segm,segm,0,small_under_10pct,277,False,False,15854,0.060478,data/research/tgif/masks/training/tie/505573_mask_segm.png_ps_mask.png,1ad87581419454dacfd94854a886e8a641bee1a90de7968b37dd92e228cc59b9,16028,orig/training/tie/505573_orig.png,sd2-sp/training/tie/505573_mask_segm.png_ps_mask.png_sd2_0.png
56127,56127,refrigerator,tgif_train_56127_refrigerator_segm,segm,0,small_under_10pct,278,False,False,7946,0.030312,data/research/tgif/masks/training/refrigerator/56127_mask_segm.png_ps_mask.png,4d2512854af5c0b71fa92b7357f4080a4c1f9105daa8e33ceefeaf1d1e010e85,16287,orig/training/refrigerator/56127_orig.png,sd2-sp/training/refrigerator/56127_mask_segm.png_ps_mask.png_sd2_0.png
231580,231580,chair,tgif_train_231580_chair_segm,segm,0,small_under_10pct,279,False,False,3870,0.014763,data/research/tgif/masks/training/chair/231580_mask_segm.png_ps_mask.png,5789d3f284b002de7024bffe77d4036e9ff75cd7936db650e0aea8ce869c505c,17312,orig/training/chair/231580_orig.png,sd2-sp/training/chair/231580_mask_segm.png_ps_mask.png_sd2_0.png
265777,265777,pizza,tgif_train_265777_pizza_segm,segm,0,small_under_10pct,280,False,False,24423,0.093166,data/research/tgif/masks/training/pizza/265777_mask_segm.png_ps_mask.png,9a3fd5044b7187f808466dd35b48307393e25fe570500d79abc5831947e251b6,16826,orig/training/pizza/265777_orig.png,sd2-sp/training/pizza/265777_mask_segm.png_ps_mask.png_sd2_0.png
374982,374982,chair,tgif_train_374982_chair_segm,segm,0,small_under_10pct,281,False,False,7848,0.029938,data/research/tgif/masks/training/chair/374982_mask_segm.png_ps_mask.png,ab03c4f2bf022f8d157ace84f70ce1bd1cbe186d21f20a8d7928eb1065e8adba,17389,orig/training/chair/374982_orig.png,sd2-sp/training/chair/374982_mask_segm.png_ps_mask.png_sd2_0.png
177934,177934,motorcycle,tgif_train_177934_motorcycle_segm,segm,0,small_under_10pct,282,False,False,24624,0.093933,data/research/tgif/masks/training/motorcycle/177934_mask_segm.png_ps_mask.png,48f64655f9d69b11754aa93536d3e5f169a9da74b6c6b68160e84e2d64ef4ee2,23667,orig/training/motorcycle/177934_orig.png,sd2-sp/training/motorcycle/177934_mask_segm.png_ps_mask.png_sd2_0.png
450075,450075,tie,tgif_train_450075_tie_segm,segm,0,small_under_10pct,283,False,False,5043,0.019238,data/research/tgif/masks/training/tie/450075_mask_segm.png_ps_mask.png,3929d038b79dcae9ac3f37befc5cf17043b68330e42fdad0ccec5cc9e55c9a21,21166,orig/training/tie/450075_orig.png,sd2-sp/training/tie/450075_mask_segm.png_ps_mask.png_sd2_0.png
166426,166426,bottle,tgif_train_166426_bottle_segm,segm,0,small_under_10pct,284,False,False,11514,0.043922,data/research/tgif/masks/training/bottle/166426_mask_segm.png_ps_mask.png,8c1480c75b6f4fd4dcc4d6db1571f92ea4c195fde06760784b2d8578ae117671,20055,orig/training/bottle/166426_orig.png,sd2-sp/training/bottle/166426_mask_segm.png_ps_mask.png_sd2_0.png
332318,332318,truck,tgif_train_332318_truck_segm,segm,0,small_under_10pct,285,False,False,3222,0.012291,data/research/tgif/masks/training/truck/332318_mask_segm.png_ps_mask.png,06ad58a8e5c94c932705405da2a2b34b0e4159e0109724337704404d4fba5a4a,15571,orig/training/truck/332318_orig.png,sd2-sp/training/truck/332318_mask_segm.png_ps_mask.png_sd2_0.png
554002,554002,dog,tgif_train_554002_dog_segm,segm,0,small_under_10pct,286,False,False,22845,0.087147,data/research/tgif/masks/training/dog/554002_mask_segm.png_ps_mask.png,53e8b924f823ca24a062b882d3907b60d34500f6e2240ed5d96ea8ae55bff9d3,25969,orig/training/dog/554002_orig.png,sd2-sp/training/dog/554002_mask_segm.png_ps_mask.png_sd2_0.png
529148,529148,keyboard,tgif_train_529148_keyboard_segm,segm,0,small_under_10pct,287,False,False,6309,0.024067,data/research/tgif/masks/training/keyboard/529148_mask_segm.png_ps_mask.png,fd11f713e9deed844c0072b480ee454d4a5ce5c6b394bb4f99353c147f7e55cc,16519,orig/training/keyboard/529148_orig.png,sd2-sp/training/keyboard/529148_mask_segm.png_ps_mask.png_sd2_0.png
130613,130613,carrot,tgif_train_130613_carrot_segm,segm,0,small_under_10pct,288,False,False,5747,0.021923,data/research/tgif/masks/training/carrot/130613_mask_segm.png_ps_mask.png,4bf3fb99d0224c309c61ab0ee6ad907b42cfc8fc3d46a11fc6f29dfafd95a349,15535,orig/training/carrot/130613_orig.png,sd2-sp/training/carrot/130613_mask_segm.png_ps_mask.png_sd2_0.png
161609,161609,dog,tgif_train_161609_dog_segm,segm,0,small_under_10pct,289,False,False,8210,0.031319,data/research/tgif/masks/training/dog/161609_mask_segm.png_ps_mask.png,93ce4e4c2aad7ee9bd9c6e1d50ba8dbbdb236841d29c3b287ff9b8d18ea31578,16610,orig/training/dog/161609_orig.png,sd2-sp/training/dog/161609_mask_segm.png_ps_mask.png_sd2_0.png
172595,172595,keyboard,tgif_train_172595_keyboard_segm,segm,0,small_under_10pct,290,False,False,7587,0.028942,data/research/tgif/masks/training/keyboard/172595_mask_segm.png_ps_mask.png,7b30fa212c3d78b721b2ac45ef581c3b25f3561076d310aa246dbf3bfd00c388,15500,orig/training/keyboard/172595_orig.png,sd2-sp/training/keyboard/172595_mask_segm.png_ps_mask.png_sd2_0.png
462031,462031,baseball bat,tgif_train_462031_baseball bat_segm,segm,0,small_under_10pct,291,False,False,10223,0.038998,data/research/tgif/masks/training/baseball bat/462031_mask_segm.png_ps_mask.png,8ecbdacd966395543b0d777293a769aee245319cd2365c43374112e5ba15532e,18324,orig/training/baseball bat/462031_orig.png,sd2-sp/training/baseball bat/462031_mask_segm.png_ps_mask.png_sd2_0.png
104572,104572,sink,tgif_train_104572_sink_segm,segm,0,small_under_10pct,292,False,False,11024,0.042053,data/research/tgif/masks/training/sink/104572_mask_segm.png_ps_mask.png,997242c77db08dd7009c762234d8f5b4b668ba92798c88ef38c83592ec0e47b7,16262,orig/training/sink/104572_orig.png,sd2-sp/training/sink/104572_mask_segm.png_ps_mask.png_sd2_0.png
26926,26926,car,tgif_train_26926_car_segm,segm,0,small_under_10pct,293,False,False,3826,0.014595,data/research/tgif/masks/training/car/26926_mask_segm.png_ps_mask.png,56f9fc8b82d176b76d44ac8debb52e5e9be56c243a1e1292d39eae45e77158e0,15754,orig/training/car/26926_orig.png,sd2-sp/training/car/26926_mask_segm.png_ps_mask.png_sd2_0.png
516871,516871,broccoli,tgif_train_516871_broccoli_segm,segm,0,small_under_10pct,294,False,False,9166,0.034966,data/research/tgif/masks/training/broccoli/516871_mask_segm.png_ps_mask.png,648fbc5a88a54361b8ebbdbc2a66b0d44a5de683850e985c55818349ad772bfd,16334,orig/training/broccoli/516871_orig.png,sd2-sp/training/broccoli/516871_mask_segm.png_ps_mask.png_sd2_0.png
188465,188465,person,tgif_train_188465_person_segm,segm,0,small_under_10pct,295,False,False,6248,0.023834,data/research/tgif/masks/training/person/188465_mask_segm.png_ps_mask.png,b56e3469e824beab43c5d94b755021bf7281ebde722914e1ad3089d041e1ea76,19884,orig/training/person/188465_orig.png,sd2-sp/training/person/188465_mask_segm.png_ps_mask.png_sd2_0.png
97994,97994,laptop,tgif_train_97994_laptop_segm,segm,0,small_under_10pct,296,False,False,10427,0.039776,data/research/tgif/masks/training/laptop/97994_mask_segm.png_ps_mask.png,7ad5aed07a249728a9cdce0a8615852dace6690ca98e77f3dccdf80a435bfb6d,17548,orig/training/laptop/97994_orig.png,sd2-sp/training/laptop/97994_mask_segm.png_ps_mask.png_sd2_0.png
365766,365766,microwave,tgif_train_365766_microwave_segm,segm,0,small_under_10pct,297,False,False,8558,0.032646,data/research/tgif/masks/training/microwave/365766_mask_segm.png_ps_mask.png,30fb5efbc4b0bd36302406a4a4eb07fda9e35b43571e4f923d72605537422751,15932,orig/training/microwave/365766_orig.png,sd2-sp/training/microwave/365766_mask_segm.png_ps_mask.png_sd2_0.png
50828,50828,suitcase,tgif_train_50828_suitcase_segm,segm,0,small_under_10pct,298,False,False,4035,0.015392,data/research/tgif/masks/training/suitcase/50828_mask_segm.png_ps_mask.png,83f259a87b278a6290170b2b7195d5d3c7009d2d57bea9ded53addc63b2cf88c,16156,orig/training/suitcase/50828_orig.png,sd2-sp/training/suitcase/50828_mask_segm.png_ps_mask.png_sd2_0.png
262487,262487,person,tgif_train_262487_person_segm,segm,0,small_under_10pct,299,False,False,17891,0.068249,data/research/tgif/masks/training/person/262487_mask_segm.png_ps_mask.png,25b9034ea9a039cbb41c2d4b11c0110ed16f62957e19e0ac5a53045d1b8b16ab,20586,orig/training/person/262487_orig.png,sd2-sp/training/person/262487_mask_segm.png_ps_mask.png_sd2_0.png
176847,176847,bird,tgif_train_176847_bird_segm,segm,0,small_under_10pct,300,False,False,17798,0.067894,data/research/tgif/masks/training/bird/176847_mask_segm.png_ps_mask.png,82cc2d74a54c9bc8ba0e76dba609477f85ff37a730329be1a8b555aec6943047,21792,orig/training/bird/176847_orig.png,sd2-sp/training/bird/176847_mask_segm.png_ps_mask.png_sd2_0.png
91654,91654,spoon,tgif_train_91654_spoon_segm,segm,0,small_under_10pct,301,False,False,18130,0.06916,data/research/tgif/masks/training/spoon/91654_mask_segm.png_ps_mask.png,ac839ce9fe5743217432c84ddbda62e319c2936beb38a9ede632dbff1c099b3b,22658,orig/training/spoon/91654_orig.png,sd2-sp/training/spoon/91654_mask_segm.png_ps_mask.png_sd2_0.png
426241,426241,person,tgif_train_426241_person_segm,segm,0,small_under_10pct,302,False,False,5374,0.0205,data/research/tgif/masks/training/person/426241_mask_segm.png_ps_mask.png,a05ae44afee84acb44623388666a67ac95d11a06fa92f28bd0e60cd41c16c1b0,15353,orig/training/person/426241_orig.png,sd2-sp/training/person/426241_mask_segm.png_ps_mask.png_sd2_0.png
237316,237316,toilet,tgif_train_237316_toilet_segm,segm,0,small_under_10pct,303,False,False,23495,0.089626,data/research/tgif/masks/training/toilet/237316_mask_segm.png_ps_mask.png,de83317f6b229d035852904d9dd755fa3638ab6b82a11aa5bfc56d4d9be83c19,17479,orig/training/toilet/237316_orig.png,sd2-sp/training/toilet/237316_mask_segm.png_ps_mask.png_sd2_0.png
128658,128658,banana,tgif_train_128658_banana_segm,segm,0,small_under_10pct,304,False,False,24635,0.093975,data/research/tgif/masks/training/banana/128658_mask_segm.png_ps_mask.png,314bf55c7712af818e9f650f2900f33254d2e3932857c1aeac42bbe682a99f3f,22622,orig/training/banana/128658_orig.png,sd2-sp/training/banana/128658_mask_segm.png_ps_mask.png_sd2_0.png
289222,289222,traffic light,tgif_train_289222_traffic light_segm,segm,0,small_under_10pct,305,False,False,13067,0.049847,data/research/tgif/masks/training/traffic light/289222_mask_segm.png_ps_mask.png,fb5a258126764259d6fde302631b8d79aa88af67f0439047f4dfbab21289cd15,16010,orig/training/traffic light/289222_orig.png,sd2-sp/training/traffic light/289222_mask_segm.png_ps_mask.png_sd2_0.png
391722,391722,tie,tgif_train_391722_tie_segm,segm,0,small_under_10pct,306,False,False,6493,0.024769,data/research/tgif/masks/training/tie/391722_mask_segm.png_ps_mask.png,7790eed958bf6772e86f8895428b475555f324ebcbc48c9379809763a7639c6c,18854,orig/training/tie/391722_orig.png,sd2-sp/training/tie/391722_mask_segm.png_ps_mask.png_sd2_0.png
254016,254016,bowl,tgif_train_254016_bowl_segm,segm,0,small_under_10pct,307,False,False,6202,0.023659,data/research/tgif/masks/training/bowl/254016_mask_segm.png_ps_mask.png,143a679593b2c7d6090696d3f89ce50ecf61a5b6678533e81bb62a39284e8609,16075,orig/training/bowl/254016_orig.png,sd2-sp/training/bowl/254016_mask_segm.png_ps_mask.png_sd2_0.png
313454,313454,potted plant,tgif_train_313454_potted plant_segm,segm,0,small_under_10pct,308,False,False,16825,0.064182,data/research/tgif/masks/training/potted plant/313454_mask_segm.png_ps_mask.png,8c9fa5510d168919d31790a7055a2293e0a41e4a349ee7e62b265e7548ae6be7,24542,orig/training/potted plant/313454_orig.png,sd2-sp/training/potted plant/313454_mask_segm.png_ps_mask.png_sd2_0.png
92939,92939,cake,tgif_train_92939_cake_segm,segm,0,small_under_10pct,309,False,False,3843,0.01466,data/research/tgif/masks/training/cake/92939_mask_segm.png_ps_mask.png,7f1ec469db6965669bf2f4b2dbdd89b100b85ad113c97e46bb568a3fe37363d3,17718,orig/training/cake/92939_orig.png,sd2-sp/training/cake/92939_mask_segm.png_ps_mask.png_sd2_0.png
473406,473406,bottle,tgif_train_473406_bottle_segm,segm,0,small_under_10pct,310,False,False,4162,0.015877,data/research/tgif/masks/training/bottle/473406_mask_segm.png_ps_mask.png,86b81ae6aa505c879e3baf073e5e394f59fc128582c4cbf20fd44ec97ffe6a28,16267,orig/training/bottle/473406_orig.png,sd2-sp/training/bottle/473406_mask_segm.png_ps_mask.png_sd2_0.png
87144,87144,bench,tgif_train_87144_bench_segm,segm,0,small_under_10pct,311,False,False,3761,0.014347,data/research/tgif/masks/training/bench/87144_mask_segm.png_ps_mask.png,67df7d68b72b9c699b573edddd6feb2f7241d37d269206aff8ced7537354f4bb,19562,orig/training/bench/87144_orig.png,sd2-sp/training/bench/87144_mask_segm.png_ps_mask.png_sd2_0.png
399296,399296,hot dog,tgif_train_399296_hot dog_segm,segm,0,small_under_10pct,312,False,False,3887,0.014828,data/research/tgif/masks/training/hot dog/399296_mask_segm.png_ps_mask.png,56067600d5e426bade2361897ef2cc4a373462446afb11c8ea6230de08527c7f,16674,orig/training/hot dog/399296_orig.png,sd2-sp/training/hot dog/399296_mask_segm.png_ps_mask.png_sd2_0.png
237864,237864,dog,tgif_train_237864_dog_segm,segm,0,small_under_10pct,313,False,False,2677,0.010212,data/research/tgif/masks/training/dog/237864_mask_segm.png_ps_mask.png,3e1a434b05d8427feda10958a1f54b7427b81d5e1df27e28d798091cda5e1a50,16485,orig/training/dog/237864_orig.png,sd2-sp/training/dog/237864_mask_segm.png_ps_mask.png_sd2_0.png
226154,226154,motorcycle,tgif_train_226154_motorcycle_segm,segm,0,small_under_10pct,314,False,False,2647,0.010098,data/research/tgif/masks/training/motorcycle/226154_mask_segm.png_ps_mask.png,f1373d4170515f538ad2ba13894f1ce8e87b791b3016006a89389df9bb8a9530,15843,orig/training/motorcycle/226154_orig.png,sd2-sp/training/motorcycle/226154_mask_segm.png_ps_mask.png_sd2_0.png
508312,508312,microwave,tgif_train_508312_microwave_segm,segm,0,small_under_10pct,315,False,False,4956,0.018906,data/research/tgif/masks/training/microwave/508312_mask_segm.png_ps_mask.png,b369578923960a13a74628cacac948f75f3626e303d96343f295059a8a553b53,16509,orig/training/microwave/508312_orig.png,sd2-sp/training/microwave/508312_mask_segm.png_ps_mask.png_sd2_0.png
313588,313588,umbrella,tgif_train_313588_umbrella_segm,segm,0,small_under_10pct,316,False,False,9404,0.035873,data/research/tgif/masks/training/umbrella/313588_mask_segm.png_ps_mask.png,e2259d44b7a1c661b62cf83b887dafc343aee9090ac8ce22a8b76aca2c4775ff,17912,orig/training/umbrella/313588_orig.png,sd2-sp/training/umbrella/313588_mask_segm.png_ps_mask.png_sd2_0.png
465718,465718,keyboard,tgif_train_465718_keyboard_segm,segm,0,small_under_10pct,317,False,False,24338,0.092842,data/research/tgif/masks/training/keyboard/465718_mask_segm.png_ps_mask.png,0370cd6b058c0fb22ec2e9c1bf314431f9f136ece0e2114273cc9717406ca4c5,16805,orig/training/keyboard/465718_orig.png,sd2-sp/training/keyboard/465718_mask_segm.png_ps_mask.png_sd2_0.png
103585,103585,sink,tgif_train_103585_sink_segm,segm,0,small_under_10pct,318,False,False,4660,0.017776,data/research/tgif/masks/training/sink/103585_mask_segm.png_ps_mask.png,7a6ff1524886e6375da1e3bf6edcb23715ae5e2e70fa1663fca240a533060a3d,15553,orig/training/sink/103585_orig.png,sd2-sp/training/sink/103585_mask_segm.png_ps_mask.png_sd2_0.png
85576,85576,toilet,tgif_train_85576_toilet_segm,segm,0,small_under_10pct,319,False,False,13413,0.051167,data/research/tgif/masks/training/toilet/85576_mask_segm.png_ps_mask.png,11036956f32d3524948a307b6bb77fab9ab5859ddff93769d713a2805918ba99,18269,orig/training/toilet/85576_orig.png,sd2-sp/training/toilet/85576_mask_segm.png_ps_mask.png_sd2_0.png
163611,163611,fork,tgif_train_163611_fork_segm,segm,0,small_under_10pct,320,False,False,10628,0.040543,data/research/tgif/masks/training/fork/163611_mask_segm.png_ps_mask.png,4b0f3efeadf68525e3b5f587dabf74b970510130025fbea603216a80fe0d4978,18848,orig/training/fork/163611_orig.png,sd2-sp/training/fork/163611_mask_segm.png_ps_mask.png_sd2_0.png
133087,133087,traffic light,tgif_train_133087_traffic light_segm,segm,0,small_under_10pct,321,False,False,4715,0.017986,data/research/tgif/masks/training/traffic light/133087_mask_segm.png_ps_mask.png,8f5d3b9ff91878dddf1d46f5809899eea93d94845b6694c214628cc6a6252969,14840,orig/training/traffic light/133087_orig.png,sd2-sp/training/traffic light/133087_mask_segm.png_ps_mask.png_sd2_0.png
361586,361586,suitcase,tgif_train_361586_suitcase_segm,segm,0,small_under_10pct,322,False,False,5463,0.02084,data/research/tgif/masks/training/suitcase/361586_mask_segm.png_ps_mask.png,3457cd5bdadaab501f997cf00ba2325e6d80bded9f97e972a5bb84cd26f5332e,14971,orig/training/suitcase/361586_orig.png,sd2-sp/training/suitcase/361586_mask_segm.png_ps_mask.png_sd2_0.png
187513,187513,sink,tgif_train_187513_sink_segm,segm,0,small_under_10pct,323,False,False,4102,0.015648,data/research/tgif/masks/training/sink/187513_mask_segm.png_ps_mask.png,89cd9c6e72dccb4f46aaff568ad26710eb31f5e3786ca2d5ef73e30a83997a22,15491,orig/training/sink/187513_orig.png,sd2-sp/training/sink/187513_mask_segm.png_ps_mask.png_sd2_0.png
75393,75393,fork,tgif_train_75393_fork_segm,segm,0,small_under_10pct,324,False,False,11935,0.045528,data/research/tgif/masks/training/fork/75393_mask_segm.png_ps_mask.png,7cefbe6d36c4b0bd6333bf6f4603c6d72ff3a31d545d7e1081fff4cf297e4edb,17738,orig/training/fork/75393_orig.png,sd2-sp/training/fork/75393_mask_segm.png_ps_mask.png_sd2_0.png
575372,575372,traffic light,tgif_train_575372_traffic light_segm,segm,0,small_under_10pct,325,False,False,4462,0.017021,data/research/tgif/masks/training/traffic light/575372_mask_segm.png_ps_mask.png,f8768091e5cb4f7910a79b2c88a9611071ba9ff1b5b3ead21e0e1dbac8879b36,16573,orig/training/traffic light/575372_orig.png,sd2-sp/training/traffic light/575372_mask_segm.png_ps_mask.png_sd2_0.png
480275,480275,banana,tgif_train_480275_banana_segm,segm,0,small_under_10pct,326,False,False,5659,0.021587,data/research/tgif/masks/training/banana/480275_mask_segm.png_ps_mask.png,3162eabb9c40e5f76ad3e3d00e81ca197e75d711196e39b7b7daea49ecb83e51,17059,orig/training/banana/480275_orig.png,sd2-sp/training/banana/480275_mask_segm.png_ps_mask.png_sd2_0.png
371677,371677,keyboard,tgif_train_371677_keyboard_segm,segm,0,small_under_10pct,327,False,False,6477,0.024708,data/research/tgif/masks/training/keyboard/371677_mask_segm.png_ps_mask.png,be2e7d153917bda6cf8bc3864a0cf4428a6b9821c47dc06c6884e258e0af32a9,16310,orig/training/keyboard/371677_orig.png,sd2-sp/training/keyboard/371677_mask_segm.png_ps_mask.png_sd2_0.png
231097,231097,broccoli,tgif_train_231097_broccoli_segm,segm,0,small_under_10pct,328,False,False,13139,0.050121,data/research/tgif/masks/training/broccoli/231097_mask_segm.png_ps_mask.png,0f247c39f168b99f0d3abcb92b1c3e21a5ee4bdc3d8a17db6a033eb3e3198a11,18227,orig/training/broccoli/231097_orig.png,sd2-sp/training/broccoli/231097_mask_segm.png_ps_mask.png_sd2_0.png
348481,348481,cell phone,tgif_train_348481_cell phone_segm,segm,0,small_under_10pct,329,False,False,3829,0.014606,data/research/tgif/masks/training/cell phone/348481_mask_segm.png_ps_mask.png,07805c9444273668d8b88c00fb2fa76c4ecdc5b3e3a55354f005dc88eb68b9ee,15900,orig/training/cell phone/348481_orig.png,sd2-sp/training/cell phone/348481_mask_segm.png_ps_mask.png_sd2_0.png
283070,283070,orange,tgif_train_283070_orange_segm,segm,0,small_under_10pct,330,False,False,16410,0.062599,data/research/tgif/masks/training/orange/283070_mask_segm.png_ps_mask.png,a4b5f1c77c343ad2cf1f0024e31228e43f617de914f3bb9f3e5a01b0b39a92a7,16858,orig/training/orange/283070_orig.png,sd2-sp/training/orange/283070_mask_segm.png_ps_mask.png_sd2_0.png
154705,154705,laptop,tgif_train_154705_laptop_segm,segm,0,small_under_10pct,331,False,False,5371,0.020489,data/research/tgif/masks/training/laptop/154705_mask_segm.png_ps_mask.png,8fc02f6e11ba923f43ac696ef66bf9d35e777e2c73e128b8acfdecefec10d675,15709,orig/training/laptop/154705_orig.png,sd2-sp/training/laptop/154705_mask_segm.png_ps_mask.png_sd2_0.png
281693,281693,truck,tgif_train_281693_truck_segm,segm,0,small_under_10pct,332,False,False,6027,0.022991,data/research/tgif/masks/training/truck/281693_mask_segm.png_ps_mask.png,956fcbf2aad1237cb2ff3fe8843f2a9d837e48440b61edc74f917c9a6d6a8cf0,15845,orig/training/truck/281693_orig.png,sd2-sp/training/truck/281693_mask_segm.png_ps_mask.png_sd2_0.png
207585,207585,tie,tgif_train_207585_tie_segm,segm,0,small_under_10pct,333,False,False,2919,0.011135,data/research/tgif/masks/training/tie/207585_mask_segm.png_ps_mask.png,45a908320706dd467051350943982d4932eb355add251a47ddb1904a2f0226ea,16260,orig/training/tie/207585_orig.png,sd2-sp/training/tie/207585_mask_segm.png_ps_mask.png_sd2_0.png
140420,140420,motorcycle,tgif_train_140420_motorcycle_segm,segm,0,small_under_10pct,334,False,False,3080,0.011749,data/research/tgif/masks/training/motorcycle/140420_mask_segm.png_ps_mask.png,bdd3a7c0fccdd5bac3e598155cf5716d78a2221d1410a196ce1b033f79e8e33a,15908,orig/training/motorcycle/140420_orig.png,sd2-sp/training/motorcycle/140420_mask_segm.png_ps_mask.png_sd2_0.png
74209,74209,refrigerator,tgif_train_74209_refrigerator_segm,segm,0,small_under_10pct,335,False,False,5289,0.020176,data/research/tgif/masks/training/refrigerator/74209_mask_segm.png_ps_mask.png,816cdb143feebe76bb88ef8583ff9df5f88e321c8412d85e651299f021e93fa3,18759,orig/training/refrigerator/74209_orig.png,sd2-sp/training/refrigerator/74209_mask_segm.png_ps_mask.png_sd2_0.png
161397,161397,vase,tgif_train_161397_vase_segm,segm,0,small_under_10pct,336,False,False,12681,0.048374,data/research/tgif/masks/training/vase/161397_mask_segm.png_ps_mask.png,937e62ca3d62baf9c2d25b4365658cd64ddd508657301b6df2c6275ec8c07132,16687,orig/training/vase/161397_orig.png,sd2-sp/training/vase/161397_mask_segm.png_ps_mask.png_sd2_0.png
256518,256518,bowl,tgif_train_256518_bowl_segm,segm,0,small_under_10pct,337,False,False,24882,0.094917,data/research/tgif/masks/training/bowl/256518_mask_segm.png_ps_mask.png,e6c08f1f09c6800b0d6ab84fd92b968958676081afa6f7286e7586f30b6002c1,16847,orig/training/bowl/256518_orig.png,sd2-sp/training/bowl/256518_mask_segm.png_ps_mask.png_sd2_0.png
301718,301718,bottle,tgif_train_301718_bottle_segm,segm,0,small_under_10pct,338,False,False,9809,0.037418,data/research/tgif/masks/training/bottle/301718_mask_segm.png_ps_mask.png,aa29f8a4ed0a13a93cfe68ce5e3f70eb2765a7bbd0bb578d12f566faac26fce0,17707,orig/training/bottle/301718_orig.png,sd2-sp/training/bottle/301718_mask_segm.png_ps_mask.png_sd2_0.png
184324,184324,truck,tgif_train_184324_truck_segm,segm,0,small_under_10pct,339,False,False,2655,0.010128,data/research/tgif/masks/training/truck/184324_mask_segm.png_ps_mask.png,67bdc03bdb90f76e0e62a2a0dd0c292b050dfceaff1db613570ffa2437f02802,15591,orig/training/truck/184324_orig.png,sd2-sp/training/truck/184324_mask_segm.png_ps_mask.png_sd2_0.png
309938,309938,book,tgif_train_309938_book_segm,segm,0,small_under_10pct,340,False,False,21997,0.083912,data/research/tgif/masks/training/book/309938_mask_segm.png_ps_mask.png,cc86fc042b1cf570b438401520f93b8330b802235c5fa5b1d3150cc3071d09ec,17789,orig/training/book/309938_orig.png,sd2-sp/training/book/309938_mask_segm.png_ps_mask.png_sd2_0.png
336053,336053,wine glass,tgif_train_336053_wine glass_segm,segm,0,small_under_10pct,341,False,False,16901,0.064472,data/research/tgif/masks/training/wine glass/336053_mask_segm.png_ps_mask.png,06e880fb9208e2a115ca7c3a4e0b1d8325053a7a06c095fb79ce7d1324966c19,18406,orig/training/wine glass/336053_orig.png,sd2-sp/training/wine glass/336053_mask_segm.png_ps_mask.png_sd2_0.png
549674,549674,mouse,tgif_train_549674_mouse_segm,segm,0,small_under_10pct,342,False,False,3249,0.012394,data/research/tgif/masks/training/mouse/549674_mask_segm.png_ps_mask.png,100904794db0c3484ffdfd807339f29369827b0e73ae54f7e092c0b95a988dd9,15981,orig/training/mouse/549674_orig.png,sd2-sp/training/mouse/549674_mask_segm.png_ps_mask.png_sd2_0.png
186282,186282,mouse,tgif_train_186282_mouse_segm,segm,0,small_under_10pct,343,False,False,5384,0.020538,data/research/tgif/masks/training/mouse/186282_mask_segm.png_ps_mask.png,17ba566f5c4ede1f269cd0f1d1ea0833052955382acadae1aeac7eddcb8357d1,15664,orig/training/mouse/186282_orig.png,sd2-sp/training/mouse/186282_mask_segm.png_ps_mask.png_sd2_0.png
394510,394510,bicycle,tgif_train_394510_bicycle_segm,segm,0,small_under_10pct,344,False,False,22159,0.08453,data/research/tgif/masks/training/bicycle/394510_mask_segm.png_ps_mask.png,763304006eef79d071253aa75a32b2502d868643fbad275d9c7e2e666144cb9f,27722,orig/training/bicycle/394510_orig.png,sd2-sp/training/bicycle/394510_mask_segm.png_ps_mask.png_sd2_0.png
312406,312406,banana,tgif_train_312406_banana_segm,segm,0,small_under_10pct,345,False,False,24195,0.092297,data/research/tgif/masks/training/banana/312406_mask_segm.png_ps_mask.png,70a47838d2ce314e3362571ddbb5cdb26aad6f5a8ae5d67f40b9bf82e6211f65,24207,orig/training/banana/312406_orig.png,sd2-sp/training/banana/312406_mask_segm.png_ps_mask.png_sd2_0.png
150224,150224,umbrella,tgif_train_150224_umbrella_segm,segm,0,small_under_10pct,346,False,False,16879,0.064388,data/research/tgif/masks/training/umbrella/150224_mask_segm.png_ps_mask.png,c817a93a7229aad1aa87683a1597b410b7eb96803d86d156a6b0a8a6338e215f,17216,orig/training/umbrella/150224_orig.png,sd2-sp/training/umbrella/150224_mask_segm.png_ps_mask.png_sd2_0.png
302760,302760,sink,tgif_train_302760_sink_segm,segm,0,small_under_10pct,347,False,False,14165,0.054035,data/research/tgif/masks/training/sink/302760_mask_segm.png_ps_mask.png,ba7ded21f9b8cc3c777ff9bce147f891aa84afd018493001dcff6a1fbf359502,16760,orig/training/sink/302760_orig.png,sd2-sp/training/sink/302760_mask_segm.png_ps_mask.png_sd2_0.png
439773,439773,teddy bear,tgif_train_439773_teddy bear_segm,segm,0,small_under_10pct,348,False,False,15017,0.057285,data/research/tgif/masks/training/teddy bear/439773_mask_segm.png_ps_mask.png,e5905cf447ddaa7e942e6d798267cc78c6c980ee4e5c717383fdfdfe17ac23cc,24853,orig/training/teddy bear/439773_orig.png,sd2-sp/training/teddy bear/439773_mask_segm.png_ps_mask.png_sd2_0.png
356531,356531,cup,tgif_train_356531_cup_segm,segm,0,small_under_10pct,349,False,False,5297,0.020206,data/research/tgif/masks/training/cup/356531_mask_segm.png_ps_mask.png,c06f4a4a23b7484621256cfa52c02184d46d396de994234eda03fee7e36ce8d9,16100,orig/training/cup/356531_orig.png,sd2-sp/training/cup/356531_mask_segm.png_ps_mask.png_sd2_0.png
293071,293071,car,tgif_train_293071_car_segm,segm,0,small_under_10pct,350,False,False,10233,0.039036,data/research/tgif/masks/training/car/293071_mask_segm.png_ps_mask.png,4abb3fb098f05579bd88b4f32192f0a5811a4acba9619f5481af6ba23aa629c4,16282,orig/training/car/293071_orig.png,sd2-sp/training/car/293071_mask_segm.png_ps_mask.png_sd2_0.png
455301,455301,book,tgif_train_455301_book_segm,segm,0,small_under_10pct,351,False,False,15671,0.05978,data/research/tgif/masks/training/book/455301_mask_segm.png_ps_mask.png,b032b915b325413dc0b8d6ffef3b2b27e152d268f5beb5341879b54125615224,17085,orig/training/book/455301_orig.png,sd2-sp/training/book/455301_mask_segm.png_ps_mask.png_sd2_0.png
411817,411817,tv,tgif_train_411817_tv_segm,segm,0,small_under_10pct,352,False,False,18178,0.069344,data/research/tgif/masks/training/tv/411817_mask_segm.png_ps_mask.png,28080eca68ed31ed7a3bf3280ce76b249a735c6c982d4c1c759994876f3a1b73,18464,orig/training/tv/411817_orig.png,sd2-sp/training/tv/411817_mask_segm.png_ps_mask.png_sd2_0.png
572462,572462,bench,tgif_train_572462_bench_segm,segm,0,small_under_10pct,353,False,False,4190,0.015984,data/research/tgif/masks/training/bench/572462_mask_segm.png_ps_mask.png,6d53c7f474b41a98d5415e450c228c39ef8f852f9ab1d7790e1da4f398fb3863,14774,orig/training/bench/572462_orig.png,sd2-sp/training/bench/572462_mask_segm.png_ps_mask.png_sd2_0.png
209142,209142,fork,tgif_train_209142_fork_segm,segm,0,small_under_10pct,354,False,False,23057,0.087955,data/research/tgif/masks/training/fork/209142_mask_segm.png_ps_mask.png,396b78bed28a545739e0f084070d2919d3aa0667e3ca5f2f5422b15661b8d2a0,22242,orig/training/fork/209142_orig.png,sd2-sp/training/fork/209142_mask_segm.png_ps_mask.png_sd2_0.png
196843,196843,bicycle,tgif_train_196843_bicycle_segm,segm,0,small_under_10pct,355,False,False,9856,0.037598,data/research/tgif/masks/training/bicycle/196843_mask_segm.png_ps_mask.png,eec0fb92ef320e23531d11bfe5073954f7c2d982cf7fa08c41342b02d30b4b2a,19977,orig/training/bicycle/196843_orig.png,sd2-sp/training/bicycle/196843_mask_segm.png_ps_mask.png_sd2_0.png
493799,493799,carrot,tgif_train_493799_carrot_segm,segm,0,small_under_10pct,356,False,False,7247,0.027645,data/research/tgif/masks/training/carrot/493799_mask_segm.png_ps_mask.png,8793e5f55129f20985abc0f3d1619025d6a666a453f44da51504d2bd7abb9674,17840,orig/training/carrot/493799_orig.png,sd2-sp/training/carrot/493799_mask_segm.png_ps_mask.png_sd2_0.png
575243,575243,umbrella,tgif_train_575243_umbrella_segm,segm,0,small_under_10pct,357,False,False,5791,0.022091,data/research/tgif/masks/training/umbrella/575243_mask_segm.png_ps_mask.png,fa7f69c071677a2968e546d4ecd0dc31f2efe4510f08ef67020c12c2b9ee44ae,16149,orig/training/umbrella/575243_orig.png,sd2-sp/training/umbrella/575243_mask_segm.png_ps_mask.png_sd2_0.png
210230,210230,hot dog,tgif_train_210230_hot dog_segm,segm,0,small_under_10pct,358,False,False,5222,0.01992,data/research/tgif/masks/training/hot dog/210230_mask_segm.png_ps_mask.png,935298562652c7420722f3cf76ffdad69bbc23a1036fdc8740c3206604befa25,15916,orig/training/hot dog/210230_orig.png,sd2-sp/training/hot dog/210230_mask_segm.png_ps_mask.png_sd2_0.png
484404,484404,bus,tgif_train_484404_bus_segm,segm,0,small_under_10pct,359,False,False,13978,0.053322,data/research/tgif/masks/training/bus/484404_mask_segm.png_ps_mask.png,de644f8787f63809f1f57d86579ea61699506c4a0dabc68d2e199708ed2033f4,17423,orig/training/bus/484404_orig.png,sd2-sp/training/bus/484404_mask_segm.png_ps_mask.png_sd2_0.png
169169,169169,potted plant,tgif_train_169169_potted plant_segm,segm,0,small_under_10pct,360,False,False,6822,0.026024,data/research/tgif/masks/training/potted plant/169169_mask_segm.png_ps_mask.png,431b8e1ab05f9b7d1b2436445fb1fc9179a6c1f5993086f43b9c947d22dab614,17262,orig/training/potted plant/169169_orig.png,sd2-sp/training/potted plant/169169_mask_segm.png_ps_mask.png_sd2_0.png
255165,255165,tv,tgif_train_255165_tv_segm,segm,0,small_under_10pct,361,False,False,15491,0.059093,data/research/tgif/masks/training/tv/255165_mask_segm.png_ps_mask.png,e35fc0cf34d6a42707d84816b23fe2266c5e1d2ef580be9bc8bba94c22f433a5,16290,orig/training/tv/255165_orig.png,sd2-sp/training/tv/255165_mask_segm.png_ps_mask.png_sd2_0.png
136915,136915,baseball bat,tgif_train_136915_baseball bat_segm,segm,0,small_under_10pct,362,False,False,4959,0.018917,data/research/tgif/masks/training/baseball bat/136915_mask_segm.png_ps_mask.png,c6cc02456164e0a5d6d790c89825e2139514d18c5e8a818ca328e84561d4ff2c,16711,orig/training/baseball bat/136915_orig.png,sd2-sp/training/baseball bat/136915_mask_segm.png_ps_mask.png_sd2_0.png
203095,203095,oven,tgif_train_203095_oven_segm,segm,0,small_under_10pct,363,False,False,3669,0.013996,data/research/tgif/masks/training/oven/203095_mask_segm.png_ps_mask.png,1a6620d528cf0ae53c1081e161d4e29e7153d55e28bcb3abd09def0eb16c3617,19205,orig/training/oven/203095_orig.png,sd2-sp/training/oven/203095_mask_segm.png_ps_mask.png_sd2_0.png
578871,578871,spoon,tgif_train_578871_spoon_segm,segm,0,small_under_10pct,364,False,False,7143,0.027248,data/research/tgif/masks/training/spoon/578871_mask_segm.png_ps_mask.png,f31f3ad003bb9b94009435fcb6d7373d4d9054043c9d631aef43e488d73e981b,16400,orig/training/spoon/578871_orig.png,sd2-sp/training/spoon/578871_mask_segm.png_ps_mask.png_sd2_0.png
425361,425361,wine glass,tgif_train_425361_wine glass_segm,segm,0,small_under_10pct,365,False,False,2724,0.010391,data/research/tgif/masks/training/wine glass/425361_mask_segm.png_ps_mask.png,aee48203c7adf7de43f9f95403ba049baeefe3fe9666029be312613e91eaf671,17555,orig/training/wine glass/425361_orig.png,sd2-sp/training/wine glass/425361_mask_segm.png_ps_mask.png_sd2_0.png
66841,66841,spoon,tgif_train_66841_spoon_segm,segm,0,small_under_10pct,366,False,False,8810,0.033607,data/research/tgif/masks/training/spoon/66841_mask_segm.png_ps_mask.png,729e0d499f4562ab4725db22b54d5ab123a3e5cac34dfbb8a43f0381b07bffbd,15683,orig/training/spoon/66841_orig.png,sd2-sp/training/spoon/66841_mask_segm.png_ps_mask.png_sd2_0.png
266768,266768,dining table,tgif_train_266768_dining table_segm,segm,0,small_under_10pct,367,False,False,16346,0.062355,data/research/tgif/masks/training/dining table/266768_mask_segm.png_ps_mask.png,457a74c8b2365707936e782040ed021933a099395b06d048d3ca82362407800f,21429,orig/training/dining table/266768_orig.png,sd2-sp/training/dining table/266768_mask_segm.png_ps_mask.png_sd2_0.png
413689,413689,handbag,tgif_train_413689_handbag_segm,segm,0,small_under_10pct,368,False,False,4414,0.016838,data/research/tgif/masks/training/handbag/413689_mask_segm.png_ps_mask.png,e216fb10fcda9d1bbdcfdbafd9465d40e8ee0c9d2cc283d0e975bf16fde36fe2,18110,orig/training/handbag/413689_orig.png,sd2-sp/training/handbag/413689_mask_segm.png_ps_mask.png_sd2_0.png
271116,271116,tie,tgif_train_271116_tie_segm,segm,0,small_under_10pct,369,False,False,5896,0.022491,data/research/tgif/masks/training/tie/271116_mask_segm.png_ps_mask.png,4ccdaf464184c9f705d8c78e1633bc50362e6537075bd826b956fddcce8dfca6,18645,orig/training/tie/271116_orig.png,sd2-sp/training/tie/271116_mask_segm.png_ps_mask.png_sd2_0.png
456559,456559,tie,tgif_train_456559_tie_segm,segm,0,small_under_10pct,370,False,False,3653,0.013935,data/research/tgif/masks/training/tie/456559_mask_segm.png_ps_mask.png,13729cc6665a253007a9f003425723fb46b6bb25fa1f4d61865eb6d8d6963c87,17684,orig/training/tie/456559_orig.png,sd2-sp/training/tie/456559_mask_segm.png_ps_mask.png_sd2_0.png
411953,411953,tie,tgif_train_411953_tie_segm,segm,0,small_under_10pct,371,False,False,5490,0.020943,data/research/tgif/masks/training/tie/411953_mask_segm.png_ps_mask.png,90362fed0f83c970d47c15af975ed5df0ee714b45e6c358ab611fc90aeb17fce,15724,orig/training/tie/411953_orig.png,sd2-sp/training/tie/411953_mask_segm.png_ps_mask.png_sd2_0.png
288762,288762,carrot,tgif_train_288762_carrot_segm,segm,0,small_under_10pct,372,False,False,3720,0.014191,data/research/tgif/masks/training/carrot/288762_mask_segm.png_ps_mask.png,49a2c29d74edf04d8d0466afb07df1502a224cc9921e054ec72441b89cb164dd,16206,orig/training/carrot/288762_orig.png,sd2-sp/training/carrot/288762_mask_segm.png_ps_mask.png_sd2_0.png
400815,400815,suitcase,tgif_train_400815_suitcase_segm,segm,0,small_under_10pct,373,False,False,13277,0.050648,data/research/tgif/masks/training/suitcase/400815_mask_segm.png_ps_mask.png,e2505ec7451559a6dacd0d2569f7e2a258c0ea646b7c876a5e64c79418a47ade,16429,orig/training/suitcase/400815_orig.png,sd2-sp/training/suitcase/400815_mask_segm.png_ps_mask.png_sd2_0.png
179174,179174,suitcase,tgif_train_179174_suitcase_segm,segm,0,small_under_10pct,374,False,False,7617,0.029057,data/research/tgif/masks/training/suitcase/179174_mask_segm.png_ps_mask.png,f1fcd9e5c9742f8e85068303b93dedb5448041c54cb41d7ab8025a1355749fe9,15627,orig/training/suitcase/179174_orig.png,sd2-sp/training/suitcase/179174_mask_segm.png_ps_mask.png_sd2_0.png
479732,479732,cup,tgif_train_479732_cup_segm,segm,0,small_under_10pct,375,False,False,5508,0.021011,data/research/tgif/masks/training/cup/479732_mask_segm.png_ps_mask.png,b07de57eb286ccd314e03c2ef730241a3381699c1e7b9a1aff740dcd34b3fd9d,15450,orig/training/cup/479732_orig.png,sd2-sp/training/cup/479732_mask_segm.png_ps_mask.png_sd2_0.png
180878,180878,cake,tgif_train_180878_cake_segm,segm,0,small_under_10pct,376,False,False,13597,0.051868,data/research/tgif/masks/training/cake/180878_mask_segm.png_ps_mask.png,832edde6f54bfe22005877640a320fc2953cfeea288b78935a3077cc1c47643d,17438,orig/training/cake/180878_orig.png,sd2-sp/training/cake/180878_mask_segm.png_ps_mask.png_sd2_0.png
156372,156372,backpack,tgif_train_156372_backpack_segm,segm,0,small_under_10pct,377,False,False,4616,0.017609,data/research/tgif/masks/training/backpack/156372_mask_segm.png_ps_mask.png,aab02fa6561a7a238b4ef1df82b12a4dc62bccd25ff7c181daa63861946c3aff,15395,orig/training/backpack/156372_orig.png,sd2-sp/training/backpack/156372_mask_segm.png_ps_mask.png_sd2_0.png
323202,323202,book,tgif_train_323202_book_segm,segm,0,small_under_10pct,378,False,False,8556,0.032639,data/research/tgif/masks/training/book/323202_mask_segm.png_ps_mask.png,d445b9c4a83ec304e864f8f2e226ce00f523a73a71a35619e04336229d119daf,16720,orig/training/book/323202_orig.png,sd2-sp/training/book/323202_mask_segm.png_ps_mask.png_sd2_0.png
250127,250127,umbrella,tgif_train_250127_umbrella_segm,segm,0,small_under_10pct,379,False,False,13694,0.052238,data/research/tgif/masks/training/umbrella/250127_mask_segm.png_ps_mask.png,9e8c0e0613dd7524cea77e1f4b40b2f5c667368c65f7ae79e303f38b948786dc,22414,orig/training/umbrella/250127_orig.png,sd2-sp/training/umbrella/250127_mask_segm.png_ps_mask.png_sd2_0.png
243344,243344,cat,tgif_train_243344_cat_segm,segm,0,small_under_10pct,380,False,False,15804,0.060287,data/research/tgif/masks/training/cat/243344_mask_segm.png_ps_mask.png,eb0dbe695d74f396445d54d312f125e53775dd2a3961690d0ae6e9e1b66fdab3,17644,orig/training/cat/243344_orig.png,sd2-sp/training/cat/243344_mask_segm.png_ps_mask.png_sd2_0.png
125129,125129,book,tgif_train_125129_book_segm,segm,0,small_under_10pct,381,False,False,7171,0.027355,data/research/tgif/masks/training/book/125129_mask_segm.png_ps_mask.png,1baab4874c14b217c8c8a14cdc085e1d785869f5791ad5fac68e54b972d921a5,14928,orig/training/book/125129_orig.png,sd2-sp/training/book/125129_mask_segm.png_ps_mask.png_sd2_0.png
319696,319696,bottle,tgif_train_319696_bottle_segm,segm,0,small_under_10pct,382,False,False,12880,0.049133,data/research/tgif/masks/training/bottle/319696_mask_segm.png_ps_mask.png,f80b4cd8b47be3594d6935e231a960dc85138e540e1557e7f7b3b9731c463664,17123,orig/training/bottle/319696_orig.png,sd2-sp/training/bottle/319696_mask_segm.png_ps_mask.png_sd2_0.png
14038,14038,microwave,tgif_train_14038_microwave_segm,segm,0,small_under_10pct,383,False,False,4101,0.015644,data/research/tgif/masks/training/microwave/14038_mask_segm.png_ps_mask.png,f070244f8496f0bd480e0b5bbca05d98436e217bd78ade1713b752d14f4a71d0,15329,orig/training/microwave/14038_orig.png,sd2-sp/training/microwave/14038_mask_segm.png_ps_mask.png_sd2_0.png
292446,292446,tv,tgif_train_292446_tv_segm,segm,0,small_under_10pct,384,False,False,4148,0.015823,data/research/tgif/masks/training/tv/292446_mask_segm.png_ps_mask.png,31d920fc738e9fc5b622474b5acc8ff176287f33df6a825e35cd97775fbd41a7,14656,orig/training/tv/292446_orig.png,sd2-sp/training/tv/292446_mask_segm.png_ps_mask.png_sd2_0.png
2431,2431,cup,tgif_train_2431_cup_segm,segm,0,small_under_10pct,385,False,False,14270,0.054436,data/research/tgif/masks/training/cup/2431_mask_segm.png_ps_mask.png,03bae16772685c64f43857ec94b2ca6339dc3a7a99ff79e62937466a53257f65,17820,orig/training/cup/2431_orig.png,sd2-sp/training/cup/2431_mask_segm.png_ps_mask.png_sd2_0.png
284279,284279,bird,tgif_train_284279_bird_segm,segm,0,small_under_10pct,386,False,False,24525,0.093555,data/research/tgif/masks/training/bird/284279_mask_segm.png_ps_mask.png,591a5036f31675c46707b4734b602645a7d5bc38739de16f25285890b4e3c544,25300,orig/training/bird/284279_orig.png,sd2-sp/training/bird/284279_mask_segm.png_ps_mask.png_sd2_0.png
458663,458663,oven,tgif_train_458663_oven_segm,segm,0,small_under_10pct,387,False,False,16058,0.061256,data/research/tgif/masks/training/oven/458663_mask_segm.png_ps_mask.png,9864920913e5ec269ec17c0c96b7e2dd579cc47592befce73677a1f0c3ab6b7b,16737,orig/training/oven/458663_orig.png,sd2-sp/training/oven/458663_mask_segm.png_ps_mask.png_sd2_0.png
486040,486040,potted plant,tgif_train_486040_potted plant_segm,segm,0,small_under_10pct,388,False,False,3518,0.01342,data/research/tgif/masks/training/potted plant/486040_mask_segm.png_ps_mask.png,d0bc340f4cecb8750ba901fab76b53367785d8d881b86ac86bed9fb933794a16,15378,orig/training/potted plant/486040_orig.png,sd2-sp/training/potted plant/486040_mask_segm.png_ps_mask.png_sd2_0.png
237118,237118,handbag,tgif_train_237118_handbag_segm,segm,0,small_under_10pct,389,False,False,3477,0.013264,data/research/tgif/masks/training/handbag/237118_mask_segm.png_ps_mask.png,cf2520374a435f431f8cd0d241669ff608ae40934eca9c59bf8be9b9ed30fbdb,19001,orig/training/handbag/237118_orig.png,sd2-sp/training/handbag/237118_mask_segm.png_ps_mask.png_sd2_0.png
577735,577735,vase,tgif_train_577735_vase_segm,segm,0,small_under_10pct,390,False,False,16563,0.063183,data/research/tgif/masks/training/vase/577735_mask_segm.png_ps_mask.png,6c5d20cfb20ac4193984b3d1a9eebf271e21e7996867e818b75a0eac9f088060,19154,orig/training/vase/577735_orig.png,sd2-sp/training/vase/577735_mask_segm.png_ps_mask.png_sd2_0.png
392228,392228,clock,tgif_train_392228_clock_segm,segm,0,small_under_10pct,391,False,False,11748,0.044815,data/research/tgif/masks/training/clock/392228_mask_segm.png_ps_mask.png,3caf1b63bf326e28e87bf22636b8d8108c644ad2f57be065fdab26c99f8ce7f4,17066,orig/training/clock/392228_orig.png,sd2-sp/training/clock/392228_mask_segm.png_ps_mask.png_sd2_0.png
80413,80413,teddy bear,tgif_train_80413_teddy bear_segm,segm,0,small_under_10pct,392,False,False,22408,0.08548,data/research/tgif/masks/training/teddy bear/80413_mask_segm.png_ps_mask.png,508c7deb8a113e5759362e6c23e2a809db1d77ee6d10cbe529c0580ce5dc4894,20505,orig/training/teddy bear/80413_orig.png,sd2-sp/training/teddy bear/80413_mask_segm.png_ps_mask.png_sd2_0.png
65798,65798,person,tgif_train_65798_person_segm,segm,0,small_under_10pct,393,False,False,3370,0.012856,data/research/tgif/masks/training/person/65798_mask_segm.png_ps_mask.png,1cd668a2c39693b2debcdfa7f57655f9c2d39dd0b63181e2c2150d59347c8a12,16725,orig/training/person/65798_orig.png,sd2-sp/training/person/65798_mask_segm.png_ps_mask.png_sd2_0.png
433192,433192,laptop,tgif_train_433192_laptop_segm,segm,0,small_under_10pct,394,False,False,12036,0.045914,data/research/tgif/masks/training/laptop/433192_mask_segm.png_ps_mask.png,c36aa2bed9e00dbe06244d1630b2e7dd2f2235622e0528b45e44475133da5cc7,17114,orig/training/laptop/433192_orig.png,sd2-sp/training/laptop/433192_mask_segm.png_ps_mask.png_sd2_0.png
84650,84650,cat,tgif_train_84650_cat_segm,segm,0,small_under_10pct,395,False,False,25698,0.09803,data/research/tgif/masks/training/cat/84650_mask_segm.png_ps_mask.png,545e9131c7e1cefb80a1ce3bc17ca3a8426ac95ec1c361f3d8b2e6ee9713bb07,25337,orig/training/cat/84650_orig.png,sd2-sp/training/cat/84650_mask_segm.png_ps_mask.png_sd2_0.png
158744,158744,couch,tgif_train_158744_couch_segm,segm,0,small_under_10pct,396,False,False,18429,0.070301,data/research/tgif/masks/training/couch/158744_mask_segm.png_ps_mask.png,2df1404a157b81b923d550abc3c61f0402831d56fcc7f1c3022a26de2314eb8b,16885,orig/training/couch/158744_orig.png,sd2-sp/training/couch/158744_mask_segm.png_ps_mask.png_sd2_0.png
280891,280891,orange,tgif_train_280891_orange_segm,segm,0,small_under_10pct,397,False,False,8290,0.031624,data/research/tgif/masks/training/orange/280891_mask_segm.png_ps_mask.png,8087de5e2273b4a6d2355f32041f6de616ed68a0034633b39e1e172d44225487,15887,orig/training/orange/280891_orig.png,sd2-sp/training/orange/280891_mask_segm.png_ps_mask.png_sd2_0.png
540962,540962,chair,tgif_train_540962_chair_segm,segm,0,small_under_10pct,398,False,False,3361,0.012821,data/research/tgif/masks/training/chair/540962_mask_segm.png_ps_mask.png,ea2a0261d065e1208fa6311577fd7c2c6243281baaaa87556e32af3ae0bd4c26,16145,orig/training/chair/540962_orig.png,sd2-sp/training/chair/540962_mask_segm.png_ps_mask.png_sd2_0.png
309964,309964,backpack,tgif_train_309964_backpack_segm,segm,0,small_under_10pct,399,False,False,10825,0.041294,data/research/tgif/masks/training/backpack/309964_mask_segm.png_ps_mask.png,235b2d1023340e327ce33df9bc042555ef1ec385f337700f98ff0e9c0f3faba9,16612,orig/training/backpack/309964_orig.png,sd2-sp/training/backpack/309964_mask_segm.png_ps_mask.png_sd2_0.png
557916,557916,vase,tgif_train_557916_vase_segm,segm,0,small_under_10pct,400,False,False,5800,0.022125,data/research/tgif/masks/training/vase/557916_mask_segm.png_ps_mask.png,b4892a161b255000c2d3be6bd08407fe819cd6eef4afe991d9b6cf1e4ef7a501,15734,orig/training/vase/557916_orig.png,sd2-sp/training/vase/557916_mask_segm.png_ps_mask.png_sd2_0.png
443969,443969,umbrella,tgif_train_443969_umbrella_segm,segm,0,small_under_10pct,401,False,False,15042,0.057381,data/research/tgif/masks/training/umbrella/443969_mask_segm.png_ps_mask.png,a88fed1700f5a0b44cae6a3a0a7568adc768d8e7f65eb8a4d7b5d9dcaae5bc7b,15186,orig/training/umbrella/443969_orig.png,sd2-sp/training/umbrella/443969_mask_segm.png_ps_mask.png_sd2_0.png
357567,357567,toilet,tgif_train_357567_toilet_segm,segm,0,small_under_10pct,402,False,False,16750,0.063896,data/research/tgif/masks/training/toilet/357567_mask_segm.png_ps_mask.png,d761a98368b08a938afafdff5daf9b25b874e9746e5e475838ec172ab6c57d5f,22268,orig/training/toilet/357567_orig.png,sd2-sp/training/toilet/357567_mask_segm.png_ps_mask.png_sd2_0.png
531134,531134,traffic light,tgif_train_531134_traffic light_segm,segm,0,small_under_10pct,403,False,False,5133,0.019581,data/research/tgif/masks/training/traffic light/531134_mask_segm.png_ps_mask.png,2fbce68413aac4c4f1b95d460077625d0ef98e16e3db8e015d5fc77d8440de6f,16501,orig/training/traffic light/531134_orig.png,sd2-sp/training/traffic light/531134_mask_segm.png_ps_mask.png_sd2_0.png
149622,149622,bird,tgif_train_149622_bird_segm,segm,0,small_under_10pct,404,False,False,23258,0.088722,data/research/tgif/masks/training/bird/149622_mask_segm.png_ps_mask.png,a55ea33a4985132c7509e4e16d08bd85d707edf098fee1a06d9c67938195edd3,19097,orig/training/bird/149622_orig.png,sd2-sp/training/bird/149622_mask_segm.png_ps_mask.png_sd2_0.png
379476,379476,dining table,tgif_train_379476_dining table_segm,segm,0,small_under_10pct,405,False,False,3714,0.014168,data/research/tgif/masks/training/dining table/379476_mask_segm.png_ps_mask.png,4157d6e1651ccc7adfe08c98efe70c52a3677ecc8d718e456d3ab4d3f9b67c26,16086,orig/training/dining table/379476_orig.png,sd2-sp/training/dining table/379476_mask_segm.png_ps_mask.png_sd2_0.png
215778,215778,keyboard,tgif_train_215778_keyboard_segm,segm,0,small_under_10pct,406,False,False,22812,0.087021,data/research/tgif/masks/training/keyboard/215778_mask_segm.png_ps_mask.png,fe52c5debc19a500c10dc88cf7ecdcc470480c8bf27db02378b031a3bba3e987,16498,orig/training/keyboard/215778_orig.png,sd2-sp/training/keyboard/215778_mask_segm.png_ps_mask.png_sd2_0.png
259830,259830,bicycle,tgif_train_259830_bicycle_segm,segm,0,small_under_10pct,407,False,False,6286,0.023979,data/research/tgif/masks/training/bicycle/259830_mask_segm.png_ps_mask.png,faabf8ffb76b5b02c487647e383171688ad8f26f4c340ef912111b89989354a0,18269,orig/training/bicycle/259830_orig.png,sd2-sp/training/bicycle/259830_mask_segm.png_ps_mask.png_sd2_0.png
568981,568981,backpack,tgif_train_568981_backpack_segm,segm,0,small_under_10pct,408,False,False,3545,0.013523,data/research/tgif/masks/training/backpack/568981_mask_segm.png_ps_mask.png,155bf04f5a57ff9736d58c7edfd0dc12bef01414097f489e20e7eb2859f09ee6,15776,orig/training/backpack/568981_orig.png,sd2-sp/training/backpack/568981_mask_segm.png_ps_mask.png_sd2_0.png
419974,419974,bench,tgif_train_419974_bench_segm,segm,0,small_under_10pct,409,False,False,2791,0.010647,data/research/tgif/masks/training/bench/419974_mask_segm.png_ps_mask.png,ad4db2b8eb3762c34ef6cf45efbca66805754be3e1591be65dc5c7fad2cced14,16434,orig/training/bench/419974_orig.png,sd2-sp/training/bench/419974_mask_segm.png_ps_mask.png_sd2_0.png
287667,287667,carrot,tgif_train_287667_carrot_segm,segm,0,small_under_10pct,410,False,False,6840,0.026093,data/research/tgif/masks/training/carrot/287667_mask_segm.png_ps_mask.png,d21fb04268fdc16b62c4548d5f36cdc0341e333f6c9f6553917dd731acf20c90,16337,orig/training/carrot/287667_orig.png,sd2-sp/training/carrot/287667_mask_segm.png_ps_mask.png_sd2_0.png
515077,515077,tv,tgif_train_515077_tv_segm,segm,0,small_under_10pct,411,False,False,24826,0.094704,data/research/tgif/masks/training/tv/515077_mask_segm.png_ps_mask.png,8ef14679ae16b198366947e47b99247c484849dfdf9fd3b51b730306ca21acfe,16518,orig/training/tv/515077_orig.png,sd2-sp/training/tv/515077_mask_segm.png_ps_mask.png_sd2_0.png
53529,53529,dog,tgif_train_53529_dog_segm,segm,0,small_under_10pct,412,False,False,14871,0.056728,data/research/tgif/masks/training/dog/53529_mask_segm.png_ps_mask.png,65beae322d43b496438bcfabe2d4134e6c3eae5359781799645c06a5e9db4472,16633,orig/training/dog/53529_orig.png,sd2-sp/training/dog/53529_mask_segm.png_ps_mask.png_sd2_0.png
441491,441491,pizza,tgif_train_441491_pizza_segm,segm,0,small_under_10pct,413,False,False,5745,0.021915,data/research/tgif/masks/training/pizza/441491_mask_segm.png_ps_mask.png,188a96bd39a05efac67c3a03eb1f18ea73732c6ac1d131c8cccb00a1d9ef406d,16925,orig/training/pizza/441491_orig.png,sd2-sp/training/pizza/441491_mask_segm.png_ps_mask.png_sd2_0.png
400922,400922,clock,tgif_train_400922_clock_segm,segm,0,small_under_10pct,414,False,False,4128,0.015747,data/research/tgif/masks/training/clock/400922_mask_segm.png_ps_mask.png,132fe583981bfeee6266112110dd53c0b73c5f569063c46c3986162a8ebda45d,16051,orig/training/clock/400922_orig.png,sd2-sp/training/clock/400922_mask_segm.png_ps_mask.png_sd2_0.png
488075,488075,microwave,tgif_train_488075_microwave_segm,segm,0,small_under_10pct,415,False,False,3619,0.013805,data/research/tgif/masks/training/microwave/488075_mask_segm.png_ps_mask.png,772527b5f68a0353953697704cce38d1ad61164d79b9180ecb0cc1e4abc3b80b,15554,orig/training/microwave/488075_orig.png,sd2-sp/training/microwave/488075_mask_segm.png_ps_mask.png_sd2_0.png
376093,376093,pizza,tgif_train_376093_pizza_segm,segm,0,small_under_10pct,416,False,False,10816,0.04126,data/research/tgif/masks/training/pizza/376093_mask_segm.png_ps_mask.png,c392b1e52bc70e4c664eb59bb95db5151b97f6228eb71bf4ed0e0e836b5a6ab4,17653,orig/training/pizza/376093_orig.png,sd2-sp/training/pizza/376093_mask_segm.png_ps_mask.png_sd2_0.png
110282,110282,traffic light,tgif_train_110282_traffic light_segm,segm,0,small_under_10pct,417,False,False,14512,0.055359,data/research/tgif/masks/training/traffic light/110282_mask_segm.png_ps_mask.png,57514746352959df3d343a65c3171ae21fce82b7b8577a3dfe5a52ff784da563,15909,orig/training/traffic light/110282_orig.png,sd2-sp/training/traffic light/110282_mask_segm.png_ps_mask.png_sd2_0.png
155145,155145,umbrella,tgif_train_155145_umbrella_segm,segm,0,small_under_10pct,418,False,False,2929,0.011173,data/research/tgif/masks/training/umbrella/155145_mask_segm.png_ps_mask.png,d144710e2d8a92b056576fa9977863ef856ce0e27269b99204d6afed5ec97b8d,15964,orig/training/umbrella/155145_orig.png,sd2-sp/training/umbrella/155145_mask_segm.png_ps_mask.png_sd2_0.png
24567,24567,hot dog,tgif_train_24567_hot dog_segm,segm,0,small_under_10pct,419,False,False,8478,0.032341,data/research/tgif/masks/training/hot dog/24567_mask_segm.png_ps_mask.png,e642a1c011179413b177b374c0f7e7d1650686e43f588facfaee83be3cf58979,16896,orig/training/hot dog/24567_orig.png,sd2-sp/training/hot dog/24567_mask_segm.png_ps_mask.png_sd2_0.png
74058,74058,person,tgif_train_74058_person_segm,segm,0,small_under_10pct,420,False,False,4267,0.016277,data/research/tgif/masks/training/person/74058_mask_segm.png_ps_mask.png,473c3f8aeefb9a7047dcbdd86c83a282fd7651df08e4d297efd5388fe9d54396,16401,orig/training/person/74058_orig.png,sd2-sp/training/person/74058_mask_segm.png_ps_mask.png_sd2_0.png
560911,560911,suitcase,tgif_train_560911_suitcase_segm,segm,0,small_under_10pct,421,False,False,10248,0.039093,data/research/tgif/masks/training/suitcase/560911_mask_segm.png_ps_mask.png,33db7047d01ea54c33bcd4d41c7e0223935392ae2d28e388eca53b228f2ad6ee,16013,orig/training/suitcase/560911_orig.png,sd2-sp/training/suitcase/560911_mask_segm.png_ps_mask.png_sd2_0.png
229997,229997,bird,tgif_train_229997_bird_segm,segm,0,small_under_10pct,422,False,False,5261,0.020069,data/research/tgif/masks/training/bird/229997_mask_segm.png_ps_mask.png,5a92d4338ae7127764be1554d02e7b17b140663f0a327cce839a2ae4575b8ad0,16458,orig/training/bird/229997_orig.png,sd2-sp/training/bird/229997_mask_segm.png_ps_mask.png_sd2_0.png
176857,176857,cat,tgif_train_176857_cat_segm,segm,0,small_under_10pct,423,False,False,5507,0.021008,data/research/tgif/masks/training/cat/176857_mask_segm.png_ps_mask.png,478ff4c423e6dc7d03e5729959891f13746c762d983c5a4e2c9f9e3824dbdcd4,15451,orig/training/cat/176857_orig.png,sd2-sp/training/cat/176857_mask_segm.png_ps_mask.png_sd2_0.png
365208,365208,umbrella,tgif_train_365208_umbrella_segm,segm,0,small_under_10pct,424,False,False,19110,0.072899,data/research/tgif/masks/training/umbrella/365208_mask_segm.png_ps_mask.png,dba0fa7c2ff73d71be1173e0a15f3612f17c2539430711331de4fba80a66160d,28672,orig/training/umbrella/365208_orig.png,sd2-sp/training/umbrella/365208_mask_segm.png_ps_mask.png_sd2_0.png
530052,530052,carrot,tgif_train_530052_carrot_segm,segm,0,small_under_10pct,425,False,False,5057,0.019291,data/research/tgif/masks/training/carrot/530052_mask_segm.png_ps_mask.png,5c82ae1975fed44a5749c07eed7589670d6d28cf48d6e6895c9a04c637361038,15843,orig/training/carrot/530052_orig.png,sd2-sp/training/carrot/530052_mask_segm.png_ps_mask.png_sd2_0.png
57149,57149,bus,tgif_train_57149_bus_segm,segm,0,small_under_10pct,426,False,False,3738,0.014259,data/research/tgif/masks/training/bus/57149_mask_segm.png_ps_mask.png,1f5a8af12fc189e8d9af8b6209ccb6d42d1593900f9ee353c07586f905b70746,15573,orig/training/bus/57149_orig.png,sd2-sp/training/bus/57149_mask_segm.png_ps_mask.png_sd2_0.png
33854,33854,bus,tgif_train_33854_bus_segm,segm,0,small_under_10pct,427,False,False,5087,0.019405,data/research/tgif/masks/training/bus/33854_mask_segm.png_ps_mask.png,59b6b6283f5855ac4859d0136f9202313bd94f8da70dd9c4e7ad56cbff8436b4,16652,orig/training/bus/33854_orig.png,sd2-sp/training/bus/33854_mask_segm.png_ps_mask.png_sd2_0.png
127494,127494,spoon,tgif_train_127494_spoon_segm,segm,0,small_under_10pct,428,False,False,5273,0.020115,data/research/tgif/masks/training/spoon/127494_mask_segm.png_ps_mask.png,e2f16a992f392b7b5616aeb033b20aee1025e5dbc8815ff23875d3df046fc42e,20298,orig/training/spoon/127494_orig.png,sd2-sp/training/spoon/127494_mask_segm.png_ps_mask.png_sd2_0.png
20553,20553,teddy bear,tgif_train_20553_teddy bear_segm,segm,0,small_under_10pct,429,False,False,10167,0.038784,data/research/tgif/masks/training/teddy bear/20553_mask_segm.png_ps_mask.png,b150edb7d0faa5968f115b2fc64b7312bcacea06aea7e152e1aa86956a474942,17260,orig/training/teddy bear/20553_orig.png,sd2-sp/training/teddy bear/20553_mask_segm.png_ps_mask.png_sd2_0.png
223090,223090,carrot,tgif_train_223090_carrot_segm,segm,0,small_under_10pct,430,False,False,5414,0.020653,data/research/tgif/masks/training/carrot/223090_mask_segm.png_ps_mask.png,39ab8a2557e808a013ff77ca3bc5e0094c87c6107b6440ff6b81007298ad72a2,17894,orig/training/carrot/223090_orig.png,sd2-sp/training/carrot/223090_mask_segm.png_ps_mask.png_sd2_0.png
570456,570456,couch,tgif_train_570456_couch_segm,segm,0,small_under_10pct,431,False,False,12322,0.047005,data/research/tgif/masks/training/couch/570456_mask_segm.png_ps_mask.png,af32f71cebee14aa337b7c5e854f0d71458ea776a9dbc624874fe16fbbb8fc40,17991,orig/training/couch/570456_orig.png,sd2-sp/training/couch/570456_mask_segm.png_ps_mask.png_sd2_0.png
532493,532493,person,tgif_train_532493_person_segm,segm,0,small_under_10pct,432,False,False,14192,0.054138,data/research/tgif/masks/training/person/532493_mask_segm.png_ps_mask.png,9730b03009ede4818bad7ddccc29196d6a081f88c84c3cfe47168eca0715790f,21414,orig/training/person/532493_orig.png,sd2-sp/training/person/532493_mask_segm.png_ps_mask.png_sd2_0.png
516318,516318,person,tgif_train_516318_person_segm,segm,0,small_under_10pct,433,False,False,6762,0.025795,data/research/tgif/masks/training/person/516318_mask_segm.png_ps_mask.png,965673dcfb8a87b5f0dca04f477681d1b8be0e9cb0efb0bc23efefadf798afe7,18852,orig/training/person/516318_orig.png,sd2-sp/training/person/516318_mask_segm.png_ps_mask.png_sd2_0.png
186632,186632,vase,tgif_train_186632_vase_segm,segm,0,small_under_10pct,434,False,False,4604,0.017563,data/research/tgif/masks/training/vase/186632_mask_segm.png_ps_mask.png,385834e33ebe948b95029d66448dc4b54735a1e3ea222cd319e1286c69119ad2,16113,orig/training/vase/186632_orig.png,sd2-sp/training/vase/186632_mask_segm.png_ps_mask.png_sd2_0.png
325527,325527,teddy bear,tgif_train_325527_teddy bear_segm,segm,0,small_under_10pct,435,False,False,21899,0.083538,data/research/tgif/masks/training/teddy bear/325527_mask_segm.png_ps_mask.png,5a6e813c3e0d413896df26c2ac2104721c4bdcdc08f492c8a73f3c4443c87eab,16977,orig/training/teddy bear/325527_orig.png,sd2-sp/training/teddy bear/325527_mask_segm.png_ps_mask.png_sd2_0.png
94871,94871,handbag,tgif_train_94871_handbag_segm,segm,0,small_under_10pct,436,False,False,2669,0.010181,data/research/tgif/masks/training/handbag/94871_mask_segm.png_ps_mask.png,c053946f65591a9eab26fc9988a0d0363e598474e658126d3b836fc383ae5509,18176,orig/training/handbag/94871_orig.png,sd2-sp/training/handbag/94871_mask_segm.png_ps_mask.png_sd2_0.png
376322,376322,cell phone,tgif_train_376322_cell phone_segm,segm,0,small_under_10pct,437,False,False,3227,0.01231,data/research/tgif/masks/training/cell phone/376322_mask_segm.png_ps_mask.png,020ef3c9a14196f15d8a4a6f84c17781254f8d704fa88ae33c6c114941d2c638,15805,orig/training/cell phone/376322_orig.png,sd2-sp/training/cell phone/376322_mask_segm.png_ps_mask.png_sd2_0.png
420281,420281,hot dog,tgif_train_420281_hot dog_segm,segm,0,small_under_10pct,438,False,False,10397,0.039661,data/research/tgif/masks/training/hot dog/420281_mask_segm.png_ps_mask.png,a7c8a9e911a80a20783da0c03a5edbf0122584a74821ae1494f369a4822dcf6f,16834,orig/training/hot dog/420281_orig.png,sd2-sp/training/hot dog/420281_mask_segm.png_ps_mask.png_sd2_0.png
443426,443426,tie,tgif_train_443426_tie_segm,segm,0,small_under_10pct,439,False,False,3204,0.012222,data/research/tgif/masks/training/tie/443426_mask_segm.png_ps_mask.png,98e499f2032f18d46f87309590419679730f22040af2d485a34052aa71ba1b56,17855,orig/training/tie/443426_orig.png,sd2-sp/training/tie/443426_mask_segm.png_ps_mask.png_sd2_0.png
48396,48396,cake,tgif_train_48396_cake_segm,segm,0,small_under_10pct,440,False,False,6922,0.026405,data/research/tgif/masks/training/cake/48396_mask_segm.png_ps_mask.png,b1c5252eee16836e26b0b80328a4dbfbef01d83d90d0ef1ac2c1989172b804c5,15518,orig/training/cake/48396_orig.png,sd2-sp/training/cake/48396_mask_segm.png_ps_mask.png_sd2_0.png
266981,266981,suitcase,tgif_train_266981_suitcase_segm,segm,0,small_under_10pct,441,False,False,2666,0.01017,data/research/tgif/masks/training/suitcase/266981_mask_segm.png_ps_mask.png,5f21c2d98ab6b935f26bc604d3c89209b75d3bab24b1615cc6ed775271525474,16659,orig/training/suitcase/266981_orig.png,sd2-sp/training/suitcase/266981_mask_segm.png_ps_mask.png_sd2_0.png
334399,334399,book,tgif_train_334399_book_segm,segm,0,small_under_10pct,442,False,False,4082,0.015572,data/research/tgif/masks/training/book/334399_mask_segm.png_ps_mask.png,82c3fcdeb131c38553549677c8f3d9c038d7d6a14017577ded136df56f178d2a,15910,orig/training/book/334399_orig.png,sd2-sp/training/book/334399_mask_segm.png_ps_mask.png_sd2_0.png
157390,157390,broccoli,tgif_train_157390_broccoli_segm,segm,0,small_under_10pct,443,False,False,18432,0.070312,data/research/tgif/masks/training/broccoli/157390_mask_segm.png_ps_mask.png,96c869d42929a2644bfe31bde0df7563b397086f6ac72453a662440b929f3261,20125,orig/training/broccoli/157390_orig.png,sd2-sp/training/broccoli/157390_mask_segm.png_ps_mask.png_sd2_0.png
45472,45472,orange,tgif_train_45472_orange_segm,segm,0,small_under_10pct,444,False,False,23239,0.08865,data/research/tgif/masks/training/orange/45472_mask_segm.png_ps_mask.png,bb55fefc7e94ea14239565802fae781c5013ebfeef1f55cce40ab1d0a1be6f75,23097,orig/training/orange/45472_orig.png,sd2-sp/training/orange/45472_mask_segm.png_ps_mask.png_sd2_0.png
201418,201418,suitcase,tgif_train_201418_suitcase_segm,segm,0,small_under_10pct,445,False,False,7659,0.029217,data/research/tgif/masks/training/suitcase/201418_mask_segm.png_ps_mask.png,8afd573c61b90b1640fe42d2cd21d25b08fd1fdc86cc3859d6ccc4e29b0b85db,16711,orig/training/suitcase/201418_orig.png,sd2-sp/training/suitcase/201418_mask_segm.png_ps_mask.png_sd2_0.png
522007,522007,oven,tgif_train_522007_oven_segm,segm,0,small_under_10pct,446,False,False,14489,0.055271,data/research/tgif/masks/training/oven/522007_mask_segm.png_ps_mask.png,f1464d71d4d5d0dc893dab11fd67c4e63894b1853a8cb0ff2ef81cea6f777e1a,17814,orig/training/oven/522007_orig.png,sd2-sp/training/oven/522007_mask_segm.png_ps_mask.png_sd2_0.png
570782,570782,keyboard,tgif_train_570782_keyboard_segm,segm,0,small_under_10pct,447,False,False,9614,0.036674,data/research/tgif/masks/training/keyboard/570782_mask_segm.png_ps_mask.png,2e12515183bf7a53d3532ea3267d1509096c6ce3c2dc758db090e42026e0ecf0,16123,orig/training/keyboard/570782_orig.png,sd2-sp/training/keyboard/570782_mask_segm.png_ps_mask.png_sd2_0.png
152214,152214,tie,tgif_train_152214_tie_segm,segm,0,small_under_10pct,448,False,False,12687,0.048397,data/research/tgif/masks/training/tie/152214_mask_segm.png_ps_mask.png,4bf5969ce066a891c43f5475050c5842a207109f2076952483839b74b0c208cb,19011,orig/training/tie/152214_orig.png,sd2-sp/training/tie/152214_mask_segm.png_ps_mask.png_sd2_0.png
521509,521509,vase,tgif_train_521509_vase_segm,segm,0,small_under_10pct,449,False,False,4919,0.018764,data/research/tgif/masks/training/vase/521509_mask_segm.png_ps_mask.png,10113217a7dde07d4c5f8f3fd3025300c1bd7ff24287638c2bbc4464fb3bda42,15840,orig/training/vase/521509_orig.png,sd2-sp/training/vase/521509_mask_segm.png_ps_mask.png_sd2_0.png
549390,549390,backpack,tgif_train_549390_backpack_segm,segm,0,small_under_10pct,450,False,False,15609,0.059544,data/research/tgif/masks/training/backpack/549390_mask_segm.png_ps_mask.png,ab309602b118e87df0b1949d2c4606f11c79fd43728d4144adfde017decc0818,17186,orig/training/backpack/549390_orig.png,sd2-sp/training/backpack/549390_mask_segm.png_ps_mask.png_sd2_0.png
286907,286907,toilet,tgif_train_286907_toilet_segm,segm,0,small_under_10pct,451,False,False,19998,0.076286,data/research/tgif/masks/training/toilet/286907_mask_segm.png_ps_mask.png,064fc5c15472a45d29c607c575e7742d48fc54823bd73036678efb81af7bdd8f,19762,orig/training/toilet/286907_orig.png,sd2-sp/training/toilet/286907_mask_segm.png_ps_mask.png_sd2_0.png
127092,127092,car,tgif_train_127092_car_segm,segm,0,small_under_10pct,452,False,False,3414,0.013023,data/research/tgif/masks/training/car/127092_mask_segm.png_ps_mask.png,a37df7b5c0acf67020a39c77fb719c285b1690668935991b4c38b6f462358b58,15919,orig/training/car/127092_orig.png,sd2-sp/training/car/127092_mask_segm.png_ps_mask.png_sd2_0.png
429598,429598,oven,tgif_train_429598_oven_segm,segm,0,small_under_10pct,453,False,False,13670,0.052147,data/research/tgif/masks/training/oven/429598_mask_segm.png_ps_mask.png,cda116ab3ec0234e333e298ad31f81178a459441f7b369dcced0a410d50f6698,17934,orig/training/oven/429598_orig.png,sd2-sp/training/oven/429598_mask_segm.png_ps_mask.png_sd2_0.png
289992,289992,sink,tgif_train_289992_sink_segm,segm,0,small_under_10pct,454,False,False,25977,0.099094,data/research/tgif/masks/training/sink/289992_mask_segm.png_ps_mask.png,52bf16d79b7950d16b285fb9c31a9b092fdd2c4b43701f2c44d0ceb615c9e288,20421,orig/training/sink/289992_orig.png,sd2-sp/training/sink/289992_mask_segm.png_ps_mask.png_sd2_0.png
148707,148707,orange,tgif_train_148707_orange_segm,segm,0,small_under_10pct,455,False,False,4744,0.018097,data/research/tgif/masks/training/orange/148707_mask_segm.png_ps_mask.png,fe11f7ef18b126a64feda15bd81c7a97408a0a1cbc9f8c74f3e889ad640a6aa6,16215,orig/training/orange/148707_orig.png,sd2-sp/training/orange/148707_mask_segm.png_ps_mask.png_sd2_0.png
490171,490171,dog,tgif_train_490171_dog_segm,segm,0,small_under_10pct,456,False,False,6645,0.025349,data/research/tgif/masks/training/dog/490171_mask_segm.png_ps_mask.png,e00c9365c3117b0c245240685626fd18a4bbf53db783602de70327b0dbe05d6f,16437,orig/training/dog/490171_orig.png,sd2-sp/training/dog/490171_mask_segm.png_ps_mask.png_sd2_0.png
512476,512476,bottle,tgif_train_512476_bottle_segm,segm,0,small_under_10pct,457,False,False,4028,0.015366,data/research/tgif/masks/training/bottle/512476_mask_segm.png_ps_mask.png,f9f9c0ec03e8a85f7e391656de832cec4c379a33c13bfb372f7b2d84540bf4ed,16266,orig/training/bottle/512476_orig.png,sd2-sp/training/bottle/512476_mask_segm.png_ps_mask.png_sd2_0.png
81988,81988,person,tgif_train_81988_person_segm,segm,0,small_under_10pct,458,False,False,19915,0.07597,data/research/tgif/masks/training/person/81988_mask_segm.png_ps_mask.png,2d13dbec38e2cd5b5d0cb57a120bd3baf0aecfb35dbf8358cfa0a53a8264e20a,26842,orig/training/person/81988_orig.png,sd2-sp/training/person/81988_mask_segm.png_ps_mask.png_sd2_0.png
455352,455352,clock,tgif_train_455352_clock_segm,segm,0,small_under_10pct,459,False,False,6933,0.026447,data/research/tgif/masks/training/clock/455352_mask_segm.png_ps_mask.png,b0730c1efe5fe3b9a781185f256f43340e9e6f1cc9f592244f2434b443437917,16929,orig/training/clock/455352_orig.png,sd2-sp/training/clock/455352_mask_segm.png_ps_mask.png_sd2_0.png
369771,369771,broccoli,tgif_train_369771_broccoli_segm,segm,0,small_under_10pct,460,False,False,4338,0.016548,data/research/tgif/masks/training/broccoli/369771_mask_segm.png_ps_mask.png,fdeb4d2485a2807314922350808218a807f15d382db0fb9f0c450a95fcce7783,15995,orig/training/broccoli/369771_orig.png,sd2-sp/training/broccoli/369771_mask_segm.png_ps_mask.png_sd2_0.png
414034,414034,cup,tgif_train_414034_cup_segm,segm,0,small_under_10pct,461,False,False,9475,0.036144,data/research/tgif/masks/training/cup/414034_mask_segm.png_ps_mask.png,7379f0602477f5ccd2fde0ad82e124434fdf49660ebe0d8148d64636bc84633c,17874,orig/training/cup/414034_orig.png,sd2-sp/training/cup/414034_mask_segm.png_ps_mask.png_sd2_0.png
489046,489046,bird,tgif_train_489046_bird_segm,segm,0,small_under_10pct,462,False,False,8843,0.033733,data/research/tgif/masks/training/bird/489046_mask_segm.png_ps_mask.png,9da9f0ce38a2a95c2155fc6ae8f8024672defbbfb45928d051ceaaa2bed551a7,18134,orig/training/bird/489046_orig.png,sd2-sp/training/bird/489046_mask_segm.png_ps_mask.png_sd2_0.png
197870,197870,bird,tgif_train_197870_bird_segm,segm,0,small_under_10pct,463,False,False,12415,0.047359,data/research/tgif/masks/training/bird/197870_mask_segm.png_ps_mask.png,49683029ed6ea904d0430b7db3a3248c7c2ae5a5116584d38929a542eb580679,26092,orig/training/bird/197870_orig.png,sd2-sp/training/bird/197870_mask_segm.png_ps_mask.png_sd2_0.png
157756,157756,truck,tgif_train_157756_truck_segm,segm,0,small_under_10pct,464,False,False,4631,0.017666,data/research/tgif/masks/training/truck/157756_mask_segm.png_ps_mask.png,2496c7cfb776e25c482458549fff629e7d01a883559b77b6151194ca20411495,16691,orig/training/truck/157756_orig.png,sd2-sp/training/truck/157756_mask_segm.png_ps_mask.png_sd2_0.png
217425,217425,clock,tgif_train_217425_clock_segm,segm,0,small_under_10pct,465,False,False,17107,0.065258,data/research/tgif/masks/training/clock/217425_mask_segm.png_ps_mask.png,268dc6ec6c8ba7398a38d9e057357fc2cc7f37f94e5fb87da5425ccd309d0e27,17570,orig/training/clock/217425_orig.png,sd2-sp/training/clock/217425_mask_segm.png_ps_mask.png_sd2_0.png
192191,192191,pizza,tgif_train_192191_pizza_segm,segm,0,small_under_10pct,466,False,False,23131,0.088238,data/research/tgif/masks/training/pizza/192191_mask_segm.png_ps_mask.png,ef905f6d000a5a7ffc8cb9ce9232fd2534283ff64e826d8beefbc8a572c6861a,18534,orig/training/pizza/192191_orig.png,sd2-sp/training/pizza/192191_mask_segm.png_ps_mask.png_sd2_0.png
214224,214224,book,tgif_train_214224_book_segm,segm,0,small_under_10pct,467,False,False,6986,0.026649,data/research/tgif/masks/training/book/214224_mask_segm.png_ps_mask.png,8a5ddc4e130a88a916155f5eb1db55977f54b5569bfaa390206ad89bf14798de,15842,orig/training/book/214224_orig.png,sd2-sp/training/book/214224_mask_segm.png_ps_mask.png_sd2_0.png
182805,182805,umbrella,tgif_train_182805_umbrella_segm,segm,0,small_under_10pct,468,False,False,14306,0.054573,data/research/tgif/masks/training/umbrella/182805_mask_segm.png_ps_mask.png,9edd483d94d63c94169c94c68ed6d2587ee1117893fe76732b228263e3739f0c,16269,orig/training/umbrella/182805_orig.png,sd2-sp/training/umbrella/182805_mask_segm.png_ps_mask.png_sd2_0.png
463918,463918,couch,tgif_train_463918_couch_segm,segm,0,small_under_10pct,469,False,False,24615,0.093899,data/research/tgif/masks/training/couch/463918_mask_segm.png_ps_mask.png,0d6a6fe9427d7455981121b07d93c38e120f3048ea2f6a9e65c35e58b3498f36,19519,orig/training/couch/463918_orig.png,sd2-sp/training/couch/463918_mask_segm.png_ps_mask.png_sd2_0.png
114884,114884,bus,tgif_train_114884_bus_segm,segm,0,small_under_10pct,470,False,False,5674,0.021645,data/research/tgif/masks/training/bus/114884_mask_segm.png_ps_mask.png,e8c779ea723099b1332169f27e4973a4febf2e3e30b9dacfe2119c8528eb557b,14869,orig/training/bus/114884_orig.png,sd2-sp/training/bus/114884_mask_segm.png_ps_mask.png_sd2_0.png
78404,78404,handbag,tgif_train_78404_handbag_segm,segm,0,small_under_10pct,471,False,False,6754,0.025764,data/research/tgif/masks/training/handbag/78404_mask_segm.png_ps_mask.png,1c7fb2aeb0ec42f8fbfa2f76b1eeee9988fffe47b44a4fad96f5d73fd09015e2,15658,orig/training/handbag/78404_orig.png,sd2-sp/training/handbag/78404_mask_segm.png_ps_mask.png_sd2_0.png
9891,9891,backpack,tgif_train_9891_backpack_segm,segm,0,small_under_10pct,472,False,False,6076,0.023178,data/research/tgif/masks/training/backpack/9891_mask_segm.png_ps_mask.png,e885a261e78e2a5e97d72f768321a44ae9196fe4e44a02517b0c9513535332a6,16459,orig/training/backpack/9891_orig.png,sd2-sp/training/backpack/9891_mask_segm.png_ps_mask.png_sd2_0.png
92053,92053,sandwich,tgif_train_92053_sandwich_segm,segm,0,small_under_10pct,473,False,False,14740,0.056229,data/research/tgif/masks/training/sandwich/92053_mask_segm.png_ps_mask.png,5982a05dde80060e8ae11ab2a6c51a5c4ae579608a1ffefc19e6c196de8ca47f,17828,orig/training/sandwich/92053_orig.png,sd2-sp/training/sandwich/92053_mask_segm.png_ps_mask.png_sd2_0.png
188592,188592,apple,tgif_train_188592_apple_segm,segm,0,small_under_10pct,474,False,False,4373,0.016682,data/research/tgif/masks/training/apple/188592_mask_segm.png_ps_mask.png,8f3e09b5c8a6274d8f47f61f236dd93f643e7e9238c133154ed5f281f1b4790e,16201,orig/training/apple/188592_orig.png,sd2-sp/training/apple/188592_mask_segm.png_ps_mask.png_sd2_0.png
148662,148662,hot dog,tgif_train_148662_hot dog_segm,segm,0,small_under_10pct,475,False,False,14219,0.054241,data/research/tgif/masks/training/hot dog/148662_mask_segm.png_ps_mask.png,24dd8bf92421260b1780ef9d2f7129b89ac86c540d4d7337e620f8c8d8ee7ede,18036,orig/training/hot dog/148662_orig.png,sd2-sp/training/hot dog/148662_mask_segm.png_ps_mask.png_sd2_0.png
59920,59920,toilet,tgif_train_59920_toilet_segm,segm,0,small_under_10pct,476,False,False,26081,0.099491,data/research/tgif/masks/training/toilet/59920_mask_segm.png_ps_mask.png,d3dade61b88e94cbf9e460381f4a063938195c8d7e3438ac4f34788f0264caf9,23534,orig/training/toilet/59920_orig.png,sd2-sp/training/toilet/59920_mask_segm.png_ps_mask.png_sd2_0.png
66706,66706,banana,tgif_train_66706_banana_segm,segm,0,small_under_10pct,477,False,False,6003,0.0229,data/research/tgif/masks/training/banana/66706_mask_segm.png_ps_mask.png,bd3759f5ee16092b2aaf2478bfb3d1da788d2a108ac4f72d462992cc5bc926a8,14946,orig/training/banana/66706_orig.png,sd2-sp/training/banana/66706_mask_segm.png_ps_mask.png_sd2_0.png
173057,173057,clock,tgif_train_173057_clock_segm,segm,0,small_under_10pct,478,False,False,2907,0.011089,data/research/tgif/masks/training/clock/173057_mask_segm.png_ps_mask.png,072f04825ea494703574add9c9e6b426d6b4d31acc6bf79031cdee8cb37df7c5,15649,orig/training/clock/173057_orig.png,sd2-sp/training/clock/173057_mask_segm.png_ps_mask.png_sd2_0.png
101420,101420,cat,tgif_train_101420_cat_segm,segm,0,small_under_10pct,479,False,False,16654,0.06353,data/research/tgif/masks/training/cat/101420_mask_segm.png_ps_mask.png,26fc365116124078ed266298d7482eeb4741838b64102617515ed2e2eb26e65a,19998,orig/training/cat/101420_orig.png,sd2-sp/training/cat/101420_mask_segm.png_ps_mask.png_sd2_0.png
182417,182417,cup,tgif_train_182417_cup_segm,segm,0,small_under_10pct,480,False,False,6464,0.024658,data/research/tgif/masks/training/cup/182417_mask_segm.png_ps_mask.png,0bab2c22a4e01050383a0f4a1be281792260bb8e7efd203e739f987dfe56470a,17700,orig/training/cup/182417_orig.png,sd2-sp/training/cup/182417_mask_segm.png_ps_mask.png_sd2_0.png
67616,67616,car,tgif_train_67616_car_segm,segm,0,small_under_10pct,481,False,False,13890,0.052986,data/research/tgif/masks/training/car/67616_mask_segm.png_ps_mask.png,f42f09b24d8d2a766a9781ec9df92e92bb4c2f6ad9db87dd10fdd43d333389a9,17916,orig/training/car/67616_orig.png,sd2-sp/training/car/67616_mask_segm.png_ps_mask.png_sd2_0.png
549167,549167,broccoli,tgif_train_549167_broccoli_segm,segm,0,small_under_10pct,482,False,False,13450,0.051308,data/research/tgif/masks/training/broccoli/549167_mask_segm.png_ps_mask.png,353658c04bc2caf505296b8845ee13bfd1ebf78d74d47d84399d3001e3ef043a,16920,orig/training/broccoli/549167_orig.png,sd2-sp/training/broccoli/549167_mask_segm.png_ps_mask.png_sd2_0.png
555597,555597,truck,tgif_train_555597_truck_segm,segm,0,small_under_10pct,483,False,False,8704,0.033203,data/research/tgif/masks/training/truck/555597_mask_segm.png_ps_mask.png,10b995d994b9987829aeb951044f03003de5d54f46aa487ac1837cc4f4939bb5,16978,orig/training/truck/555597_orig.png,sd2-sp/training/truck/555597_mask_segm.png_ps_mask.png_sd2_0.png
334417,334417,sandwich,tgif_train_334417_sandwich_segm,segm,0,small_under_10pct,484,False,False,3267,0.012463,data/research/tgif/masks/training/sandwich/334417_mask_segm.png_ps_mask.png,3f820eb7113e18bf5724106c55e5a9363fbfabeb97877902314f5508542e307a,15891,orig/training/sandwich/334417_orig.png,sd2-sp/training/sandwich/334417_mask_segm.png_ps_mask.png_sd2_0.png
356612,356612,bus,tgif_train_356612_bus_segm,segm,0,small_under_10pct,485,False,False,10767,0.041073,data/research/tgif/masks/training/bus/356612_mask_segm.png_ps_mask.png,e6becbcb50f80d135898170ca02a1cfe0b6674c98fdc78e7f5def904c2ab0723,19316,orig/training/bus/356612_orig.png,sd2-sp/training/bus/356612_mask_segm.png_ps_mask.png_sd2_0.png
62808,62808,cell phone,tgif_train_62808_cell phone_segm,segm,0,small_under_10pct,486,False,False,4093,0.015614,data/research/tgif/masks/training/cell phone/62808_mask_segm.png_ps_mask.png,16840f17913639fd25154f683cb8bf7cb1e953b010ee5c2ae8453d4897c27027,15946,orig/training/cell phone/62808_orig.png,sd2-sp/training/cell phone/62808_mask_segm.png_ps_mask.png_sd2_0.png
450100,450100,spoon,tgif_train_450100_spoon_segm,segm,0,small_under_10pct,487,False,False,9342,0.035637,data/research/tgif/masks/training/spoon/450100_mask_segm.png_ps_mask.png,a070bff4dab9150eb74fc9e7f0a1525dea8bb8f6f0d90ff6724721bd93cfff85,24132,orig/training/spoon/450100_orig.png,sd2-sp/training/spoon/450100_mask_segm.png_ps_mask.png_sd2_0.png
300233,300233,spoon,tgif_train_300233_spoon_segm,segm,0,small_under_10pct,488,False,False,7515,0.028667,data/research/tgif/masks/training/spoon/300233_mask_segm.png_ps_mask.png,5d6729f5956e411ebdfa38b3b9dbd7f7477a0791613c9a8b3e1f63432f30062a,17567,orig/training/spoon/300233_orig.png,sd2-sp/training/spoon/300233_mask_segm.png_ps_mask.png_sd2_0.png
213255,213255,car,tgif_train_213255_car_segm,segm,0,small_under_10pct,489,False,False,11423,0.043575,data/research/tgif/masks/training/car/213255_mask_segm.png_ps_mask.png,3838ff665ed4109fdbedae1835ffe92d3e6ea310b59154d9f8371c5a83bd7b9a,17087,orig/training/car/213255_orig.png,sd2-sp/training/car/213255_mask_segm.png_ps_mask.png_sd2_0.png
290163,290163,pizza,tgif_train_290163_pizza_segm,segm,0,small_under_10pct,490,False,False,7169,0.027348,data/research/tgif/masks/training/pizza/290163_mask_segm.png_ps_mask.png,f872eb6c0ab220c86d746039a6aea51d76d6b9f3712579840285ba2044dc87fb,16755,orig/training/pizza/290163_orig.png,sd2-sp/training/pizza/290163_mask_segm.png_ps_mask.png_sd2_0.png
176778,176778,cat,tgif_train_176778_cat_segm,segm,0,small_under_10pct,491,False,False,8645,0.032978,data/research/tgif/masks/training/cat/176778_mask_segm.png_ps_mask.png,575ac3ef0e2583d246e8473793ac3ad671a4f4912e27536d31dd0089a6156814,18601,orig/training/cat/176778_orig.png,sd2-sp/training/cat/176778_mask_segm.png_ps_mask.png_sd2_0.png
31296,31296,dining table,tgif_train_31296_dining table_segm,segm,0,small_under_10pct,492,False,False,13469,0.05138,data/research/tgif/masks/training/dining table/31296_mask_segm.png_ps_mask.png,9233614cbe5e8c968701daed6c9143d3b3078390cf90bd625954fd3eabdab098,18362,orig/training/dining table/31296_orig.png,sd2-sp/training/dining table/31296_mask_segm.png_ps_mask.png_sd2_0.png
462614,462614,toilet,tgif_train_462614_toilet_segm,segm,0,small_under_10pct,493,False,False,12918,0.049278,data/research/tgif/masks/training/toilet/462614_mask_segm.png_ps_mask.png,8e5ed670380975f47e0b40e560ed2e4e519aa1f32c591da0d03e519e927069b6,19843,orig/training/toilet/462614_orig.png,sd2-sp/training/toilet/462614_mask_segm.png_ps_mask.png_sd2_0.png
170670,170670,bottle,tgif_train_170670_bottle_segm,segm,0,small_under_10pct,494,False,False,4616,0.017609,data/research/tgif/masks/training/bottle/170670_mask_segm.png_ps_mask.png,804a6c7ff167fffeedc610a787a58cb4917c0d876c1884ebe823873665f4eebd,16111,orig/training/bottle/170670_orig.png,sd2-sp/training/bottle/170670_mask_segm.png_ps_mask.png_sd2_0.png
529568,529568,potted plant,tgif_train_529568_potted plant_segm,segm,0,small_under_10pct,495,False,False,8222,0.031364,data/research/tgif/masks/training/potted plant/529568_mask_segm.png_ps_mask.png,2c5fd43e23a89aec1dfd58c16ec4eaea00d818c302050cd7777af979c334e335,15661,orig/training/potted plant/529568_orig.png,sd2-sp/training/potted plant/529568_mask_segm.png_ps_mask.png_sd2_0.png
293625,293625,couch,tgif_train_293625_couch_segm,segm,0,small_under_10pct,496,False,False,10008,0.038177,data/research/tgif/masks/training/couch/293625_mask_segm.png_ps_mask.png,54c527921d8b0f3969daa1e664e8f0d222bc1a59f59fb8d3a9c8a21b36b377eb,17238,orig/training/couch/293625_orig.png,sd2-sp/training/couch/293625_mask_segm.png_ps_mask.png_sd2_0.png
115946,115946,traffic light,tgif_train_115946_traffic light_segm,segm,0,small_under_10pct,497,False,False,3282,0.01252,data/research/tgif/masks/training/traffic light/115946_mask_segm.png_ps_mask.png,0875fd727a5460e5490847bf34fc033779241daea4116a28afb73d216460b4a8,16395,orig/training/traffic light/115946_orig.png,sd2-sp/training/traffic light/115946_mask_segm.png_ps_mask.png_sd2_0.png
175251,175251,toothbrush,tgif_train_175251_toothbrush_segm,segm,0,small_under_10pct,498,False,False,3130,0.01194,data/research/tgif/masks/training/toothbrush/175251_mask_segm.png_ps_mask.png,7f1a50e44542770b3b853baf086960a96f5f44fa0f04d383865a7b758b394f6d,14647,orig/training/toothbrush/175251_orig.png,sd2-sp/training/toothbrush/175251_mask_segm.png_ps_mask.png_sd2_0.png
231822,231822,sandwich,tgif_train_231822_sandwich_segm,segm,0,small_under_10pct,499,False,False,15831,0.06039,data/research/tgif/masks/training/sandwich/231822_mask_segm.png_ps_mask.png,382e807d0d3ae0f66134fd7e5119a0743710eb62498d86ac94ece9167674cb13,16352,orig/training/sandwich/231822_orig.png,sd2-sp/training/sandwich/231822_mask_segm.png_ps_mask.png_sd2_0.png
366711,366711,orange,tgif_train_366711_orange_segm,segm,0,small_under_10pct,500,False,False,5634,0.021492,data/research/tgif/masks/training/orange/366711_mask_segm.png_ps_mask.png,7103847113ddebabb25545d347d138918dd91f143813e2618d8eb496a5fe65d8,15797,orig/training/orange/366711_orig.png,sd2-sp/training/orange/366711_mask_segm.png_ps_mask.png_sd2_0.png
206218,206218,keyboard,tgif_train_206218_keyboard_segm,segm,0,small_under_10pct,501,False,False,5716,0.021805,data/research/tgif/masks/training/keyboard/206218_mask_segm.png_ps_mask.png,3fcfd05694fd3b79e236c589db82a52368f853684884d275973730a9b465c633,15814,orig/training/keyboard/206218_orig.png,sd2-sp/training/keyboard/206218_mask_segm.png_ps_mask.png_sd2_0.png
455267,455267,broccoli,tgif_train_455267_broccoli_segm,segm,0,small_under_10pct,502,False,False,4564,0.01741,data/research/tgif/masks/training/broccoli/455267_mask_segm.png_ps_mask.png,ef2270298c23e410e634b1ea625f3b6c8f42e10b27f9598b84aaf6e7a6ad4e4c,16159,orig/training/broccoli/455267_orig.png,sd2-sp/training/broccoli/455267_mask_segm.png_ps_mask.png_sd2_0.png
293390,293390,sink,tgif_train_293390_sink_segm,segm,0,small_under_10pct,503,False,False,9777,0.037296,data/research/tgif/masks/training/sink/293390_mask_segm.png_ps_mask.png,b5034593fb64c03fbd7e5692d3afd1658f90d68ec474efa5aef06f2d80962d49,16277,orig/training/sink/293390_orig.png,sd2-sp/training/sink/293390_mask_segm.png_ps_mask.png_sd2_0.png
284991,284991,bottle,tgif_train_284991_bottle_segm,segm,0,small_under_10pct,504,False,False,12308,0.046951,data/research/tgif/masks/training/bottle/284991_mask_segm.png_ps_mask.png,ba83f551caa4ee76ecfed80378eae9c4d83d1d79bc784dbcadce1e80e2cd9d4d,18052,orig/training/bottle/284991_orig.png,sd2-sp/training/bottle/284991_mask_segm.png_ps_mask.png_sd2_0.png
227399,227399,motorcycle,tgif_train_227399_motorcycle_segm,segm,0,small_under_10pct,505,False,False,2696,0.010284,data/research/tgif/masks/training/motorcycle/227399_mask_segm.png_ps_mask.png,db870a9f0df961bd1b52d7e954ba8beca2eced4e71c27c0b995abd2771bc2637,18456,orig/training/motorcycle/227399_orig.png,sd2-sp/training/motorcycle/227399_mask_segm.png_ps_mask.png_sd2_0.png
382743,382743,umbrella,tgif_train_382743_umbrella_segm,segm,0,small_under_10pct,506,False,False,11431,0.043606,data/research/tgif/masks/training/umbrella/382743_mask_segm.png_ps_mask.png,ae78588fd6b9e3b4f2a4dc70caadf68cf9f2db1a7de9b7a2117da86e982c06f7,16889,orig/training/umbrella/382743_orig.png,sd2-sp/training/umbrella/382743_mask_segm.png_ps_mask.png_sd2_0.png
579902,579902,motorcycle,tgif_train_579902_motorcycle_segm,segm,0,small_under_10pct,507,False,False,23157,0.088337,data/research/tgif/masks/training/motorcycle/579902_mask_segm.png_ps_mask.png,0ed982ee169d77d2a51467f3812b37170131d73520c387b8073e5894e6a4e4b2,20170,orig/training/motorcycle/579902_orig.png,sd2-sp/training/motorcycle/579902_mask_segm.png_ps_mask.png_sd2_0.png
513688,513688,laptop,tgif_train_513688_laptop_segm,segm,0,small_under_10pct,508,False,False,18798,0.071709,data/research/tgif/masks/training/laptop/513688_mask_segm.png_ps_mask.png,333bc798994ca13883b5346cccd8dbb8ffb1aee51550f714f04c97161b27895a,19998,orig/training/laptop/513688_orig.png,sd2-sp/training/laptop/513688_mask_segm.png_ps_mask.png_sd2_0.png
50638,50638,teddy bear,tgif_train_50638_teddy bear_segm,segm,0,small_under_10pct,509,False,False,4668,0.017807,data/research/tgif/masks/training/teddy bear/50638_mask_segm.png_ps_mask.png,c6e66737663cae83f87aa673d14472443cccfd1abf80641164c271cc53ba2281,16256,orig/training/teddy bear/50638_orig.png,sd2-sp/training/teddy bear/50638_mask_segm.png_ps_mask.png_sd2_0.png
496854,496854,umbrella,tgif_train_496854_umbrella_segm,segm,0,small_under_10pct,510,False,False,20756,0.079178,data/research/tgif/masks/training/umbrella/496854_mask_segm.png_ps_mask.png,d45f1aa5732444b573b0e0caeb03ee393532f273b8c22e0d12849e801e4f29a4,21890,orig/training/umbrella/496854_orig.png,sd2-sp/training/umbrella/496854_mask_segm.png_ps_mask.png_sd2_0.png
106266,106266,pizza,tgif_train_106266_pizza_segm,segm,0,small_under_10pct,511,False,False,22285,0.085011,data/research/tgif/masks/training/pizza/106266_mask_segm.png_ps_mask.png,bc1d063c29b54266ba4f5fb2d1825c7707639b4d48e38594ffba2c78b3b6c14f,19015,orig/training/pizza/106266_orig.png,sd2-sp/training/pizza/106266_mask_segm.png_ps_mask.png_sd2_0.png
226417,226417,motorcycle,tgif_train_226417_motorcycle_segm,segm,0,small_under_10pct,512,False,False,4979,0.018993,data/research/tgif/masks/training/motorcycle/226417_mask_segm.png_ps_mask.png,1fa14aec55289c9d6776f6c1bfa957fb27be750a64cc796210c704be6637883d,15497,orig/training/motorcycle/226417_orig.png,sd2-sp/training/motorcycle/226417_mask_segm.png_ps_mask.png_sd2_0.png
277689,277689,wine glass,tgif_train_277689_wine glass_segm,segm,0,small_under_10pct,513,False,False,5499,0.020977,data/research/tgif/masks/training/wine glass/277689_mask_segm.png_ps_mask.png,b5254a3d86240f531d7d6d00ea918d08c18b8a92e08aa28e1d6ff40d0aef227c,16668,orig/training/wine glass/277689_orig.png,sd2-sp/training/wine glass/277689_mask_segm.png_ps_mask.png_sd2_0.png
140987,140987,pizza,tgif_train_140987_pizza_segm,segm,0,small_under_10pct,514,False,False,23621,0.090107,data/research/tgif/masks/training/pizza/140987_mask_segm.png_ps_mask.png,c735f1484ea569afa18f64c7c8b7f463176e1f325640e6eb833df8f6e250df9a,16961,orig/training/pizza/140987_orig.png,sd2-sp/training/pizza/140987_mask_segm.png_ps_mask.png_sd2_0.png
26564,26564,keyboard,tgif_train_26564_keyboard_segm,segm,0,small_under_10pct,515,False,False,13942,0.053185,data/research/tgif/masks/training/keyboard/26564_mask_segm.png_ps_mask.png,67b1f8c229de6e12645c95d4ff4af9cb6387d4a28b788e2053f6c9eaf9fd26c5,15668,orig/training/keyboard/26564_orig.png,sd2-sp/training/keyboard/26564_mask_segm.png_ps_mask.png_sd2_0.png
562843,562843,cell phone,tgif_train_562843_cell phone_segm,segm,0,small_under_10pct,516,False,False,23149,0.088306,data/research/tgif/masks/training/cell phone/562843_mask_segm.png_ps_mask.png,6d8cdffb5a63f61722d838d14737cb990df01d53e66139c3f95f9102ed46e26f,16952,orig/training/cell phone/562843_orig.png,sd2-sp/training/cell phone/562843_mask_segm.png_ps_mask.png_sd2_0.png
305609,305609,bowl,tgif_train_305609_bowl_segm,segm,0,small_under_10pct,517,False,False,15398,0.058739,data/research/tgif/masks/training/bowl/305609_mask_segm.png_ps_mask.png,5c06472c0f2df32905e18b7a10f7874d1628898b642e575159bedca2fe744580,15665,orig/training/bowl/305609_orig.png,sd2-sp/training/bowl/305609_mask_segm.png_ps_mask.png_sd2_0.png
367095,367095,laptop,tgif_train_367095_laptop_segm,segm,0,small_under_10pct,518,False,False,6999,0.026699,data/research/tgif/masks/training/laptop/367095_mask_segm.png_ps_mask.png,a509c12f421f7e354e9ae085be427616351e8e3cfe70ba2abdc4455854435752,15821,orig/training/laptop/367095_orig.png,sd2-sp/training/laptop/367095_mask_segm.png_ps_mask.png_sd2_0.png
530061,530061,couch,tgif_train_530061_couch_segm,segm,0,small_under_10pct,519,False,False,4984,0.019012,data/research/tgif/masks/training/couch/530061_mask_segm.png_ps_mask.png,6953c1aaf91511f2bde7340dc9a3de8762fea3ea292c8aacba41024e7313479a,18009,orig/training/couch/530061_orig.png,sd2-sp/training/couch/530061_mask_segm.png_ps_mask.png_sd2_0.png
205105,205105,person,tgif_train_205105_person_segm,segm,0,small_under_10pct,520,False,False,26050,0.099373,data/research/tgif/masks/training/person/205105_mask_segm.png_ps_mask.png,bce9dfc491a68e18de98d4ceffbcf210aa7cf373319aa221344a63426a5cbb18,28067,orig/training/person/205105_orig.png,sd2-sp/training/person/205105_mask_segm.png_ps_mask.png_sd2_0.png
249129,249129,teddy bear,tgif_train_249129_teddy bear_segm,segm,0,small_under_10pct,521,False,False,5774,0.022026,data/research/tgif/masks/training/teddy bear/249129_mask_segm.png_ps_mask.png,2e0c02a82438a0de471a26064d3d3be1c327bbd3f2135fede0bf7af7dcfc6fac,16114,orig/training/teddy bear/249129_orig.png,sd2-sp/training/teddy bear/249129_mask_segm.png_ps_mask.png_sd2_0.png
250205,250205,bird,tgif_train_250205_bird_segm,segm,0,small_under_10pct,522,False,False,16752,0.063904,data/research/tgif/masks/training/bird/250205_mask_segm.png_ps_mask.png,fef00693194b2f0babdc7dc9db565f62746312aed108866e5d676dfc33f78edc,23854,orig/training/bird/250205_orig.png,sd2-sp/training/bird/250205_mask_segm.png_ps_mask.png_sd2_0.png
468954,468954,remote,tgif_train_468954_remote_segm,segm,0,small_under_10pct,523,False,False,3886,0.014824,data/research/tgif/masks/training/remote/468954_mask_segm.png_ps_mask.png,f00bef2070d10e7a238718d1235d6b39c91de0351e3a511b7f50e2af99e8cceb,16192,orig/training/remote/468954_orig.png,sd2-sp/training/remote/468954_mask_segm.png_ps_mask.png_sd2_0.png
135872,135872,laptop,tgif_train_135872_laptop_segm,segm,0,small_under_10pct,524,False,False,4825,0.018406,data/research/tgif/masks/training/laptop/135872_mask_segm.png_ps_mask.png,492ab4ada2f96c243cece5f56bff771ff75a89cc1d8a7c830436b2973b2814e6,16628,orig/training/laptop/135872_orig.png,sd2-sp/training/laptop/135872_mask_segm.png_ps_mask.png_sd2_0.png
430286,430286,remote,tgif_train_430286_remote_segm,segm,0,small_under_10pct,525,False,False,11741,0.044788,data/research/tgif/masks/training/remote/430286_mask_segm.png_ps_mask.png,fc4454808a0ea7afd105f260f7555ccded3978117b6872e606ca37af6a252698,17200,orig/training/remote/430286_orig.png,sd2-sp/training/remote/430286_mask_segm.png_ps_mask.png_sd2_0.png
132116,132116,broccoli,tgif_train_132116_broccoli_segm,segm,0,small_under_10pct,526,False,False,17761,0.067753,data/research/tgif/masks/training/broccoli/132116_mask_segm.png_ps_mask.png,21d163343398ecd6b99994517aed1274f370fb553ca5a5cc87e10d3bd1424cb8,16758,orig/training/broccoli/132116_orig.png,sd2-sp/training/broccoli/132116_mask_segm.png_ps_mask.png_sd2_0.png
97337,97337,couch,tgif_train_97337_couch_segm,segm,0,small_under_10pct,527,False,False,10583,0.040371,data/research/tgif/masks/training/couch/97337_mask_segm.png_ps_mask.png,f217ab6bfdd00a923943b09798e12d8b8d75c44a29ef4f021b7afd380808d57f,8666,orig/training/couch/97337_orig.png,sd2-sp/training/couch/97337_mask_segm.png_ps_mask.png_sd2_0.png
140076,140076,vase,tgif_train_140076_vase_segm,segm,0,small_under_10pct,528,False,False,2934,0.011192,data/research/tgif/masks/training/vase/140076_mask_segm.png_ps_mask.png,10502e4635bc0e52912ef25c0a81f7b0db8e9908a28eaa4b6f22ea03ad4d3043,16116,orig/training/vase/140076_orig.png,sd2-sp/training/vase/140076_mask_segm.png_ps_mask.png_sd2_0.png
227511,227511,car,tgif_train_227511_car_segm,segm,0,small_under_10pct,529,False,False,22098,0.084297,data/research/tgif/masks/training/car/227511_mask_segm.png_ps_mask.png,7a31276446c99ccfb5b2d578d68b8a470d6991ac8e9a08348b119638386c5aaa,17761,orig/training/car/227511_orig.png,sd2-sp/training/car/227511_mask_segm.png_ps_mask.png_sd2_0.png
38678,38678,sandwich,tgif_train_38678_sandwich_segm,segm,0,small_under_10pct,530,False,False,10493,0.040028,data/research/tgif/masks/training/sandwich/38678_mask_segm.png_ps_mask.png,330693c59655e49946c9789d57023bc3ee26adebf34b8c6dff7a27189e021bfc,17099,orig/training/sandwich/38678_orig.png,sd2-sp/training/sandwich/38678_mask_segm.png_ps_mask.png_sd2_0.png
250901,250901,sandwich,tgif_train_250901_sandwich_segm,segm,0,small_under_10pct,531,False,False,14327,0.054653,data/research/tgif/masks/training/sandwich/250901_mask_segm.png_ps_mask.png,15f40f32fd99b9db62fbe0bc01d7351de286d47cde6b7ebe301178a19446a69f,19983,orig/training/sandwich/250901_orig.png,sd2-sp/training/sandwich/250901_mask_segm.png_ps_mask.png_sd2_0.png
329041,329041,suitcase,tgif_train_329041_suitcase_segm,segm,0,small_under_10pct,532,False,False,23686,0.090355,data/research/tgif/masks/training/suitcase/329041_mask_segm.png_ps_mask.png,1c8d4a3ecbad8b1b6a374b5b07d0f70c0ea7719b2acb74a4e25917a2e2965804,20040,orig/training/suitcase/329041_orig.png,sd2-sp/training/suitcase/329041_mask_segm.png_ps_mask.png_sd2_0.png
463618,463618,bird,tgif_train_463618_bird_segm,segm,0,small_under_10pct,533,False,False,3552,0.01355,data/research/tgif/masks/training/bird/463618_mask_segm.png_ps_mask.png,16b74eb8a944e868d34ef997b1aa069d3fc7562085e4a346fb226f8f717bb1b5,16530,orig/training/bird/463618_orig.png,sd2-sp/training/bird/463618_mask_segm.png_ps_mask.png_sd2_0.png
36844,36844,refrigerator,tgif_train_36844_refrigerator_segm,segm,0,small_under_10pct,534,False,False,3413,0.01302,data/research/tgif/masks/training/refrigerator/36844_mask_segm.png_ps_mask.png,d718f4b0dd54085a7a19382b3581d4ebd009c8294559013b4c2d8e839e3c0af6,17243,orig/training/refrigerator/36844_orig.png,sd2-sp/training/refrigerator/36844_mask_segm.png_ps_mask.png_sd2_0.png
513041,513041,pizza,tgif_train_513041_pizza_segm,segm,0,small_under_10pct,535,False,False,23118,0.088188,data/research/tgif/masks/training/pizza/513041_mask_segm.png_ps_mask.png,dd974d77c74e5215af8b86df0d0f10e80c198eaf2aa56213c4ab370b572f6235,17726,orig/training/pizza/513041_orig.png,sd2-sp/training/pizza/513041_mask_segm.png_ps_mask.png_sd2_0.png
181796,181796,wine glass,tgif_train_181796_wine glass_segm,segm,0,small_under_10pct,536,False,False,23848,0.090973,data/research/tgif/masks/training/wine glass/181796_mask_segm.png_ps_mask.png,21c823b1e56c853e64bee5e878347676801bbf0ad1d2300b28afe8ac1deafe0d,19578,orig/training/wine glass/181796_orig.png,sd2-sp/training/wine glass/181796_mask_segm.png_ps_mask.png_sd2_0.png
556193,556193,tv,tgif_train_556193_tv_segm,segm,0,small_under_10pct,537,False,False,10297,0.03928,data/research/tgif/masks/training/tv/556193_mask_segm.png_ps_mask.png,ac576ef6e48849ea8f1ec4bfa3bde588c0198bbfbfbacbaa258fd62bfdd41c0a,16683,orig/training/tv/556193_orig.png,sd2-sp/training/tv/556193_mask_segm.png_ps_mask.png_sd2_0.png
1296,1296,cell phone,tgif_train_1296_cell phone_segm,segm,0,small_under_10pct,538,False,False,11470,0.043755,data/research/tgif/masks/training/cell phone/1296_mask_segm.png_ps_mask.png,495581bbcbb58e6ddd90bba399f3f92ba5037db365bedee9301775285e9ad244,16812,orig/training/cell phone/1296_orig.png,sd2-sp/training/cell phone/1296_mask_segm.png_ps_mask.png_sd2_0.png
92091,92091,teddy bear,tgif_train_92091_teddy bear_segm,segm,0,small_under_10pct,539,False,False,12910,0.049248,data/research/tgif/masks/training/teddy bear/92091_mask_segm.png_ps_mask.png,db453eb323e78a393785c435c7c775e814a6230ad2971c08deb62059bbf9ad6d,21269,orig/training/teddy bear/92091_orig.png,sd2-sp/training/teddy bear/92091_mask_segm.png_ps_mask.png_sd2_0.png
248631,248631,mouse,tgif_train_248631_mouse_segm,segm,0,small_under_10pct,540,False,False,10437,0.039814,data/research/tgif/masks/training/mouse/248631_mask_segm.png_ps_mask.png,9b01f50b9b3d4be21b5348e464b62b462a66f940310e493b5625829bd35d6825,18904,orig/training/mouse/248631_orig.png,sd2-sp/training/mouse/248631_mask_segm.png_ps_mask.png_sd2_0.png
571598,571598,tie,tgif_train_571598_tie_segm,segm,0,small_under_10pct,541,False,False,3567,0.013607,data/research/tgif/masks/training/tie/571598_mask_segm.png_ps_mask.png,e15fec74bf3bf5eb9af3921e8777e95051b051cc8c2595c9a7164465f19b5b79,17962,orig/training/tie/571598_orig.png,sd2-sp/training/tie/571598_mask_segm.png_ps_mask.png_sd2_0.png
88218,88218,traffic light,tgif_train_88218_traffic light_segm,segm,0,small_under_10pct,542,False,False,17595,0.06712,data/research/tgif/masks/training/traffic light/88218_mask_segm.png_ps_mask.png,fa4aa3e5f6fb0817aac8114440723e6b4309bf6cf513e40e7e62be3788c1e688,18327,orig/training/traffic light/88218_orig.png,sd2-sp/training/traffic light/88218_mask_segm.png_ps_mask.png_sd2_0.png
50896,50896,orange,tgif_train_50896_orange_segm,segm,0,small_under_10pct,543,False,False,10628,0.040543,data/research/tgif/masks/training/orange/50896_mask_segm.png_ps_mask.png,05e4855185bbc21e7c230a554d8bbc7abb3fe4241ccc2ac247b2b0631ddc5a7b,18441,orig/training/orange/50896_orig.png,sd2-sp/training/orange/50896_mask_segm.png_ps_mask.png_sd2_0.png
439525,439525,cake,tgif_train_439525_cake_segm,segm,0,small_under_10pct,544,False,False,7913,0.030186,data/research/tgif/masks/training/cake/439525_mask_segm.png_ps_mask.png,b6761f0ac6864a37848e13ac9c6f180733603bf04a48cda8ad0d83b228fb82e5,15954,orig/training/cake/439525_orig.png,sd2-sp/training/cake/439525_mask_segm.png_ps_mask.png_sd2_0.png
491867,491867,person,tgif_train_491867_person_segm,segm,0,small_under_10pct,545,False,False,3886,0.014824,data/research/tgif/masks/training/person/491867_mask_segm.png_ps_mask.png,c31ac391dd25965a36efd76481d2279e9d6173c96022ad0975b79d31d219203a,16505,orig/training/person/491867_orig.png,sd2-sp/training/person/491867_mask_segm.png_ps_mask.png_sd2_0.png
468505,468505,bicycle,tgif_train_468505_bicycle_segm,segm,0,small_under_10pct,546,False,False,5790,0.022087,data/research/tgif/masks/training/bicycle/468505_mask_segm.png_ps_mask.png,06f29c36881d2bff0136dc76ecae47443ee42554bfd8561932aa2f3f1d490892,18395,orig/training/bicycle/468505_orig.png,sd2-sp/training/bicycle/468505_mask_segm.png_ps_mask.png_sd2_0.png
237928,237928,microwave,tgif_train_237928_microwave_segm,segm,0,small_under_10pct,547,False,False,11247,0.042904,data/research/tgif/masks/training/microwave/237928_mask_segm.png_ps_mask.png,e6181debfdac068fb1880ae8c169aea8250cfc79d62d4b63f6e4f028e75cde9f,15675,orig/training/microwave/237928_orig.png,sd2-sp/training/microwave/237928_mask_segm.png_ps_mask.png_sd2_0.png
429109,429109,bus,tgif_train_429109_bus_segm,segm,0,small_under_10pct,548,False,False,25844,0.098587,data/research/tgif/masks/training/bus/429109_mask_segm.png_ps_mask.png,bea9c79672c87396301b709b1149c495ef3a66036bac7f0a1eb6d72fb0479322,19003,orig/training/bus/429109_orig.png,sd2-sp/training/bus/429109_mask_segm.png_ps_mask.png_sd2_0.png
453722,453722,tv,tgif_train_453722_tv_segm,segm,0,small_under_10pct,549,False,False,7686,0.02932,data/research/tgif/masks/training/tv/453722_mask_segm.png_ps_mask.png,c9c5762a59e7aa9660f05e95576f1ecc0a2f7a15ca58c3968f8fc31ac449ca9d,15596,orig/training/tv/453722_orig.png,sd2-sp/training/tv/453722_mask_segm.png_ps_mask.png_sd2_0.png
579158,579158,truck,tgif_train_579158_truck_segm,segm,0,small_under_10pct,550,False,False,2901,0.011066,data/research/tgif/masks/training/truck/579158_mask_segm.png_ps_mask.png,bff217e7529e2202686631a15441e1f788c064d70b80e41963c2d0aece1801e0,15012,orig/training/truck/579158_orig.png,sd2-sp/training/truck/579158_mask_segm.png_ps_mask.png_sd2_0.png
541952,541952,clock,tgif_train_541952_clock_segm,segm,0,small_under_10pct,551,False,False,5222,0.01992,data/research/tgif/masks/training/clock/541952_mask_segm.png_ps_mask.png,576c023ada9394b5edb64ae49150d98d0ce4b0ed79e7cec1bb116bbf63b31c29,16008,orig/training/clock/541952_orig.png,sd2-sp/training/clock/541952_mask_segm.png_ps_mask.png_sd2_0.png
190140,190140,dog,tgif_train_190140_dog_segm,segm,0,small_under_10pct,552,False,False,9799,0.03738,data/research/tgif/masks/training/dog/190140_mask_segm.png_ps_mask.png,999d9be26180b16ffc74f1c0d81bacc7e480cbd837be819a2232f881072c9f3c,18841,orig/training/dog/190140_orig.png,sd2-sp/training/dog/190140_mask_segm.png_ps_mask.png_sd2_0.png
122962,122962,dining table,tgif_train_122962_dining table_segm,segm,0,small_under_10pct,553,False,False,4080,0.015564,data/research/tgif/masks/training/dining table/122962_mask_segm.png_ps_mask.png,cb218708d1f54e08593bb1289c4b35ca51e6023d1cff45537b8a467946b0c711,15741,orig/training/dining table/122962_orig.png,sd2-sp/training/dining table/122962_mask_segm.png_ps_mask.png_sd2_0.png
131938,131938,tie,tgif_train_131938_tie_segm,segm,0,small_under_10pct,554,False,False,25000,0.095367,data/research/tgif/masks/training/tie/131938_mask_segm.png_ps_mask.png,7e282618207d364a69050a03f2db8ed50d7f45837922e62b8dafe4248b232b18,23660,orig/training/tie/131938_orig.png,sd2-sp/training/tie/131938_mask_segm.png_ps_mask.png_sd2_0.png
435208,435208,tv,tgif_train_435208_tv_segm,segm,0,small_under_10pct,555,False,False,2632,0.01004,data/research/tgif/masks/training/tv/435208_mask_segm.png_ps_mask.png,589144ba4d7315f82f371fc20ea296c66dc3fab1cb8da88e692c1075d771f9b5,15607,orig/training/tv/435208_orig.png,sd2-sp/training/tv/435208_mask_segm.png_ps_mask.png_sd2_0.png
284725,284725,car,tgif_train_284725_car_segm,segm,0,small_under_10pct,556,False,False,20559,0.078426,data/research/tgif/masks/training/car/284725_mask_segm.png_ps_mask.png,cc5b2cd3ceffbc39cd7a1067c8f6ae83ad46d200d345c874fc590039c5bb62ef,16548,orig/training/car/284725_orig.png,sd2-sp/training/car/284725_mask_segm.png_ps_mask.png_sd2_0.png
415536,415536,bus,tgif_train_415536_bus_segm,segm,0,small_under_10pct,557,False,False,18197,0.069416,data/research/tgif/masks/training/bus/415536_mask_segm.png_ps_mask.png,42d1c50ce4c1e1edb1e4848cfc789ce81fb7f36aee5ccb4848815b5a92c329ab,17838,orig/training/bus/415536_orig.png,sd2-sp/training/bus/415536_mask_segm.png_ps_mask.png_sd2_0.png
181816,181816,potted plant,tgif_train_181816_potted plant_segm,segm,0,small_under_10pct,558,False,False,5380,0.020523,data/research/tgif/masks/training/potted plant/181816_mask_segm.png_ps_mask.png,44c95924186798258afa6183e50008b7b66d07ec9751595b57bc132aa1464491,5580,orig/training/potted plant/181816_orig.png,sd2-sp/training/potted plant/181816_mask_segm.png_ps_mask.png_sd2_0.png
549136,549136,teddy bear,tgif_train_549136_teddy bear_segm,segm,0,small_under_10pct,559,False,False,6744,0.025726,data/research/tgif/masks/training/teddy bear/549136_mask_segm.png_ps_mask.png,b681a0c773fde4623c44548b6a03ff398fa90c0e008574cdc0a93fc1f2a0504d,17146,orig/training/teddy bear/549136_orig.png,sd2-sp/training/teddy bear/549136_mask_segm.png_ps_mask.png_sd2_0.png
560256,560256,orange,tgif_train_560256_orange_segm,segm,0,small_under_10pct,560,False,False,2740,0.010452,data/research/tgif/masks/training/orange/560256_mask_segm.png_ps_mask.png,7d1ec3f22c20db9ba2f03baff9017e15782af94bf37cbbe3e27706df30c45609,16014,orig/training/orange/560256_orig.png,sd2-sp/training/orange/560256_mask_segm.png_ps_mask.png_sd2_0.png
513283,513283,pizza,tgif_train_513283_pizza_segm,segm,0,small_under_10pct,561,False,False,9335,0.03561,data/research/tgif/masks/training/pizza/513283_mask_segm.png_ps_mask.png,a6e5832f268e9da3d89d7921f4cf81530b9c2c67fd2111eb53cedb2d9b7757f1,16710,orig/training/pizza/513283_orig.png,sd2-sp/training/pizza/513283_mask_segm.png_ps_mask.png_sd2_0.png
35682,35682,cake,tgif_train_35682_cake_segm,segm,0,small_under_10pct,562,False,False,13363,0.050976,data/research/tgif/masks/training/cake/35682_mask_segm.png_ps_mask.png,9c3bd2a417c07f0e9eb97b4820ee9b33a50ba4c35064ca15d1a154d0a6d240ee,18530,orig/training/cake/35682_orig.png,sd2-sp/training/cake/35682_mask_segm.png_ps_mask.png_sd2_0.png
457078,457078,cup,tgif_train_457078_cup_segm,segm,0,small_under_10pct,563,False,False,2691,0.010265,data/research/tgif/masks/training/cup/457078_mask_segm.png_ps_mask.png,481d4e06c0c1f62ed53fc9f0eec21b73434314210636ad5fdf33b1c8d60d7691,15819,orig/training/cup/457078_orig.png,sd2-sp/training/cup/457078_mask_segm.png_ps_mask.png_sd2_0.png
482487,482487,clock,tgif_train_482487_clock_segm,segm,0,small_under_10pct,564,False,False,11419,0.04356,data/research/tgif/masks/training/clock/482487_mask_segm.png_ps_mask.png,7c300b275154b318209bc10b5741c3c9d6cec75a67060057ae6cdf808003e401,17029,orig/training/clock/482487_orig.png,sd2-sp/training/clock/482487_mask_segm.png_ps_mask.png_sd2_0.png
462576,462576,orange,tgif_train_462576_orange_segm,segm,0,small_under_10pct,565,False,False,10024,0.038239,data/research/tgif/masks/training/orange/462576_mask_segm.png_ps_mask.png,ecc8ef5c187a3fe48c1c9db7afa7987a522df0ce6c47d18b806f9fca7b146884,16740,orig/training/orange/462576_orig.png,sd2-sp/training/orange/462576_mask_segm.png_ps_mask.png_sd2_0.png
283113,283113,cup,tgif_train_283113_cup_segm,segm,0,small_under_10pct,566,False,False,3075,0.01173,data/research/tgif/masks/training/cup/283113_mask_segm.png_ps_mask.png,ae76308a0f41e83b55091c5f2e4eac7015d6315d7666064ac4fcb83b8cae899d,16668,orig/training/cup/283113_orig.png,sd2-sp/training/cup/283113_mask_segm.png_ps_mask.png_sd2_0.png
113589,113589,apple,tgif_train_113589_apple_segm,segm,0,small_under_10pct,567,False,False,7170,0.027351,data/research/tgif/masks/training/apple/113589_mask_segm.png_ps_mask.png,15bdb3938ea0b72861754a980af922348165b6d09f792fdf8a931f909102d436,16208,orig/training/apple/113589_orig.png,sd2-sp/training/apple/113589_mask_segm.png_ps_mask.png_sd2_0.png
516916,516916,keyboard,tgif_train_516916_keyboard_segm,segm,0,small_under_10pct,568,False,False,7680,0.029297,data/research/tgif/masks/training/keyboard/516916_mask_segm.png_ps_mask.png,e1d53bfcbcc27430a44be62e7aa5295cf74fda9b316c1d874064fb557e84a984,16064,orig/training/keyboard/516916_orig.png,sd2-sp/training/keyboard/516916_mask_segm.png_ps_mask.png_sd2_0.png
529762,529762,wine glass,tgif_train_529762_wine glass_segm,segm,0,small_under_10pct,569,False,False,15292,0.058334,data/research/tgif/masks/training/wine glass/529762_mask_segm.png_ps_mask.png,b869c803ca0352245e353854d774429162cb66654ffe62da83a0f3f17f3d036b,19084,orig/training/wine glass/529762_orig.png,sd2-sp/training/wine glass/529762_mask_segm.png_ps_mask.png_sd2_0.png
498463,498463,microwave,tgif_train_498463_microwave_segm,segm,0,small_under_10pct,570,False,False,4904,0.018707,data/research/tgif/masks/training/microwave/498463_mask_segm.png_ps_mask.png,f9fc748c0024c5d40dd7041c12a5c9ea66f2a259020583a010d103be3515518c,15863,orig/training/microwave/498463_orig.png,sd2-sp/training/microwave/498463_mask_segm.png_ps_mask.png_sd2_0.png
76417,76417,dog,tgif_train_76417_dog_segm,segm,0,small_under_10pct,571,False,False,15888,0.060608,data/research/tgif/masks/training/dog/76417_mask_segm.png_ps_mask.png,7d3079c22db3990684ea79310688b9ee981e42a7d1af97253663b65cd40b6617,20665,orig/training/dog/76417_orig.png,sd2-sp/training/dog/76417_mask_segm.png_ps_mask.png_sd2_0.png
86956,86956,baseball bat,tgif_train_86956_baseball bat_segm,segm,0,small_under_10pct,572,False,False,3906,0.0149,data/research/tgif/masks/training/baseball bat/86956_mask_segm.png_ps_mask.png,77dc83d9f294b89e5319e2d6faf6bb621d921c8dcf74773d3351eacd86ac3880,17348,orig/training/baseball bat/86956_orig.png,sd2-sp/training/baseball bat/86956_mask_segm.png_ps_mask.png_sd2_0.png
479596,479596,apple,tgif_train_479596_apple_segm,segm,0,small_under_10pct,573,False,False,5547,0.02116,data/research/tgif/masks/training/apple/479596_mask_segm.png_ps_mask.png,8a79359ba1a28dc19a18319c806e9730d736ba98d9644014cab70cd87436788e,15841,orig/training/apple/479596_orig.png,sd2-sp/training/apple/479596_mask_segm.png_ps_mask.png_sd2_0.png
338624,338624,dog,tgif_train_338624_dog_segm,segm,0,small_under_10pct,574,False,False,4022,0.015343,data/research/tgif/masks/training/dog/338624_mask_segm.png_ps_mask.png,d1d476516f63c8b1de79d41b1b6f9e89407c252618b7e3db83ab51f04789b18c,16083,orig/training/dog/338624_orig.png,sd2-sp/training/dog/338624_mask_segm.png_ps_mask.png_sd2_0.png
393569,393569,person,tgif_train_393569_person_segm,segm,0,small_under_10pct,575,False,False,19572,0.074661,data/research/tgif/masks/training/person/393569_mask_segm.png_ps_mask.png,25de2ef0a282be024fb6cbaed5fc3413e0267a930c46fc1ee01eb94daabc23f3,21892,orig/training/person/393569_orig.png,sd2-sp/training/person/393569_mask_segm.png_ps_mask.png_sd2_0.png
379441,379441,bench,tgif_train_379441_bench_segm,segm,0,small_under_10pct,576,False,False,8896,0.033936,data/research/tgif/masks/training/bench/379441_mask_segm.png_ps_mask.png,e7f222c6ccfb130b46c5e8f2bab0859865e04d735bf56f434127e140bd507fef,20402,orig/training/bench/379441_orig.png,sd2-sp/training/bench/379441_mask_segm.png_ps_mask.png_sd2_0.png
292024,292024,pizza,tgif_train_292024_pizza_segm,segm,0,small_under_10pct,577,False,False,22705,0.086613,data/research/tgif/masks/training/pizza/292024_mask_segm.png_ps_mask.png,5b934b008e3dcfaa94ad5dc9189c57a718b9456a7a88cf83c124c93172456e88,15769,orig/training/pizza/292024_orig.png,sd2-sp/training/pizza/292024_mask_segm.png_ps_mask.png_sd2_0.png
393469,393469,person,tgif_train_393469_person_segm,segm,0,small_under_10pct,578,False,False,8459,0.032269,data/research/tgif/masks/training/person/393469_mask_segm.png_ps_mask.png,b2d523acdacbb0fa1187675f2b02111bc13d3a483f0efa4dfe378aa5ba8c742d,17327,orig/training/person/393469_orig.png,sd2-sp/training/person/393469_mask_segm.png_ps_mask.png_sd2_0.png
159282,159282,vase,tgif_train_159282_vase_segm,segm,0,small_under_10pct,579,False,False,22548,0.086014,data/research/tgif/masks/training/vase/159282_mask_segm.png_ps_mask.png,78165e0cb0a30c956dd167ad54a27545b2ac891ce4747ccd4667b6d196b97315,17217,orig/training/vase/159282_orig.png,sd2-sp/training/vase/159282_mask_segm.png_ps_mask.png_sd2_0.png
27696,27696,fork,tgif_train_27696_fork_segm,segm,0,small_under_10pct,580,False,False,2773,0.010578,data/research/tgif/masks/training/fork/27696_mask_segm.png_ps_mask.png,f089e6bc52dc60074db7e5d1f373af1f197814233c7bd96d59687785f037f040,4500,orig/training/fork/27696_orig.png,sd2-sp/training/fork/27696_mask_segm.png_ps_mask.png_sd2_0.png
344100,344100,sandwich,tgif_train_344100_sandwich_segm,segm,0,small_under_10pct,581,False,False,10775,0.041103,data/research/tgif/masks/training/sandwich/344100_mask_segm.png_ps_mask.png,7b13820b8bb55a89db6e342661f45d797b2fa054aa2718e368afd98e4dc48472,17244,orig/training/sandwich/344100_orig.png,sd2-sp/training/sandwich/344100_mask_segm.png_ps_mask.png_sd2_0.png
344614,344614,clock,tgif_train_344614_clock_segm,segm,0,small_under_10pct,582,False,False,11239,0.042873,data/research/tgif/masks/training/clock/344614_mask_segm.png_ps_mask.png,a52ca2aec1ba52b625c2da37a3305ab2c31df968e86089b286ec01c2f2e7a8a2,17262,orig/training/clock/344614_orig.png,sd2-sp/training/clock/344614_mask_segm.png_ps_mask.png_sd2_0.png
30213,30213,oven,tgif_train_30213_oven_segm,segm,0,small_under_10pct,583,False,False,8374,0.031944,data/research/tgif/masks/training/oven/30213_mask_segm.png_ps_mask.png,7444ad63b5ad9fe9b560a041dee1e1502196559bae549157a02d760207bade17,17031,orig/training/oven/30213_orig.png,sd2-sp/training/oven/30213_mask_segm.png_ps_mask.png_sd2_0.png
192670,192670,truck,tgif_train_192670_truck_segm,segm,0,small_under_10pct,584,False,False,4231,0.01614,data/research/tgif/masks/training/truck/192670_mask_segm.png_ps_mask.png,ba66a71c32bb35423b08639a22fc1f01d3bc234862311527c20721a9f4dd9d5e,16042,orig/training/truck/192670_orig.png,sd2-sp/training/truck/192670_mask_segm.png_ps_mask.png_sd2_0.png
417632,417632,wine glass,tgif_train_417632_wine glass_segm,segm,0,small_under_10pct,585,False,False,3870,0.014763,data/research/tgif/masks/training/wine glass/417632_mask_segm.png_ps_mask.png,7c8acec169630af7391b1bdf788c9b822febb96638c1df6aa9a2b307b211d1ac,16536,orig/training/wine glass/417632_orig.png,sd2-sp/training/wine glass/417632_mask_segm.png_ps_mask.png_sd2_0.png
333956,333956,bench,tgif_train_333956_bench_segm,segm,0,small_under_10pct,586,False,False,7689,0.029331,data/research/tgif/masks/training/bench/333956_mask_segm.png_ps_mask.png,3fafad913744c37f1c2ea5c1890f21dffb179b08ebef2af3d54484d839fe2718,16971,orig/training/bench/333956_orig.png,sd2-sp/training/bench/333956_mask_segm.png_ps_mask.png_sd2_0.png
534041,534041,bench,tgif_train_534041_bench_segm,segm,0,small_under_10pct,587,False,False,7321,0.027927,data/research/tgif/masks/training/bench/534041_mask_segm.png_ps_mask.png,a3ff052f75334b2665b37a79b0762191fce7e873051f007eaca166b243514fd5,18100,orig/training/bench/534041_orig.png,sd2-sp/training/bench/534041_mask_segm.png_ps_mask.png_sd2_0.png
153669,153669,baseball bat,tgif_train_153669_baseball bat_segm,segm,0,small_under_10pct,588,False,False,2936,0.0112,data/research/tgif/masks/training/baseball bat/153669_mask_segm.png_ps_mask.png,fe03d60ce676d08b70984628adc99c79360d628e36f20313ae55e3e7a28b4993,16392,orig/training/baseball bat/153669_orig.png,sd2-sp/training/baseball bat/153669_mask_segm.png_ps_mask.png_sd2_0.png
314914,314914,truck,tgif_train_314914_truck_segm,segm,0,small_under_10pct,589,False,False,11099,0.042339,data/research/tgif/masks/training/truck/314914_mask_segm.png_ps_mask.png,918dd926145098eb4fd1c6fd975b6dc7e4143bb30fe9af1b157ccd14331ef12d,16451,orig/training/truck/314914_orig.png,sd2-sp/training/truck/314914_mask_segm.png_ps_mask.png_sd2_0.png
480936,480936,book,tgif_train_480936_book_segm,segm,0,small_under_10pct,590,False,False,7037,0.026844,data/research/tgif/masks/training/book/480936_mask_segm.png_ps_mask.png,9ef3d3df8ba876656a898ce0a8074e7e9ea16c04412d95417a1ab4fe2e9eb0d8,16676,orig/training/book/480936_orig.png,sd2-sp/training/book/480936_mask_segm.png_ps_mask.png_sd2_0.png
116479,116479,couch,tgif_train_116479_couch_segm,segm,0,small_under_10pct,591,False,False,4951,0.018887,data/research/tgif/masks/training/couch/116479_mask_segm.png_ps_mask.png,8dd944942c3fd4a295594bd058600ddad84e19da6c4f3fa496f294764f97d7be,16533,orig/training/couch/116479_orig.png,sd2-sp/training/couch/116479_mask_segm.png_ps_mask.png_sd2_0.png
216419,216419,clock,tgif_train_216419_clock_segm,segm,0,small_under_10pct,592,False,False,22939,0.087505,data/research/tgif/masks/training/clock/216419_mask_segm.png_ps_mask.png,a62ad01fe04c24b03e9913bf7ec8315596cdd593fe91e02e77418595fa9ac5d8,18074,orig/training/clock/216419_orig.png,sd2-sp/training/clock/216419_mask_segm.png_ps_mask.png_sd2_0.png
25986,25986,spoon,tgif_train_25986_spoon_segm,segm,0,small_under_10pct,593,False,False,4204,0.016037,data/research/tgif/masks/training/spoon/25986_mask_segm.png_ps_mask.png,ae8e17060bf898b8959d3405520414dfaaae2b85984f301a4d60df6840b082ab,16726,orig/training/spoon/25986_orig.png,sd2-sp/training/spoon/25986_mask_segm.png_ps_mask.png_sd2_0.png
147740,147740,banana,tgif_train_147740_banana_segm,segm,0,small_under_10pct,594,False,False,20615,0.07864,data/research/tgif/masks/training/banana/147740_mask_segm.png_ps_mask.png,2957f3ef66d95f88522e6adbf9ccbf781446bde6f14be0619e41c434d0a6efe8,17384,orig/training/banana/147740_orig.png,sd2-sp/training/banana/147740_mask_segm.png_ps_mask.png_sd2_0.png
109313,109313,couch,tgif_train_109313_couch_segm,segm,0,small_under_10pct,595,False,False,12022,0.04586,data/research/tgif/masks/training/couch/109313_mask_segm.png_ps_mask.png,01113861e80d121c7b07e0e88d87deb5cf0c3a860217d02c1e2cb97ea0c5bb28,18677,orig/training/couch/109313_orig.png,sd2-sp/training/couch/109313_mask_segm.png_ps_mask.png_sd2_0.png
192699,192699,motorcycle,tgif_train_192699_motorcycle_segm,segm,0,small_under_10pct,596,False,False,8788,0.033524,data/research/tgif/masks/training/motorcycle/192699_mask_segm.png_ps_mask.png,69154577548f5ff8421a100db75938557175b92fa8dc9b34877eb7f84b14aac4,20729,orig/training/motorcycle/192699_orig.png,sd2-sp/training/motorcycle/192699_mask_segm.png_ps_mask.png_sd2_0.png
65288,65288,bird,tgif_train_65288_bird_segm,segm,0,small_under_10pct,597,False,False,5958,0.022728,data/research/tgif/masks/training/bird/65288_mask_segm.png_ps_mask.png,4b1f2124d16ae1cb395df73d27de32ee2c18eff94b54b0b94f926cd5a4b9fdd5,16349,orig/training/bird/65288_orig.png,sd2-sp/training/bird/65288_mask_segm.png_ps_mask.png_sd2_0.png
293794,293794,banana,tgif_train_293794_banana_segm,segm,0,small_under_10pct,598,False,False,4000,0.015259,data/research/tgif/masks/training/banana/293794_mask_segm.png_ps_mask.png,3ad2014aac4a6fde50d8b59b5b89bdbcc8bd100e25832010421f6974b33d8298,16400,orig/training/banana/293794_orig.png,sd2-sp/training/banana/293794_mask_segm.png_ps_mask.png_sd2_0.png
91615,91615,microwave,tgif_train_91615_microwave_segm,segm,0,small_under_10pct,599,False,False,6201,0.023655,data/research/tgif/masks/training/microwave/91615_mask_segm.png_ps_mask.png,4d5243be16b9ef9fd1ed6b54ca87475e1f72b54a92377926d71e68ac8d22238a,15823,orig/training/microwave/91615_orig.png,sd2-sp/training/microwave/91615_mask_segm.png_ps_mask.png_sd2_0.png
547336,547336,handbag,tgif_train_547336_handbag_segm,segm,0,small_under_10pct,600,False,False,2726,0.010399,data/research/tgif/masks/training/handbag/547336_mask_segm.png_ps_mask.png,890aadecfdc419d8952ac156a7d3273ec7fd6f8ce91aa6bb2803d6fe01fc4e49,16170,orig/training/handbag/547336_orig.png,sd2-sp/training/handbag/547336_mask_segm.png_ps_mask.png_sd2_0.png
241668,241668,cake,tgif_train_241668_cake_segm,segm,0,small_under_10pct,601,False,False,2705,0.010319,data/research/tgif/masks/training/cake/241668_mask_segm.png_ps_mask.png,a2a4f6dfe7e34c484b660d2802940a7a98768a84b2a11954a02f8b8368ee68ea,15901,orig/training/cake/241668_orig.png,sd2-sp/training/cake/241668_mask_segm.png_ps_mask.png_sd2_0.png
479448,479448,cup,tgif_train_479448_cup_segm,segm,0,small_under_10pct,602,False,False,8911,0.033993,data/research/tgif/masks/training/cup/479448_mask_segm.png_ps_mask.png,27b69c17092943dad3a2734dec1a60ca2e45819510e5d2a1241b8c9f4c834492,16307,orig/training/cup/479448_orig.png,sd2-sp/training/cup/479448_mask_segm.png_ps_mask.png_sd2_0.png
135410,135410,motorcycle,tgif_train_135410_motorcycle_segm,segm,0,small_under_10pct,603,False,False,9257,0.035313,data/research/tgif/masks/training/motorcycle/135410_mask_segm.png_ps_mask.png,54b85b2e56e43b68e4d3fa97ce22850b77605287255909fe961b61e8e9dae170,18279,orig/training/motorcycle/135410_orig.png,sd2-sp/training/motorcycle/135410_mask_segm.png_ps_mask.png_sd2_0.png
157418,157418,sandwich,tgif_train_157418_sandwich_segm,segm,0,small_under_10pct,604,False,False,23340,0.089035,data/research/tgif/masks/training/sandwich/157418_mask_segm.png_ps_mask.png,ecc479a0dc3a36d7c327aade9cda74b871bb1efa82cb52ca69c5bfee4d8a2487,17984,orig/training/sandwich/157418_orig.png,sd2-sp/training/sandwich/157418_mask_segm.png_ps_mask.png_sd2_0.png
442463,442463,person,tgif_train_442463_person_segm,segm,0,small_under_10pct,605,False,False,19286,0.07357,data/research/tgif/masks/training/person/442463_mask_segm.png_ps_mask.png,13302ea84c8c8799754476e72c00bbfcac959d04b5316ab94171f73c9761722b,23063,orig/training/person/442463_orig.png,sd2-sp/training/person/442463_mask_segm.png_ps_mask.png_sd2_0.png
13923,13923,couch,tgif_train_13923_couch_segm,segm,0,small_under_10pct,606,False,False,7741,0.02953,data/research/tgif/masks/training/couch/13923_mask_segm.png_ps_mask.png,40a9d16ac8bde9f108e62889f1f614c4f145c618122fabc2ae401eb528eec536,16810,orig/training/couch/13923_orig.png,sd2-sp/training/couch/13923_mask_segm.png_ps_mask.png_sd2_0.png
389812,389812,banana,tgif_train_389812_banana_segm,segm,0,small_under_10pct,607,False,False,3960,0.015106,data/research/tgif/masks/training/banana/389812_mask_segm.png_ps_mask.png,83c0df924812f254afcc02eb05f020837258a680f31688123c3fa0ee585c64bd,14981,orig/training/banana/389812_orig.png,sd2-sp/training/banana/389812_mask_segm.png_ps_mask.png_sd2_0.png
336232,336232,motorcycle,tgif_train_336232_motorcycle_segm,segm,0,small_under_10pct,608,False,False,12061,0.046009,data/research/tgif/masks/training/motorcycle/336232_mask_segm.png_ps_mask.png,16da7ffff92f0c4b3f6e290118c6ce966911b0c498687f6d6d28f2c8bb93c196,21009,orig/training/motorcycle/336232_orig.png,sd2-sp/training/motorcycle/336232_mask_segm.png_ps_mask.png_sd2_0.png
513580,513580,motorcycle,tgif_train_513580_motorcycle_segm,segm,0,small_under_10pct,609,False,False,7731,0.029491,data/research/tgif/masks/training/motorcycle/513580_mask_segm.png_ps_mask.png,82e7e1fde584c8d18d58ea9ec1311a1658a6d084cfb8dcf4ac570c417430bfa8,18620,orig/training/motorcycle/513580_orig.png,sd2-sp/training/motorcycle/513580_mask_segm.png_ps_mask.png_sd2_0.png
245576,245576,cell phone,tgif_train_245576_cell phone_segm,segm,0,small_under_10pct,610,False,False,8157,0.031116,data/research/tgif/masks/training/cell phone/245576_mask_segm.png_ps_mask.png,c9d3ace76b049637930fa117b14bbe5596fe9ff1c2045a643e4b5e8ea1ca59b3,16253,orig/training/cell phone/245576_orig.png,sd2-sp/training/cell phone/245576_mask_segm.png_ps_mask.png_sd2_0.png
418959,418959,bird,tgif_train_418959_bird_segm,segm,0,small_under_10pct,611,False,False,4254,0.016228,data/research/tgif/masks/training/bird/418959_mask_segm.png_ps_mask.png,329569f2973f1fd13f82a3503bb98f2660a0e891d57fa9f460a5805bdc32b17c,15832,orig/training/bird/418959_orig.png,sd2-sp/training/bird/418959_mask_segm.png_ps_mask.png_sd2_0.png
520871,520871,bottle,tgif_train_520871_bottle_segm,segm,0,small_under_10pct,612,False,False,17917,0.068348,data/research/tgif/masks/training/bottle/520871_mask_segm.png_ps_mask.png,3a034da3eda5e878357d745648f55b864ad77e43cff47b029727bd4084efae41,18394,orig/training/bottle/520871_orig.png,sd2-sp/training/bottle/520871_mask_segm.png_ps_mask.png_sd2_0.png
100428,100428,tie,tgif_train_100428_tie_segm,segm,0,small_under_10pct,613,False,False,3133,0.011951,data/research/tgif/masks/training/tie/100428_mask_segm.png_ps_mask.png,f90a652fe4cb99f9bc9fe117b95d79ccfb93c0aac316302b819c3ef9b0a57ecf,15679,orig/training/tie/100428_orig.png,sd2-sp/training/tie/100428_mask_segm.png_ps_mask.png_sd2_0.png
30494,30494,dog,tgif_train_30494_dog_segm,segm,0,small_under_10pct,614,False,False,15366,0.058617,data/research/tgif/masks/training/dog/30494_mask_segm.png_ps_mask.png,f7bbde564af5d4effdf376ff70aa1c3ac0d644dbfbe57c9085f45e26e7c7611b,28724,orig/training/dog/30494_orig.png,sd2-sp/training/dog/30494_mask_segm.png_ps_mask.png_sd2_0.png
492284,492284,backpack,tgif_train_492284_backpack_segm,segm,0,small_under_10pct,615,False,False,8626,0.032906,data/research/tgif/masks/training/backpack/492284_mask_segm.png_ps_mask.png,bf03b4407c90858c10f86c05485384cce93ab5e513e9b47ce3ef7a7828bb17db,18142,orig/training/backpack/492284_orig.png,sd2-sp/training/backpack/492284_mask_segm.png_ps_mask.png_sd2_0.png
565776,565776,refrigerator,tgif_train_565776_refrigerator_segm,segm,0,small_under_10pct,616,False,False,9625,0.036716,data/research/tgif/masks/training/refrigerator/565776_mask_segm.png_ps_mask.png,89df7361e79360dcdf8b822546456c7b6da616db9afeba486c2302f381215f8c,17130,orig/training/refrigerator/565776_orig.png,sd2-sp/training/refrigerator/565776_mask_segm.png_ps_mask.png_sd2_0.png
181421,181421,umbrella,tgif_train_181421_umbrella_segm,segm,0,small_under_10pct,617,False,False,9568,0.036499,data/research/tgif/masks/training/umbrella/181421_mask_segm.png_ps_mask.png,327d686eca37912b04208813b9854330e7baa936dc9c6b24aa974aa9778d13e6,16296,orig/training/umbrella/181421_orig.png,sd2-sp/training/umbrella/181421_mask_segm.png_ps_mask.png_sd2_0.png
511076,511076,handbag,tgif_train_511076_handbag_segm,segm,0,small_under_10pct,618,False,False,4387,0.016735,data/research/tgif/masks/training/handbag/511076_mask_segm.png_ps_mask.png,3aa78e2f9e17fc1dc58299b5c33388685b553997a08dae35acb843de3db7917d,15911,orig/training/handbag/511076_orig.png,sd2-sp/training/handbag/511076_mask_segm.png_ps_mask.png_sd2_0.png
343706,343706,cell phone,tgif_train_343706_cell phone_segm,segm,0,small_under_10pct,619,False,False,6656,0.025391,data/research/tgif/masks/training/cell phone/343706_mask_segm.png_ps_mask.png,3e1e9c878451ab511a6521d94b24d63ec377dddcacc3243cd28ed34d9d581797,16533,orig/training/cell phone/343706_orig.png,sd2-sp/training/cell phone/343706_mask_segm.png_ps_mask.png_sd2_0.png
302030,302030,keyboard,tgif_train_302030_keyboard_segm,segm,0,small_under_10pct,620,False,False,4237,0.016163,data/research/tgif/masks/training/keyboard/302030_mask_segm.png_ps_mask.png,88affd1de9c022f3511f56eea2011bfd07dde27e22fc93aa4a217dfcac4cce25,15169,orig/training/keyboard/302030_orig.png,sd2-sp/training/keyboard/302030_mask_segm.png_ps_mask.png_sd2_0.png
15517,15517,bus,tgif_train_15517_bus_segm,segm,0,small_under_10pct,621,False,False,13108,0.050003,data/research/tgif/masks/training/bus/15517_mask_segm.png_ps_mask.png,1605d48e86c1731218473c5c20fac4419d3c4b0d3de8f9c995a6e0adc029395f,17308,orig/training/bus/15517_orig.png,sd2-sp/training/bus/15517_mask_segm.png_ps_mask.png_sd2_0.png
194746,194746,pizza,tgif_train_194746_pizza_segm,segm,0,small_under_10pct,622,False,False,12485,0.047626,data/research/tgif/masks/training/pizza/194746_mask_segm.png_ps_mask.png,d706f9b07bccad9b411184f1bf0001722d8ac99537ff7d64befdf83326029a55,16524,orig/training/pizza/194746_orig.png,sd2-sp/training/pizza/194746_mask_segm.png_ps_mask.png_sd2_0.png
248314,248314,bottle,tgif_train_248314_bottle_segm,segm,0,small_under_10pct,623,False,False,3319,0.012661,data/research/tgif/masks/training/bottle/248314_mask_segm.png_ps_mask.png,33dbcf20388428b0a3389901a3a5fac4507ad5352d706c484de06bd364fae2dd,16011,orig/training/bottle/248314_orig.png,sd2-sp/training/bottle/248314_mask_segm.png_ps_mask.png_sd2_0.png
10707,10707,dining table,tgif_train_10707_dining table_segm,segm,0,small_under_10pct,624,False,False,19465,0.074253,data/research/tgif/masks/training/dining table/10707_mask_segm.png_ps_mask.png,ce641e3c8a76eb1507c8980d2713315ecef6fbcadfe393335aaffc1d72087442,18325,orig/training/dining table/10707_orig.png,sd2-sp/training/dining table/10707_mask_segm.png_ps_mask.png_sd2_0.png
278705,278705,car,tgif_train_278705_car_segm,segm,0,small_under_10pct,625,False,False,22441,0.085606,data/research/tgif/masks/training/car/278705_mask_segm.png_ps_mask.png,3bf126983cbc3f2e7cc6bbd24ca1273179bb67cd27ab5a816c934c2f862e43d5,20099,orig/training/car/278705_orig.png,sd2-sp/training/car/278705_mask_segm.png_ps_mask.png_sd2_0.png
310862,310862,tie,tgif_train_310862_tie_segm,segm,0,small_under_10pct,626,False,False,9943,0.03793,data/research/tgif/masks/training/tie/310862_mask_segm.png_ps_mask.png,0244ec724a181e4f793b5b3437de4a12c8d9c87a22444c64cc3d0e15e5e0cdb9,15966,orig/training/tie/310862_orig.png,sd2-sp/training/tie/310862_mask_segm.png_ps_mask.png_sd2_0.png
544565,544565,orange,tgif_train_544565_orange_segm,segm,0,small_under_10pct,627,False,False,3687,0.014065,data/research/tgif/masks/training/orange/544565_mask_segm.png_ps_mask.png,dfe281a43f907e42f24fed90d8bfb237a55209cf18f7d6dbb836b3583b8ba3c5,17961,orig/training/orange/544565_orig.png,sd2-sp/training/orange/544565_mask_segm.png_ps_mask.png_sd2_0.png
375430,375430,bowl,tgif_train_375430_bowl_segm,segm,0,small_under_10pct,628,False,False,3735,0.014248,data/research/tgif/masks/training/bowl/375430_mask_segm.png_ps_mask.png,bcc1bf382bd016b99f8c22dc35aef87104551c3754a16871da0ba7294a6d512b,16590,orig/training/bowl/375430_orig.png,sd2-sp/training/bowl/375430_mask_segm.png_ps_mask.png_sd2_0.png
508602,508602,bird,tgif_train_508602_bird_segm,segm,0,small_under_10pct,629,False,False,13715,0.052319,data/research/tgif/masks/training/bird/508602_mask_segm.png_ps_mask.png,0ab4f2c477d3ca61a21cb6688ef895aab7978074a65893bb6b472f1f17a558d6,29710,orig/training/bird/508602_orig.png,sd2-sp/training/bird/508602_mask_segm.png_ps_mask.png_sd2_0.png
373353,373353,bus,tgif_train_373353_bus_segm,segm,0,small_under_10pct,630,False,False,13683,0.052197,data/research/tgif/masks/training/bus/373353_mask_segm.png_ps_mask.png,c3bc875c18f7a2d391dbeaaddb35f8421df773a8fc1a7990f7a43d527c84122f,17765,orig/training/bus/373353_orig.png,sd2-sp/training/bus/373353_mask_segm.png_ps_mask.png_sd2_0.png
147518,147518,sink,tgif_train_147518_sink_segm,segm,0,small_under_10pct,631,False,False,2802,0.010689,data/research/tgif/masks/training/sink/147518_mask_segm.png_ps_mask.png,acb43631e815905d3203ecc3df05fabfb38fc856f47cbe237e9148b0533346c2,15887,orig/training/sink/147518_orig.png,sd2-sp/training/sink/147518_mask_segm.png_ps_mask.png_sd2_0.png
289415,289415,pizza,tgif_train_289415_pizza_segm,segm,0,small_under_10pct,632,False,False,8230,0.031395,data/research/tgif/masks/training/pizza/289415_mask_segm.png_ps_mask.png,8dbd04f0fe9921cd01f23e323af79c094b88528e51e411dcd5f1e7e996c0f2b6,15779,orig/training/pizza/289415_orig.png,sd2-sp/training/pizza/289415_mask_segm.png_ps_mask.png_sd2_0.png
117374,117374,cat,tgif_train_117374_cat_segm,segm,0,small_under_10pct,633,False,False,8954,0.034157,data/research/tgif/masks/training/cat/117374_mask_segm.png_ps_mask.png,f8c39e2fe0d0f23ef2bc85bed0eac8234a8c4bf2bbddd9deb2c18b62619e40bf,17126,orig/training/cat/117374_orig.png,sd2-sp/training/cat/117374_mask_segm.png_ps_mask.png_sd2_0.png
322429,322429,vase,tgif_train_322429_vase_segm,segm,0,small_under_10pct,634,False,False,5634,0.021492,data/research/tgif/masks/training/vase/322429_mask_segm.png_ps_mask.png,bb03bb1a64a0430eaa3a4fe2e5fef8fc8a798738a19bb1b0115c15b3ec1e752d,17406,orig/training/vase/322429_orig.png,sd2-sp/training/vase/322429_mask_segm.png_ps_mask.png_sd2_0.png
61108,61108,bench,tgif_train_61108_bench_segm,segm,0,small_under_10pct,635,False,False,3462,0.013206,data/research/tgif/masks/training/bench/61108_mask_segm.png_ps_mask.png,268f3ef8cc1f7d9d09001e108ac92a9789362b4a29718801cd3f84d516b0593c,17897,orig/training/bench/61108_orig.png,sd2-sp/training/bench/61108_mask_segm.png_ps_mask.png_sd2_0.png
267537,267537,umbrella,tgif_train_267537_umbrella_segm,segm,0,small_under_10pct,636,False,False,10824,0.04129,data/research/tgif/masks/training/umbrella/267537_mask_segm.png_ps_mask.png,4221e08cb26979833bb86d5690f33413aa3650d9a8d794e7d6130adccc9c4210,19126,orig/training/umbrella/267537_orig.png,sd2-sp/training/umbrella/267537_mask_segm.png_ps_mask.png_sd2_0.png
407960,407960,bowl,tgif_train_407960_bowl_segm,segm,0,small_under_10pct,637,False,False,5453,0.020802,data/research/tgif/masks/training/bowl/407960_mask_segm.png_ps_mask.png,28f57f0742de708da18bdd173830b3ff1c6b2e6aa565c770ac6ff335bf471a6d,15683,orig/training/bowl/407960_orig.png,sd2-sp/training/bowl/407960_mask_segm.png_ps_mask.png_sd2_0.png
520707,520707,suitcase,tgif_train_520707_suitcase_segm,segm,0,small_under_10pct,638,False,False,3035,0.011578,data/research/tgif/masks/training/suitcase/520707_mask_segm.png_ps_mask.png,60bc5493a15add3a96eca2f12cb81b3ac13ee655831eeb25749b815ade16f834,16040,orig/training/suitcase/520707_orig.png,sd2-sp/training/suitcase/520707_mask_segm.png_ps_mask.png_sd2_0.png
72852,72852,bicycle,tgif_train_72852_bicycle_segm,segm,0,small_under_10pct,639,False,False,8421,0.032124,data/research/tgif/masks/training/bicycle/72852_mask_segm.png_ps_mask.png,63d52212ca3dab84a2f8194f98dd17a7febb338408c8f58e4394ed2229465b7e,22464,orig/training/bicycle/72852_orig.png,sd2-sp/training/bicycle/72852_mask_segm.png_ps_mask.png_sd2_0.png
277020,277020,dining table,tgif_train_277020_dining table_segm,segm,0,small_under_10pct,640,False,False,22180,0.08461,data/research/tgif/masks/training/dining table/277020_mask_segm.png_ps_mask.png,656a522444d5ec3b86c3e8ec32af398c621b77dbcfa28582a1365e3662b7bf77,16155,orig/training/dining table/277020_orig.png,sd2-sp/training/dining table/277020_mask_segm.png_ps_mask.png_sd2_0.png
296634,296634,broccoli,tgif_train_296634_broccoli_segm,segm,0,small_under_10pct,641,False,False,25365,0.09676,data/research/tgif/masks/training/broccoli/296634_mask_segm.png_ps_mask.png,789740b6c41e8e643b905ad0a4718945a1ffeeae234189e859dc98e7d2b8ba04,19194,orig/training/broccoli/296634_orig.png,sd2-sp/training/broccoli/296634_mask_segm.png_ps_mask.png_sd2_0.png
148508,148508,bus,tgif_train_148508_bus_segm,segm,0,small_under_10pct,642,False,False,23550,0.089836,data/research/tgif/masks/training/bus/148508_mask_segm.png_ps_mask.png,86855331134d5ce36a160acc89ee07d935d8092d88c8d022d2b88bcd2d56d0f4,18051,orig/training/bus/148508_orig.png,sd2-sp/training/bus/148508_mask_segm.png_ps_mask.png_sd2_0.png
327601,327601,vase,tgif_train_327601_vase_segm,segm,0,small_under_10pct,643,False,False,15022,0.057304,data/research/tgif/masks/training/vase/327601_mask_segm.png_ps_mask.png,83948805dc6c6f6a5561c1d4c336da635d7a3a8c45e2b29b70f6214a5f0b37e0,15698,orig/training/vase/327601_orig.png,sd2-sp/training/vase/327601_mask_segm.png_ps_mask.png_sd2_0.png
370818,370818,sink,tgif_train_370818_sink_segm,segm,0,small_under_10pct,644,False,False,20908,0.079758,data/research/tgif/masks/training/sink/370818_mask_segm.png_ps_mask.png,7a7d975bc48c5312572e6b815dfe6a8fd39577eebad1e33a80d338517f16b5d4,17406,orig/training/sink/370818_orig.png,sd2-sp/training/sink/370818_mask_segm.png_ps_mask.png_sd2_0.png
97988,97988,bicycle,tgif_train_97988_bicycle_segm,segm,0,small_under_10pct,645,False,False,2762,0.010536,data/research/tgif/masks/training/bicycle/97988_mask_segm.png_ps_mask.png,84ea962197ac1f1cb652ccbb896ec9d4b2b4aa9baa235e7836c76872cd79ac87,15231,orig/training/bicycle/97988_orig.png,sd2-sp/training/bicycle/97988_mask_segm.png_ps_mask.png_sd2_0.png
99039,99039,pizza,tgif_train_99039_pizza_segm,segm,0,small_under_10pct,646,False,False,6060,0.023117,data/research/tgif/masks/training/pizza/99039_mask_segm.png_ps_mask.png,2b0dd3a33d829ff72626b4aaf6d15344534c621f0d234ea0e32e6bb50b0bdd99,16418,orig/training/pizza/99039_orig.png,sd2-sp/training/pizza/99039_mask_segm.png_ps_mask.png_sd2_0.png
382696,382696,oven,tgif_train_382696_oven_segm,segm,0,small_under_10pct,647,False,False,23679,0.090328,data/research/tgif/masks/training/oven/382696_mask_segm.png_ps_mask.png,0ec02db2d72c7ffe0cdf88b51d0bb8c7113f762cb0afd7ca60acb5505fe8f3c9,19916,orig/training/oven/382696_orig.png,sd2-sp/training/oven/382696_mask_segm.png_ps_mask.png_sd2_0.png
301376,301376,car,tgif_train_301376_car_segm,segm,0,small_under_10pct,648,False,False,3952,0.015076,data/research/tgif/masks/training/car/301376_mask_segm.png_ps_mask.png,8b680b9db871256a516c55576d97ce8c675f0ad74cbd679db62ead19fc04690d,15893,orig/training/car/301376_orig.png,sd2-sp/training/car/301376_mask_segm.png_ps_mask.png_sd2_0.png
83531,83531,hot dog,tgif_train_83531_hot dog_segm,segm,0,small_under_10pct,649,False,False,4797,0.018299,data/research/tgif/masks/training/hot dog/83531_mask_segm.png_ps_mask.png,03028151d532b2ac7bbcc8e9a41677bd087ce7e9302ecd43975604f614163db4,15416,orig/training/hot dog/83531_orig.png,sd2-sp/training/hot dog/83531_mask_segm.png_ps_mask.png_sd2_0.png
349184,349184,handbag,tgif_train_349184_handbag_segm,segm,0,small_under_10pct,650,False,False,4348,0.016586,data/research/tgif/masks/training/handbag/349184_mask_segm.png_ps_mask.png,654e1cf7fd2fa7783d1397e0af5ebfd48e006eace798c0daac64f94d8fa15caa,16255,orig/training/handbag/349184_orig.png,sd2-sp/training/handbag/349184_mask_segm.png_ps_mask.png_sd2_0.png
543047,543047,dining table,tgif_train_543047_dining table_segm,segm,0,small_under_10pct,651,False,False,5069,0.019337,data/research/tgif/masks/training/dining table/543047_mask_segm.png_ps_mask.png,3297f984c281be4e60f445030abe4f9ada6927eaa0a15bd32ef0adf41f70236f,17203,orig/training/dining table/543047_orig.png,sd2-sp/training/dining table/543047_mask_segm.png_ps_mask.png_sd2_0.png
419408,419408,bench,tgif_train_419408_bench_segm,segm,0,small_under_10pct,652,False,False,8662,0.033043,data/research/tgif/masks/training/bench/419408_mask_segm.png_ps_mask.png,0faea4d833cb65f5bee4fabd35e462290e0acd61fd42130da3992dab7eefb088,17264,orig/training/bench/419408_orig.png,sd2-sp/training/bench/419408_mask_segm.png_ps_mask.png_sd2_0.png
43737,43737,clock,tgif_train_43737_clock_segm,segm,0,small_under_10pct,653,False,False,12739,0.048595,data/research/tgif/masks/training/clock/43737_mask_segm.png_ps_mask.png,beb538e7cd755fb249bee36dbc5e2017b1a3d7ae959b05fd2458cad43c487349,17123,orig/training/clock/43737_orig.png,sd2-sp/training/clock/43737_mask_segm.png_ps_mask.png_sd2_0.png
179392,179392,keyboard,tgif_train_179392_keyboard_segm,segm,0,small_under_10pct,654,False,False,10523,0.040142,data/research/tgif/masks/training/keyboard/179392_mask_segm.png_ps_mask.png,045e2ee6331f34ac01c19c78e51fff0c48dad2b9c4f49183bd6efd5b5d39039e,17370,orig/training/keyboard/179392_orig.png,sd2-sp/training/keyboard/179392_mask_segm.png_ps_mask.png_sd2_0.png
546964,546964,couch,tgif_train_546964_couch_segm,segm,0,small_under_10pct,655,False,False,8021,0.030598,data/research/tgif/masks/training/couch/546964_mask_segm.png_ps_mask.png,b3b58596ed7344354734cef5d14af87327fccb88af64eb68bdc9f9d53c200da8,17797,orig/training/couch/546964_orig.png,sd2-sp/training/couch/546964_mask_segm.png_ps_mask.png_sd2_0.png
177861,177861,umbrella,tgif_train_177861_umbrella_segm,segm,0,small_under_10pct,656,False,False,5413,0.020649,data/research/tgif/masks/training/umbrella/177861_mask_segm.png_ps_mask.png,84c1c84c606460f2647140137f320b5f61301deaaabf7aab137a01a45d28d7c6,16035,orig/training/umbrella/177861_orig.png,sd2-sp/training/umbrella/177861_mask_segm.png_ps_mask.png_sd2_0.png
97585,97585,vase,tgif_train_97585_vase_segm,segm,0,small_under_10pct,657,False,False,6022,0.022972,data/research/tgif/masks/training/vase/97585_mask_segm.png_ps_mask.png,923b6a9f7db4926d2bb4c500abd8af34585d6bf8365063cf36217e81a1ac3e99,16656,orig/training/vase/97585_orig.png,sd2-sp/training/vase/97585_mask_segm.png_ps_mask.png_sd2_0.png
277584,277584,cat,tgif_train_277584_cat_segm,segm,0,small_under_10pct,658,False,False,16244,0.061966,data/research/tgif/masks/training/cat/277584_mask_segm.png_ps_mask.png,983635a2468b7dea9b93581eee0c26e7eb8cd979328ef473b9bbd36a72dd3f08,21916,orig/training/cat/277584_orig.png,sd2-sp/training/cat/277584_mask_segm.png_ps_mask.png_sd2_0.png
494188,494188,bird,tgif_train_494188_bird_segm,segm,0,small_under_10pct,659,False,False,24840,0.094757,data/research/tgif/masks/training/bird/494188_mask_segm.png_ps_mask.png,08106512fe12920b4b1577939e733a11a2b0cf18583216be244d38499a1e4900,28000,orig/training/bird/494188_orig.png,sd2-sp/training/bird/494188_mask_segm.png_ps_mask.png_sd2_0.png
560178,560178,carrot,tgif_train_560178_carrot_segm,segm,0,small_under_10pct,660,False,False,21364,0.081497,data/research/tgif/masks/training/carrot/560178_mask_segm.png_ps_mask.png,e5fefce117b3e60ae3cacb9046e1f67a1af1580f9b8b56daf8e726b005791653,17904,orig/training/carrot/560178_orig.png,sd2-sp/training/carrot/560178_mask_segm.png_ps_mask.png_sd2_0.png
71938,71938,cell phone,tgif_train_71938_cell phone_segm,segm,0,small_under_10pct,661,False,False,14476,0.055222,data/research/tgif/masks/training/cell phone/71938_mask_segm.png_ps_mask.png,5a577c56903e8f879680193ecbe1af5e633b348004db4dfd867be22751ae4f51,17253,orig/training/cell phone/71938_orig.png,sd2-sp/training/cell phone/71938_mask_segm.png_ps_mask.png_sd2_0.png
397354,397354,oven,tgif_train_397354_oven_segm,segm,0,small_under_10pct,662,False,False,2927,0.011166,data/research/tgif/masks/training/oven/397354_mask_segm.png_ps_mask.png,f45a55039a1c4c0563138eb3cc4e42610d5c09d45ddaadb08922f1eb10135261,17597,orig/training/oven/397354_orig.png,sd2-sp/training/oven/397354_mask_segm.png_ps_mask.png_sd2_0.png
32285,32285,toilet,tgif_train_32285_toilet_segm,segm,0,small_under_10pct,663,False,False,12138,0.046303,data/research/tgif/masks/training/toilet/32285_mask_segm.png_ps_mask.png,1ec8b6787bd4d5fa747e96de778b5cc4a49eee7498be06b8a905a5cca9931731,17974,orig/training/toilet/32285_orig.png,sd2-sp/training/toilet/32285_mask_segm.png_ps_mask.png_sd2_0.png
241319,241319,toothbrush,tgif_train_241319_toothbrush_segm,segm,0,small_under_10pct,664,False,False,3545,0.013523,data/research/tgif/masks/training/toothbrush/241319_mask_segm.png_ps_mask.png,86f97494684da2efbdb2911df13fd60b8f38b27146782efe49c71ed1a7427f90,18035,orig/training/toothbrush/241319_orig.png,sd2-sp/training/toothbrush/241319_mask_segm.png_ps_mask.png_sd2_0.png
512564,512564,bus,tgif_train_512564_bus_segm,segm,0,small_under_10pct,665,False,False,6418,0.024483,data/research/tgif/masks/training/bus/512564_mask_segm.png_ps_mask.png,25b1359dfcb2903d2af8bd0d593c41ee338be20bb166b2d49a04cabcf72cd0a0,15736,orig/training/bus/512564_orig.png,sd2-sp/training/bus/512564_mask_segm.png_ps_mask.png_sd2_0.png
490515,490515,backpack,tgif_train_490515_backpack_segm,segm,0,small_under_10pct,666,False,False,2795,0.010662,data/research/tgif/masks/training/backpack/490515_mask_segm.png_ps_mask.png,e34356d0e51a1c947efbafa3db3a0c6d71ad55942da504cf4d968045ebf7bf8f,16301,orig/training/backpack/490515_orig.png,sd2-sp/training/backpack/490515_mask_segm.png_ps_mask.png_sd2_0.png
459500,459500,clock,tgif_train_459500_clock_segm,segm,0,small_under_10pct,667,False,False,4758,0.01815,data/research/tgif/masks/training/clock/459500_mask_segm.png_ps_mask.png,c044a40a7ae94e7c60077391a7ca3fb7f380c20a21d4535b7cc6e90b7f20bbe9,16103,orig/training/clock/459500_orig.png,sd2-sp/training/clock/459500_mask_segm.png_ps_mask.png_sd2_0.png
143998,143998,carrot,tgif_train_143998_carrot_segm,segm,0,small_under_10pct,668,False,False,15253,0.058186,data/research/tgif/masks/training/carrot/143998_mask_segm.png_ps_mask.png,e63053f017e5578cc45489fe258def440d96f666df35e299a5f0519a50d65b53,20877,orig/training/carrot/143998_orig.png,sd2-sp/training/carrot/143998_mask_segm.png_ps_mask.png_sd2_0.png
18770,18770,tie,tgif_train_18770_tie_segm,segm,0,small_under_10pct,669,False,False,8755,0.033398,data/research/tgif/masks/training/tie/18770_mask_segm.png_ps_mask.png,423cabdd53a77b3d1900fa27cb4df66b9cb3553f4a5f63a733aaf137d8953106,17617,orig/training/tie/18770_orig.png,sd2-sp/training/tie/18770_mask_segm.png_ps_mask.png_sd2_0.png
242060,242060,cup,tgif_train_242060_cup_segm,segm,0,small_under_10pct,670,False,False,11929,0.045506,data/research/tgif/masks/training/cup/242060_mask_segm.png_ps_mask.png,b9f050f03b87b5342bf085e0579fe69ca072823380aef08466db27d9556d05ea,15740,orig/training/cup/242060_orig.png,sd2-sp/training/cup/242060_mask_segm.png_ps_mask.png_sd2_0.png
146489,146489,pizza,tgif_train_146489_pizza_segm,segm,0,small_under_10pct,671,False,False,24443,0.093243,data/research/tgif/masks/training/pizza/146489_mask_segm.png_ps_mask.png,a0f1a64b54b5d3b1db08dd9b1de378e8f3c5ca1ec9373f210fea5144b3e0202d,17778,orig/training/pizza/146489_orig.png,sd2-sp/training/pizza/146489_mask_segm.png_ps_mask.png_sd2_0.png
57232,57232,baseball bat,tgif_train_57232_baseball bat_segm,segm,0,small_under_10pct,672,False,False,4627,0.017651,data/research/tgif/masks/training/baseball bat/57232_mask_segm.png_ps_mask.png,1f4b51c1f5861403b0e3234f5a202383cfd7d720632cfb96505972c81f57fa8f,14853,orig/training/baseball bat/57232_orig.png,sd2-sp/training/baseball bat/57232_mask_segm.png_ps_mask.png_sd2_0.png
453001,453001,suitcase,tgif_train_453001_suitcase_segm,segm,0,small_under_10pct,673,False,False,9969,0.038029,data/research/tgif/masks/training/suitcase/453001_mask_segm.png_ps_mask.png,6995b03074671df2adb169f5de08e6e6bfa22f4d782f564e57db0adc66f982a9,18128,orig/training/suitcase/453001_orig.png,sd2-sp/training/suitcase/453001_mask_segm.png_ps_mask.png_sd2_0.png
248752,248752,baseball bat,tgif_train_248752_baseball bat_segm,segm,0,small_under_10pct,674,False,False,4095,0.015621,data/research/tgif/masks/training/baseball bat/248752_mask_segm.png_ps_mask.png,d270f85975ccac0c59595620ce58e64427f9d839cf9b5011e68f4ced50ae6e5a,16689,orig/training/baseball bat/248752_orig.png,sd2-sp/training/baseball bat/248752_mask_segm.png_ps_mask.png_sd2_0.png
322163,322163,oven,tgif_train_322163_oven_segm,segm,0,small_under_10pct,675,False,False,8877,0.033863,data/research/tgif/masks/training/oven/322163_mask_segm.png_ps_mask.png,86a39d3ade77a70955a7b59bb82a2ebcd2963d80a855e05ebcd7a762646fd1cd,17392,orig/training/oven/322163_orig.png,sd2-sp/training/oven/322163_mask_segm.png_ps_mask.png_sd2_0.png
314264,314264,vase,tgif_train_314264_vase_segm,segm,0,small_under_10pct,676,False,False,5982,0.02282,data/research/tgif/masks/training/vase/314264_mask_segm.png_ps_mask.png,ff32625b3bf07244e0cb2e60c3bd831d4d28f84cc1e3e9900d6ef1d44730ef5d,16418,orig/training/vase/314264_orig.png,sd2-sp/training/vase/314264_mask_segm.png_ps_mask.png_sd2_0.png
184384,184384,cup,tgif_train_184384_cup_segm,segm,0,small_under_10pct,677,False,False,12240,0.046692,data/research/tgif/masks/training/cup/184384_mask_segm.png_ps_mask.png,d7baa39f1924e0a717e4facd9c205dd8e0737eaf1233a684bd1cc94729661967,19808,orig/training/cup/184384_orig.png,sd2-sp/training/cup/184384_mask_segm.png_ps_mask.png_sd2_0.png
550471,550471,fork,tgif_train_550471_fork_segm,segm,0,small_under_10pct,678,False,False,11499,0.043865,data/research/tgif/masks/training/fork/550471_mask_segm.png_ps_mask.png,4f118174e33d436cb9883d577f1d6bafbb4f6ec6ca04bdae6cc801e45fba5c2e,18329,orig/training/fork/550471_orig.png,sd2-sp/training/fork/550471_mask_segm.png_ps_mask.png_sd2_0.png
108026,108026,mouse,tgif_train_108026_mouse_segm,segm,0,small_under_10pct,679,False,False,5007,0.0191,data/research/tgif/masks/training/mouse/108026_mask_segm.png_ps_mask.png,f83196aee3376f619ca09d0749715009c8ed6bb773c517e8c10c6a067c81753c,15924,orig/training/mouse/108026_orig.png,sd2-sp/training/mouse/108026_mask_segm.png_ps_mask.png_sd2_0.png
117492,117492,teddy bear,tgif_train_117492_teddy bear_segm,segm,0,small_under_10pct,680,False,False,3849,0.014683,data/research/tgif/masks/training/teddy bear/117492_mask_segm.png_ps_mask.png,8536fae1f8b546257ef8c3ec1352bb55c7a928e96dc7ba54c76fe22a3d878464,16423,orig/training/teddy bear/117492_orig.png,sd2-sp/training/teddy bear/117492_mask_segm.png_ps_mask.png_sd2_0.png
171757,171757,couch,tgif_train_171757_couch_segm,segm,0,small_under_10pct,681,False,False,4105,0.015659,data/research/tgif/masks/training/couch/171757_mask_segm.png_ps_mask.png,1ae256ca214f4c2de1892e622efd0407e76fa57addaeaaf4dd3d9530c5f152ed,17559,orig/training/couch/171757_orig.png,sd2-sp/training/couch/171757_mask_segm.png_ps_mask.png_sd2_0.png
428280,428280,bench,tgif_train_428280_bench_segm,segm,0,small_under_10pct,682,False,False,18447,0.07037,data/research/tgif/masks/training/bench/428280_mask_segm.png_ps_mask.png,8873a2465aaa24207618fd0f59b48ed650582ecaac4b7e5d4b74ceb2e4976e16,20452,orig/training/bench/428280_orig.png,sd2-sp/training/bench/428280_mask_segm.png_ps_mask.png_sd2_0.png
374083,374083,cake,tgif_train_374083_cake_segm,segm,0,small_under_10pct,683,False,False,11630,0.044365,data/research/tgif/masks/training/cake/374083_mask_segm.png_ps_mask.png,28cf948ff56abf3e9e583e153c0790c9dcf1a53e8613a13831d551aed0fd06d8,19265,orig/training/cake/374083_orig.png,sd2-sp/training/cake/374083_mask_segm.png_ps_mask.png_sd2_0.png
409424,409424,orange,tgif_train_409424_orange_segm,segm,0,small_under_10pct,684,False,False,14975,0.057125,data/research/tgif/masks/training/orange/409424_mask_segm.png_ps_mask.png,6d596c74c402fe185179d8d753fc5147d376276a4bc3b16cd7b6e7ea9dd98125,17285,orig/training/orange/409424_orig.png,sd2-sp/training/orange/409424_mask_segm.png_ps_mask.png_sd2_0.png
549220,549220,person,tgif_train_549220_person_segm,segm,0,small_under_10pct,685,False,False,10631,0.040554,data/research/tgif/masks/training/person/549220_mask_segm.png_ps_mask.png,b875d3ebc6952749f1545df3d961dd9bfdf1908bdc509461e76100e6efa309f8,18588,orig/training/person/549220_orig.png,sd2-sp/training/person/549220_mask_segm.png_ps_mask.png_sd2_0.png
409358,409358,toilet,tgif_train_409358_toilet_segm,segm,0,small_under_10pct,686,False,False,15773,0.060169,data/research/tgif/masks/training/toilet/409358_mask_segm.png_ps_mask.png,898de3a047adaf383b5aa137831da0ad07d65355e3da8ea9bf304fa0dada4be4,16637,orig/training/toilet/409358_orig.png,sd2-sp/training/toilet/409358_mask_segm.png_ps_mask.png_sd2_0.png
56350,56350,toilet,tgif_train_56350_toilet_segm,segm,0,small_under_10pct,687,False,False,14934,0.056969,data/research/tgif/masks/training/toilet/56350_mask_segm.png_ps_mask.png,604b89949be4fd8cda768420fd074de5089d3e154bea632d21b732891c170296,15345,orig/training/toilet/56350_orig.png,sd2-sp/training/toilet/56350_mask_segm.png_ps_mask.png_sd2_0.png
253452,253452,carrot,tgif_train_253452_carrot_segm,segm,0,small_under_10pct,688,False,False,4453,0.016987,data/research/tgif/masks/training/carrot/253452_mask_segm.png_ps_mask.png,73c32175ee24ce5810771f7d8fd27047e4b7b0bcb5a81914e1bf930440c04f4e,17629,orig/training/carrot/253452_orig.png,sd2-sp/training/carrot/253452_mask_segm.png_ps_mask.png_sd2_0.png
17436,17436,bench,tgif_train_17436_bench_segm,segm,0,small_under_10pct,689,False,False,2828,0.010788,data/research/tgif/masks/training/bench/17436_mask_segm.png_ps_mask.png,323202d9b69d9a0e98ca920be6f3eacfaf856794c0579891c4a3bfddf54c226e,17490,orig/training/bench/17436_orig.png,sd2-sp/training/bench/17436_mask_segm.png_ps_mask.png_sd2_0.png
156278,156278,refrigerator,tgif_train_156278_refrigerator_segm,segm,0,small_under_10pct,690,False,False,10504,0.04007,data/research/tgif/masks/training/refrigerator/156278_mask_segm.png_ps_mask.png,c48950524cf9698393c36e75109f27e17c50b390876e0ec877962f34a406e5ba,16093,orig/training/refrigerator/156278_orig.png,sd2-sp/training/refrigerator/156278_mask_segm.png_ps_mask.png_sd2_0.png
500464,500464,sink,tgif_train_500464_sink_segm,segm,0,small_under_10pct,691,False,False,23518,0.089714,data/research/tgif/masks/training/sink/500464_mask_segm.png_ps_mask.png,34b8e3cdb177fa50bb9cbc788844dc0760e4d33791eb64138530e715ae0adc83,19442,orig/training/sink/500464_orig.png,sd2-sp/training/sink/500464_mask_segm.png_ps_mask.png_sd2_0.png
287527,287527,tie,tgif_train_287527_tie_segm,segm,0,small_under_10pct,692,False,False,7495,0.028591,data/research/tgif/masks/training/tie/287527_mask_segm.png_ps_mask.png,f6c1f10400a8b6d122fd6c897f698d4a7a38dd58fb32c580ef641e7cb2a7345e,16460,orig/training/tie/287527_orig.png,sd2-sp/training/tie/287527_mask_segm.png_ps_mask.png_sd2_0.png
24610,24610,book,tgif_train_24610_book_segm,segm,0,small_under_10pct,693,False,False,4322,0.016487,data/research/tgif/masks/training/book/24610_mask_segm.png_ps_mask.png,ce2b171347d8dbde785dfc6bfa1b6e8b94c385538f53ddd675599a2a2b2d1bf4,15836,orig/training/book/24610_orig.png,sd2-sp/training/book/24610_mask_segm.png_ps_mask.png_sd2_0.png
82696,82696,dining table,tgif_train_82696_dining table_segm,segm,0,small_under_10pct,694,False,False,9960,0.037994,data/research/tgif/masks/training/dining table/82696_mask_segm.png_ps_mask.png,bb7033ebf59b02cd2e6c42cf416a4859a3cb4116f24829d0756c1d24a60574fa,16745,orig/training/dining table/82696_orig.png,sd2-sp/training/dining table/82696_mask_segm.png_ps_mask.png_sd2_0.png
91406,91406,pizza,tgif_train_91406_pizza_segm,segm,0,small_under_10pct,695,False,False,8675,0.033092,data/research/tgif/masks/training/pizza/91406_mask_segm.png_ps_mask.png,4fcccd90fc4ab07f91d911e80ee8076a636db8edeb3c3f7d4e3d3ee5329991c3,16324,orig/training/pizza/91406_orig.png,sd2-sp/training/pizza/91406_mask_segm.png_ps_mask.png_sd2_0.png
506454,506454,bench,tgif_train_506454_bench_segm,segm,0,small_under_10pct,696,False,False,22831,0.087093,data/research/tgif/masks/training/bench/506454_mask_segm.png_ps_mask.png,6f6d508a7cf0bfc39b4b18764e12283fd39378a7cdc672bb914c946e7f1ae113,19022,orig/training/bench/506454_orig.png,sd2-sp/training/bench/506454_mask_segm.png_ps_mask.png_sd2_0.png
368900,368900,chair,tgif_train_368900_chair_segm,segm,0,small_under_10pct,697,False,False,9123,0.034801,data/research/tgif/masks/training/chair/368900_mask_segm.png_ps_mask.png,eb89e4a2d9cb937a0f51129bbb01a74b4f9b7f647e039eddd91e78ee39cb884f,17971,orig/training/chair/368900_orig.png,sd2-sp/training/chair/368900_mask_segm.png_ps_mask.png_sd2_0.png
465585,465585,broccoli,tgif_train_465585_broccoli_segm,segm,0,small_under_10pct,698,False,False,6811,0.025982,data/research/tgif/masks/training/broccoli/465585_mask_segm.png_ps_mask.png,5df9b4abb286809002b95909bc2e6faeb24f2a7a3f34191d1e90238ceeaa1a12,16317,orig/training/broccoli/465585_orig.png,sd2-sp/training/broccoli/465585_mask_segm.png_ps_mask.png_sd2_0.png
25603,25603,book,tgif_train_25603_book_segm,segm,0,small_under_10pct,699,False,False,8845,0.033741,data/research/tgif/masks/training/book/25603_mask_segm.png_ps_mask.png,a7f7003cddc0f2dcb99540e3e9a2a1b7315428ed5f6c672f6b0784dba9a72692,16816,orig/training/book/25603_orig.png,sd2-sp/training/book/25603_mask_segm.png_ps_mask.png_sd2_0.png
22892,22892,dining table,tgif_train_22892_dining table_segm,segm,0,small_under_10pct,700,False,False,7883,0.030071,data/research/tgif/masks/training/dining table/22892_mask_segm.png_ps_mask.png,97c140bf4ee089e38d9dc90642d12ddf2a68ec7d10b31f3eb6e8cf09b5134908,15891,orig/training/dining table/22892_orig.png,sd2-sp/training/dining table/22892_mask_segm.png_ps_mask.png_sd2_0.png
82812,82812,suitcase,tgif_train_82812_suitcase_segm,segm,0,small_under_10pct,701,False,False,5230,0.019951,data/research/tgif/masks/training/suitcase/82812_mask_segm.png_ps_mask.png,6171ff56e9de44f59b0bdf1aeaccb456450ba8de9fdcab340d638cf7a2f0bd1d,15326,orig/training/suitcase/82812_orig.png,sd2-sp/training/suitcase/82812_mask_segm.png_ps_mask.png_sd2_0.png
458768,458768,sink,tgif_train_458768_sink_segm,segm,0,small_under_10pct,702,False,False,4411,0.016827,data/research/tgif/masks/training/sink/458768_mask_segm.png_ps_mask.png,0febeedafd51abdd1eff169983830934b51e212524eb948ae2522681f6378106,15474,orig/training/sink/458768_orig.png,sd2-sp/training/sink/458768_mask_segm.png_ps_mask.png_sd2_0.png
569700,569700,vase,tgif_train_569700_vase_segm,segm,0,small_under_10pct,703,False,False,19931,0.076031,data/research/tgif/masks/training/vase/569700_mask_segm.png_ps_mask.png,905d800f5a50ba2fefba1b02a7707217ad7954c01919e8aaecf9490b8d2410fa,16429,orig/training/vase/569700_orig.png,sd2-sp/training/vase/569700_mask_segm.png_ps_mask.png_sd2_0.png
176232,176232,vase,tgif_train_176232_vase_segm,segm,0,small_under_10pct,704,False,False,14999,0.057217,data/research/tgif/masks/training/vase/176232_mask_segm.png_ps_mask.png,14b0d7d3191e307a40bd1bc3f96c37cfe665c393a332b963f9a132248e4eb5ce,17980,orig/training/vase/176232_orig.png,sd2-sp/training/vase/176232_mask_segm.png_ps_mask.png_sd2_0.png
23666,23666,toilet,tgif_train_23666_toilet_segm,segm,0,small_under_10pct,705,False,False,8840,0.033722,data/research/tgif/masks/training/toilet/23666_mask_segm.png_ps_mask.png,94ab3f9f4babd00854c1eb88340f381f4c78fe40721654c08fa9a2da6dade9c4,17723,orig/training/toilet/23666_orig.png,sd2-sp/training/toilet/23666_mask_segm.png_ps_mask.png_sd2_0.png
551350,551350,dining table,tgif_train_551350_dining table_segm,segm,0,small_under_10pct,706,False,False,11053,0.042164,data/research/tgif/masks/training/dining table/551350_mask_segm.png_ps_mask.png,49b098fc3c1ae6918c491eeb7228d82ea2c87158ea4e321b8e3f5e487e9c2db5,16334,orig/training/dining table/551350_orig.png,sd2-sp/training/dining table/551350_mask_segm.png_ps_mask.png_sd2_0.png
55299,55299,bird,tgif_train_55299_bird_segm,segm,0,small_under_10pct,707,False,False,3842,0.014656,data/research/tgif/masks/training/bird/55299_mask_segm.png_ps_mask.png,b84dc4a11c42379fe4a32288833701e2d12505d12b0ccbaf940fdeda8cd7a2d5,16137,orig/training/bird/55299_orig.png,sd2-sp/training/bird/55299_mask_segm.png_ps_mask.png_sd2_0.png
472623,472623,bicycle,tgif_train_472623_bicycle_segm,segm,0,small_under_10pct,708,False,False,22225,0.084782,data/research/tgif/masks/training/bicycle/472623_mask_segm.png_ps_mask.png,0e0713e99629877748186d15236b952579865eac06ce081958ecb53385b2a570,28217,orig/training/bicycle/472623_orig.png,sd2-sp/training/bicycle/472623_mask_segm.png_ps_mask.png_sd2_0.png
426203,426203,person,tgif_train_426203_person_segm,segm,0,small_under_10pct,709,False,False,18712,0.071381,data/research/tgif/masks/training/person/426203_mask_segm.png_ps_mask.png,9ca8271fffde808b523d7ad4f16a72796f08cf088a47df2b3fe0adca23fd6aa2,19216,orig/training/person/426203_orig.png,sd2-sp/training/person/426203_mask_segm.png_ps_mask.png_sd2_0.png
246963,246963,motorcycle,tgif_train_246963_motorcycle_segm,segm,0,small_under_10pct,710,False,False,7038,0.026848,data/research/tgif/masks/training/motorcycle/246963_mask_segm.png_ps_mask.png,ba56ae4075ab0b732b08570d96ad4ab9aaa099380ebc7d62cca24f4f4d4babfb,15155,orig/training/motorcycle/246963_orig.png,sd2-sp/training/motorcycle/246963_mask_segm.png_ps_mask.png_sd2_0.png
205542,205542,teddy bear,tgif_train_205542_teddy bear_segm,segm,0,small_under_10pct,711,False,False,20542,0.078362,data/research/tgif/masks/training/teddy bear/205542_mask_segm.png_ps_mask.png,00bb95a2788fe8769dd012236ffcf246455b328645c92c90fd18e0f55b830d23,20772,orig/training/teddy bear/205542_orig.png,sd2-sp/training/teddy bear/205542_mask_segm.png_ps_mask.png_sd2_0.png
210520,210520,wine glass,tgif_train_210520_wine glass_segm,segm,0,small_under_10pct,712,False,False,4155,0.01585,data/research/tgif/masks/training/wine glass/210520_mask_segm.png_ps_mask.png,4e91e5e43fff486d17fdd021999848fef8b2a8167d5fd68f9b4868136ce0b036,14879,orig/training/wine glass/210520_orig.png,sd2-sp/training/wine glass/210520_mask_segm.png_ps_mask.png_sd2_0.png
318138,318138,remote,tgif_train_318138_remote_segm,segm,0,small_under_10pct,713,False,False,2649,0.010105,data/research/tgif/masks/training/remote/318138_mask_segm.png_ps_mask.png,d7a3c6fea76758686b06e32adb5438c7bc09e87764922262f1986dbc90032015,6357,orig/training/remote/318138_orig.png,sd2-sp/training/remote/318138_mask_segm.png_ps_mask.png_sd2_0.png
350833,350833,toilet,tgif_train_350833_toilet_segm,segm,0,small_under_10pct,714,False,False,9328,0.035583,data/research/tgif/masks/training/toilet/350833_mask_segm.png_ps_mask.png,a3172142285289c87faeb204ae5b4a786384cca74d9c3b0554b8ca707c50f9e5,19207,orig/training/toilet/350833_orig.png,sd2-sp/training/toilet/350833_mask_segm.png_ps_mask.png_sd2_0.png
153529,153529,suitcase,tgif_train_153529_suitcase_segm,segm,0,small_under_10pct,715,False,False,20522,0.078285,data/research/tgif/masks/training/suitcase/153529_mask_segm.png_ps_mask.png,d193d32d67b65328e8fa188dd5607139757db716a31d9480e0f826a024104c98,19336,orig/training/suitcase/153529_orig.png,sd2-sp/training/suitcase/153529_mask_segm.png_ps_mask.png_sd2_0.png
463527,463527,bottle,tgif_train_463527_bottle_segm,segm,0,small_under_10pct,716,False,False,6491,0.024761,data/research/tgif/masks/training/bottle/463527_mask_segm.png_ps_mask.png,38d98abe17d86c29127b53eb68a59fa54394d1456b514b8ef96c7faf2a42c7dd,17030,orig/training/bottle/463527_orig.png,sd2-sp/training/bottle/463527_mask_segm.png_ps_mask.png_sd2_0.png
486573,486573,vase,tgif_train_486573_vase_segm,segm,0,small_under_10pct,717,False,False,18968,0.072357,data/research/tgif/masks/training/vase/486573_mask_segm.png_ps_mask.png,af89a656550b1923fe17b44630bbfcf4af052e2a576521b5574e6b3051847c19,18125,orig/training/vase/486573_orig.png,sd2-sp/training/vase/486573_mask_segm.png_ps_mask.png_sd2_0.png
567640,567640,car,tgif_train_567640_car_segm,segm,0,small_under_10pct,718,False,False,2837,0.010822,data/research/tgif/masks/training/car/567640_mask_segm.png_ps_mask.png,f430b0259515433ccb1e8886968f494d0737a06ed8a1e6ab8d03b08d0a5f26c2,15812,orig/training/car/567640_orig.png,sd2-sp/training/car/567640_mask_segm.png_ps_mask.png_sd2_0.png
178469,178469,cup,tgif_train_178469_cup_segm,segm,0,small_under_10pct,719,False,False,6707,0.025585,data/research/tgif/masks/training/cup/178469_mask_segm.png_ps_mask.png,cfcc4fe337f96bd9b85e938104adfdc422c98e78035af600e5ab569829c43201,16473,orig/training/cup/178469_orig.png,sd2-sp/training/cup/178469_mask_segm.png_ps_mask.png_sd2_0.png
380706,380706,bus,tgif_train_380706_bus_segm,segm,0,small_under_10pct,720,False,False,12522,0.047768,data/research/tgif/masks/training/bus/380706_mask_segm.png_ps_mask.png,90f55b2b6966a1803e3b548a07ac3a587e95ea36f1b8a5a549331d93ac046c4b,16308,orig/training/bus/380706_orig.png,sd2-sp/training/bus/380706_mask_segm.png_ps_mask.png_sd2_0.png
160556,160556,keyboard,tgif_train_160556_keyboard_segm,segm,0,small_under_10pct,721,False,False,6040,0.023041,data/research/tgif/masks/training/keyboard/160556_mask_segm.png_ps_mask.png,6d8bfe577dbe10543d9c30163771d299c4da32eaf7e8a15e32ef57805aa5bcac,15782,orig/training/keyboard/160556_orig.png,sd2-sp/training/keyboard/160556_mask_segm.png_ps_mask.png_sd2_0.png
158660,158660,apple,tgif_train_158660_apple_segm,segm,0,small_under_10pct,722,False,False,8608,0.032837,data/research/tgif/masks/training/apple/158660_mask_segm.png_ps_mask.png,5dee9bb6aa9f1909c0b5a4570bd301997ee231d06fe63e5b92f5a6c7f945360f,14864,orig/training/apple/158660_orig.png,sd2-sp/training/apple/158660_mask_segm.png_ps_mask.png_sd2_0.png
66231,66231,sink,tgif_train_66231_sink_segm,segm,0,small_under_10pct,723,False,False,11798,0.045006,data/research/tgif/masks/training/sink/66231_mask_segm.png_ps_mask.png,413e6cd40dc1332082160b07c894f554327f436c1b7687cdc8f698539bbb1d5c,16138,orig/training/sink/66231_orig.png,sd2-sp/training/sink/66231_mask_segm.png_ps_mask.png_sd2_0.png
414638,414638,sandwich,tgif_train_414638_sandwich_segm,segm,0,small_under_10pct,724,False,False,18205,0.069447,data/research/tgif/masks/training/sandwich/414638_mask_segm.png_ps_mask.png,54bb5ed8620ffb07b97baebf995c6a69a512adc89efc684cd95c87ab384d96cf,15808,orig/training/sandwich/414638_orig.png,sd2-sp/training/sandwich/414638_mask_segm.png_ps_mask.png_sd2_0.png
62025,62025,sink,tgif_train_62025_sink_segm,segm,0,small_under_10pct,725,False,False,15367,0.05862,data/research/tgif/masks/training/sink/62025_mask_segm.png_ps_mask.png,d85fad921413aaaee628de255f6702008b676f319896569502f7a11401a02217,16943,orig/training/sink/62025_orig.png,sd2-sp/training/sink/62025_mask_segm.png_ps_mask.png_sd2_0.png
547502,547502,dog,tgif_train_547502_dog_segm,segm,0,small_under_10pct,726,False,False,14918,0.056908,data/research/tgif/masks/training/dog/547502_mask_segm.png_ps_mask.png,e0ff931f143d9bc4dc8ad64c4d1efbca8d2681a31c66da5539554b5a5173e6e4,22267,orig/training/dog/547502_orig.png,sd2-sp/training/dog/547502_mask_segm.png_ps_mask.png_sd2_0.png
559513,559513,bottle,tgif_train_559513_bottle_segm,segm,0,small_under_10pct,727,False,False,13678,0.052177,data/research/tgif/masks/training/bottle/559513_mask_segm.png_ps_mask.png,33289f9ec982e6ca6ef812b3d7fa4df458fe16c494d9423f4018b19815674e05,17853,orig/training/bottle/559513_orig.png,sd2-sp/training/bottle/559513_mask_segm.png_ps_mask.png_sd2_0.png
236721,236721,banana,tgif_train_236721_banana_segm,segm,0,small_under_10pct,728,False,False,10018,0.038216,data/research/tgif/masks/training/banana/236721_mask_segm.png_ps_mask.png,6955e45f9640f45f0ecb90407931824fa80f0acc0fe1fa3e35a3795bb17fa1f6,18914,orig/training/banana/236721_orig.png,sd2-sp/training/banana/236721_mask_segm.png_ps_mask.png_sd2_0.png
469067,469067,cat,tgif_train_469067_cat_segm,segm,0,small_under_10pct,729,False,False,17443,0.06654,data/research/tgif/masks/training/cat/469067_mask_segm.png_ps_mask.png,3c39f68943058c7c1f709e13b687076020ac4366ff75e7b411019343f5d2890a,26159,orig/training/cat/469067_orig.png,sd2-sp/training/cat/469067_mask_segm.png_ps_mask.png_sd2_0.png
204871,204871,bus,tgif_train_204871_bus_segm,segm,0,small_under_10pct,730,False,False,3327,0.012691,data/research/tgif/masks/training/bus/204871_mask_segm.png_ps_mask.png,17a797f628ddab984546b7a10bf6ddab0dd4304758b4648d7eeabaef88141771,14834,orig/training/bus/204871_orig.png,sd2-sp/training/bus/204871_mask_segm.png_ps_mask.png_sd2_0.png
8532,8532,tie,tgif_train_8532_tie_segm,segm,0,small_under_10pct,731,False,False,4558,0.017387,data/research/tgif/masks/training/tie/8532_mask_segm.png_ps_mask.png,106114fb197f54b5ae55ea215e5e7887589cf37f3098493eb6c61237ebe91129,15716,orig/training/tie/8532_orig.png,sd2-sp/training/tie/8532_mask_segm.png_ps_mask.png_sd2_0.png
17905,17905,traffic light,tgif_train_17905_traffic light_segm,segm,0,small_under_10pct,732,False,False,9453,0.03606,data/research/tgif/masks/training/traffic light/17905_mask_segm.png_ps_mask.png,6ad72b8a1d2b619e09e007ee539edff7e3324168021eecd7bfd894d643196bf4,16597,orig/training/traffic light/17905_orig.png,sd2-sp/training/traffic light/17905_mask_segm.png_ps_mask.png_sd2_0.png
163951,163951,banana,tgif_train_163951_banana_segm,segm,0,small_under_10pct,733,False,False,23387,0.089214,data/research/tgif/masks/training/banana/163951_mask_segm.png_ps_mask.png,bcec0d15e82851f8f3eaa32e52de4186de1a347f285e40d5950116d64f64c624,22761,orig/training/banana/163951_orig.png,sd2-sp/training/banana/163951_mask_segm.png_ps_mask.png_sd2_0.png
407574,407574,banana,tgif_train_407574_banana_segm,segm,0,small_under_10pct,734,False,False,23234,0.088631,data/research/tgif/masks/training/banana/407574_mask_segm.png_ps_mask.png,3d4a2e6ed259de671f8db3047f633dc7485752d3828037d298b3b51eb3584832,22166,orig/training/banana/407574_orig.png,sd2-sp/training/banana/407574_mask_segm.png_ps_mask.png_sd2_0.png
408696,408696,toilet,tgif_train_408696_toilet_segm,segm,0,small_under_10pct,735,False,False,11246,0.0429,data/research/tgif/masks/training/toilet/408696_mask_segm.png_ps_mask.png,9e47a8618144922fb7d42752ee37137e0667287b2465740cce9da47f7cf0172a,17798,orig/training/toilet/408696_orig.png,sd2-sp/training/toilet/408696_mask_segm.png_ps_mask.png_sd2_0.png
553669,553669,laptop,tgif_train_553669_laptop_segm,segm,0,small_under_10pct,736,False,False,2872,0.010956,data/research/tgif/masks/training/laptop/553669_mask_segm.png_ps_mask.png,2cd3778e5456ecd70750ad42ff6167ee8ab3fca4679b95eb39fe522bd1ca382f,16299,orig/training/laptop/553669_orig.png,sd2-sp/training/laptop/553669_mask_segm.png_ps_mask.png_sd2_0.png
462904,462904,potted plant,tgif_train_462904_potted plant_segm,segm,0,small_under_10pct,737,False,False,7079,0.027004,data/research/tgif/masks/training/potted plant/462904_mask_segm.png_ps_mask.png,67250b743e42ff895de60a28f788cb5b35658bc846c5a78749237be913246b5f,17139,orig/training/potted plant/462904_orig.png,sd2-sp/training/potted plant/462904_mask_segm.png_ps_mask.png_sd2_0.png
370478,370478,suitcase,tgif_train_370478_suitcase_segm,segm,0,small_under_10pct,738,False,False,26036,0.099319,data/research/tgif/masks/training/suitcase/370478_mask_segm.png_ps_mask.png,8f18a217bd638813374a11667202c63b255179bef20cd3da13f40d3615f78eb0,20929,orig/training/suitcase/370478_orig.png,sd2-sp/training/suitcase/370478_mask_segm.png_ps_mask.png_sd2_0.png
575187,575187,book,tgif_train_575187_book_segm,segm,0,small_under_10pct,739,False,False,3326,0.012688,data/research/tgif/masks/training/book/575187_mask_segm.png_ps_mask.png,1b1fd9075b9a97df91aa2d02c9b725e439db6667499a3bb0eb1211f46d506891,14896,orig/training/book/575187_orig.png,sd2-sp/training/book/575187_mask_segm.png_ps_mask.png_sd2_0.png
450202,450202,wine glass,tgif_train_450202_wine glass_segm,segm,0,small_under_10pct,740,False,False,17162,0.065468,data/research/tgif/masks/training/wine glass/450202_mask_segm.png_ps_mask.png,51bcfdcdcdca25b7870bb0fc7d3b6f7920347d6cae61dc7efdb895af8a447e99,18965,orig/training/wine glass/450202_orig.png,sd2-sp/training/wine glass/450202_mask_segm.png_ps_mask.png_sd2_0.png
370375,370375,baseball bat,tgif_train_370375_baseball bat_segm,segm,0,small_under_10pct,741,False,False,12328,0.047028,data/research/tgif/masks/training/baseball bat/370375_mask_segm.png_ps_mask.png,18ce17d0683f28620b16204d1f08b38679596ee02963d85c8ce7de1ff09f951f,17502,orig/training/baseball bat/370375_orig.png,sd2-sp/training/baseball bat/370375_mask_segm.png_ps_mask.png_sd2_0.png
325347,325347,backpack,tgif_train_325347_backpack_segm,segm,0,small_under_10pct,742,False,False,4473,0.017063,data/research/tgif/masks/training/backpack/325347_mask_segm.png_ps_mask.png,a5e4c568bb7b7900de48f8733743727c9bebc6e746dfdeafd0d7a1847ce9990f,15443,orig/training/backpack/325347_orig.png,sd2-sp/training/backpack/325347_mask_segm.png_ps_mask.png_sd2_0.png
80153,80153,dog,tgif_train_80153_dog_segm,segm,0,small_under_10pct,743,False,False,11718,0.044701,data/research/tgif/masks/training/dog/80153_mask_segm.png_ps_mask.png,96c9f13dadc42c8dd742895c598ddddeb1fa91a024b28cd0e62644f876bbc5ac,19281,orig/training/dog/80153_orig.png,sd2-sp/training/dog/80153_mask_segm.png_ps_mask.png_sd2_0.png
480944,480944,bus,tgif_train_480944_bus_segm,segm,0,small_under_10pct,744,False,False,2669,0.010181,data/research/tgif/masks/training/bus/480944_mask_segm.png_ps_mask.png,dbbd50ee7ff81bee862d6b841767bb89df2886f615a1d2c7a1c63c2f3c84d545,15893,orig/training/bus/480944_orig.png,sd2-sp/training/bus/480944_mask_segm.png_ps_mask.png_sd2_0.png
571804,571804,bowl,tgif_train_571804_bowl_segm,segm,0,small_under_10pct,745,False,False,6940,0.026474,data/research/tgif/masks/training/bowl/571804_mask_segm.png_ps_mask.png,7aa365e4cbcaa7ec3380e9c5297fccf68e66e301bdf4c6057cf0458004a4374d,15802,orig/training/bowl/571804_orig.png,sd2-sp/training/bowl/571804_mask_segm.png_ps_mask.png_sd2_0.png
476704,476704,bicycle,tgif_train_476704_bicycle_segm,segm,0,small_under_10pct,746,False,False,4220,0.016098,data/research/tgif/masks/training/bicycle/476704_mask_segm.png_ps_mask.png,ad1c6c109da1dc12f74697c530999f1e67073e4625b8c5e6f3f4d08882a0a334,17135,orig/training/bicycle/476704_orig.png,sd2-sp/training/bicycle/476704_mask_segm.png_ps_mask.png_sd2_0.png
6213,6213,sink,tgif_train_6213_sink_segm,segm,0,small_under_10pct,747,False,False,2774,0.010582,data/research/tgif/masks/training/sink/6213_mask_segm.png_ps_mask.png,7d5465bcc0b13b3bd74f880480984e599972f034f863eacab5e06540e8cb01fc,15581,orig/training/sink/6213_orig.png,sd2-sp/training/sink/6213_mask_segm.png_ps_mask.png_sd2_0.png
492077,492077,bicycle,tgif_train_492077_bicycle_segm,segm,0,small_under_10pct,748,False,False,9659,0.036846,data/research/tgif/masks/training/bicycle/492077_mask_segm.png_ps_mask.png,f4811b2469a4ae170dc903393195f6f9ccc2ecf1bf386c1f3edd952b7a0c6c11,18061,orig/training/bicycle/492077_orig.png,sd2-sp/training/bicycle/492077_mask_segm.png_ps_mask.png_sd2_0.png
581781,581781,banana,tgif_train_581781_banana_segm,segm,0,small_under_10pct,749,False,False,16637,0.063465,data/research/tgif/masks/training/banana/581781_mask_segm.png_ps_mask.png,1be9727b24952aa5a8548f1ec4b7f830750ce4517d168bbc465f2a0739a93a36,18181,orig/training/banana/581781_orig.png,sd2-sp/training/banana/581781_mask_segm.png_ps_mask.png_sd2_0.png
542423,542423,bench,tgif_train_542423_bench_segm,segm,0,small_under_10pct,750,False,False,15396,0.058731,data/research/tgif/masks/training/bench/542423_mask_segm.png_ps_mask.png,b676d3afab3437fdc3c826c29ce1ed0b9a878425667d63967f718728f40610a9,16579,orig/training/bench/542423_orig.png,sd2-sp/training/bench/542423_mask_segm.png_ps_mask.png_sd2_0.png
50811,50811,tie,tgif_train_50811_tie_segm,segm,0,small_under_10pct,751,False,False,3104,0.011841,data/research/tgif/masks/training/tie/50811_mask_segm.png_ps_mask.png,f5327bcb7b94edc8c0b1708a133eb6412c5fa7b92a3e6379f8b4b428fb150f2a,15879,orig/training/tie/50811_orig.png,sd2-sp/training/tie/50811_mask_segm.png_ps_mask.png_sd2_0.png
55150,55150,suitcase,tgif_train_55150_suitcase_segm,segm,0,small_under_10pct,752,False,False,10050,0.038338,data/research/tgif/masks/training/suitcase/55150_mask_segm.png_ps_mask.png,c1e28e94dcdb8d4579229b2d2ec7a885b46f023de14a0cf62cf4bba436027b9f,16579,orig/training/suitcase/55150_orig.png,sd2-sp/training/suitcase/55150_mask_segm.png_ps_mask.png_sd2_0.png
166259,166259,bird,tgif_train_166259_bird_segm,segm,0,small_under_10pct,753,False,False,7778,0.029671,data/research/tgif/masks/training/bird/166259_mask_segm.png_ps_mask.png,cc4055e7c6cf79bf7fbb7ae90b8a9ebb2fd74363f489b1bba610e5ddc43b7f27,17449,orig/training/bird/166259_orig.png,sd2-sp/training/bird/166259_mask_segm.png_ps_mask.png_sd2_0.png
426166,426166,bicycle,tgif_train_426166_bicycle_segm,segm,0,small_under_10pct,754,False,False,16806,0.06411,data/research/tgif/masks/training/bicycle/426166_mask_segm.png_ps_mask.png,97cc4908d11e406075502a95f663cad6d37c121f4863689dcabc331459aee570,24588,orig/training/bicycle/426166_orig.png,sd2-sp/training/bicycle/426166_mask_segm.png_ps_mask.png_sd2_0.png
512929,512929,spoon,tgif_train_512929_spoon_segm,segm,0,small_under_10pct,755,False,False,2885,0.011005,data/research/tgif/masks/training/spoon/512929_mask_segm.png_ps_mask.png,e66a894feb3400b0822a134e3384c31e7ca9569b21fed82e53510c6d0c64d80c,14843,orig/training/spoon/512929_orig.png,sd2-sp/training/spoon/512929_mask_segm.png_ps_mask.png_sd2_0.png
466156,466156,cat,tgif_train_466156_cat_segm,segm,0,small_under_10pct,756,False,False,14691,0.056042,data/research/tgif/masks/training/cat/466156_mask_segm.png_ps_mask.png,7d8da2070b2cc0811a05fd6dcd59fdee676f0837c0f1f54cc4fe98a54c42c448,18576,orig/training/cat/466156_orig.png,sd2-sp/training/cat/466156_mask_segm.png_ps_mask.png_sd2_0.png
134882,134882,laptop,tgif_train_134882_laptop_segm,segm,0,small_under_10pct,757,False,False,2869,0.010944,data/research/tgif/masks/training/laptop/134882_mask_segm.png_ps_mask.png,b6a2d65e79ff4aca7cf4f85f77f9b8045dba02cf34104bc22ff78a755a48c47a,15076,orig/training/laptop/134882_orig.png,sd2-sp/training/laptop/134882_mask_segm.png_ps_mask.png_sd2_0.png
232088,232088,tv,tgif_train_232088_tv_segm,segm,0,small_under_10pct,758,False,False,17222,0.065697,data/research/tgif/masks/training/tv/232088_mask_segm.png_ps_mask.png,8f4f77376426862e48bf20bc5936af731937212312f09045a3e3d7d1cfab0573,17162,orig/training/tv/232088_orig.png,sd2-sp/training/tv/232088_mask_segm.png_ps_mask.png_sd2_0.png
345356,345356,cell phone,tgif_train_345356_cell phone_segm,segm,0,small_under_10pct,759,False,False,2884,0.011002,data/research/tgif/masks/training/cell phone/345356_mask_segm.png_ps_mask.png,2c0086c46da3287e5a4d1d84bb267349f14435ddeda7d3f4cc38f8c9579897b6,16291,orig/training/cell phone/345356_orig.png,sd2-sp/training/cell phone/345356_mask_segm.png_ps_mask.png_sd2_0.png
300276,300276,cake,tgif_train_300276_cake_segm,segm,0,small_under_10pct,760,False,False,10072,0.038422,data/research/tgif/masks/training/cake/300276_mask_segm.png_ps_mask.png,dc79a5cbfb4eb2aef44f669cce8cdc5b13eb21e9a62173625b0af5863306eac2,15262,orig/training/cake/300276_orig.png,sd2-sp/training/cake/300276_mask_segm.png_ps_mask.png_sd2_0.png
84241,84241,oven,tgif_train_84241_oven_segm,segm,0,small_under_10pct,761,False,False,23546,0.089821,data/research/tgif/masks/training/oven/84241_mask_segm.png_ps_mask.png,35ccee1b9bcd8d61cdfa4766e21bbc0ae208b5cc4fabf1557497c8627e63dc1c,18861,orig/training/oven/84241_orig.png,sd2-sp/training/oven/84241_mask_segm.png_ps_mask.png_sd2_0.png
214192,214192,motorcycle,tgif_train_214192_motorcycle_segm,segm,0,small_under_10pct,762,False,False,8909,0.033985,data/research/tgif/masks/training/motorcycle/214192_mask_segm.png_ps_mask.png,f34c3cce5924c606eefc2bb4ed40fcc2ca724cfe165ff8dcd458d8f499460adf,17279,orig/training/motorcycle/214192_orig.png,sd2-sp/training/motorcycle/214192_mask_segm.png_ps_mask.png_sd2_0.png
156292,156292,clock,tgif_train_156292_clock_segm,segm,0,small_under_10pct,763,False,False,20297,0.077427,data/research/tgif/masks/training/clock/156292_mask_segm.png_ps_mask.png,43b0ef5513ba7f61fe9855ada6c11f7088484f422078c202139debfa27ca25f0,17059,orig/training/clock/156292_orig.png,sd2-sp/training/clock/156292_mask_segm.png_ps_mask.png_sd2_0.png
154358,154358,dining table,tgif_train_154358_dining table_segm,segm,0,small_under_10pct,764,False,False,7089,0.027042,data/research/tgif/masks/training/dining table/154358_mask_segm.png_ps_mask.png,64c22a7e52dd4c3e4baaa8d87658f7b41f9ae9a5871c89a8cfbb8d7e3439a4ba,15498,orig/training/dining table/154358_orig.png,sd2-sp/training/dining table/154358_mask_segm.png_ps_mask.png_sd2_0.png
69213,69213,motorcycle,tgif_train_69213_motorcycle_segm,segm,0,small_under_10pct,765,False,False,7667,0.029247,data/research/tgif/masks/training/motorcycle/69213_mask_segm.png_ps_mask.png,c0f10f949e330ec222c8dffbd4b1bbb3ba714a3931880d63f512b3ea7bdf9ebc,18596,orig/training/motorcycle/69213_orig.png,sd2-sp/training/motorcycle/69213_mask_segm.png_ps_mask.png_sd2_0.png
485424,485424,suitcase,tgif_train_485424_suitcase_segm,segm,0,small_under_10pct,766,False,False,15382,0.058678,data/research/tgif/masks/training/suitcase/485424_mask_segm.png_ps_mask.png,3f7705ada2ef652f2412953a15bec5d519542e7384b9d0ff38f3b945b54c7884,17829,orig/training/suitcase/485424_orig.png,sd2-sp/training/suitcase/485424_mask_segm.png_ps_mask.png_sd2_0.png
561889,561889,fork,tgif_train_561889_fork_segm,segm,0,small_under_10pct,767,False,False,4078,0.015556,data/research/tgif/masks/training/fork/561889_mask_segm.png_ps_mask.png,4e59129215e438079b741aed17d005c4f2219c2182715e780ddddca83c3ded75,21876,orig/training/fork/561889_orig.png,sd2-sp/training/fork/561889_mask_segm.png_ps_mask.png_sd2_0.png
226408,226408,teddy bear,tgif_train_226408_teddy bear_segm,segm,0,small_under_10pct,768,False,False,23394,0.089241,data/research/tgif/masks/training/teddy bear/226408_mask_segm.png_ps_mask.png,c26c0df21e161489caedd8a04fe1fde501e937d95e651fb46e2445a246342cbf,20942,orig/training/teddy bear/226408_orig.png,sd2-sp/training/teddy bear/226408_mask_segm.png_ps_mask.png_sd2_0.png
526728,526728,suitcase,tgif_train_526728_suitcase_segm,segm,0,small_under_10pct,769,False,False,6174,0.023552,data/research/tgif/masks/training/suitcase/526728_mask_segm.png_ps_mask.png,3f8c8fc6895fe5ea693dd0a4f35f0cd1f6a34ea875b74e687e260161f8f78409,15094,orig/training/suitcase/526728_orig.png,sd2-sp/training/suitcase/526728_mask_segm.png_ps_mask.png_sd2_0.png
333772,333772,mouse,tgif_train_333772_mouse_segm,segm,0,small_under_10pct,770,False,False,2720,0.010376,data/research/tgif/masks/training/mouse/333772_mask_segm.png_ps_mask.png,5c8487d0bed0e85ade64289399410f488f9980e3bc54cccc7c1189ee7dd56ff8,15957,orig/training/mouse/333772_orig.png,sd2-sp/training/mouse/333772_mask_segm.png_ps_mask.png_sd2_0.png
178028,178028,wine glass,tgif_train_178028_wine glass_segm,segm,0,small_under_10pct,771,False,False,2889,0.011021,data/research/tgif/masks/training/wine glass/178028_mask_segm.png_ps_mask.png,9abb7e40930f3fda4367f8d1c7ba331c34a10364892cb6daf18af0602c2c3217,16390,orig/training/wine glass/178028_orig.png,sd2-sp/training/wine glass/178028_mask_segm.png_ps_mask.png_sd2_0.png
455716,455716,handbag,tgif_train_455716_handbag_segm,segm,0,small_under_10pct,772,False,False,7103,0.027096,data/research/tgif/masks/training/handbag/455716_mask_segm.png_ps_mask.png,2ecd2a12158502e4579004b4a75ec82fe9600f91eb3559b931215b053d51516f,16042,orig/training/handbag/455716_orig.png,sd2-sp/training/handbag/455716_mask_segm.png_ps_mask.png_sd2_0.png
47121,47121,bottle,tgif_train_47121_bottle_segm,segm,0,small_under_10pct,773,False,False,7300,0.027847,data/research/tgif/masks/training/bottle/47121_mask_segm.png_ps_mask.png,45edb71d342e9656e1ac50102f34266d4bd67eb1108c7ad21443c10b51decbf2,16896,orig/training/bottle/47121_orig.png,sd2-sp/training/bottle/47121_mask_segm.png_ps_mask.png_sd2_0.png
157928,157928,backpack,tgif_train_157928_backpack_segm,segm,0,small_under_10pct,774,False,False,8493,0.032398,data/research/tgif/masks/training/backpack/157928_mask_segm.png_ps_mask.png,d3428957705a61c6b24115881001d87e0735f0d866feb9b0a95519d76f8ea4b3,17022,orig/training/backpack/157928_orig.png,sd2-sp/training/backpack/157928_mask_segm.png_ps_mask.png_sd2_0.png
439854,439854,bicycle,tgif_train_439854_bicycle_segm,segm,0,small_under_10pct,775,False,False,3455,0.01318,data/research/tgif/masks/training/bicycle/439854_mask_segm.png_ps_mask.png,f9e09adf04079a9e9889c9958c4d94798892d2e85cd72ce966b5ff8ac9fbb8c7,16165,orig/training/bicycle/439854_orig.png,sd2-sp/training/bicycle/439854_mask_segm.png_ps_mask.png_sd2_0.png
172330,172330,car,tgif_train_172330_car_segm,segm,0,small_under_10pct,776,False,False,17727,0.067623,data/research/tgif/masks/training/car/172330_mask_segm.png_ps_mask.png,e7cf0ccd1c9f279456bd60bf1f3a353f282bd477279e8b8d70b9fd90b6345bdd,19698,orig/training/car/172330_orig.png,sd2-sp/training/car/172330_mask_segm.png_ps_mask.png_sd2_0.png
315492,315492,teddy bear,tgif_train_315492_teddy bear_segm,segm,0,small_under_10pct,777,False,False,10867,0.041454,data/research/tgif/masks/training/teddy bear/315492_mask_segm.png_ps_mask.png,6c7fb364cc9254ef1d1d717924983dc1876dd04fce29ea78c14ded1e8db2e070,15683,orig/training/teddy bear/315492_orig.png,sd2-sp/training/teddy bear/315492_mask_segm.png_ps_mask.png_sd2_0.png
104666,104666,couch,tgif_train_104666_couch_segm,segm,0,small_under_10pct,778,False,False,5768,0.022003,data/research/tgif/masks/training/couch/104666_mask_segm.png_ps_mask.png,77532f0291c8777a51b7deb4d3cff98cd24a9d4eaa778756e86930957cb531e1,16299,orig/training/couch/104666_orig.png,sd2-sp/training/couch/104666_mask_segm.png_ps_mask.png_sd2_0.png
492758,492758,couch,tgif_train_492758_couch_segm,segm,0,small_under_10pct,779,False,False,10094,0.038506,data/research/tgif/masks/training/couch/492758_mask_segm.png_ps_mask.png,1e7fdff8cd351e7606bd40182859c328165930b341fd35625ff514e3196d4d00,18577,orig/training/couch/492758_orig.png,sd2-sp/training/couch/492758_mask_segm.png_ps_mask.png_sd2_0.png
58029,58029,toilet,tgif_train_58029_toilet_segm,segm,0,small_under_10pct,780,False,False,6543,0.02496,data/research/tgif/masks/training/toilet/58029_mask_segm.png_ps_mask.png,0d01f149d1b66008d6b808d184beb02d147bbd492e2b1e24f443cd31f7637403,17966,orig/training/toilet/58029_orig.png,sd2-sp/training/toilet/58029_mask_segm.png_ps_mask.png_sd2_0.png
235784,235784,backpack,tgif_train_235784_backpack_segm,segm,0,small_under_10pct,781,False,False,3944,0.015045,data/research/tgif/masks/training/backpack/235784_mask_segm.png_ps_mask.png,548b9cbb13dd4aed9390cf2d2aa31adfa02e8e2735df4f2da0767e6d67518d6b,16423,orig/training/backpack/235784_orig.png,sd2-sp/training/backpack/235784_mask_segm.png_ps_mask.png_sd2_0.png
283037,283037,traffic light,tgif_train_283037_traffic light_segm,segm,0,small_under_10pct,782,False,False,3489,0.013309,data/research/tgif/masks/training/traffic light/283037_mask_segm.png_ps_mask.png,60f1dc35d09d923418851ba783f042ecf77b1e8b4d12b943cd98796e392bd09b,15435,orig/training/traffic light/283037_orig.png,sd2-sp/training/traffic light/283037_mask_segm.png_ps_mask.png_sd2_0.png
201775,201775,sink,tgif_train_201775_sink_segm,segm,0,small_under_10pct,783,False,False,6199,0.023647,data/research/tgif/masks/training/sink/201775_mask_segm.png_ps_mask.png,59ca268192580b648b08885ae91f8ce2c9a1e8905059a50efdb3ea9a70ba101b,17636,orig/training/sink/201775_orig.png,sd2-sp/training/sink/201775_mask_segm.png_ps_mask.png_sd2_0.png
265518,265518,fork,tgif_train_265518_fork_segm,segm,0,small_under_10pct,784,False,False,5415,0.020657,data/research/tgif/masks/training/fork/265518_mask_segm.png_ps_mask.png,bf3121595d3a8002e507ccae9481ac5f7432b91143c689be62daf914841badfc,16795,orig/training/fork/265518_orig.png,sd2-sp/training/fork/265518_mask_segm.png_ps_mask.png_sd2_0.png
346232,346232,truck,tgif_train_346232_truck_segm,segm,0,small_under_10pct,785,False,False,6448,0.024597,data/research/tgif/masks/training/truck/346232_mask_segm.png_ps_mask.png,92888c7cd6000942fd2314a8617a20e762de510adb9d1e04f9e9054506381842,16017,orig/training/truck/346232_orig.png,sd2-sp/training/truck/346232_mask_segm.png_ps_mask.png_sd2_0.png
25394,25394,wine glass,tgif_train_25394_wine glass_segm,segm,0,small_under_10pct,786,False,False,6057,0.023106,data/research/tgif/masks/training/wine glass/25394_mask_segm.png_ps_mask.png,a0f7bef1ba106b4bdf833f07df42a83bcad12dedb7386f09de6bc783af7a8b78,17983,orig/training/wine glass/25394_orig.png,sd2-sp/training/wine glass/25394_mask_segm.png_ps_mask.png_sd2_0.png
377393,377393,umbrella,tgif_train_377393_umbrella_segm,segm,0,small_under_10pct,787,False,False,5053,0.019276,data/research/tgif/masks/training/umbrella/377393_mask_segm.png_ps_mask.png,431ca8deb32ca524f7e7095ff5f016cd66c84d63b45d874435de206c8c29a350,16043,orig/training/umbrella/377393_orig.png,sd2-sp/training/umbrella/377393_mask_segm.png_ps_mask.png_sd2_0.png
106881,106881,bird,tgif_train_106881_bird_segm,segm,0,small_under_10pct,788,False,False,6585,0.02512,data/research/tgif/masks/training/bird/106881_mask_segm.png_ps_mask.png,ebf15f0a5cf3de566d91f8ffd5664f5eedc903d891be7af6d9a05b09dd2bd5d2,17693,orig/training/bird/106881_orig.png,sd2-sp/training/bird/106881_mask_segm.png_ps_mask.png_sd2_0.png
474164,474164,dog,tgif_train_474164_dog_segm,segm,0,small_under_10pct,789,False,False,9331,0.035595,data/research/tgif/masks/training/dog/474164_mask_segm.png_ps_mask.png,6be3e100929628678c3e9daa08a8bd3cc31c277e3d24045fa90d7a6fec178140,18867,orig/training/dog/474164_orig.png,sd2-sp/training/dog/474164_mask_segm.png_ps_mask.png_sd2_0.png
287347,287347,pizza,tgif_train_287347_pizza_segm,segm,0,small_under_10pct,790,False,False,6794,0.025917,data/research/tgif/masks/training/pizza/287347_mask_segm.png_ps_mask.png,43720b20fbc0811f49f7a4c260266d700099586238c7317232f0493aec063dbe,15892,orig/training/pizza/287347_orig.png,sd2-sp/training/pizza/287347_mask_segm.png_ps_mask.png_sd2_0.png
151820,151820,chair,tgif_train_151820_chair_segm,segm,0,small_under_10pct,791,False,False,21231,0.08099,data/research/tgif/masks/training/chair/151820_mask_segm.png_ps_mask.png,796fcf47677571e7c8be32d0e8616e807cbf9e209bb08ace5383dcd56645c53c,16871,orig/training/chair/151820_orig.png,sd2-sp/training/chair/151820_mask_segm.png_ps_mask.png_sd2_0.png
131444,131444,tie,tgif_train_131444_tie_segm,segm,0,small_under_10pct,792,False,False,13524,0.05159,data/research/tgif/masks/training/tie/131444_mask_segm.png_ps_mask.png,2fdbfe5d05b47bcde8abbbe0b4ee3ff60517e981dc56d6915e53f86bbf859120,18806,orig/training/tie/131444_orig.png,sd2-sp/training/tie/131444_mask_segm.png_ps_mask.png_sd2_0.png
32811,32811,bird,tgif_train_32811_bird_segm,segm,0,small_under_10pct,793,False,False,2724,0.010391,data/research/tgif/masks/training/bird/32811_mask_segm.png_ps_mask.png,b0963314c56ad384db3f2653a5c07301d02643e475b67eaefb98680735ae88e9,16336,orig/training/bird/32811_orig.png,sd2-sp/training/bird/32811_mask_segm.png_ps_mask.png_sd2_0.png
560312,560312,couch,tgif_train_560312_couch_segm,segm,0,small_under_10pct,794,False,False,19763,0.07539,data/research/tgif/masks/training/couch/560312_mask_segm.png_ps_mask.png,fd8afbd7c661971cf1b215d76cf903581aeea9d7a81c1f8b578a8709bd3ef2a5,16892,orig/training/couch/560312_orig.png,sd2-sp/training/couch/560312_mask_segm.png_ps_mask.png_sd2_0.png
130699,130699,truck,tgif_train_130699_truck_segm,segm,0,small_under_10pct,795,False,False,10246,0.039085,data/research/tgif/masks/training/truck/130699_mask_segm.png_ps_mask.png,c74ec8ec6a320bba16cc36c204b353a0850e24ae11214e03a53b030042c0b442,16836,orig/training/truck/130699_orig.png,sd2-sp/training/truck/130699_mask_segm.png_ps_mask.png_sd2_0.png
225757,225757,keyboard,tgif_train_225757_keyboard_segm,segm,0,small_under_10pct,796,False,False,19799,0.075527,data/research/tgif/masks/training/keyboard/225757_mask_segm.png_ps_mask.png,fae77129bc1d4373c12d1019f1ae4365462bf7c634027224d215bf99f694055c,16830,orig/training/keyboard/225757_orig.png,sd2-sp/training/keyboard/225757_mask_segm.png_ps_mask.png_sd2_0.png
372260,372260,clock,tgif_train_372260_clock_segm,segm,0,small_under_10pct,797,False,False,5583,0.021297,data/research/tgif/masks/training/clock/372260_mask_segm.png_ps_mask.png,314c5dc86f773dc9c6c9c6c30ebc371b84395eebcf6563c8dd50fb38489a63ea,16377,orig/training/clock/372260_orig.png,sd2-sp/training/clock/372260_mask_segm.png_ps_mask.png_sd2_0.png
136715,136715,truck,tgif_train_136715_truck_segm,segm,0,small_under_10pct,798,False,False,3987,0.015209,data/research/tgif/masks/training/truck/136715_mask_segm.png_ps_mask.png,b82f1782e4ee1daf15a6f52db3b509d6e1f58d727657426b7efa6ea1f1edfc9e,20374,orig/training/truck/136715_orig.png,sd2-sp/training/truck/136715_mask_segm.png_ps_mask.png_sd2_0.png
507473,507473,cell phone,tgif_train_507473_cell phone_segm,segm,0,small_under_10pct,799,False,False,4215,0.016079,data/research/tgif/masks/training/cell phone/507473_mask_segm.png_ps_mask.png,b7f1514bc7a5038eb9d1b020014f3a315c6c0df368b1e5c4326211169e505c3d,4503,orig/training/cell phone/507473_orig.png,sd2-sp/training/cell phone/507473_mask_segm.png_ps_mask.png_sd2_0.png
141597,141597,car,tgif_train_141597_car_segm,segm,0,small_under_10pct,800,False,False,19844,0.075699,data/research/tgif/masks/training/car/141597_mask_segm.png_ps_mask.png,091721441097e8c41fbedcf7d27f5ed3e843c2aaec12d3b57ede8b8f52ecb179,18156,orig/training/car/141597_orig.png,sd2-sp/training/car/141597_mask_segm.png_ps_mask.png_sd2_0.png
512330,512330,bottle,tgif_train_512330_bottle_segm,segm,0,small_under_10pct,801,False,False,5196,0.019821,data/research/tgif/masks/training/bottle/512330_mask_segm.png_ps_mask.png,9e33ecb61dd3a06f037d0e45243a1ce0e037122e4ece32dcfadb4bdb0f680170,15950,orig/training/bottle/512330_orig.png,sd2-sp/training/bottle/512330_mask_segm.png_ps_mask.png_sd2_0.png
360564,360564,toilet,tgif_train_360564_toilet_segm,segm,0,small_under_10pct,802,False,False,17053,0.065052,data/research/tgif/masks/training/toilet/360564_mask_segm.png_ps_mask.png,f29da8eb17b45d53a34a4340a14c3a9349f3299b27986f87119b8d520daee0f9,18216,orig/training/toilet/360564_orig.png,sd2-sp/training/toilet/360564_mask_segm.png_ps_mask.png_sd2_0.png
372819,372819,dog,tgif_train_372819_dog_segm,segm,0,small_under_10pct,803,False,False,3742,0.014275,data/research/tgif/masks/training/dog/372819_mask_segm.png_ps_mask.png,90a4348a2c8f37301f6396cff7569ce2f6108bac2e6190f0e9338c3e2b341e75,15921,orig/training/dog/372819_orig.png,sd2-sp/training/dog/372819_mask_segm.png_ps_mask.png_sd2_0.png
112378,112378,banana,tgif_train_112378_banana_segm,segm,0,small_under_10pct,804,False,False,5658,0.021584,data/research/tgif/masks/training/banana/112378_mask_segm.png_ps_mask.png,8f6f8784edcc3b729d732e03b532efa7dedc100acbaf42e09c4b68f704763150,16609,orig/training/banana/112378_orig.png,sd2-sp/training/banana/112378_mask_segm.png_ps_mask.png_sd2_0.png
281754,281754,handbag,tgif_train_281754_handbag_segm,segm,0,small_under_10pct,805,False,False,5205,0.019855,data/research/tgif/masks/training/handbag/281754_mask_segm.png_ps_mask.png,26458807815f60bf60cd7df1cb3f4e27e4ae82502868f509867b39c1b2875c27,15568,orig/training/handbag/281754_orig.png,sd2-sp/training/handbag/281754_mask_segm.png_ps_mask.png_sd2_0.png
357060,357060,bird,tgif_train_357060_bird_segm,segm,0,small_under_10pct,806,False,False,4872,0.018585,data/research/tgif/masks/training/bird/357060_mask_segm.png_ps_mask.png,7b738ccdd8d4270db3a6e25db6bfe4a1439a2063a65a55bb6365e65fbd9e0ed2,16343,orig/training/bird/357060_orig.png,sd2-sp/training/bird/357060_mask_segm.png_ps_mask.png_sd2_0.png
561366,561366,cell phone,tgif_train_561366_cell phone_segm,segm,0,small_under_10pct,807,False,False,21516,0.082077,data/research/tgif/masks/training/cell phone/561366_mask_segm.png_ps_mask.png,ed333494367d6a22bbc8036ef279bc1c7618d7cc0567bed3a131a5f02ac68077,18487,orig/training/cell phone/561366_orig.png,sd2-sp/training/cell phone/561366_mask_segm.png_ps_mask.png_sd2_0.png
382125,382125,pizza,tgif_train_382125_pizza_segm,segm,0,small_under_10pct,808,False,False,6383,0.024349,data/research/tgif/masks/training/pizza/382125_mask_segm.png_ps_mask.png,45e6a75444771cd9311800b7bf63b7c3ff4f429a1e91307cbd248e9151d10a8d,16191,orig/training/pizza/382125_orig.png,sd2-sp/training/pizza/382125_mask_segm.png_ps_mask.png_sd2_0.png
304396,304396,clock,tgif_train_304396_clock_segm,segm,0,small_under_10pct,809,False,False,4271,0.016293,data/research/tgif/masks/training/clock/304396_mask_segm.png_ps_mask.png,60ff0d9901f8a50ecbfa6b00942254f564c4cf653ef53d5491a9c04bba463cf3,15703,orig/training/clock/304396_orig.png,sd2-sp/training/clock/304396_mask_segm.png_ps_mask.png_sd2_0.png
23272,23272,cat,tgif_train_23272_cat_segm,segm,0,small_under_10pct,810,False,False,11634,0.04438,data/research/tgif/masks/training/cat/23272_mask_segm.png_ps_mask.png,7f18efe786ec50c3fb56c4523cfadcf1a7a53f5a895cb01652625dc1dbf39d11,17412,orig/training/cat/23272_orig.png,sd2-sp/training/cat/23272_mask_segm.png_ps_mask.png_sd2_0.png
31322,31322,bird,tgif_train_31322_bird_segm,segm,0,small_under_10pct,811,False,False,4016,0.01532,data/research/tgif/masks/training/bird/31322_mask_segm.png_ps_mask.png,007bd2f1c4efe26c62bdccfa37f8e0911332a1859ff82e6cbf236ba7a317769f,16204,orig/training/bird/31322_orig.png,sd2-sp/training/bird/31322_mask_segm.png_ps_mask.png_sd2_0.png
31749,31749,clock,tgif_train_31749_clock_segm,segm,0,small_under_10pct,812,False,False,19698,0.075142,data/research/tgif/masks/training/clock/31749_mask_segm.png_ps_mask.png,1f546e34a130bf467bd53b148814d4dd846bf8f6f8d21355abb02e7f62181f98,21680,orig/training/clock/31749_orig.png,sd2-sp/training/clock/31749_mask_segm.png_ps_mask.png_sd2_0.png
279278,279278,bicycle,tgif_train_279278_bicycle_segm,segm,0,small_under_10pct,813,False,False,4614,0.017601,data/research/tgif/masks/training/bicycle/279278_mask_segm.png_ps_mask.png,c336634b37e38cfdbd84cdf25a1ed5b68a7d5fc89496f07f8667135473226d81,16126,orig/training/bicycle/279278_orig.png,sd2-sp/training/bicycle/279278_mask_segm.png_ps_mask.png_sd2_0.png
61658,61658,broccoli,tgif_train_61658_broccoli_segm,segm,0,small_under_10pct,814,False,False,10377,0.039585,data/research/tgif/masks/training/broccoli/61658_mask_segm.png_ps_mask.png,6a75607b4af04c5fb9744a8fa0f41f3afa33bec18958cf0e26a65c82b617cd45,17602,orig/training/broccoli/61658_orig.png,sd2-sp/training/broccoli/61658_mask_segm.png_ps_mask.png_sd2_0.png
22192,22192,dog,tgif_train_22192_dog_segm,segm,0,small_under_10pct,815,False,False,25677,0.09795,data/research/tgif/masks/training/dog/22192_mask_segm.png_ps_mask.png,36ba6577c123731f786c5ce7215d282e145813ea4ea88671bf4e70c9447d5d66,22062,orig/training/dog/22192_orig.png,sd2-sp/training/dog/22192_mask_segm.png_ps_mask.png_sd2_0.png
470121,470121,cake,tgif_train_470121_cake_segm,segm,0,small_under_10pct,816,False,False,10649,0.040623,data/research/tgif/masks/training/cake/470121_mask_segm.png_ps_mask.png,5e46434a060cd492661d7e709a4c5cb1e7aaefe405ad7dda22b77d09863b69be,17401,orig/training/cake/470121_orig.png,sd2-sp/training/cake/470121_mask_segm.png_ps_mask.png_sd2_0.png
161032,161032,umbrella,tgif_train_161032_umbrella_segm,segm,0,small_under_10pct,817,False,False,8940,0.034103,data/research/tgif/masks/training/umbrella/161032_mask_segm.png_ps_mask.png,2b4b4981827c1caf57e41a4050ebfa188491393ef6d115c4137ae42ce7389e4c,17886,orig/training/umbrella/161032_orig.png,sd2-sp/training/umbrella/161032_mask_segm.png_ps_mask.png_sd2_0.png
44279,44279,oven,tgif_train_44279_oven_segm,segm,0,small_under_10pct,818,False,False,11039,0.04211,data/research/tgif/masks/training/oven/44279_mask_segm.png_ps_mask.png,a1d8d1739d509be1189125e38695fb9b8261c29b3188dd460b643efb1bb8eb92,18488,orig/training/oven/44279_orig.png,sd2-sp/training/oven/44279_mask_segm.png_ps_mask.png_sd2_0.png
305695,305695,truck,tgif_train_305695_truck_segm,segm,0,small_under_10pct,819,False,False,4418,0.016853,data/research/tgif/masks/training/truck/305695_mask_segm.png_ps_mask.png,1ff11de9430e99665a1e47265df39f3be4f301672f93c6014525eb07babcded2,17804,orig/training/truck/305695_orig.png,sd2-sp/training/truck/305695_mask_segm.png_ps_mask.png_sd2_0.png
92660,92660,broccoli,tgif_train_92660_broccoli_segm,segm,0,small_under_10pct,820,False,False,6299,0.024029,data/research/tgif/masks/training/broccoli/92660_mask_segm.png_ps_mask.png,64a0e85819ef96be59d75d9a97abe90eeb549708a0abf456500e7b4a94b0f09d,16159,orig/training/broccoli/92660_orig.png,sd2-sp/training/broccoli/92660_mask_segm.png_ps_mask.png_sd2_0.png
412362,412362,tie,tgif_train_412362_tie_segm,segm,0,small_under_10pct,821,False,False,3631,0.013851,data/research/tgif/masks/training/tie/412362_mask_segm.png_ps_mask.png,094114ba1e7da6cd60e7540d6020275d64bd9263576afb726452190b976c590c,16569,orig/training/tie/412362_orig.png,sd2-sp/training/tie/412362_mask_segm.png_ps_mask.png_sd2_0.png
481390,481390,bench,tgif_train_481390_bench_segm,segm,0,small_under_10pct,822,False,False,4616,0.017609,data/research/tgif/masks/training/bench/481390_mask_segm.png_ps_mask.png,7ad6458c0e8ab0bac01bd2cd0713ccca604e54284a70f39063bb4c23863437ce,16008,orig/training/bench/481390_orig.png,sd2-sp/training/bench/481390_mask_segm.png_ps_mask.png_sd2_0.png
124659,124659,couch,tgif_train_124659_couch_segm,segm,0,small_under_10pct,823,False,False,12151,0.046352,data/research/tgif/masks/training/couch/124659_mask_segm.png_ps_mask.png,4a115c2c88093f2111fb9aa3633f42d831f4b91c80d01a5283b623c28560c7cf,16859,orig/training/couch/124659_orig.png,sd2-sp/training/couch/124659_mask_segm.png_ps_mask.png_sd2_0.png
558854,558854,sandwich,tgif_train_558854_sandwich_segm,segm,0,small_under_10pct,824,False,False,9067,0.034588,data/research/tgif/masks/training/sandwich/558854_mask_segm.png_ps_mask.png,0c57707fb1d449aa4225643f2f27b05018e42c4861b75c6046ed8b59c6796643,17335,orig/training/sandwich/558854_orig.png,sd2-sp/training/sandwich/558854_mask_segm.png_ps_mask.png_sd2_0.png
213445,213445,bowl,tgif_train_213445_bowl_segm,segm,0,small_under_10pct,825,False,False,22420,0.085526,data/research/tgif/masks/training/bowl/213445_mask_segm.png_ps_mask.png,55915bcf6381bd8e388b8dc1ebef96a9c482697bf2b8debba07d3b762d9c249f,22232,orig/training/bowl/213445_orig.png,sd2-sp/training/bowl/213445_mask_segm.png_ps_mask.png_sd2_0.png
535253,535253,book,tgif_train_535253_book_segm,segm,0,small_under_10pct,826,False,False,6388,0.024368,data/research/tgif/masks/training/book/535253_mask_segm.png_ps_mask.png,e120b3257fb594cf709d482b1332b37187f6d9c2131cb88efcef313fa79ccc8e,14856,orig/training/book/535253_orig.png,sd2-sp/training/book/535253_mask_segm.png_ps_mask.png_sd2_0.png
427655,427655,bus,tgif_train_427655_bus_segm,segm,0,small_under_10pct,827,False,False,4073,0.015537,data/research/tgif/masks/training/bus/427655_mask_segm.png_ps_mask.png,8406c4290a9ad2426d3d5494ae39d9a51a2b79db911aa728d069c148e7851c7f,15727,orig/training/bus/427655_orig.png,sd2-sp/training/bus/427655_mask_segm.png_ps_mask.png_sd2_0.png
120777,120777,sandwich,tgif_train_120777_sandwich_segm,segm,0,small_under_10pct,828,False,False,10361,0.039524,data/research/tgif/masks/training/sandwich/120777_mask_segm.png_ps_mask.png,87efcbb032d489db282557d9edc4da864a36f7dc713da6ff40c7a1f8ea8d8e93,17211,orig/training/sandwich/120777_orig.png,sd2-sp/training/sandwich/120777_mask_segm.png_ps_mask.png_sd2_0.png
519569,519569,oven,tgif_train_519569_oven_segm,segm,0,small_under_10pct,829,False,False,5777,0.022038,data/research/tgif/masks/training/oven/519569_mask_segm.png_ps_mask.png,fe63c6f463dfa910b48d2d8d56638780c5ee9eda371ae26a10c0d6e4b4bbcee8,14782,orig/training/oven/519569_orig.png,sd2-sp/training/oven/519569_mask_segm.png_ps_mask.png_sd2_0.png
565391,565391,cat,tgif_train_565391_cat_segm,segm,0,small_under_10pct,830,False,False,6058,0.023109,data/research/tgif/masks/training/cat/565391_mask_segm.png_ps_mask.png,f8d0c5db3d2fbbbc23f1e89b221a4d43f2529a3bfbf10b45657ae4573dd37df7,16087,orig/training/cat/565391_orig.png,sd2-sp/training/cat/565391_mask_segm.png_ps_mask.png_sd2_0.png
424721,424721,carrot,tgif_train_424721_carrot_segm,segm,0,small_under_10pct,831,False,False,2964,0.011307,data/research/tgif/masks/training/carrot/424721_mask_segm.png_ps_mask.png,c1e14a2e7ef90a30091ad5727270d16c4a1a5c69811df0a87f789d9765f17edc,16021,orig/training/carrot/424721_orig.png,sd2-sp/training/carrot/424721_mask_segm.png_ps_mask.png_sd2_0.png
397681,397681,carrot,tgif_train_397681_carrot_segm,segm,0,small_under_10pct,832,False,False,8468,0.032303,data/research/tgif/masks/training/carrot/397681_mask_segm.png_ps_mask.png,27b108faefa6571624c0dee546ea7de39b17456bcda8c16dbc7907cef049cec7,18468,orig/training/carrot/397681_orig.png,sd2-sp/training/carrot/397681_mask_segm.png_ps_mask.png_sd2_0.png
491464,491464,baseball bat,tgif_train_491464_baseball bat_segm,segm,0,small_under_10pct,833,False,False,6329,0.024143,data/research/tgif/masks/training/baseball bat/491464_mask_segm.png_ps_mask.png,9dfe8ce13d5b1c81a06d214e93b757d0c85c6979873140ed8692359308a9af02,19252,orig/training/baseball bat/491464_orig.png,sd2-sp/training/baseball bat/491464_mask_segm.png_ps_mask.png_sd2_0.png
177714,177714,apple,tgif_train_177714_apple_segm,segm,0,small_under_10pct,834,False,False,6902,0.026329,data/research/tgif/masks/training/apple/177714_mask_segm.png_ps_mask.png,dda519f15d72465958e51a7aed7b13a20c7a2a0fe050042756521a99c6ebc684,15699,orig/training/apple/177714_orig.png,sd2-sp/training/apple/177714_mask_segm.png_ps_mask.png_sd2_0.png
341469,341469,suitcase,tgif_train_341469_suitcase_segm,segm,0,small_under_10pct,835,False,False,18259,0.069653,data/research/tgif/masks/training/suitcase/341469_mask_segm.png_ps_mask.png,ceabbad42e5d8702fe11ac7d6fca22f88bb219e706949b0043e784ca1af82b36,18590,orig/training/suitcase/341469_orig.png,sd2-sp/training/suitcase/341469_mask_segm.png_ps_mask.png_sd2_0.png
110999,110999,orange,tgif_train_110999_orange_segm,segm,0,small_under_10pct,836,False,False,6045,0.02306,data/research/tgif/masks/training/orange/110999_mask_segm.png_ps_mask.png,88e0fa6b1ed9a5645b94178c355e632a86653ecf16aed6120b5e3d0cc380420e,15254,orig/training/orange/110999_orig.png,sd2-sp/training/orange/110999_mask_segm.png_ps_mask.png_sd2_0.png
4134,4134,dining table,tgif_train_4134_dining table_segm,segm,0,small_under_10pct,837,False,False,8114,0.030952,data/research/tgif/masks/training/dining table/4134_mask_segm.png_ps_mask.png,c8c3a719221e0c5e1228cf6a7cb9627ffae5346a5b7c31635681bc551ce4a54e,16545,orig/training/dining table/4134_orig.png,sd2-sp/training/dining table/4134_mask_segm.png_ps_mask.png_sd2_0.png
532481,532481,person,tgif_train_532481_person_segm,segm,0,small_under_10pct,838,False,False,3543,0.013515,data/research/tgif/masks/training/person/532481_mask_segm.png_ps_mask.png,a7d5e566c5acb5b3a040d3f0f4e4af28bcf6768c78b1ef3f7da55ac8b214ae12,15132,orig/training/person/532481_orig.png,sd2-sp/training/person/532481_mask_segm.png_ps_mask.png_sd2_0.png
365642,365642,toilet,tgif_train_365642_toilet_segm,segm,0,small_under_10pct,839,False,False,9419,0.035931,data/research/tgif/masks/training/toilet/365642_mask_segm.png_ps_mask.png,b6b5dee12c9860b836d3989286c5a914463ec9898bcd6a97ec57417c2282b29c,17425,orig/training/toilet/365642_orig.png,sd2-sp/training/toilet/365642_mask_segm.png_ps_mask.png_sd2_0.png
195842,195842,couch,tgif_train_195842_couch_segm,segm,0,small_under_10pct,840,False,False,14088,0.053741,data/research/tgif/masks/training/couch/195842_mask_segm.png_ps_mask.png,f1076ee04342feb3d77045df4dadb7374097809262b5b5c12d757c0da03a6a30,17492,orig/training/couch/195842_orig.png,sd2-sp/training/couch/195842_mask_segm.png_ps_mask.png_sd2_0.png
15440,15440,bus,tgif_train_15440_bus_segm,segm,0,small_under_10pct,841,False,False,7577,0.028904,data/research/tgif/masks/training/bus/15440_mask_segm.png_ps_mask.png,e9df0d70a393b055200333db0579e8fd36aec87894adc9b0f4d7edf10763ee68,15570,orig/training/bus/15440_orig.png,sd2-sp/training/bus/15440_mask_segm.png_ps_mask.png_sd2_0.png
424162,424162,car,tgif_train_424162_car_segm,segm,0,small_under_10pct,842,False,False,6976,0.026611,data/research/tgif/masks/training/car/424162_mask_segm.png_ps_mask.png,79096f193860f160efa75976e6078c65464703e59ef30fcdc75a675ef9af9344,17318,orig/training/car/424162_orig.png,sd2-sp/training/car/424162_mask_segm.png_ps_mask.png_sd2_0.png
489764,489764,remote,tgif_train_489764_remote_segm,segm,0,small_under_10pct,843,False,False,4132,0.015762,data/research/tgif/masks/training/remote/489764_mask_segm.png_ps_mask.png,32cdb29c9157c16385a6d0263aa2bedbd87fae84574241937112c19a229368e0,17399,orig/training/remote/489764_orig.png,sd2-sp/training/remote/489764_mask_segm.png_ps_mask.png_sd2_0.png
146457,146457,pizza,tgif_train_146457_pizza_segm,segm,0,small_under_10pct,844,False,False,5921,0.022587,data/research/tgif/masks/training/pizza/146457_mask_segm.png_ps_mask.png,8a5bcd7c4481299418408cc30315886500faf25f73f4eece697ea2555f3614ec,15962,orig/training/pizza/146457_orig.png,sd2-sp/training/pizza/146457_mask_segm.png_ps_mask.png_sd2_0.png
189475,189475,vase,tgif_train_189475_vase_segm,segm,0,small_under_10pct,845,False,False,3178,0.012123,data/research/tgif/masks/training/vase/189475_mask_segm.png_ps_mask.png,6b36da105e47b72640b5ed719088daac7f17fbf3d09ccbe3fb9ce100e71748a9,16332,orig/training/vase/189475_orig.png,sd2-sp/training/vase/189475_mask_segm.png_ps_mask.png_sd2_0.png
206025,206025,tie,tgif_train_206025_tie_segm,segm,0,small_under_10pct,846,False,False,13238,0.050499,data/research/tgif/masks/training/tie/206025_mask_segm.png_ps_mask.png,96b0aefa262f61ad61a52ec6956c9f6be720116106a0c7962c21e92b14bac87b,18761,orig/training/tie/206025_orig.png,sd2-sp/training/tie/206025_mask_segm.png_ps_mask.png_sd2_0.png
33005,33005,person,tgif_train_33005_person_segm,segm,0,small_under_10pct,847,False,False,7818,0.029823,data/research/tgif/masks/training/person/33005_mask_segm.png_ps_mask.png,d95a83b071f197b8dc9f527e0f43bbe16f62bb2d4b0e47d30c00a82d3f2ce745,18253,orig/training/person/33005_orig.png,sd2-sp/training/person/33005_mask_segm.png_ps_mask.png_sd2_0.png
304404,304404,umbrella,tgif_train_304404_umbrella_segm,segm,0,small_under_10pct,848,False,False,3744,0.014282,data/research/tgif/masks/training/umbrella/304404_mask_segm.png_ps_mask.png,b1baf1c72ad2bbd56e8d6e760da40ac4dea8fff10a2a1e0ebaefe5cc7bce67d6,15386,orig/training/umbrella/304404_orig.png,sd2-sp/training/umbrella/304404_mask_segm.png_ps_mask.png_sd2_0.png
153632,153632,bowl,tgif_train_153632_bowl_segm,segm,0,small_under_10pct,849,False,False,6163,0.02351,data/research/tgif/masks/training/bowl/153632_mask_segm.png_ps_mask.png,454c8632015a2ecf56b752064a5b3db68532da8650460815abcc641b0433d777,15792,orig/training/bowl/153632_orig.png,sd2-sp/training/bowl/153632_mask_segm.png_ps_mask.png_sd2_0.png
519491,519491,clock,tgif_train_519491_clock_segm,segm,0,small_under_10pct,850,False,False,7344,0.028015,data/research/tgif/masks/training/clock/519491_mask_segm.png_ps_mask.png,a9b23ee0666cd56ccb56a2ddc48ee52799e79c03d5a99b88c94aabe904db068c,17077,orig/training/clock/519491_orig.png,sd2-sp/training/clock/519491_mask_segm.png_ps_mask.png_sd2_0.png
184611,184611,suitcase,tgif_train_184611_suitcase_segm,segm,0,small_under_10pct,851,False,False,6587,0.025127,data/research/tgif/masks/training/suitcase/184611_mask_segm.png_ps_mask.png,8cc6f5447a187058be1f7fd6d8899ddb98d9be7aa51c10e29671bf4344693f2c,16479,orig/training/suitcase/184611_orig.png,sd2-sp/training/suitcase/184611_mask_segm.png_ps_mask.png_sd2_0.png
246454,246454,dog,tgif_train_246454_dog_segm,segm,0,small_under_10pct,852,False,False,12922,0.049294,data/research/tgif/masks/training/dog/246454_mask_segm.png_ps_mask.png,b6dc76edeabb22df517f67963194bdaf1a8cdfe76bb7c46d57ce34ea4f7c4dc2,20852,orig/training/dog/246454_orig.png,sd2-sp/training/dog/246454_mask_segm.png_ps_mask.png_sd2_0.png
480122,480122,oven,tgif_train_480122_oven_segm,segm,0,small_under_10pct,853,False,False,16088,0.061371,data/research/tgif/masks/training/oven/480122_mask_segm.png_ps_mask.png,047b554506aa6c52d54fe5100a12d9b432600245467b126393b6adbdd2d3e90b,19471,orig/training/oven/480122_orig.png,sd2-sp/training/oven/480122_mask_segm.png_ps_mask.png_sd2_0.png
240250,240250,pizza,tgif_train_240250_pizza_segm,segm,0,small_under_10pct,854,False,False,11191,0.04269,data/research/tgif/masks/training/pizza/240250_mask_segm.png_ps_mask.png,d6e4ea6d6a9773b6d05d75230d77083b3a2a0979c990875affa99c1e2891e0fb,15536,orig/training/pizza/240250_orig.png,sd2-sp/training/pizza/240250_mask_segm.png_ps_mask.png_sd2_0.png
355169,355169,clock,tgif_train_355169_clock_segm,segm,0,small_under_10pct,855,False,False,5480,0.020905,data/research/tgif/masks/training/clock/355169_mask_segm.png_ps_mask.png,52bde78434439b60409b55952d6fe6658906ae3839a4b036c7e1e0aa3aeedfe6,16347,orig/training/clock/355169_orig.png,sd2-sp/training/clock/355169_mask_segm.png_ps_mask.png_sd2_0.png
116362,116362,apple,tgif_train_116362_apple_segm,segm,0,small_under_10pct,856,False,False,3721,0.014194,data/research/tgif/masks/training/apple/116362_mask_segm.png_ps_mask.png,54192d1847850cbec09960e0db24bf2090c90271ffe308b257769f0b51160665,14619,orig/training/apple/116362_orig.png,sd2-sp/training/apple/116362_mask_segm.png_ps_mask.png_sd2_0.png
244750,244750,wine glass,tgif_train_244750_wine glass_segm,segm,0,small_under_10pct,857,False,False,5436,0.020737,data/research/tgif/masks/training/wine glass/244750_mask_segm.png_ps_mask.png,faa1a2ae4ac9e28834f7356afcb02177e234941a7f700fe1d85c23a9780d3d1a,15596,orig/training/wine glass/244750_orig.png,sd2-sp/training/wine glass/244750_mask_segm.png_ps_mask.png_sd2_0.png
489611,489611,remote,tgif_train_489611_remote_segm,segm,0,small_under_10pct,858,False,False,6673,0.025455,data/research/tgif/masks/training/remote/489611_mask_segm.png_ps_mask.png,188393bfddb6e1927ee3a173f59f57c7a21c6f4280b31579d0b095db64606933,19373,orig/training/remote/489611_orig.png,sd2-sp/training/remote/489611_mask_segm.png_ps_mask.png_sd2_0.png
420916,420916,backpack,tgif_train_420916_backpack_segm,segm,0,small_under_10pct,859,False,False,4007,0.015285,data/research/tgif/masks/training/backpack/420916_mask_segm.png_ps_mask.png,cc167adde816a4282df66dab0818d457c5fe9806e200d4310ef0c8943b6a7015,15458,orig/training/backpack/420916_orig.png,sd2-sp/training/backpack/420916_mask_segm.png_ps_mask.png_sd2_0.png
195754,195754,couch,tgif_train_195754_couch_segm,segm,0,small_under_10pct,860,False,False,13441,0.051273,data/research/tgif/masks/training/couch/195754_mask_segm.png_ps_mask.png,a343efcbb96335e454ec3bd30d2a40a9daca516a21776d4ea1bc28d39cace495,17044,orig/training/couch/195754_orig.png,sd2-sp/training/couch/195754_mask_segm.png_ps_mask.png_sd2_0.png
520910,520910,toilet,tgif_train_520910_toilet_segm,segm,0,small_under_10pct,861,False,False,2810,0.010719,data/research/tgif/masks/training/toilet/520910_mask_segm.png_ps_mask.png,11abf022408ae39062a28a0921d55f91746199005e2b20d9ae3ff67d18498f67,15795,orig/training/toilet/520910_orig.png,sd2-sp/training/toilet/520910_mask_segm.png_ps_mask.png_sd2_0.png
470773,470773,potted plant,tgif_train_470773_potted plant_segm,segm,0,small_under_10pct,862,False,False,16350,0.06237,data/research/tgif/masks/training/potted plant/470773_mask_segm.png_ps_mask.png,f3065cbf1806f55ac1b944836bb6450e737df902ffa281969ea8bea15f68a84b,18702,orig/training/potted plant/470773_orig.png,sd2-sp/training/potted plant/470773_mask_segm.png_ps_mask.png_sd2_0.png
222299,222299,laptop,tgif_train_222299_laptop_segm,segm,0,small_under_10pct,863,False,False,13015,0.049648,data/research/tgif/masks/training/laptop/222299_mask_segm.png_ps_mask.png,d4efc7cbdbce458085935db473975db9e0a5c26138cce228132e49f875e127c6,15553,orig/training/laptop/222299_orig.png,sd2-sp/training/laptop/222299_mask_segm.png_ps_mask.png_sd2_0.png
520531,520531,remote,tgif_train_520531_remote_segm,segm,0,small_under_10pct,864,False,False,4629,0.017658,data/research/tgif/masks/training/remote/520531_mask_segm.png_ps_mask.png,7257f51d014588efa2d1c2426646b90efeb96ddfab7eacc88a52040e57be9c63,16005,orig/training/remote/520531_orig.png,sd2-sp/training/remote/520531_mask_segm.png_ps_mask.png_sd2_0.png
