condition,outer_fold,class,component,n,orig_mean,orig_sd,orig_median,orig_q05,orig_q25,orig_q75,orig_q95,orig_iqr,orig_min,orig_max,trans_mean,trans_sd,trans_median,trans_q05,trans_q25,trans_q75,trans_q95,trans_iqr,trans_min,trans_max,delta_mean,delta_sd,delta_median,delta_q05,delta_q25,delta_q75,delta_q95,delta_iqr,delta_min,delta_max
jpeg_q95,0,all,visual_logit_raw,138,-0.0199062823,0.267058662,-0.04386787489,-0.4104070827,-0.2003079504,0.135436248,0.4316712186,0.3357441984,-0.8537579775,0.960636735,-0.02121802814,0.2662687409,-0.04239732213,-0.4094988704,-0.198080495,0.1306767315,0.4307431072,0.3287572265,-0.8532369733,0.9494869709,-0.001311745831,0.003955316561,-0.001416049898,-0.006710317731,-0.004032541066,0.001199720427,0.00499214381,0.005232261494,-0.01114976406,0.01430213451
jpeg_q95,0,all,dsp_logit_raw,138,-0.06944992173,0.3677294026,-0.07955993712,-0.599309808,-0.2703946196,0.1184174642,0.5728466272,0.3888120838,-1.057620764,1.266645193,-0.1408398835,0.3501770784,-0.1432112753,-0.6634057641,-0.3139569461,0.05327285081,0.4531533301,0.3672297969,-1.064492702,1.116588116,-0.07138996174,0.04695911877,-0.06631116569,-0.1571679793,-0.1048597693,-0.04084948823,-0.00667476058,0.06401028112,-0.2147920132,0.04484367371
jpeg_q95,0,all,visual_logit_calibrated,138,-0.03672739991,0.4927273777,-0.08093691026,-0.7572074396,-0.3695712784,0.2498819804,0.7964401003,0.6194532588,-1.575196724,1.772389691,-0.03914759134,0.4912699609,-0.07822371759,-0.7555317737,-0.3654615886,0.2411005984,0.7947277204,0.6065621871,-1.574235463,1.751818203,-0.002420191425,0.007297620465,-0.002612634047,-0.0123806404,-0.007440100876,0.002213502815,0.009210582836,0.009653603691,-0.0205714878,0.02638766023
jpeg_q95,0,all,dsp_logit_calibrated,138,-0.04701719408,0.2489506721,-0.05386161585,-0.405729263,-0.1830555887,0.08016793624,0.3878138431,0.2632235249,-0.7160031211,0.857511447,-0.095347784,0.2370678505,-0.09695320253,-0.4491218534,-0.212547031,0.03606541093,0.3067821754,0.248612442,-0.7206553837,0.7559236762,-0.04833058992,0.03179105096,-0.04489227445,-0.1064018102,-0.07098945548,-0.02765486653,-0.004518774188,0.04333458895,-0.1454129468,0.03035890693
jpeg_q95,0,all,visual_contribution,138,-0.03317935031,0.4451274611,-0.07311800196,-0.6840574328,-0.3338688538,0.2257421376,0.7195000233,0.5596109914,-1.423024882,1.601168027,-0.0353657392,0.443810838,-0.0706669172,-0.6825436445,-0.3301561805,0.2178090808,0.7179530678,0.5479652613,-1.422156483,1.582583847,-0.002186388889,0.006592634013,-0.002360240596,-0.01118460892,-0.006721350107,0.001999667428,0.008320794699,0.008721017535,-0.01858417971,0.02383848094
jpeg_q95,0,all,dsp_contribution,138,-0.03924753115,0.2078111944,-0.0449609018,-0.3386818844,-0.1528053739,0.06692006268,0.3237270149,0.2197254365,-0.5976825148,0.7158063744,-0.07959141748,0.1978920271,-0.08093153815,-0.3749037831,-0.1774233105,0.03010554684,0.2560859537,0.2075288573,-0.601565984,0.6310061374,-0.04034388633,0.02653753137,-0.03747375773,-0.08881874898,-0.05925833984,-0.02308485772,-0.003772039871,0.03617348212,-0.1213832358,0.02534205132
jpeg_q95,0,all,fusion_logit,138,-0.0549886114,0.509802309,-0.1017197864,-0.8057445843,-0.3643654545,0.2720290985,0.7522188885,0.636394553,-1.503746513,1.521055246,-0.09751888661,0.5005229522,-0.1575542661,-0.8331112498,-0.4165950743,0.2304588722,0.6695500187,0.6470539465,-1.528338868,1.441028881,-0.04253027521,0.0274752765,-0.03694511179,-0.09184449888,-0.06061407606,-0.02502815698,-0.007402822346,0.03558591908,-0.1231809618,0.03896181975
jpeg_q95,0,all,fusion_probability,138,0.4862691112,0.1196519091,0.4745920174,0.3088207379,0.4099032285,0.5675893711,0.6796016623,0.1576861426,0.1818674093,0.8206938183,0.4762750034,0.1176815267,0.4606927496,0.3030158569,0.3973322002,0.557358059,0.6613821915,0.1600258588,0.1782368592,0.808613929,-0.009994107835,0.006519379465,-0.00887238207,-0.02271182133,-0.01361184731,-0.005633435135,-0.001703199317,0.007978412179,-0.0307807642,0.009384265637
jpeg_q95,0,all,visual_calibrated_probability,138,0.490705221,0.114583227,0.479776814,0.3193160832,0.4086446227,0.5621470335,0.6892101715,0.1535024108,0.1714768191,0.8547546008,0.4901408172,0.1143315196,0.4804541093,0.3196682616,0.4096381178,0.5599842706,0.6888434548,0.1503461527,0.171613431,0.8521819838,-0.0005644037675,0.001690934891,-0.0006231668006,-0.002838181194,-0.001823878404,0.0005167347042,0.002242943654,0.002340613108,-0.004843495536,0.005471192236
jpeg_q95,0,authentic,visual_logit_raw,69,-0.07356227975,0.2289250265,-0.09622300416,-0.4184378743,-0.2105138898,0.03965314478,0.3195847869,0.2501670346,-0.8537579775,0.4747428894,-0.07430577394,0.2282117406,-0.1020233482,-0.4162024796,-0.2103015482,0.03937269747,0.3180428147,0.2496742457,-0.8532369733,0.4730427563,-0.0007434941921,0.003781213269,-0.001041851938,-0.006039808629,-0.003047794104,0.001749239862,0.005203303695,0.004797033966,-0.007299661636,0.01430213451
jpeg_q95,0,authentic,dsp_logit_raw,69,-0.1292529252,0.3539111459,-0.1292729527,-0.5995092869,-0.3150128424,0.03001282923,0.4172482193,0.3450256716,-1.057620764,1.211273909,-0.184323986,0.342304726,-0.1888702363,-0.6527850151,-0.3781612217,-0.0221457649,0.3719040215,0.3560154568,-1.064492702,1.0727911,-0.05507106083,0.03938253976,-0.04729223251,-0.1289144039,-0.07811671495,-0.03334903717,-0.001700210571,0.04476767778,-0.1562290341,0.04484367371
jpeg_q95,0,authentic,visual_logit_calibrated,69,-0.1357235483,0.4223702281,-0.1775329366,-0.7720243747,-0.3884013951,0.07316066776,0.5896388936,0.4615620628,-1.575196724,0.8759080017,-0.1370953066,0.4210542046,-0.1882346615,-0.7679000368,-0.3880096216,0.07264323813,0.5867939311,0.4606528597,-1.574235463,0.8727712298,-0.001371758328,0.006976397188,-0.001922233001,-0.01114354069,-0.005623227441,0.003227374704,0.009600176102,0.008850602145,-0.01346798905,0.02638766023
jpeg_q95,0,authentic,dsp_logit_calibrated,69,-0.08750348047,0.2395957925,-0.08751703896,-0.405864309,-0.2132618667,0.02031851126,0.2824746237,0.233580378,-0.7160031211,0.8200254087,-0.1247862691,0.2317383136,-0.1278640542,-0.441931668,-0.2560129531,-0.01499255436,0.2517768649,0.2410203988,-0.7206553837,0.7262733504,-0.03728278868,0.02666175093,-0.03201656704,-0.08727430353,-0.05288456281,-0.02257710468,-0.001151032693,0.03030745813,-0.1057661497,0.03035890693
jpeg_q95,0,authentic,visual_contribution,69,-0.1226119781,0.3815671622,-0.1603823715,-0.6974429783,-0.3508798875,0.06609298318,0.5326768423,0.4169728707,-1.423024882,0.7912909299,-0.1238512177,0.3803782732,-0.1700502564,-0.6937170719,-0.3505259613,0.06562553983,0.5301067172,0.4161515011,-1.422156483,0.7884571858,-0.001239239647,0.006302442502,-0.001736535727,-0.01006701921,-0.005079995687,0.002915594247,0.008672751317,0.007995589934,-0.01216691429,0.02383848094
jpeg_q95,0,authentic,dsp_contribution,69,-0.07304339705,0.2000022229,-0.07305471498,-0.3387946138,-0.1780200184,0.01696084633,0.2357952619,0.1949808648,-0.5976825148,0.684514961,-0.1041651481,0.1934432043,-0.1067343245,-0.3689017868,-0.2137064227,-0.01251501191,0.2101703545,0.2011914108,-0.601565984,0.6062555731,-0.03112175106,0.02225585598,-0.02672578057,-0.07285209195,-0.04414530826,-0.01884620375,-0.0009608227871,0.02529910452,-0.08828813235,0.02534205132
jpeg_q95,0,authentic,fusion_logit,69,-0.1782171051,0.4354295297,-0.2420125523,-0.7871335114,-0.4065559612,0.04298183947,0.5502682916,0.4495378007,-1.503746513,0.9259335516,-0.2105780958,0.4276242832,-0.270429113,-0.8037971632,-0.4365110648,-0.01837053365,0.4958708503,0.4181405312,-1.528338868,0.8968875696,-0.03236099071,0.02299382924,-0.02904598198,-0.07137652808,-0.04481893271,-0.01928281824,-0.0008989219413,0.02553611448,-0.09090707382,0.03896181975
jpeg_q95,0,authentic,fusion_probability,69,0.4571993933,0.1031023799,0.4397904486,0.3127891154,0.3997382238,0.5107438059,0.6341978254,0.111005582,0.1818674093,0.7162495635,0.4494396007,0.1010995803,0.4328017515,0.3092345684,0.3925726259,0.4954074957,0.6214652907,0.1028348698,0.1782368592,0.7103094775,-0.007759792599,0.005649231676,-0.006999970224,-0.01652925764,-0.01084769632,-0.004484332029,-0.0001951190914,0.00636336429,-0.02258928023,0.009384265637
jpeg_q95,0,authentic,visual_calibrated_probability,69,0.4675510098,0.09947630564,0.455732972,0.3164156174,0.4041021915,0.5182820132,0.6432749293,0.1141798217,0.1714768191,0.7059735415,0.4672069231,0.09918152169,0.4530797937,0.3172447345,0.4041965355,0.5181528275,0.6426272357,0.113956292,0.171613431,0.7053220059,-0.0003440867359,0.001627860481,-0.0004797683068,-0.002767604537,-0.001385015579,0.000796240917,0.002205274541,0.002181256496,-0.003306797154,0.005471192236
jpeg_q95,0,ai_edited,visual_logit_raw,69,0.03374971514,0.2923015753,0.008493877947,-0.3659170449,-0.1595104486,0.2501013875,0.4577107489,0.4096118361,-0.7344682813,0.960636735,0.03186971767,0.2916172323,0.0056482777,-0.3653966725,-0.1647064984,0.253786087,0.4583421767,0.4184925854,-0.7321778536,0.9494869709,-0.00187999747,0.004070163857,-0.002429850399,-0.00865868032,-0.004394859076,0.000806061551,0.004310667515,0.005200920627,-0.01114976406,0.01081257313
jpeg_q95,0,ai_edited,dsp_logit_raw,69,-0.009646918274,0.3740686339,-0.01258756407,-0.5493956208,-0.1726201028,0.1545945257,0.5913974285,0.3272146285,-0.9926370382,1.266645193,-0.09735578093,0.3550230878,-0.1098246723,-0.6212144375,-0.2788843215,0.06711934507,0.4798246086,0.3460036665,-1.011807799,1.116588116,-0.08770886266,0.04849037472,-0.07598724961,-0.1696326304,-0.1184558868,-0.05042800307,-0.01961641312,0.06802788377,-0.2147920132,-9.58442688e-05
jpeg_q95,0,ai_edited,visual_logit_calibrated,69,0.06226874843,0.5393009447,0.01567133669,-0.675122629,-0.2942992542,0.461440943,0.8444834381,0.7557401971,-1.355105382,1.772389691,0.05880012391,0.5380383213,0.01042116005,-0.6741625338,-0.3038860467,0.4682392708,0.8456484321,0.7721253176,-1.350879508,1.751818203,-0.003468624522,0.007509515508,-0.004483111713,-0.01597539962,-0.008108583228,0.001487196076,0.007953248492,0.009595779305,-0.0205714878,0.01994936531
jpeg_q95,0,ai_edited,dsp_logit_calibrated,69,-0.006530907703,0.2532422949,-0.008521707843,-0.3719376479,-0.1168628081,0.104659597,0.400372628,0.2215224051,-0.6720095159,0.857511447,-0.06590929886,0.2403485707,-0.074350666,-0.4205585701,-0.1888030676,0.0454394072,0.3248384762,0.2342424748,-0.6849880099,0.7559236762,-0.05937839116,0.03282770236,-0.05144292713,-0.1148403066,-0.08019394814,-0.03413946551,-0.01328019787,0.04605448263,-0.1454129468,-6.488601392e-05
jpeg_q95,0,ai_edited,visual_contribution,69,0.05625327746,0.4872017897,0.01415740758,-0.6099024234,-0.2658684817,0.4168634516,0.7629021355,0.6827319333,-1.224195459,1.601168027,0.05311973933,0.486061142,0.00941442413,-0.6090350782,-0.2745291424,0.4230050271,0.7639545853,0.6975341695,-1.220377825,1.582583847,-0.003133538132,0.00678405894,-0.004050020812,-0.01443209652,-0.007325253737,0.001343525535,0.007184925109,0.008668779272,-0.01858417971,0.01802215734
jpeg_q95,0,ai_edited,dsp_contribution,69,-0.005451665258,0.21139362,-0.007113482643,-0.3104743851,-0.09755105106,0.08736443918,0.3342104414,0.1849154902,-0.5609589199,0.7158063744,-0.05501768684,0.2006306033,-0.06206410521,-0.3510606258,-0.1576030731,0.03793047596,0.2711584233,0.1955335491,-0.571792698,0.6310061374,-0.04956602159,0.02740287455,-0.04294190507,-0.09586277106,-0.06694177608,-0.02849786684,-0.01108562495,0.03844390924,-0.1213832358,-5.416350129e-05
jpeg_q95,0,ai_edited,fusion_logit,69,0.06823988227,0.5506385383,0.03072463958,-0.773672861,-0.3365412279,0.4564033547,0.954817918,0.7929445826,-1.237550091,1.521055246,0.01554032255,0.5439920651,-0.0451991993,-0.8400338208,-0.3941549891,0.3753629034,0.9028554659,0.7695178925,-1.295949276,1.441028881,-0.05269955972,0.02796956377,-0.0474591899,-0.1020441223,-0.06830692749,-0.03273074952,-0.01470626673,0.03557617797,-0.1231809618,0.003357456737
jpeg_q95,0,ai_edited,fusion_probability,69,0.5153388292,0.1284470495,0.5076805557,0.3161583106,0.4166498981,0.6121606059,0.721818467,0.1955107078,0.2248627158,0.8206938183,0.5031104061,0.1273536846,0.4887021235,0.3020618739,0.4027174731,0.5927542066,0.7113772017,0.1900367335,0.2148475365,0.808613929,-0.01222842307,0.006601869063,-0.01124641416,-0.0251886191,-0.01580579339,-0.007689214967,-0.003658895751,0.008116578428,-0.0307807642,0.0007633820001
jpeg_q95,0,ai_edited,visual_calibrated_probability,69,0.5138594321,0.1243711038,0.503917754,0.3375811489,0.4269516658,0.6133559521,0.6994066403,0.1864042864,0.2050369576,0.8547546008,0.5130747113,0.1242225938,0.5026052664,0.3378021967,0.4246077827,0.6149669308,0.6996506808,0.1903591481,0.2057266203,0.8521819838,-0.0007847207991,0.001735549767,-0.0009925171085,-0.003217396377,-0.001900102712,0.0003717649357,0.001977401161,0.002271867648,-0.004843495536,0.004939550056
jpeg_q95,1,all,visual_logit_raw,136,-0.03052490478,0.8190583366,-0.1243402585,-1.155794173,-0.5205231607,0.4902805462,1.495759994,1.010803707,-2.030059099,2.352267981,-0.03602629889,0.819347069,-0.1371715367,-1.150424421,-0.5350986272,0.4843016416,1.481611311,1.019400269,-2.04227066,2.344154596,-0.005501394109,0.0138957876,-0.006071746349,-0.0232860744,-0.01459302008,0.002627164125,0.01768428832,0.01722018421,-0.04561716318,0.03891849518
jpeg_q95,1,all,dsp_logit_raw,136,-0.02268282902,0.3475943267,0.02978979051,-0.7300165594,-0.1673988402,0.1826856695,0.4239986688,0.3500845097,-1.409158707,0.6256977916,-0.08495395245,0.3340883674,-0.05343023315,-0.7692161798,-0.2211429477,0.1273542345,0.3854771852,0.3484971821,-1.407045603,0.5731032491,-0.06227112342,0.04547586307,-0.06199422851,-0.1334470576,-0.09159033187,-0.02978974581,-7.206946611e-05,0.06180058606,-0.2094655037,0.05530166626
jpeg_q95,1,all,visual_logit_calibrated,136,-0.01327667631,0.3562459077,-0.05408126173,-0.5027077146,-0.2263993144,0.2132454191,0.6505743888,0.4396447335,-0.8829654913,1.023108861,-0.01566948406,0.3563714907,-0.05966217108,-0.5003721637,-0.232738851,0.2106449202,0.6444204802,0.4433837712,-0.8882768574,1.019579979,-0.002392807753,0.00604391317,-0.002640880012,-0.01012817811,-0.006347171445,0.001142673759,0.007691705297,0.007489845204,-0.01984098932,0.01692743242
jpeg_q95,1,all,dsp_logit_calibrated,136,-0.01910982478,0.2928411915,0.02509729612,-0.6150241895,-0.1410301379,0.1539089825,0.3572103047,0.2949391203,-1.187187716,0.5271377371,-0.07157198707,0.2814626939,-0.04501389101,-0.6480490771,-0.1863084617,0.1072933673,0.3247567338,0.2936018289,-1.185407468,0.4828278986,-0.05246216229,0.03831249506,-0.05222888393,-0.1124264476,-0.07716300254,-0.02509725846,-6.071706788e-05,0.05206574408,-0.1764704512,0.04659053556
jpeg_q95,1,all,visual_contribution,136,-0.01213255261,0.3255462525,-0.04942078408,-0.4593866456,-0.2068892492,0.1948688968,0.5945108411,0.401758146,-0.8068755332,0.9349419836,-0.01431915905,0.3256610132,-0.05452075599,-0.4572523619,-0.2126824733,0.1924924971,0.5888872483,0.4051749704,-0.8117291899,0.9317172049,-0.002186606442,0.005523076168,-0.00241330096,-0.00925537769,-0.00580020102,0.001044203322,0.007028869049,0.006844404342,-0.01813118292,0.01546870313
jpeg_q95,1,all,dsp_contribution,136,-0.01710867429,0.2621753271,0.02246914714,-0.5506198334,-0.1262616859,0.1377918783,0.319803809,0.2640535642,-1.062867304,0.4719367106,-0.06407708228,0.2519883677,-0.04030010785,-0.5801864072,-0.1667985355,0.0960577763,0.2907487245,0.2628563118,-1.061273481,0.432266928,-0.04696840799,0.03430047144,-0.04675955817,-0.1006533286,-0.06908261549,-0.02246911342,-5.435887298e-05,0.04661350207,-0.1579907459,0.04171164869
jpeg_q95,1,all,fusion_logit,136,-0.02118315661,0.4333239881,-0.0006089186785,-0.7949971441,-0.276199624,0.2777355483,0.6624392347,0.5539351723,-1.300937787,1.089126033,-0.07033817105,0.429987293,-0.0433961203,-0.8500506817,-0.3258862888,0.2456555208,0.6009790127,0.5715418096,-1.302145532,1.039305429,-0.04915501444,0.03594147666,-0.04855787,-0.1031871362,-0.06970332297,-0.02600618154,-0.0004640825913,0.04369714143,-0.1657393119,0.05251992279
jpeg_q95,1,all,fusion_probability,136,0.4954039025,0.1030679602,0.4998477705,0.3110978586,0.431385896,0.5689906637,0.6598081058,0.1376047677,0.2140072313,0.7482171122,0.4835321175,0.1022670034,0.4891526734,0.2994238002,0.4192419632,0.5611068803,0.6458787834,0.1418649171,0.2138041488,0.7387159659,-0.01187178497,0.008624699626,-0.01172902522,-0.02551127972,-0.01671673219,-0.006157349576,-9.550050724e-05,0.01055938261,-0.04068006509,0.01262579291
jpeg_q95,1,all,visual_calibrated_probability,136,0.4963354885,0.08611406761,0.4864830703,0.3769265083,0.4436415506,0.5531102259,0.6571233796,0.1094686754,0.2925636334,0.7355777254,0.4957568976,0.08614104791,0.4850891566,0.3774748349,0.4420771343,0.5524673318,0.6557284589,0.1103901975,0.2914655515,0.7348907765,-0.0005785909437,0.001456146189,-0.0006437589969,-0.002428440128,-0.001551381785,0.0002702066933,0.001866839799,0.001821588479,-0.004954563871,0.004230478232
jpeg_q95,1,authentic,visual_logit_raw,68,-0.1655100617,0.8255105674,-0.3239196688,-1.281302744,-0.6911540627,0.2805438824,1.406621081,0.9716979451,-1.990869761,2.337252378,-0.1704659512,0.8247702425,-0.3353901505,-1.261922085,-0.6818321198,0.2715179287,1.38327685,0.9533500485,-2.013430834,2.316457033,-0.004955889548,0.01262092348,-0.004960522056,-0.02253146023,-0.01177348942,0.002021662891,0.01550479531,0.01379515231,-0.03171241283,0.03549993038
jpeg_q95,1,authentic,dsp_logit_raw,68,-0.07471309986,0.345741493,-0.05325439945,-0.776497823,-0.2032164037,0.1351957358,0.3289934292,0.3384121396,-1.409158707,0.5521582961,-0.1202937032,0.3372917814,-0.08164445125,-0.7846547186,-0.2534930706,0.08939055353,0.3086414129,0.3428836241,-1.407045603,0.5421661735,-0.04558060335,0.03823390988,-0.04816818237,-0.1004641628,-0.0673659686,-0.01620930154,0.009264840186,0.05115666706,-0.1611442566,0.05530166626
jpeg_q95,1,authentic,visual_logit_calibrated,68,-0.07198789089,0.3590522778,-0.1408874695,-0.5572971286,-0.3006144928,0.1220213574,0.6118038012,0.4226358503,-0.8659202566,1.016577889,-0.07414343377,0.3587302767,-0.1458765063,-0.5488675942,-0.2965599538,0.1180955576,0.6016503282,0.4146555114,-0.8757330986,1.007533043,-0.002155542886,0.005489416491,-0.002157557775,-0.00979996191,-0.005120828684,0.0008793135965,0.006743744168,0.006000142281,-0.01379317784,0.01544054234
jpeg_q95,1,authentic,dsp_logit_calibrated,68,-0.06294427585,0.2912802166,-0.04486575467,-0.6541837142,-0.1712057109,0.1138996736,0.2771703115,0.2851053845,-1.187187716,0.4651821992,-0.1013450125,0.2841615054,-0.06878379923,-0.6610557339,-0.2135627861,0.07530973378,0.2600241493,0.2888725198,-1.185407468,0.4567640379,-0.03840073663,0.03221129594,-0.04058071964,-0.08463902565,-0.05675446633,-0.01365600878,0.007805440511,0.04309845755,-0.1357607777,0.04659053556
jpeg_q95,1,authentic,visual_contribution,68,-0.06578430122,0.3281107823,-0.1287464269,-0.5092717918,-0.2747089004,0.1115061107,0.5590813267,0.3862150111,-0.7912991795,0.9289738214,-0.0677540892,0.3278165298,-0.1333055312,-0.5015686764,-0.2710037631,0.1079186185,0.549802834,0.3789223816,-0.8002663953,0.920708419,-0.001969787984,0.005016363496,-0.00197162924,-0.008955445676,-0.004679538912,0.0008035383421,0.006162598906,0.005483077255,-0.01260454438,0.01410994649
jpeg_q95,1,authentic,dsp_contribution,68,-0.05635285127,0.260777815,-0.04016748411,-0.5856786348,-0.1532773208,0.1019722807,0.2481454768,0.2552496015,-1.062867304,0.4164690583,-0.09073232376,0.2544045639,-0.06158086904,-0.5918310275,-0.1911988304,0.06742341808,0.2327948334,0.2586222484,-1.061273481,0.4089324335,-0.03437947249,0.0288381802,-0.03633117114,-0.07577576134,-0.05081122877,-0.01222597323,0.00698806718,0.03858525554,-0.1215441247,0.04171164869
jpeg_q95,1,authentic,fusion_logit,68,-0.1140790822,0.4239094004,-0.07963202193,-0.7965195802,-0.3172412938,0.1069353885,0.5426578426,0.4241766823,-1.300937787,1.059165473,-0.1504283427,0.4233095789,-0.1346455944,-0.8466671017,-0.3672031776,0.04356946497,0.5477748808,0.4107726425,-1.302145532,1.039305429,-0.03634926047,0.03000924806,-0.03974648909,-0.07901364638,-0.05386568266,-0.01934345576,0.006333414396,0.0345222269,-0.125049117,0.04446502971
jpeg_q95,1,authentic,fusion_probability,68,0.4729680001,0.1000105923,0.4801025144,0.3107750311,0.4213482208,0.5267082795,0.6323295748,0.1053600587,0.2140072313,0.7425310337,0.4641319988,0.09995025304,0.4663895045,0.3001476517,0.409217008,0.5108906065,0.6335659846,0.1016735985,0.2138041488,0.7387159659,-0.008836001216,0.007191020416,-0.009718601979,-0.01847236005,-0.01337267468,-0.00420229488,0.001570548199,0.009170379798,-0.03123835665,0.01052700502
jpeg_q95,1,authentic,visual_calibrated_probability,68,0.4818840621,0.08671078251,0.4648365224,0.3641739752,0.4254076709,0.5304595603,0.6483089364,0.1050518894,0.2961039203,0.734305478,0.4813671833,0.08663696233,0.4635957394,0.3661272102,0.4263992411,0.5294803329,0.6460020414,0.1030810918,0.2940627654,0.7325370844,-0.0005168788285,0.001311017086,-0.000539190779,-0.002382265624,-0.00126885685,0.0002117599298,0.001629771561,0.00148061678,-0.003126342736,0.003774004817
jpeg_q95,1,ai_edited,visual_logit_raw,68,0.1044602521,0.7957840849,0.01622030139,-0.9843371898,-0.4140267521,0.609173879,1.540512091,1.023200631,-2.030059099,2.352267981,0.09841335345,0.7973365462,0.01175896823,-1.00025261,-0.4352086037,0.6138127148,1.536302531,1.049021319,-2.04227066,2.344154596,-0.00604689867,0.01513856226,-0.007693141699,-0.0259399116,-0.01626553386,0.003680557013,0.01718133241,0.01994609088,-0.04561716318,0.03891849518
jpeg_q95,1,ai_edited,dsp_logit_raw,68,0.02934744181,0.3441143037,0.06882532686,-0.65722,-0.09461008757,0.2433495522,0.5239203021,0.3379596397,-1.193677902,0.6256977916,-0.04961420169,0.3295377797,-0.04224857688,-0.6979196429,-0.1793153882,0.1593719423,0.4072232008,0.3386873305,-1.220600128,0.5731032491,-0.0789616435,0.04625667856,-0.07846605591,-0.1564902827,-0.1062510693,-0.04764670134,-0.01160097718,0.05860436801,-0.2094655037,0.05188754201
jpeg_q95,1,ai_edited,visual_logit_calibrated,68,0.04543453827,0.3461228719,0.007054950464,-0.4281332355,-0.1800791586,0.2649575638,0.6700391214,0.4450367225,-0.8829654913,1.023108861,0.04280446565,0.3467981083,0.005114512759,-0.4350555794,-0.1892921141,0.2669752055,0.6682081912,0.4562673196,-0.8882768574,1.019579979,-0.00263007262,0.006584452673,-0.003346098959,-0.01128245321,-0.007074624135,0.001600842474,0.007472946781,0.008675466609,-0.01984098932,0.01692743242
jpeg_q95,1,ai_edited,dsp_logit_calibrated,68,0.02472462629,0.2899093425,0.05798394616,-0.5536945603,-0.07970708566,0.2050170769,0.4413922603,0.2847241626,-1.005649495,0.5271377371,-0.04179896167,0.2776289158,-0.03559357171,-0.5879831865,-0.1510695886,0.1342676387,0.3430773122,0.2853372273,-1.028330926,0.4828278986,-0.06652358796,0.03897031633,-0.06610606544,-0.1318398988,-0.08951437741,-0.04014138241,-0.009773588692,0.049372995,-0.1764704512,0.04371420492
jpeg_q95,1,ai_edited,visual_contribution,68,0.041519196,0.3162955739,0.006446986857,-0.3912386566,-0.1645607542,0.2421247237,0.6122981913,0.4066854778,-0.8068755332,0.9349419836,0.0391157711,0.3169126215,0.004673767265,-0.3975644643,-0.1729797789,0.2439684942,0.6106250424,0.4169482731,-0.8117291899,0.9317172049,-0.0024034249,0.006017034429,-0.00305774734,-0.0103101826,-0.00646496514,0.001462889136,0.006828962149,0.007927854276,-0.01813118292,0.01546870313
jpeg_q95,1,ai_edited,dsp_contribution,68,0.0221355027,0.2595504966,0.05191195942,-0.4957125455,-0.07136028626,0.1835480143,0.3951703639,0.2549083005,-0.9003394775,0.4719367106,-0.0374218408,0.2485560568,-0.03186626942,-0.5264105212,-0.1352498213,0.1202073449,0.307150801,0.2554571661,-0.920645745,0.432266928,-0.0595573435,0.03488940671,-0.05918354327,-0.118033834,-0.080140574,-0.03593784061,-0.008750114009,0.04420273339,-0.1579907459,0.03913652282
jpeg_q95,1,ai_edited,fusion_logit,68,0.07171276898,0.4255887717,0.06669919751,-0.7884801414,-0.1365101181,0.355878696,0.6651337283,0.4923888141,-1.06113227,1.089126033,0.009752000577,0.4246484855,0.002526768269,-0.826656238,-0.2111302745,0.3082603279,0.6220886122,0.5193906024,-1.088716179,1.032235841,-0.0619607684,0.03700587995,-0.06185496617,-0.1277644646,-0.08221051684,-0.0410244929,-0.01061279445,0.04118602393,-0.1657393119,0.05251992279
jpeg_q95,1,ai_edited,fusion_probability,68,0.517839805,0.1018856083,0.516667682,0.3124959815,0.4659265179,0.5880408783,0.6604124907,0.1221143604,0.257093136,0.7482171122,0.5029322362,0.1015832688,0.5006316314,0.3043827912,0.447413329,0.5764602827,0.6506820038,0.1290469537,0.2518601073,0.7373491305,-0.01490756873,0.008914217473,-0.01480149197,-0.03075367933,-0.02051026211,-0.009088470896,-0.002622837275,0.01142179122,-0.04068006509,0.01262579291
jpeg_q95,1,ai_edited,visual_calibrated_probability,68,0.510786915,0.08366160989,0.5017637294,0.3946126846,0.4551015597,0.5658516866,0.6614908341,0.1107501269,0.2925636334,0.7355777254,0.5101466119,0.08381550399,0.5012786246,0.3929698582,0.4528178181,0.566349322,0.6610729758,0.113531504,0.2914655515,0.7348907765,-0.000640303059,0.001595579639,-0.0007675337387,-0.002614407256,-0.001718568899,0.000382965089,0.001867926188,0.002101533988,-0.004954563871,0.004230478232
jpeg_q95,2,all,visual_logit_raw,136,0.03740341659,0.2308419857,0.00227053382,-0.3371031657,-0.09394703805,0.1653689891,0.4088575691,0.2593160272,-0.5573038459,0.7906153798,0.03461059881,0.229883052,0.001086070431,-0.3337154016,-0.09387744404,0.1593298502,0.4073700681,0.2532072943,-0.5597002506,0.7888528705,-0.002792817784,0.004949693422,-0.002438191324,-0.01086233556,-0.005631384091,0.0006823576987,0.004695521668,0.006313741789,-0.01722365618,0.008309565485
jpeg_q95,2,all,dsp_logit_raw,136,0.05729120516,0.4758599712,0.09445523471,-0.7659803927,-0.1576985866,0.3726103306,0.7952648252,0.5303089172,-1.851218104,1.327116013,-0.02268422068,0.4779304451,-0.01051051333,-0.7676194757,-0.2277669758,0.2925891876,0.6860905737,0.5203561634,-1.860382795,1.399577618,-0.07997542584,0.04954910761,-0.07716846629,-0.1750444844,-0.1044393327,-0.05732094869,0.00268137455,0.04711838404,-0.2054983974,0.07246160507
jpeg_q95,2,all,visual_logit_calibrated,136,0.06310193872,0.3894450873,0.003830534722,-0.5687144449,-0.1584946184,0.2789879848,0.6897686795,0.4374826031,-0.9402069741,1.333818346,0.05839027779,0.3878273052,0.001832269778,-0.5629990718,-0.1583772089,0.268799574,0.687259171,0.4271767829,-0.9442498611,1.330844881,-0.004711660931,0.008350447084,-0.004113383578,-0.0183254498,-0.009500502526,0.001151180764,0.007921643196,0.01065168329,-0.02905740159,0.01401876459
jpeg_q95,2,all,dsp_logit_calibrated,136,0.05231666361,0.4345414967,0.08625377537,-0.6994710345,-0.1440057664,0.3402569255,0.7262127272,0.4842626919,-1.690478575,1.211883775,-0.0207145711,0.4364321933,-0.009597895323,-0.7009677974,-0.2079901831,0.2671839432,0.6265179734,0.4751741263,-1.698847504,1.278053607,-0.07303123471,0.04524680513,-0.07046800082,-0.1598455362,-0.09537096354,-0.05234382454,0.002448553316,0.043027139,-0.1876551645,0.06616983195
jpeg_q95,2,all,visual_contribution,136,0.05843142615,0.3606201698,0.003547016324,-0.5266208418,-0.1467635825,0.2583385893,0.638715204,0.4051021718,-0.8706172186,1.235095304,0.05406850049,0.3591221285,0.001696653675,-0.5213284941,-0.1466548631,0.2489042774,0.6363914376,0.3955591405,-0.8743608698,1.232341921,-0.004362925662,0.007732385756,-0.003808930021,-0.01696908508,-0.008797319433,0.001065975708,0.007335319941,0.009863295141,-0.02690670762,0.01298116071
jpeg_q95,2,all,dsp_contribution,136,0.04800072559,0.3986933742,0.07913814677,-0.6417671707,-0.1321258047,0.3121869436,0.6663027693,0.4443127482,-1.551020126,1.111907689,-0.01900569292,0.4004280951,-0.008806103217,-0.6431404561,-0.1908317354,0.2451422215,0.5748324768,0.4359739569,-1.558698649,1.172618746,-0.06700641851,0.0415141052,-0.06465464228,-0.14665885,-0.08750319945,-0.04802564584,0.002246556407,0.03947755361,-0.1721742832,0.06071105699
jpeg_q95,2,all,fusion_logit,136,0.1212765201,0.5350310475,0.1204903174,-0.6470169729,-0.2236718383,0.4738807715,0.9844842134,0.6975526098,-1.569573506,1.458898074,0.04990717594,0.534977267,0.03920723179,-0.7209743426,-0.3303803247,0.3902145652,0.9132072853,0.7205948899,-1.579886272,1.503432214,-0.07136934418,0.04149907966,-0.06764768221,-0.151417085,-0.09147671914,-0.04869582294,-0.00992898777,0.0427808962,-0.1862531308,0.04453413987
jpeg_q95,2,all,fusion_probability,136,0.5290269975,0.1247125191,0.5300861796,0.3436750234,0.4443211824,0.6162995932,0.7279921229,0.1719784108,0.1722772004,0.8113640803,0.512088515,0.1249435111,0.509800415,0.3271884092,0.4181503493,0.5963341301,0.7136554781,0.1781837808,0.1708115892,0.8180858209,-0.01693848254,0.009784159961,-0.01599260828,-0.03554603974,-0.02240141558,-0.01166210963,-0.00178987821,0.01073930595,-0.04122785431,0.006721740636
jpeg_q95,2,all,visual_calibrated_probability,136,0.5146881232,0.09284046993,0.5009576236,0.3615354697,0.4604590849,0.5692963196,0.6659126345,0.1088372347,0.2808585367,0.7914715326,0.5135524299,0.09245006033,0.500458067,0.3628623017,0.4604882593,0.5667981692,0.6653559821,0.1063099098,0.2800426903,0.7909803536,-0.001135693294,0.002027572627,-0.001025122643,-0.004514941193,-0.002341959006,0.0002854422833,0.001969527192,0.00262740129,-0.007063061942,0.003465681435
jpeg_q95,2,authentic,visual_logit_raw,68,-0.007911921636,0.2344493328,-0.02678519767,-0.3819719896,-0.1433360614,0.1309623159,0.3594548494,0.2742983773,-0.5573038459,0.7906153798,-0.0106175105,0.2332940974,-0.02930377237,-0.3775473148,-0.1459421441,0.1308013648,0.3573533446,0.2767435089,-0.5597002506,0.7888528705,-0.002705588868,0.005044972412,-0.00260745734,-0.01028552428,-0.00634560734,0.0003601275384,0.005812978186,0.006705734879,-0.01570102572,0.008309565485
jpeg_q95,2,authentic,dsp_logit_raw,68,0.01088961291,0.5097873342,0.03161885496,-0.701426217,-0.2001229525,0.2945714965,0.7284450471,0.494694449,-1.851218104,1.327116013,-0.05164241724,0.5131191242,-0.04124820977,-0.7411701918,-0.2592850775,0.2235079743,0.6899574041,0.4827930517,-1.860382795,1.399577618,-0.06253203014,0.04481450242,-0.0639243722,-0.1280176527,-0.08504240215,-0.04565092921,0.009154692292,0.03939147294,-0.190533638,0.07246160507
jpeg_q95,2,authentic,visual_logit_calibrated,68,-0.01334791417,0.3955309108,-0.0451883292,-0.6444109998,-0.2418170367,0.2209417425,0.6064231545,0.4627587792,-0.9402069741,1.333818346,-0.01791241438,0.3935819554,-0.04943732464,-0.6369462924,-0.2462136637,0.2206702076,0.6028777825,0.4668838713,-0.9442498611,1.330844881,-0.004564500213,0.008511188791,-0.004398946093,-0.01735233254,-0.0107054425,0.0006075580237,0.009806863295,0.01131300052,-0.02648862734,0.01401876459
jpeg_q95,2,authentic,dsp_logit_calibrated,68,0.009944078042,0.4655229787,0.02887341948,-0.6405220372,-0.1827464644,0.2689941301,0.6651948477,0.4517405945,-1.690478575,1.211883775,-0.04715835464,0.4685654724,-0.03766666645,-0.67681508,-0.2367715976,0.2041009868,0.6300490506,0.4408725844,-1.698847504,1.278053607,-0.05710243268,0.04092330125,-0.05837387898,-0.1169020001,-0.07765825022,-0.0416871019,0.008359798957,0.03597114833,-0.1739897811,0.06616983195
jpeg_q95,2,authentic,visual_contribution,68,-0.01235996353,0.3662555489,-0.04184369884,-0.5967146891,-0.2239188622,0.2045886604,0.5615385278,0.4285075226,-0.8706172186,1.235095304,-0.01658662062,0.3644508462,-0.04577820337,-0.5898024847,-0.2279900713,0.2043372233,0.5582555677,0.4323272946,-0.8743608698,1.232341921,-0.004226657097,0.007881230108,-0.004073356524,-0.01606799344,-0.009913075342,0.0005625893992,0.0090810048,0.01047566474,-0.02452806211,0.01298116071
jpeg_q95,2,authentic,dsp_contribution,68,0.009123727097,0.4271189945,0.02649146543,-0.5876812553,-0.1676705334,0.2468030745,0.610318647,0.4144736079,-1.551020126,1.111907689,-0.0432679587,0.4299104934,-0.03455930091,-0.6209802516,-0.2172387859,0.1872633838,0.5780722528,0.4045021698,-1.558698649,1.172618746,-0.0523916858,0.03754727497,-0.05355824232,-0.1072580024,-0.07125172176,-0.03824806478,0.007670145381,0.03300365698,-0.1596362452,0.06071105699
jpeg_q95,2,authentic,fusion_logit,68,0.01160813194,0.5787879866,0.01083115624,-0.7799140355,-0.3611523563,0.3634890755,0.8178425757,0.7246414319,-1.569573506,1.458898074,-0.04501021096,0.5813849636,-0.06316006274,-0.8773399232,-0.4287443548,0.320039539,0.7864369324,0.7487838937,-1.579886272,1.503432214,-0.0566183429,0.0373388126,-0.05769984561,-0.1087933051,-0.07883388309,-0.03808578399,0.004496848093,0.04074809909,-0.1645343596,0.04453413987
jpeg_q95,2,authentic,fusion_probability,68,0.5036811543,0.1335655202,0.502707761,0.3144320707,0.4106824817,0.5898820284,0.6937387361,0.1791995468,0.1722772004,0.8113640803,0.4901414496,0.13388464,0.4842153792,0.2940873855,0.3944262677,0.5793336521,0.6870574089,0.1849073844,0.1708115892,0.8180858209,-0.01353970473,0.008846990593,-0.0140131589,-0.02658488926,-0.0181954772,-0.008952262814,0.001055768203,0.009243214387,-0.04083253198,0.006721740636
jpeg_q95,2,authentic,visual_calibrated_probability,68,0.4963896532,0.09454897415,0.4887048459,0.3442562566,0.4398393281,0.5550105107,0.647110831,0.1151711827,0.2808585367,0.7914715326,0.4952946012,0.0940760836,0.4876431935,0.3459405045,0.4387558884,0.5549446211,0.6462898664,0.1161887327,0.2800426903,0.7909803536,-0.001095052015,0.002059363657,-0.001078043827,-0.004172256014,-0.002579016559,0.000150807073,0.002324834777,0.002729823632,-0.006490912507,0.003465681435
jpeg_q95,2,ai_edited,visual_logit_raw,68,0.08271875481,0.2196284159,0.03776871599,-0.1975229502,-0.06302529573,0.2073398605,0.4890849352,0.2703651562,-0.3451197743,0.7536631227,0.07983870812,0.2188671354,0.03346550558,-0.1968702041,-0.06402853876,0.1939378083,0.48077185,0.257966347,-0.3504372537,0.7549028397,-0.002880046699,0.004888496912,-0.002438191324,-0.0122590892,-0.005363639444,0.0008406639099,0.003562361188,0.006204303354,-0.01722365618,0.006046012044
jpeg_q95,2,ai_edited,dsp_logit_raw,68,0.1036927974,0.4381912286,0.1152331755,-0.8171281219,-0.08483834751,0.4064216167,0.7948186308,0.4912599642,-1.262051821,0.9150592685,0.006273975877,0.4418719444,0.04345997423,-0.8004173845,-0.1962656379,0.3076125011,0.6545719385,0.503878139,-1.348013401,0.8887448311,-0.09741882153,0.0481757734,-0.09347150847,-0.1849370279,-0.1221528184,-0.06841262989,-0.02656440139,0.05374018848,-0.2054983974,0.04026269913
jpeg_q95,2,ai_edited,visual_logit_calibrated,68,0.1395517916,0.3705270829,0.06371822201,-0.3332337587,-0.1063276757,0.3497955097,0.8251173402,0.4561231854,-0.5822389727,1.271477542,0.13469297,0.3692427544,0.05645843281,-0.3321325346,-0.1080202104,0.3271853967,0.8110926377,0.4352056071,-0.5912098981,1.273569023,-0.00485882165,0.008247204686,-0.004113383578,-0.02068186188,-0.009048800307,0.001418253394,0.006009929517,0.0104670537,-0.02905740159,0.01020000621
jpeg_q95,2,ai_edited,dsp_logit_calibrated,68,0.09468924918,0.4001434957,0.105227587,-0.7461776543,-0.07747191346,0.3711324093,0.7258052754,0.4486043228,-1.152469046,0.8356055314,0.005729212443,0.4035046184,0.03968638548,-0.7309178946,-0.1792240768,0.2809027965,0.5977360717,0.4601268733,-1.230966663,0.8115759519,-0.08896003674,0.04399271623,-0.08535546516,-0.1688791195,-0.1115464039,-0.06247242547,-0.02425783936,0.04907397838,-0.1876551645,0.03676672677
jpeg_q95,2,ai_edited,visual_contribution,68,0.1292228158,0.3431023883,0.05900209501,-0.3085693428,-0.09845779475,0.3239052699,0.7640459851,0.4223630647,-0.5391443469,1.177368677,0.1247236216,0.3419131199,0.0522796417,-0.3075496262,-0.1000250559,0.3029686525,0.751059326,0.4029937084,-0.547451286,1.179305356,-0.004499194227,0.007636784881,-0.003808930021,-0.01915108647,-0.008379050115,0.001313280862,0.005565102434,0.009692330977,-0.02690670762,0.009445049102
jpeg_q95,2,ai_edited,dsp_contribution,68,0.08687772409,0.3671330855,0.09654668669,-0.6846206611,-0.07108075712,0.3405153102,0.6659289308,0.4115960673,-1.057394463,0.7666710576,0.005256572865,0.3702169276,0.03641240033,-0.6706197771,-0.1644387302,0.2577293184,0.5484249793,0.4221680486,-1.129416307,0.7446238326,-0.08162115123,0.04036347417,-0.07831394394,-0.1549471949,-0.1023442237,-0.05731867335,-0.0222566542,0.04502555032,-0.1721742832,0.03373360304
jpeg_q95,2,ai_edited,fusion_logit,68,0.2309449083,0.4662403786,0.1430363428,-0.4959858516,-0.1065413616,0.5222588727,1.023749312,0.6288002343,-0.6102706967,1.29638288,0.1448245628,0.4694432587,0.07110097803,-0.5534577919,-0.1902098682,0.4526832022,0.9319663606,0.6428930704,-0.7965238274,1.208983858,-0.08612034546,0.04042505438,-0.08315311116,-0.1579750457,-0.1084420568,-0.05886270041,-0.02575286133,0.04957935635,-0.1862531308,0.01330126811
jpeg_q95,2,ai_edited,fusion_probability,68,0.5543728407,0.1104301324,0.5356982375,0.3785167832,0.473390281,0.6275950905,0.7357021706,0.1542048095,0.3519974508,0.7852255983,0.5340355804,0.1120354303,0.5177675219,0.365067767,0.4525913678,0.6111903104,0.7174702599,0.1585989426,0.3107695965,0.770119105,-0.02033726035,0.0095483467,-0.01939263221,-0.03631769233,-0.02582389832,-0.01387784829,-0.005597727192,0.01194605003,-0.04122785431,0.003069524567
jpeg_q95,2,ai_edited,visual_calibrated_probability,68,0.5329865933,0.08802375362,0.5159240741,0.4174546259,0.4734431072,0.5865679864,0.695256113,0.1131248792,0.3584175689,0.7809955738,0.5318102587,0.0877190849,0.5141106362,0.4177218814,0.4730212698,0.5810723955,0.6922931762,0.1080511258,0.3563572957,0.7813530936,-0.001176334573,0.002009758463,-0.001025122643,-0.005071820628,-0.002216074844,0.0003227381443,0.00149871345,0.002538812989,-0.007063061942,0.002454004442
jpeg_q95,3,all,visual_logit_raw,136,-0.000258308833,0.2371913706,-0.005991516518,-0.4058033302,-0.1465642378,0.1654620357,0.3606518507,0.3120262735,-0.5847628117,0.7799586058,-0.002415626785,0.2363112291,-0.005502711865,-0.4071616977,-0.1427113451,0.1626112312,0.3547696918,0.3053225763,-0.5793247223,0.7657158375,-0.002157317952,0.004459632567,-0.001711957273,-0.009933895199,-0.004745192913,0.0003549214453,0.004255956272,0.005100114358,-0.01424276829,0.01519846916
jpeg_q95,3,all,dsp_logit_raw,136,0.1006631461,0.3682867115,0.1127804071,-0.488933444,-0.08020190895,0.2757822126,0.7902637869,0.3559841216,-1.342443228,0.9462297559,0.02736445469,0.3545309477,0.05210511386,-0.5527208596,-0.133321166,0.2144280523,0.6928452402,0.3477492183,-1.337619662,0.9272348285,-0.07329869138,0.05123557589,-0.06715049595,-0.1888804473,-0.0932784006,-0.03506559436,-0.009046845837,0.05821280624,-0.255182445,0.02069509029
jpeg_q95,3,all,visual_logit_calibrated,136,-0.0004331386462,0.3977283625,-0.01004672323,-0.6804610709,-0.2457625425,0.2774508379,0.6047499521,0.5232133804,-0.9805447599,1.3078539,-0.004050582799,0.3962525194,-0.009227083489,-0.6827388151,-0.2393019167,0.2726705384,0.5948866025,0.511972455,-0.971426037,1.283971274,-0.003617444153,0.007478022299,-0.002870652339,-0.01665740141,-0.007956856956,0.0005951410664,0.007136492844,0.008551998023,-0.02388262648,0.02548516937
jpeg_q95,3,all,dsp_logit_calibrated,136,0.03320847446,0.1214966979,0.03720592306,-0.1612976985,-0.02645837279,0.09097973709,0.2607056883,0.1174381099,-0.4428680543,0.3121584006,0.009027452749,0.1169587121,0.01718932311,-0.1823409785,-0.04398225875,0.07073918088,0.2285675976,0.1147214396,-0.4412767743,0.3058920302,-0.02418102171,0.0169024651,-0.0221527502,-0.06231110148,-0.03077226875,-0.01156803597,-0.002984527711,0.01920423278,-0.08418393463,0.00682724914
jpeg_q95,3,all,visual_contribution,136,-0.0003998281626,0.3671411031,-0.009274081002,-0.6281302812,-0.2268621991,0.2561135093,0.5582417184,0.4829757084,-0.9051360646,1.207273529,-0.003739073139,0.3657787596,-0.008517475569,-0.6302328558,-0.220898427,0.2517008383,0.5491369087,0.4725992653,-0.8967186162,1.185227593,-0.003339244977,0.006902925752,-0.002649885112,-0.01537636564,-0.007344935679,0.000549371803,0.006587661585,0.007894307482,-0.02204593551,0.023525235
jpeg_q95,3,all,dsp_contribution,136,0.02184453877,0.07992054352,0.02447406097,-0.1061016468,-0.01740432102,0.05984648275,0.1714922353,0.07725080377,-0.2913186631,0.2053378361,0.005938259578,0.07693545586,0.01130713895,-0.1199439191,-0.02893153546,0.04653224228,0.1503517951,0.07546377774,-0.2902719189,0.2012158168,-0.01590627919,0.01111844372,-0.01457208193,-0.04098825056,-0.02024200234,-0.007609455549,-0.001963222712,0.01263254679,-0.05537620302,0.004490965362
jpeg_q95,3,all,fusion_logit,136,0.01538354106,0.3804024856,0.011245795,-0.5944496445,-0.2055751789,0.2916038108,0.6033077621,0.4971789897,-0.8950216645,1.161513212,-0.003861983103,0.3787579783,-0.009964211201,-0.6171267742,-0.2151768936,0.2775798091,0.5814511168,0.4927567027,-0.9017832798,1.122942307,-0.01924552417,0.01268360555,-0.01827798667,-0.04241227161,-0.02434229695,-0.01154425511,-0.0009050605499,0.01279804184,-0.06158295951,0.00827794674
jpeg_q95,3,all,fusion_probability,136,0.5037306035,0.0920950439,0.5028114174,0.3556185095,0.4487864543,0.5723881314,0.6464117603,0.1236016771,0.2900746202,0.7616075646,0.4990810301,0.09176433077,0.4975090171,0.3504352036,0.4464128782,0.5689526735,0.6413964476,0.1225397953,0.2886841707,0.7545340762,-0.004649573387,0.003048455632,-0.004503300437,-0.01039005848,-0.006012378287,-0.002741182378,-0.0002262332258,0.003271195909,-0.01455317261,0.001989686801
jpeg_q95,3,all,visual_calibrated_probability,136,0.49978449,0.09563039475,0.4974883526,0.3361594163,0.4388668048,0.5689210687,0.6467422537,0.1300542639,0.2727837048,0.7871538141,0.4989150869,0.09534590846,0.4976932569,0.3356503938,0.440459476,0.5677482146,0.6444848063,0.1272887386,0.274596354,0.7831250168,-0.0008694031094,0.001776320927,-0.0007093782195,-0.003835044087,-0.001809496244,0.0001470780773,0.001744575895,0.001956574321,-0.004691088815,0.006094746264
jpeg_q95,3,authentic,visual_logit_raw,68,-0.04791318503,0.2361946177,-0.04762999155,-0.4141204149,-0.2337621525,0.1142405272,0.333450529,0.3480026796,-0.5847628117,0.5535373092,-0.04975488815,0.235528924,-0.0514205154,-0.4180396333,-0.234839011,0.1079059988,0.3297439486,0.3427450098,-0.5793247223,0.5483047366,-0.001841703114,0.004235323001,-0.001606477425,-0.008997208253,-0.004523882642,0.0009298473597,0.004071998922,0.005453730002,-0.01100751758,0.01058223844
jpeg_q95,3,authentic,dsp_logit_raw,68,0.04215070424,0.3676538716,0.074374035,-0.5473465979,-0.114848651,0.1959483847,0.7365076959,0.3107970357,-1.342443228,0.9444357157,-0.0106637441,0.3650176563,0.01774568809,-0.559404099,-0.1451751664,0.163507998,0.6968858868,0.3086831644,-1.337619662,0.9272348285,-0.05281444835,0.0359312385,-0.05141949654,-0.1083270477,-0.07809495926,-0.03128367662,0.008845932037,0.04681128263,-0.1534318924,0.02069509029
jpeg_q95,3,authentic,visual_logit_calibrated,68,-0.08034201488,0.3960569825,-0.07986714903,-0.6944073643,-0.3919781647,0.1915613443,0.5591381024,0.5835395089,-0.9805447599,0.9281850643,-0.08343022826,0.394940731,-0.08622319328,-0.7009792068,-0.3937838677,0.1809394503,0.5529228167,0.574723318,-0.971426037,0.9194109571,-0.003088213377,0.007101894465,-0.002693781118,-0.01508674155,-0.007585758415,0.001559191073,0.006828028606,0.009144949489,-0.01845767799,0.0177445594
jpeg_q95,3,authentic,dsp_logit_calibrated,68,0.01390539279,0.1212879259,0.02453577439,-0.1805680254,-0.03788823062,0.06464279314,0.2429717127,0.1025310238,-0.4428680543,0.3115665521,-0.003517937671,0.1204182463,0.005854250068,-0.1845457594,-0.04789285846,0.05394080542,0.229900595,0.1018336639,-0.4412767743,0.3058920302,-0.01742333046,0.01185360941,-0.01696313998,-0.03573677295,-0.02576329631,-0.01032039248,0.002918246842,0.01544290383,-0.05061672796,0.00682724914
jpeg_q95,3,authentic,visual_contribution,68,-0.07416332037,0.3655982604,-0.07372497403,-0.6410040363,-0.3618331237,0.1768293385,0.5161376434,0.5386624622,-0.9051360646,0.856803086,-0.07701403501,0.3645678541,-0.07959220734,-0.647070472,-0.3634999593,0.1670243202,0.5104003435,0.5305242795,-0.8967186162,0.8487037507,-0.00285071464,0.006555723991,-0.002486616154,-0.01392649722,-0.007002376434,0.001439281642,0.006302919758,0.008441658076,-0.01703819214,0.01637991586
jpeg_q95,3,authentic,dsp_contribution,68,0.009146969163,0.07978321327,0.01613963555,-0.1187776703,-0.02492288297,0.04252203764,0.1598268239,0.06744492061,-0.2913186631,0.204948518,-0.002314099852,0.07921113788,0.003850926447,-0.1213942242,-0.03150392845,0.03548226874,0.1512286409,0.06698619719,-0.2902719189,0.2012158168,-0.01146106902,0.007797305796,-0.01115835566,-0.02350765384,-0.01694709963,-0.006788755503,0.001919623148,0.01015834412,-0.03329569015,0.004490965362
jpeg_q95,3,authentic,fusion_logit,68,-0.07107752075,0.3764099029,-0.07960232615,-0.6526332931,-0.3618835119,0.2470090295,0.547768516,0.6088925414,-0.8950216645,0.7303289926,-0.08538930441,0.3766609946,-0.1128319678,-0.6769299365,-0.3819177292,0.2313554596,0.5253664558,0.6132731888,-0.9017832798,0.724486587,-0.01431178366,0.009109051684,-0.01385487804,-0.03067168375,-0.01984495101,-0.008218202683,0.0009491800038,0.01162674833,-0.03520722217,0.006233406881
jpeg_q95,3,authentic,fusion_probability,68,0.4828104292,0.09134808437,0.4801100909,0.3424203836,0.4105038534,0.5614401213,0.633543928,0.1509362678,0.2900746202,0.6748774636,0.479351612,0.09138562121,0.4718220025,0.3369922556,0.4056645472,0.5575818702,0.6283515609,0.151917323,0.2886841707,0.673594228,-0.003458817238,0.002181824388,-0.003462110309,-0.007026750048,-0.004796129129,-0.001984327491,0.0002036575716,0.002811801638,-0.008783246639,0.001468031408
jpeg_q95,3,authentic,visual_calibrated_probability,68,0.4804949251,0.09548107328,0.480043832,0.3331123574,0.4032415258,0.5477397721,0.6361354962,0.1444982463,0.2727837048,0.7167069294,0.4797484751,0.09524213014,0.4784580529,0.3316613276,0.4028069281,0.5451060252,0.6347257948,0.1422990971,0.274596354,0.7149220689,-0.0007464500631,0.001706380684,-0.0006646103714,-0.003663420401,-0.001789334455,0.0003762462058,0.001682972589,0.002165580661,-0.00460250783,0.004166184234
jpeg_q95,3,ai_edited,visual_logit_raw,68,0.04739656737,0.230133717,0.05575196631,-0.4013728857,-0.09006152488,0.1927905045,0.3797608867,0.2828520294,-0.4215448201,0.7799586058,0.04492363458,0.2291215626,0.0530770421,-0.4016596273,-0.0991823338,0.1893478408,0.380911684,0.2885301746,-0.4177009761,0.7657158375,-0.002472932791,0.004683302896,-0.00214548409,-0.01018795655,-0.00481615038,-0.0001508761197,0.00436270088,0.00466527426,-0.01424276829,0.01519846916
jpeg_q95,3,ai_edited,dsp_logit_raw,68,0.1591755879,0.3621817596,0.1808290333,-0.3835162699,0.00129617285,0.3491683155,0.7991795212,0.3478721427,-1.221986055,0.9462297559,0.06539265349,0.3421798401,0.08527471125,-0.4526913762,-0.08250112832,0.2375371978,0.5748718143,0.3200383261,-1.233921647,0.9244629145,-0.09378293441,0.05609421549,-0.08417420089,-0.2054899134,-0.117419932,-0.06245711446,-0.02154341042,0.05496281758,-0.255182445,-0.0119355917
jpeg_q95,3,ai_edited,visual_logit_calibrated,68,0.07947573759,0.3858939143,0.0934862774,-0.6730319918,-0.1510173946,0.3232758911,0.6367924568,0.4742932857,-0.7068567907,1.3078539,0.07532906266,0.3841967086,0.08900089826,-0.6735128071,-0.1663113928,0.3175031473,0.6387221423,0.4838145402,-0.7004113381,1.283971274,-0.004146674928,0.007853078243,-0.003597600839,-0.01708341777,-0.008075840194,-0.0002529928129,0.007315484845,0.007822847381,-0.02388262648,0.02548516937
jpeg_q95,3,ai_edited,dsp_logit_calibrated,68,0.05251155613,0.1194826924,0.05965496377,-0.1265208843,0.0004276035934,0.1151895956,0.2636469627,0.114761992,-0.4031295891,0.3121584006,0.02157284317,0.1128841182,0.02813187528,-0.1493415474,-0.02721687847,0.07836281969,0.1896485129,0.1055796982,-0.4070671055,0.304977584,-0.03093871296,0.01850531595,-0.02776882016,-0.06779051526,-0.03873648864,-0.02060441752,-0.007107107443,0.01813207112,-0.08418393463,-0.003937516435
jpeg_q95,3,ai_edited,visual_contribution,68,0.07336366405,0.356216782,0.08629672472,-0.6212725347,-0.1394034172,0.2984143914,0.5878199975,0.4378178087,-0.6524960409,1.207273529,0.06953588874,0.3546500997,0.0821562932,-0.621716373,-0.153521232,0.2930856,0.5896012807,0.446606832,-0.6465462751,1.185227593,-0.003827775313,0.007249138057,-0.003320927711,-0.01576961926,-0.007454768523,-0.0002335364263,0.006752888225,0.007221232096,-0.02204593551,0.023525235
jpeg_q95,3,ai_edited,dsp_contribution,68,0.03454210837,0.0785957304,0.03924104284,-0.08322545393,0.0002812776987,0.07577173079,0.173427006,0.0754904531,-0.2651786955,0.2053378361,0.01419061901,0.07425518747,0.01850515118,-0.0982368891,-0.01790326615,0.05154707287,0.1247508162,0.06945033902,-0.2677687943,0.2006142939,-0.02035148936,0.01217279921,-0.01826633347,-0.04459260965,-0.0254808672,-0.01355358849,-0.00467505619,0.01192727871,-0.05537620302,-0.002590098817
jpeg_q95,3,ai_edited,fusion_logit,68,0.1018446029,0.3670331031,0.135712488,-0.5768891107,-0.1219840591,0.3362282903,0.6694142664,0.4582123494,-0.6305824036,1.161513212,0.0776653382,0.3656378651,0.102940705,-0.5944527754,-0.1508595958,0.3204569843,0.6458240007,0.4713165802,-0.6473378934,1.122942307,-0.02417926468,0.01384787953,-0.02183022233,-0.05089020518,-0.03125123818,-0.01563408751,-0.006841359083,0.01561715066,-0.06158295951,0.00827794674
jpeg_q95,3,ai_edited,fusion_probability,68,0.5246507778,0.088638251,0.5338760979,0.3596517513,0.4695417835,0.5832738652,0.6612799854,0.1137320817,0.3473784913,0.7616075646,0.5188104483,0.08846251032,0.5257122199,0.3556163295,0.4623564853,0.5794355337,0.6559734889,0.1170790484,0.3435896875,0.7545340762,-0.005840329537,0.003329622012,-0.005269809384,-0.01230763056,-0.007549505692,-0.003772000127,-0.001638160411,0.003777505564,-0.01455317261,0.001989686801
jpeg_q95,3,ai_edited,visual_calibrated_probability,68,0.5190740549,0.0924928259,0.5233502456,0.3378195593,0.4623181533,0.5801222624,0.6539676559,0.1178041091,0.3302937462,0.7871538141,0.5180816988,0.09219881462,0.5222301113,0.3377153564,0.4585181103,0.5787155587,0.654397046,0.1201974484,0.3317210352,0.7831250168,-0.0009923561557,0.001848054417,-0.0008614043097,-0.004137426613,-0.001959881282,-6.018317033e-05,0.001674677443,0.001899698112,-0.004691088815,0.006094746264
jpeg_q95,4,all,visual_logit_raw,136,0.008417430669,0.2776611596,0.03431541845,-0.4153323472,-0.1682415195,0.1550301202,0.4447543845,0.3232716396,-0.6808906794,1.081691265,0.007009435931,0.2768178175,0.03201599419,-0.4132932723,-0.1640612707,0.150385499,0.4468460307,0.3144467697,-0.6800680161,1.073546886,-0.001407994738,0.004388173245,-0.001301914454,-0.008447477594,-0.003935929388,0.001125663519,0.004947224632,0.005061592907,-0.01549571753,0.01147729158
jpeg_q95,4,all,dsp_logit_raw,136,-0.04073278052,0.3805097614,-0.0004666855093,-0.6898193955,-0.2370173782,0.1676289216,0.4390302896,0.4046462998,-1.441284776,0.8647292852,-0.1059375414,0.3752183329,-0.05908721313,-0.7748070359,-0.3080063015,0.1145975962,0.3296710998,0.4226038978,-1.542053342,0.7460893393,-0.06520476085,0.04359602242,-0.05692103505,-0.1514178459,-0.09373943508,-0.03110587597,-0.01127010584,0.06263355911,-0.1881337166,0.01815128326
jpeg_q95,4,all,visual_logit_calibrated,136,0.01651800154,0.544870239,0.06733909158,-0.8150302174,-0.3301498743,0.3042243962,0.8727667496,0.6343742705,-1.336150392,2.12266411,0.01375501362,0.543215301,0.06282680096,-0.8110288251,-0.321946735,0.2951099927,0.8768713056,0.6170567277,-1.334536033,2.106681934,-0.002762987919,0.008611161203,-0.002554820561,-0.01657696432,-0.007723697435,0.002208953357,0.009708219441,0.009932650792,-0.03040812523,0.02252254013
jpeg_q95,4,all,dsp_logit_calibrated,136,-0.03144887252,0.2937831109,-0.0003603174863,-0.5325941895,-0.1829958381,0.1294225564,0.3389655072,0.3124183945,-1.112783871,0.6676382192,-0.08179201593,0.2896977168,-0.04561992108,-0.5982112535,-0.2378048045,0.08847825138,0.2545317127,0.3262830559,-1.190585036,0.5760389596,-0.05034314341,0.0336595178,-0.04394746324,-0.1169063459,-0.07237412977,-0.02401615395,-0.008701397676,0.04835797582,-0.1452538519,0.01401420149
jpeg_q95,4,all,visual_contribution,136,0.01507893743,0.4974006222,0.06147244545,-0.7440240046,-0.3013869011,0.2777200756,0.7967304748,0.5791069767,-1.219743691,1.93773558,0.01255666366,0.495889864,0.05735326991,-0.7403712174,-0.2938984272,0.2693997276,0.8004774379,0.5632981548,-1.218269976,1.923145787,-0.002522273766,0.007860948595,-0.002332242148,-0.01513276332,-0.00705080152,0.002016507226,0.008862430069,0.009067308746,-0.02775894025,0.02056035487
jpeg_q95,4,all,dsp_contribution,136,-0.02568015422,0.2398939928,-0.0002942238585,-0.4348995633,-0.1494286112,0.1056823645,0.276788508,0.2551109757,-0.9086640991,0.5451722451,-0.06678877222,0.2365579892,-0.0372517841,-0.4884803816,-0.194183879,0.07224854053,0.2078425429,0.2664324195,-0.972194069,0.470375188,-0.041108618,0.02748529722,-0.03588610794,-0.09546202306,-0.05909842438,-0.01961083142,-0.007105286021,0.03948759296,-0.1186096995,0.01144355351
jpeg_q95,4,all,fusion_logit,136,-0.01229534931,0.5383196277,-0.07883537377,-0.7711399182,-0.3593363896,0.2512177264,0.8940664224,0.610554116,-1.18900778,1.988717919,-0.05592624108,0.5313522197,-0.09862425083,-0.8410467888,-0.3951944331,0.2108831759,0.8377110299,0.6060776089,-1.192962434,1.945242364,-0.04363089177,0.02772208368,-0.04130887212,-0.0968099983,-0.06195121501,-0.02181586595,-0.006599045397,0.04013534905,-0.1213517754,0.00915498251
jpeg_q95,4,all,fusion_probability,136,0.4954002072,0.1238217343,0.4803013737,0.3162428364,0.4111204906,0.5624760265,0.7096889759,0.1513555359,0.2334364404,0.8796074335,0.4852354586,0.1225387288,0.4753644733,0.3013143759,0.4024678072,0.5525256629,0.6979708068,0.1500578557,0.2327295256,0.8749269427,-0.01016474861,0.006375029439,-0.009749586247,-0.02190946738,-0.01397132736,-0.005061636708,-0.00161148809,0.00890969065,-0.02807975154,0.002287315211
jpeg_q95,4,all,visual_calibrated_probability,136,0.5026988629,0.1235952233,0.5168284099,0.3068200787,0.4182045289,0.5754726,0.7051920522,0.1572680711,0.208143838,0.8930865731,0.5020873148,0.1232746134,0.5157015332,0.3076715714,0.420201624,0.5732448993,0.706070689,0.1530432753,0.208410042,0.891550933,-0.0006115480213,0.002020025505,-0.0005967236229,-0.004010583968,-0.001656925351,0.0005394465624,0.002355739603,0.002196371913,-0.006828562831,0.005306721707
jpeg_q95,4,authentic,visual_logit_raw,68,-0.02941081447,0.2711009657,-0.002128664404,-0.4310605377,-0.205009874,0.09776004031,0.3094380707,0.3027699143,-0.6808906794,1.014453292,-0.03067153358,0.2704905178,-0.001512354705,-0.4300998926,-0.2030169144,0.09778262861,0.3069999799,0.300799543,-0.6800680161,1.010101318,-0.001260719111,0.003973861712,-0.001248180866,-0.007783264481,-0.003680244088,0.0006586657837,0.004284747504,0.004338909872,-0.01026167721,0.01147729158
jpeg_q95,4,authentic,dsp_logit_raw,68,-0.09770576228,0.3808640697,-0.04236864671,-0.7573851943,-0.2777021527,0.1203588229,0.3700301379,0.3980609756,-1.441284776,0.8515752554,-0.1447078335,0.3802126001,-0.08677076548,-0.8342948377,-0.3233865499,0.07535725832,0.2709384814,0.3987438083,-1.542053342,0.7460893393,-0.04700207124,0.03793973665,-0.0385120064,-0.1207782878,-0.05982267484,-0.02200300992,0.001063293219,0.03781966493,-0.1638994217,0.01815128326
jpeg_q95,4,authentic,visual_logit_calibrated,68,-0.05771450905,0.5319967985,-0.004177198872,-0.8458945376,-0.4023025013,0.1918400709,0.6072278736,0.5941425722,-1.336150392,1.990719222,-0.06018848966,0.5307988821,-0.002967779401,-0.8440094093,-0.3983916038,0.1918843972,0.6024434699,0.590276001,-1.334536033,1.982179098,-0.002473980605,0.007798134187,-0.002449376095,-0.01527354126,-0.007221951673,0.001292537219,0.008408203005,0.008514488891,-0.0201370711,0.02252254013
jpeg_q95,4,authentic,dsp_logit_calibrated,68,-0.07543644265,0.2940566644,-0.03271188836,-0.5847602377,-0.2144076463,0.09292636613,0.285692027,0.3073340124,-1.112783871,0.6574822858,-0.1117256949,0.2935536793,-0.0669937752,-0.6441404602,-0.2496795518,0.05818166056,0.2091855663,0.3078612123,-1.190585036,0.5760389596,-0.03628925223,0.02929242556,-0.02973426229,-0.09325022563,-0.04618775469,-0.01698803384,0.0008209450092,0.02919972085,-0.1265430926,0.01401420149
jpeg_q95,4,authentic,visual_contribution,68,-0.05268636577,0.4856487281,-0.003813277307,-0.7721993956,-0.3672535222,0.1751267802,0.5543255999,0.5423803025,-1.219743691,1.817285858,-0.05494481082,0.4845551753,-0.002709223618,-0.7704785015,-0.3636833459,0.1751672448,0.549958018,0.5388505906,-1.218269976,1.809489757,-0.002258445046,0.007118753271,-0.002235984105,-0.01394289572,-0.006592768329,0.001179930139,0.007675672309,0.007772698468,-0.01838271018,0.02056035487
jpeg_q95,4,authentic,dsp_contribution,68,-0.06159901218,0.2401173679,-0.026711493,-0.4774967077,-0.1750784999,0.0758807303,0.2332870697,0.2509592302,-0.9086640991,0.5368792312,-0.09123166733,0.2397066462,-0.05470499708,-0.5259847185,-0.2038804218,0.04750930309,0.1708143146,0.2513897249,-0.972194069,0.470375188,-0.02963265514,0.02391926787,-0.02428005776,-0.07614518372,-0.03771545905,-0.01387189091,0.0006703577189,0.02384356814,-0.1033310855,0.01144355351
jpeg_q95,4,authentic,fusion_logit,68,-0.1159795105,0.5008328128,-0.105822982,-0.7859514057,-0.473808591,0.1843230277,0.6453191016,0.6581316186,-1.18900778,1.76247996,-0.1478706107,0.4964286507,-0.1393818258,-0.8236512578,-0.4928348246,0.1393945581,0.6236276828,0.6322293827,-1.192962434,1.740575725,-0.03189110019,0.02393750055,-0.02686103602,-0.078815401,-0.04385428033,-0.01436855025,-0.002022125674,0.02948573008,-0.1025364895,0.00915498251
jpeg_q95,4,authentic,fusion_probability,68,0.4713475195,0.1161490886,0.4735694705,0.313051146,0.3837151985,0.5459506394,0.6559477965,0.1622354409,0.2334364404,0.8535199857,0.4638499708,0.11508456,0.4652117687,0.305011485,0.3792276415,0.5347922829,0.651034346,0.1555646414,0.2327295256,0.8507601785,-0.00749754869,0.0055537003,-0.00663602502,-0.01875049947,-0.01029706726,-0.00340290159,-0.0004016416941,0.00689416567,-0.02265505295,0.002287315211
jpeg_q95,4,authentic,visual_calibrated_probability,68,0.4855712658,0.1209079834,0.4989557439,0.300308984,0.4007658358,0.5478115341,0.6473070681,0.1470456983,0.208143838,0.879819207,0.4850009406,0.1206577899,0.4992580687,0.3007177286,0.4017063632,0.5478242283,0.6462148467,0.1461178651,0.208410042,0.8789132636,-0.0005703252504,0.001854238735,-0.0005712580801,-0.003626145961,-0.001574859427,0.0002735451385,0.001970419601,0.001848404566,-0.005002088019,0.005306721707
jpeg_q95,4,ai_edited,visual_logit_raw,68,0.04624567581,0.2809656917,0.04085263051,-0.348866643,-0.129302416,0.1797228903,0.506824699,0.3090253063,-0.6364543438,1.081691265,0.04469040544,0.2799155164,0.04253755324,-0.3474764764,-0.1317859795,0.1773333959,0.5017838478,0.3091193754,-0.6465035081,1.073546886,-0.001555270365,0.004792069304,-0.001596748829,-0.009253594466,-0.004054356366,0.001686297357,0.005003673211,0.005740653723,-0.01549571753,0.009789845906
jpeg_q95,4,ai_edited,dsp_logit_raw,68,0.01624020124,0.3742862449,0.07450509816,-0.6498164177,-0.19203493,0.2683293223,0.5119493961,0.4603642523,-1.419060826,0.8647292852,-0.06716724923,0.3688714653,0.005388502148,-0.7189759493,-0.2676985189,0.1582226157,0.3364013314,0.4259211347,-1.524839997,0.7082790136,-0.08340745046,0.04144398126,-0.08031165414,-0.1608785182,-0.1082957424,-0.05150841177,-0.02897565961,0.05678733066,-0.1881337166,-0.02153933048
jpeg_q95,4,ai_edited,visual_logit_calibrated,68,0.09075051213,0.5513549098,0.08016743351,-0.684600797,-0.2537374634,0.3526804192,0.9945708478,0.6064178826,-1.248950451,2.12266411,0.08769851689,0.5492940913,0.08347385292,-0.6818727943,-0.2586111008,0.347991379,0.9846788996,0.6066024799,-1.268670496,2.106681934,-0.003051995233,0.009403749343,-0.003133390775,-0.01815885317,-0.007956093411,0.00330911693,0.009818991688,0.01126521034,-0.03040812523,0.01921116978
jpeg_q95,4,ai_edited,dsp_logit_calibrated,68,0.01253869762,0.2889780724,0.05752372669,-0.5017087814,-0.1482658919,0.2071710927,0.395264725,0.3554369846,-1.095625254,0.6676382192,-0.05185833697,0.2847974417,0.004160342479,-0.5551053152,-0.2066840635,0.1221601572,0.2597279746,0.3288442206,-1.177294996,0.5468464495,-0.0643970346,0.03199797476,-0.06200683921,-0.1242107203,-0.08361273043,-0.03976849737,-0.02237146135,0.04384423306,-0.1452538519,-0.01663003728
jpeg_q95,4,ai_edited,visual_contribution,68,0.08284424063,0.5033203422,0.07318316995,-0.6249577202,-0.2316316126,0.3219545635,0.9079228834,0.5535861761,-1.140140692,1.93773558,0.08005813814,0.5014390641,0.07620153094,-0.6224673837,-0.2360806542,0.3176740369,0.8988927311,0.5537546911,-1.158142708,1.923145787,-0.002786102486,0.008584485697,-0.002860406771,-0.0165768365,-0.007262950936,0.003020823495,0.008963551732,0.01028377443,-0.02775894025,0.01753747428
jpeg_q95,4,ai_edited,dsp_contribution,68,0.01023870374,0.2359703504,0.0469720551,-0.4096795163,-0.121069236,0.1691693592,0.3227606679,0.2902385952,-0.8946529159,0.5451722451,-0.04234587712,0.2325565796,0.003397204031,-0.4532814363,-0.1687716665,0.09975211908,0.212085646,0.2685237856,-0.9613418429,0.4465375078,-0.05258458086,0.02612853374,-0.05063282294,-0.1014265441,-0.06827551007,-0.03247369664,-0.01826782748,0.03580181344,-0.1186096995,-0.01357956225
jpeg_q95,4,ai_edited,fusion_logit,68,0.09138881185,0.5578942667,0.03992316821,-0.733609114,-0.2871413886,0.3781235969,1.093682157,0.6652649855,-1.083927646,1.988717919,0.0360181285,0.5525242348,0.01721030446,-0.8062376661,-0.3305510517,0.3165764377,1.003749391,0.6471274894,-1.144171095,1.945242364,-0.05537068335,0.02637678428,-0.05364407244,-0.1060926212,-0.06986288256,-0.03937458924,-0.01484569422,0.03048829332,-0.1213517754,-0.009973859068
jpeg_q95,4,ai_edited,fusion_probability,68,0.5194528949,0.1273873345,0.5099794047,0.3244492267,0.4287043581,0.5934188179,0.7485333703,0.1647144597,0.252763466,0.8796074335,0.5066209464,0.1268180176,0.5043024623,0.3087888537,0.4181070944,0.5784786506,0.7315061173,0.1603715562,0.2415553662,0.8749269427,-0.01283194853,0.006050184134,-0.01265141342,-0.02340550581,-0.01693972256,-0.008928772792,-0.003710121305,0.008010949764,-0.02807975154,-0.00248920427
jpeg_q95,4,ai_edited,visual_calibrated_probability,68,0.5198264599,0.1247611666,0.5200310142,0.3353698191,0.4369286916,0.5872674103,0.7299718781,0.1503387187,0.2228818737,0.8930865731,0.5191736891,0.1243751206,0.5208561379,0.3359517415,0.4357259649,0.586130105,0.7280223852,0.1504041401,0.2194849262,0.891550933,-0.0006527707922,0.002186380221,-0.0007136493324,-0.004284982038,-0.001752348688,0.0007391679844,0.002424243129,0.002491516673,-0.006828562831,0.004802021137
jpeg_q95,all,all,visual_logit_raw,682,-0.001029250415,0.4299950222,-0.01549995551,-0.6287045002,-0.2003543153,0.1774220429,0.6613530785,0.3777763583,-2.030059099,2.352267981,-0.003659626174,0.4297327013,-0.01742063649,-0.6318660676,-0.1980924755,0.1697405241,0.6453433841,0.3678329997,-2.04227066,2.344154596,-0.002630375759,0.007509266537,-0.002316266298,-0.01569443289,-0.005378666508,0.001050427556,0.006312402338,0.006429094065,-0.04561716318,0.03891849518
jpeg_q95,all,all,dsp_logit_raw,682,0.00479938368,0.3945919502,0.03304175474,-0.6888641059,-0.1881646365,0.2110992037,0.6059361815,0.3992638402,-1.851218104,1.327116013,-0.06563142999,0.385413392,-0.04762646183,-0.7381983727,-0.2469538003,0.1350426115,0.496787557,0.3819964118,-1.860382795,1.399577618,-0.07043081367,0.04770978124,-0.06628847122,-0.1624214485,-0.0975224562,-0.03756123781,-0.003365290165,0.05996121839,-0.255182445,0.07246160507
jpeg_q95,all,all,visual_logit_calibrated,682,0.005711724125,0.4420453562,-0.02202107387,-0.6518471713,-0.2683258413,0.2690710127,0.7076874039,0.5373968541,-1.575196724,2.12266411,0.002532936853,0.4407315541,-0.02592582028,-0.6487638415,-0.2703143559,0.2626887178,0.6960528771,0.5330030736,-1.574235463,2.106681934,-0.003178787272,0.007638436667,-0.003000677847,-0.01610827701,-0.007932745863,0.001466470488,0.008671899069,0.00939921635,-0.03040812523,0.02638766023
jpeg_q95,all,all,dsp_logit_calibrated,682,-0.002540963106,0.2973472466,0.02002381442,-0.5250395526,-0.1298839152,0.1361832204,0.4302961123,0.2660671356,-1.690478575,1.211883775,-0.05220666671,0.2927327154,-0.02952982094,-0.5594081434,-0.1718509407,0.08410291027,0.3773229245,0.255953851,-1.698847504,1.278053607,-0.0496657036,0.03771113823,-0.04384912334,-0.1174183972,-0.07306236728,-0.02245331773,-0.002786554406,0.05060904955,-0.1876551645,0.06616983195
jpeg_q95,all,all,visual_contribution,682,0.005446122168,0.4041863103,-0.02014919568,-0.590547176,-0.2451027714,0.2463367044,0.6524445745,0.4914394757,-1.423024882,1.93773558,0.002528784071,0.4029799163,-0.02389319146,-0.5950612104,-0.2471534454,0.2396698883,0.6441113689,0.4868233337,-1.422156483,1.923145787,-0.002917338097,0.007002744184,-0.00274859357,-0.01476660103,-0.00726725972,0.001328463667,0.00792196183,0.008595723387,-0.02775894025,0.02383848094
jpeg_q95,all,all,dsp_contribution,682,-0.002546164256,0.259905628,0.0150196983,-0.4349376673,-0.1056483635,0.1067842608,0.3814468293,0.2124326244,-1.551020126,1.111907689,-0.04480724745,0.2560893293,-0.02510536719,-0.466456677,-0.144771336,0.06534142847,0.3423974426,0.2101127645,-1.558698649,1.172618746,-0.04226108319,0.03401838191,-0.03704750135,-0.1043023864,-0.06204863833,-0.01728940386,-0.001929172371,0.04475923447,-0.1721742832,0.06071105699
jpeg_q95,all,all,fusion_logit,682,0.00944906619,0.4858149215,-0.01517011986,-0.7617417552,-0.3030994308,0.3263554208,0.7751525321,0.6294548516,-1.569573506,1.988717919,-0.0357293551,0.4805796146,-0.04813740407,-0.7918101468,-0.3498974627,0.2760853278,0.7061247236,0.6259827905,-1.579886272,1.945242364,-0.04517842129,0.03478420419,-0.0397179527,-0.1074747584,-0.06486082597,-0.01975894611,-0.002222389876,0.04510187986,-0.1862531308,0.05251992279
jpeg_q95,all,all,fusion_probability,682,0.501920132,0.114034893,0.496207543,0.3182682467,0.4248001365,0.580872252,0.684634312,0.1560721155,0.1722772004,0.8796074335,0.4911985322,0.1129757555,0.4879679924,0.3117801369,0.4134072905,0.5685862297,0.669544295,0.1551789392,0.1708115892,0.8749269427,-0.01072159979,0.008227242526,-0.009374282884,-0.02559977574,-0.01565264488,-0.004598141353,-0.0004819401055,0.01105450353,-0.04122785431,0.01262579291
jpeg_q95,all,all,visual_calibrated_probability,682,0.5008127092,0.1035628417,0.4944949569,0.3425736662,0.4333181453,0.5668647896,0.6698899442,0.1335466443,0.1714768191,0.8930865731,0.5000613313,0.1032995119,0.4935189082,0.3432681965,0.4328299322,0.565297122,0.6673120635,0.1324671898,0.171613431,0.891550933,-0.0007513779032,0.001814981007,-0.0007009860061,-0.003769114963,-0.001862212694,0.0003297948454,0.002024627576,0.002192007539,-0.007063061942,0.006094746264
jpeg_q95,all,authentic,visual_logit_raw,341,-0.06488716755,0.4290425476,-0.06009811535,-0.7097240686,-0.2494900525,0.1075383425,0.4964360297,0.3570283949,-1.990869761,2.337252378,-0.06718407765,0.4285443406,-0.06457912922,-0.7046560645,-0.2529257834,0.1002227366,0.4939416945,0.35314852,-2.013430834,2.316457033,-0.002296910096,0.006935711518,-0.001700595021,-0.01273629069,-0.005161046982,0.00110001862,0.006289511919,0.006261065602,-0.03171241283,0.03549993038
jpeg_q95,all,authentic,dsp_logit_raw,341,-0.04995950996,0.3991638214,-0.03782658279,-0.6926277876,-0.2208399922,0.1601880789,0.5378523469,0.381028071,-1.851218104,1.327116013,-0.1025667991,0.3955530013,-0.08345346153,-0.7423800826,-0.278406173,0.1037804633,0.4559282959,0.3821866363,-1.860382795,1.399577618,-0.05260728917,0.03961298537,-0.05143034458,-0.1196951903,-0.07568740845,-0.02655136585,0.005959257483,0.04913604259,-0.190533638,0.07246160507
jpeg_q95,all,authentic,visual_logit_calibrated,341,-0.07201056657,0.4244550263,-0.0992062354,-0.6870575975,-0.3260280923,0.1803229551,0.6058430175,0.5063510474,-1.575196724,1.990719222,-0.0747373802,0.4231929018,-0.1014112073,-0.694122903,-0.3293765549,0.179240064,0.6032069274,0.5086166189,-1.574235463,1.982179098,-0.002726813625,0.007281602336,-0.002636090099,-0.01448346608,-0.007496674337,0.001491452303,0.009118722891,0.00898812664,-0.02648862734,0.02638766023
jpeg_q95,all,authentic,dsp_logit_calibrated,341,-0.04054505863,0.3045291801,-0.02279791361,-0.5347624865,-0.1615355172,0.1005891623,0.3859164086,0.2621246795,-1.690478575,1.211883775,-0.07784471715,0.3030458203,-0.04849947978,-0.5860971246,-0.197818834,0.06429134037,0.3329311866,0.2621101744,-1.698847504,1.278053607,-0.03729965852,0.03211407198,-0.03178667083,-0.09282539044,-0.05589470279,-0.01504742947,0.003892369277,0.04084727332,-0.1739897811,0.06616983195
jpeg_q95,all,authentic,visual_contribution,341,-0.06568860747,0.3884051727,-0.09166738686,-0.6272004818,-0.2992341057,0.1661152349,0.5581864016,0.4653493406,-1.423024882,1.817285858,-0.06819385281,0.3872462377,-0.09257616582,-0.6336502512,-0.3015760778,0.163624498,0.5519241833,0.4652005759,-1.422156483,1.809489757,-0.002505245337,0.006679048552,-0.002433361857,-0.01336961659,-0.006865661295,0.001376752315,0.008417448432,0.00824241361,-0.02452806211,0.02383848094
jpeg_q95,all,authentic,dsp_contribution,341,-0.03465781163,0.2669686265,-0.01640235636,-0.4856279298,-0.1298260632,0.08421103205,0.347738077,0.2140370953,-1.551020126,1.111907689,-0.06645315717,0.26585318,-0.04129934582,-0.4892436821,-0.1702445024,0.04745122511,0.305465552,0.2176957275,-1.558698649,1.172618746,-0.03179534554,0.02890303872,-0.02461724397,-0.08218769128,-0.049250253,-0.01148981732,0.002560401011,0.03776043568,-0.1596362452,0.06071105699
jpeg_q95,all,authentic,fusion_logit,341,-0.09379731082,0.4697300395,-0.0966464649,-0.7958910214,-0.3829544083,0.2107967584,0.6765286846,0.5937511666,-1.569573506,1.76247996,-0.1280979017,0.4672431377,-0.1497019075,-0.8222265853,-0.4096421899,0.1746784704,0.6446676447,0.5843206603,-1.579886272,1.740575725,-0.03430059088,0.02948728003,-0.02830728379,-0.08796884207,-0.05148307344,-0.01351293569,0.001032938899,0.03797013775,-0.1645343596,0.04453413987
jpeg_q95,all,authentic,fusion_probability,341,0.4775414696,0.1102422056,0.4758571731,0.3109051546,0.4054145278,0.5525049109,0.6629634959,0.1470903831,0.1722772004,0.8535199857,0.4693244415,0.1095408652,0.462644261,0.3052912221,0.3989979204,0.543558916,0.6558078245,0.1445609956,0.1708115892,0.8507601785,-0.008217028084,0.007030605896,-0.006821647734,-0.02143290866,-0.01249694507,-0.003238176093,0.0002128042952,0.009258768974,-0.04083253198,0.01052700502
jpeg_q95,all,authentic,visual_calibrated_probability,341,0.4823347018,0.09993144949,0.4752187623,0.3346879447,0.4192073621,0.5449589795,0.646991956,0.1257516174,0.1714768191,0.879819207,0.4816810537,0.09964672955,0.4746689037,0.3331165414,0.4183923247,0.5446904326,0.6463896575,0.1262981079,0.171613431,0.8789132636,-0.000653648104,0.001738097894,-0.000615933177,-0.003555565328,-0.001802756571,0.0003037670912,0.002111200517,0.002106523662,-0.006490912507,0.005471192236
jpeg_q95,all,ai_edited,visual_logit_raw,341,0.06282866672,0.4219929942,0.03492799774,-0.4900171757,-0.1394671202,0.2376811653,0.7799586058,0.3771482855,-2.030059099,2.352267981,0.0598648253,0.4220649661,0.03113449365,-0.4838607907,-0.1395162195,0.2385155857,0.7657158375,0.3780318052,-2.04227066,2.344154596,-0.002963841423,0.008038461982,-0.00263106823,-0.01642590761,-0.005717307329,0.0008677616715,0.006598457694,0.006585069001,-0.04561716318,0.03891849518
jpeg_q95,all,ai_edited,dsp_logit_raw,341,0.05955827732,0.3827755167,0.09068220854,-0.6650549173,-0.1119776517,0.27646631,0.6256977916,0.3884439617,-1.419060826,1.266645193,-0.02869606085,0.3719209773,0.0008798877243,-0.7207083106,-0.1989441216,0.1757973433,0.5295090079,0.3747414649,-1.524839997,1.116588116,-0.08825433817,0.04850492626,-0.08320140466,-0.1881337166,-0.1133398376,-0.05264464021,-0.02153933048,0.06069519743,-0.255182445,0.05188754201
jpeg_q95,all,ai_edited,visual_logit_calibrated,341,0.08343401482,0.446210488,0.046476304,-0.5822389727,-0.1767261961,0.352245395,0.8280923149,0.5289715911,-1.355105382,2.12266411,0.0798032539,0.44496197,0.03258795784,-0.5788802315,-0.1818667599,0.3457934862,0.8355946511,0.5276602461,-1.350879508,2.106681934,-0.003630760919,0.007964391999,-0.003664122069,-0.01740534083,-0.008019821612,0.001404293721,0.007908312974,0.009424115333,-0.03040812523,0.02548516937
jpeg_q95,all,ai_edited,dsp_logit_calibrated,341,0.03546313242,0.2854044066,0.05810697274,-0.4858321035,-0.07280020377,0.1719544531,0.4624326883,0.2447546568,-1.152469046,0.857511447,-0.02656861627,0.2801457959,0.0006793417124,-0.5472911811,-0.140708226,0.1067661654,0.392602604,0.2474743913,-1.230966663,0.8115759519,-0.06203174869,0.0388637536,-0.05933683732,-0.1381359346,-0.08461682812,-0.03105667369,-0.01120506834,0.05356015443,-0.1876551645,0.04371420492
jpeg_q95,all,ai_edited,visual_contribution,341,0.07658085181,0.4076824666,0.04247118708,-0.5328310829,-0.1614967347,0.3236940523,0.7552603997,0.485190787,-1.224195459,1.93773558,0.07325142095,0.4065351138,0.03017594848,-0.5284476315,-0.1660223537,0.3189779643,0.7548720496,0.4850003179,-1.220377825,1.923145787,-0.003329430857,0.007298681626,-0.003344900247,-0.01606678486,-0.007344289903,0.001283278063,0.007223417374,0.008627567965,-0.02775894025,0.023525235
jpeg_q95,all,ai_edited,dsp_contribution,341,0.02956548312,0.2489174988,0.04227325699,-0.419286693,-0.05992847831,0.145354674,0.4140074718,0.2052831523,-1.057394463,0.7666710576,-0.02316133772,0.2444148448,0.0005547289472,-0.454834183,-0.1195275645,0.08473227742,0.3486759627,0.2042598419,-1.129416307,0.7446238326,-0.05272682084,0.0355360523,-0.04890322723,-0.1186096995,-0.07376919413,-0.0235222631,-0.007832620191,0.05024693103,-0.1721742832,0.03913652282
jpeg_q95,all,ai_edited,fusion_logit,341,0.1126954432,0.4803101056,0.0906442996,-0.6133420517,-0.1966394998,0.4081046658,0.9466206956,0.6047441655,-1.237550091,1.988717919,0.05663919151,0.4766157593,0.03702205169,-0.6821681811,-0.2559416891,0.357608166,0.8829676422,0.6135498551,-1.295949276,1.945242364,-0.0560562517,0.03628484887,-0.05195508173,-0.1239601701,-0.07723248649,-0.02880974599,-0.01055375172,0.0484227405,-0.1862531308,0.05251992279
jpeg_q95,all,ai_edited,fusion_probability,341,0.5262987943,0.1126973039,0.5226455716,0.3512972082,0.4509979207,0.6006333263,0.7204350651,0.1496354056,0.2248627158,0.8796074335,0.5130726228,0.1122747303,0.5092544559,0.335777559,0.4363615913,0.5884613154,0.7074368118,0.1520997241,0.2148475365,0.8749269427,-0.01322617149,0.008576831742,-0.0118543082,-0.02950544193,-0.01789858769,-0.006636997574,-0.002541330666,0.01126159011,-0.04122785431,0.01262579291
jpeg_q95,all,ai_edited,visual_calibrated_probability,341,0.5192907167,0.1039754427,0.511616985,0.3584175689,0.4559330834,0.5871619753,0.6959514088,0.1312288919,0.2050369576,0.8930865731,0.518441609,0.1037585457,0.5081462685,0.3591902931,0.4546582164,0.58559714,0.6975365882,0.1309389235,0.2057266203,0.891550933,-0.0008491077025,0.00188622854,-0.0008953258849,-0.00405478925,-0.001939382397,0.0003339812425,0.001975242158,0.002273363639,-0.007063061942,0.006094746264
jpeg_q75,0,all,visual_logit_raw,138,-0.0199062823,0.267058662,-0.04386787489,-0.4104070827,-0.2003079504,0.135436248,0.4316712186,0.3357441984,-0.8537579775,0.960636735,-0.02223844203,0.2657891279,-0.04463045858,-0.3966817066,-0.1935617775,0.1391402241,0.4219893783,0.3327020016,-0.8794738054,0.9370127916,-0.002332159723,0.01110241818,-0.002080662176,-0.01877952656,-0.009213556536,0.004827484488,0.01420083717,0.01404104102,-0.04158756137,0.02800527215
jpeg_q75,0,all,dsp_logit_raw,138,-0.06944992173,0.3677294026,-0.07955993712,-0.599309808,-0.2703946196,0.1184174642,0.5728466272,0.3888120838,-1.057620764,1.266645193,-1.27921484,0.5570223712,-1.212411225,-2.201407003,-1.51809451,-0.9214452505,-0.5191004515,0.5966492593,-3.676930666,-0.2616823018,-1.209764918,0.581149457,-1.09811341,-2.245658859,-1.513181783,-0.781006828,-0.5067175992,0.7321749553,-2.872982979,-0.02494692802
jpeg_q75,0,all,visual_logit_calibrated,138,-0.03672739991,0.4927273777,-0.08093691026,-0.7572074396,-0.3695712784,0.2498819804,0.7964401003,0.6194532588,-1.575196724,1.772389691,-0.04103027081,0.4903850676,-0.082343889,-0.7318839075,-0.3571244846,0.2567158737,0.7785769548,0.6138403584,-1.622642826,1.728803148,-0.004302870898,0.02048413392,-0.003838854019,-0.03464851808,-0.01699915486,0.008906783832,0.02620076505,0.02590593869,-0.07672969641,0.05167016192
jpeg_q75,0,all,dsp_logit_calibrated,138,-0.04701719408,0.2489506721,-0.05386161585,-0.405729263,-0.1830555887,0.08016793624,0.3878138431,0.2632235249,-0.7160031211,0.857511447,-0.8660210252,0.3771009136,-0.8207953652,-1.490339769,-1.027741176,-0.6238130886,-0.351427994,0.403928087,-2.489260728,-0.1771574001,-0.8190038311,0.3934348107,-0.7434164078,-1.520298019,-1.024415288,-0.5287370913,-0.3430448748,0.4956781969,-1.944992808,-0.01688892554
jpeg_q75,0,all,visual_contribution,138,-0.03317935031,0.4451274611,-0.07311800196,-0.6840574328,-0.3338688538,0.2257421376,0.7195000233,0.5596109914,-1.423024882,1.601168027,-0.03706654247,0.4430114297,-0.07438905955,-0.6611802799,-0.3226244823,0.2319158428,0.7033625465,0.554540325,-1.465887454,1.561792161,-0.003887192156,0.01850526465,-0.003468001617,-0.03130129881,-0.0153569519,0.008046344191,0.02366964076,0.02340329609,-0.0693172259,0.04667856715
jpeg_q75,0,all,dsp_contribution,138,-0.03924753115,0.2078111944,-0.0449609018,-0.3386818844,-0.1528053739,0.06692006268,0.3237270149,0.2197254365,-0.5976825148,0.7158063744,-0.7229097318,0.3147844133,-0.685157681,-1.244058853,-0.8579053811,-0.5207270257,-0.2933539827,0.3371783554,-2.077906602,-0.1478818699,-0.6836622007,0.328419109,-0.6205657141,-1.269066456,-0.8551291016,-0.4413624817,-0.2863561868,0.4137666199,-1.623579785,-0.01409800487
jpeg_q75,0,all,fusion_logit,138,-0.0549886114,0.509802309,-0.1017197864,-0.8057445843,-0.3643654545,0.2720290985,0.7522188885,0.636394553,-1.503746513,1.521055246,-0.7425380042,0.533169949,-0.7670716059,-1.506425842,-1.089963812,-0.4476273771,0.1679763686,0.6423364348,-2.170737549,0.871420929,-0.6875493928,0.3289218329,-0.6039738493,-1.273798254,-0.861442406,-0.4458126181,-0.2634707451,0.4156297879,-1.620885177,-0.0075040744
jpeg_q75,0,all,fusion_probability,138,0.4862691112,0.1196519091,0.4745920174,0.3088207379,0.4099032285,0.5675893711,0.6796016623,0.1576861426,0.1818674093,0.8206938183,0.3317008727,0.1141170156,0.3171132533,0.1815834216,0.2516297976,0.3899250508,0.5418899308,0.1382952533,0.1024092169,0.7050412777,-0.1545682385,0.0736327792,-0.1342835319,-0.2865497445,-0.2041402742,-0.1010936298,-0.06378401445,0.1030466444,-0.3705774166,-0.001618649303
jpeg_q75,0,all,visual_calibrated_probability,138,0.490705221,0.114583227,0.479776814,0.3193160832,0.4086446227,0.5621470335,0.6892101715,0.1535024108,0.1714768191,0.8547546008,0.4897540549,0.1141365375,0.479426206,0.3248372236,0.4116559785,0.5638162867,0.6853690749,0.1521603082,0.1648407147,0.8492592658,-0.0009511661019,0.00476112964,-0.0009435954365,-0.007745334609,-0.004108768388,0.002181632379,0.006253362758,0.006290400767,-0.01877517482,0.01255940086
jpeg_q75,0,authentic,visual_logit_raw,69,-0.07356227975,0.2289250265,-0.09622300416,-0.4184378743,-0.2105138898,0.03965314478,0.3195847869,0.2501670346,-0.8537579775,0.4747428894,-0.07576034547,0.2284384729,-0.1082575992,-0.4091502845,-0.2108869255,0.0499561131,0.3174465775,0.2608430386,-0.8794738054,0.4634991884,-0.002198065724,0.011062477,-0.001925528049,-0.01887419518,-0.00894587487,0.004942417145,0.01362747252,0.01388829201,-0.04158756137,0.02800527215
jpeg_q75,0,authentic,dsp_logit_raw,69,-0.1292529252,0.3539111459,-0.1292729527,-0.5995092869,-0.3150128424,0.03001282923,0.4172482193,0.3450256716,-1.057620764,1.211273909,-1.305331111,0.5538232273,-1.226573706,-2.243627977,-1.653527021,-0.9588286877,-0.5917747974,0.6946983337,-3.676930666,-0.3654558957,-1.176078186,0.5820354583,-1.043572456,-2.192897248,-1.461809248,-0.7444794178,-0.5023865223,0.7173298299,-2.810816765,-0.02494692802
jpeg_q75,0,authentic,visual_logit_calibrated,69,-0.1357235483,0.4223702281,-0.1775329366,-0.7720243747,-0.3884013951,0.07316066776,0.5896388936,0.4615620628,-1.575196724,0.8759080017,-0.1397790136,0.4214725292,-0.1997369513,-0.7548886274,-0.3890896517,0.09216980428,0.5856938642,0.481259456,-1.622642826,0.8551631989,-0.004055465388,0.02041044181,-0.003552629147,-0.03482318314,-0.01650527803,0.009118836367,0.02514289838,0.02562411439,-0.07672969641,0.05167016192
jpeg_q75,0,authentic,dsp_logit_calibrated,69,-0.08750348047,0.2395957925,-0.08751703896,-0.405864309,-0.2132618667,0.02031851126,0.2824746237,0.233580378,-0.7160031211,0.8200254087,-0.8837015893,0.3749351118,-0.8303832825,-1.518923124,-1.1194282,-0.6491214587,-0.4006281046,0.4703067415,-2.489260728,-0.2474115211,-0.7961981088,0.3940346284,-0.706492498,-1.484578715,-0.9896363797,-0.5040082466,-0.3401127609,0.4856281331,-1.902906642,-0.01688892554
jpeg_q75,0,authentic,visual_contribution,69,-0.1226119781,0.3815671622,-0.1603823715,-0.6974429783,-0.3508798875,0.06609298318,0.5326768423,0.4169728707,-1.423024882,0.7912909299,-0.1262756653,0.3807561855,-0.1804413678,-0.6819626294,-0.3515016551,0.08326574252,0.5291129223,0.4347673976,-1.465887454,0.7725501783,-0.00366368725,0.01843869156,-0.003209427492,-0.03145909036,-0.01491078603,0.008237911396,0.02271396927,0.02314869743,-0.0693172259,0.04667856715
jpeg_q75,0,authentic,dsp_contribution,69,-0.07304339705,0.2000022229,-0.07305471498,-0.3387946138,-0.1780200184,0.01696084633,0.2357952619,0.1949808648,-0.5976825148,0.684514961,-0.7376685557,0.3129765135,-0.6931611804,-1.267918764,-0.9344409852,-0.541853149,-0.3344237001,0.3925878362,-2.077906602,-0.2065263904,-0.6646251587,0.328919806,-0.5897435367,-1.239249821,-0.8260974607,-0.4207201162,-0.2839086092,0.4053773445,-1.588448421,-0.01409800487
jpeg_q75,0,authentic,fusion_logit,69,-0.1782171051,0.4354295297,-0.2420125523,-0.7871335114,-0.4065559612,0.04298183947,0.5502682916,0.4495378007,-1.503746513,0.9259335516,-0.846505951,0.4818695128,-0.8314353742,-1.648615254,-1.095757261,-0.6524226059,-0.005122938225,0.4433346551,-2.170737549,0.3392917983,-0.6682888459,0.3301211063,-0.5866417533,-1.250650283,-0.8240298517,-0.4401930236,-0.2716152029,0.3838368281,-1.598547432,-0.0075040744
jpeg_q75,0,authentic,fusion_probability,69,0.4571993933,0.1031023799,0.4397904486,0.3127891154,0.3997382238,0.5107438059,0.6341978254,0.111005582,0.1818674093,0.7162495635,0.3088811036,0.09862711168,0.3033416534,0.162110004,0.2505356997,0.3424438165,0.4987195585,0.09190811679,0.1024092169,0.584018482,-0.1483182896,0.07100504709,-0.1322310815,-0.2719467493,-0.191272899,-0.09963245813,-0.06385396037,0.09164044091,-0.3397957871,-0.001618649303
jpeg_q75,0,authentic,visual_calibrated_probability,69,0.4675510098,0.09947630564,0.455732972,0.3164156174,0.4041021915,0.5182820132,0.6432749293,0.1141798217,0.1714768191,0.7059735415,0.46663739,0.09905501886,0.4502311125,0.3200162022,0.4039364677,0.5230261523,0.6423731802,0.1190896845,0.1648407147,0.7016491184,-0.0009136197986,0.004777092695,-0.0008361282725,-0.008037987802,-0.004091848199,0.002271241637,0.005737719228,0.006363089836,-0.01877517482,0.01255940086
jpeg_q75,0,ai_edited,visual_logit_raw,69,0.03374971514,0.2923015753,0.008493877947,-0.3659170449,-0.1595104486,0.2501013875,0.4577107489,0.4096118361,-0.7344682813,0.960636735,0.03128346142,0.2903946011,0.0003894193796,-0.3574712515,-0.164619714,0.2550650239,0.4544259965,0.4196847379,-0.7299855947,0.9370127916,-0.002466253722,0.01122163944,-0.002241648734,-0.0182131961,-0.009721809998,0.00448268652,0.01434751302,0.01420449652,-0.03494982421,0.02365498245
jpeg_q75,0,ai_edited,dsp_logit_raw,69,-0.009646918274,0.3740686339,-0.01258756407,-0.5493956208,-0.1726201028,0.1545945257,0.5913974285,0.3272146285,-0.9926370382,1.266645193,-1.253098569,0.5630331686,-1.180619001,-2.16953063,-1.509456992,-0.9035580158,-0.4739215076,0.6058989763,-3.666785479,-0.2616823018,-1.243451651,0.5825528529,-1.160892695,-2.261862352,-1.527981147,-0.8348758072,-0.5411006689,0.69310534,-2.872982979,-0.08086192608
jpeg_q75,0,ai_edited,visual_logit_calibrated,69,0.06226874843,0.5393009447,0.01567133669,-0.675122629,-0.2942992542,0.461440943,0.8444834381,0.7557401971,-1.355105382,1.772389691,0.05771847202,0.5357825476,0.0007184848015,-0.659540009,-0.3037259282,0.4705989292,0.838423019,0.7743248574,-1.346834756,1.728803148,-0.004550276408,0.020704099,-0.004135876717,-0.03360362958,-0.01793689039,0.008270626226,0.02647138428,0.02620751661,-0.0644829683,0.04364380988
jpeg_q75,0,ai_edited,dsp_logit_calibrated,69,-0.006530907703,0.2532422949,-0.008521707843,-0.3719376479,-0.1168628081,0.104659597,0.400372628,0.2215224051,-0.6720095159,0.857511447,-0.8483404611,0.3811701886,-0.7992722143,-1.46875965,-1.021893626,-0.6117035345,-0.3208421111,0.4101900917,-2.482392495,-0.1771574001,-0.8418095534,0.3943849016,-0.7859176195,-1.53126769,-1.034434372,-0.5652060777,-0.3663220135,0.469228294,-1.944992808,-0.05474305482
jpeg_q75,0,ai_edited,visual_contribution,69,0.05625327746,0.4872017897,0.01415740758,-0.6099024234,-0.2658684817,0.4168634516,0.7629021355,0.6827319333,-1.224195459,1.601168027,0.0521425804,0.4840232873,0.0006490755942,-0.5958251621,-0.2743844921,0.4251367308,0.757427183,0.6995212229,-1.216723816,1.561792161,-0.004110697063,0.01870398001,-0.003736330445,-0.03035735174,-0.01620409751,0.007471642575,0.02391411683,0.02367574009,-0.05825359267,0.03942760066
jpeg_q75,0,ai_edited,dsp_contribution,69,-0.005451665258,0.21139362,-0.007113482643,-0.3104743851,-0.09755105106,0.08736443918,0.3342104414,0.1849154902,-0.5609589199,0.7158063744,-0.7081509079,0.3181812344,-0.6671912636,-1.226044881,-0.8530241482,-0.5106185938,-0.2678224636,0.3424055543,-2.072173355,-0.1478818699,-0.7026992426,0.329212196,-0.6560435359,-1.278223372,-0.8634925163,-0.4718049126,-0.3057867429,0.3916876038,-1.623579785,-0.04569668163
jpeg_q75,0,ai_edited,fusion_logit,69,0.06823988227,0.5506385383,0.03072463958,-0.773672861,-0.3365412279,0.4564033547,0.954817918,0.7929445826,-1.237550091,1.521055246,-0.6385700574,0.5644342442,-0.6885633999,-1.422029986,-1.072583465,-0.2968053829,0.269772665,0.7757780819,-1.768471592,0.871420929,-0.7068099397,0.3289944899,-0.6419268733,-1.289757495,-0.8762433964,-0.4782670986,-0.2861840653,0.3979762978,-1.620885177,-0.07148327165
jpeg_q75,0,ai_edited,fusion_probability,69,0.5153388292,0.1284470495,0.5076805557,0.3161583106,0.4166498981,0.6121606059,0.721818467,0.1955107078,0.2248627158,0.8206938183,0.3545206418,0.1243092509,0.3343527283,0.1943524874,0.2549120911,0.426338619,0.5670119705,0.1714265279,0.1457325044,0.7050412777,-0.1608181874,0.07617292946,-0.1366237202,-0.2880842191,-0.2154976279,-0.1043974066,-0.06856842047,0.1111002213,-0.3705774166,-0.0178530385
jpeg_q75,0,ai_edited,visual_calibrated_probability,69,0.5138594321,0.1243711038,0.503917754,0.3375811489,0.4269516658,0.6133559521,0.6994066403,0.1864042864,0.2050369576,0.8547546008,0.5128707197,0.1238930988,0.5001796212,0.3410123171,0.4246469027,0.6155255051,0.6981311871,0.1908786024,0.2063883322,0.8492592658,-0.0009887124053,0.004779811035,-0.001031786175,-0.007453368593,-0.004433696606,0.001912804605,0.006400445548,0.006346501211,-0.01546687868,0.01080764362
jpeg_q75,1,all,visual_logit_raw,136,-0.03052490478,0.8190583366,-0.1243402585,-1.155794173,-0.5205231607,0.4902805462,1.495759994,1.010803707,-2.030059099,2.352267981,-0.03691566199,0.809488665,-0.160241574,-1.120965868,-0.5492081791,0.4597504884,1.472768813,1.008958668,-1.998878241,2.322616577,-0.006390757208,0.03570680164,-0.004925325513,-0.06403427571,-0.03002770245,0.01515112782,0.04917438328,0.04517883027,-0.09861981869,0.07626903057
jpeg_q75,1,all,dsp_logit_raw,136,-0.02268282902,0.3475943267,0.02978979051,-0.7300165594,-0.1673988402,0.1826856695,0.4239986688,0.3500845097,-1.409158707,0.6256977916,-1.182793782,0.5300793957,-1.074443698,-2.042069077,-1.436283916,-0.8671480715,-0.4109528363,0.5691358447,-3.020733833,-0.1489661038,-1.160110953,0.5117172296,-1.166947311,-2.067343777,-1.410716916,-0.8220151784,-0.3011249155,0.5887017371,-2.554203004,0.01543998718
jpeg_q75,1,all,visual_logit_calibrated,136,-0.01327667631,0.3562459077,-0.05408126173,-0.5027077146,-0.2263993144,0.2132454191,0.6505743888,0.4396447335,-0.8829654913,1.023108861,-0.01605630872,0.3520836201,-0.0696963848,-0.4875592927,-0.2388757401,0.1999665015,0.6405744736,0.4388422415,-0.8694035106,1.01021211,-0.002779632416,0.0155305201,-0.00214224919,-0.02785143336,-0.01306042029,0.006589918011,0.02138818693,0.0196503383,-0.04289426682,0.03317288747
jpeg_q75,1,all,dsp_logit_calibrated,136,-0.01910982478,0.2928411915,0.02509729612,-0.6150241895,-0.1410301379,0.1539089825,0.3572103047,0.2949391203,-1.187187716,0.5271377371,-0.996479844,0.4465811721,-0.9051970891,-1.720401905,-1.210040156,-0.7305547156,-0.3462194546,0.4794854406,-2.544907172,-0.1255009302,-0.9773700192,0.4311114184,-0.9831295124,-1.741695328,-1.188500475,-0.6925311657,-0.2536916522,0.4959693093,-2.151864382,0.01300787699
jpeg_q75,1,all,visual_contribution,136,-0.01213255261,0.3255462525,-0.04942078408,-0.4593866456,-0.2068892492,0.1948688968,0.5945108411,0.401758146,-0.8068755332,0.9349419836,-0.01467264892,0.3217426519,-0.06369026672,-0.445543646,-0.2182905131,0.1827342961,0.5853726731,0.4010248091,-0.7944822625,0.9231566163,-0.002540096311,0.01419217038,-0.001957639879,-0.02545132325,-0.01193493255,0.00602202879,0.01954505007,0.01795696134,-0.03919783361,0.0303141986
jpeg_q75,1,all,dsp_contribution,136,-0.01710867429,0.2621753271,0.02246914714,-0.5506198334,-0.1262616859,0.1377918783,0.319803809,0.2640535642,-1.062867304,0.4719367106,-0.8921300576,0.3998159011,-0.8104062878,-1.54024415,-1.083326673,-0.6540521862,-0.3099639033,0.4292744869,-2.278408536,-0.1123586721,-0.8750213833,0.3859661155,-0.8801777515,-1.55930776,-1.064042593,-0.6200104021,-0.2271254654,0.4440321911,-1.926524562,0.01164571277
jpeg_q75,1,all,fusion_logit,136,-0.02118315661,0.4333239881,-0.0006089186785,-0.7949971441,-0.276199624,0.2777355483,0.6624392347,0.5539351723,-1.300937787,1.089126033,-0.8987446362,0.5630785135,-0.9112048115,-1.947457503,-1.169792576,-0.5854727347,-0.08356935739,0.5843198412,-2.774083159,0.6229368107,-0.8775614796,0.3823498911,-0.8896688458,-1.561888611,-1.076039086,-0.6285463315,-0.2419402162,0.4474927547,-1.923666375,0.007910352067
jpeg_q75,1,all,fusion_probability,136,0.4954039025,0.1030679602,0.4998477705,0.3110978586,0.431385896,0.5689906637,0.6598081058,0.1376047677,0.2140072313,0.7482171122,0.3016228351,0.1087155483,0.2867544666,0.1249022101,0.2368930459,0.3576743007,0.4791200228,0.1207812548,0.05874084693,0.6508861853,-0.1937810675,0.07545828961,-0.1998576652,-0.3150655049,-0.2374565403,-0.1496045311,-0.0442432294,0.0878520092,-0.414964742,0.001710265076
jpeg_q75,1,all,visual_calibrated_probability,136,0.4963354885,0.08611406761,0.4864830703,0.3769265083,0.4436415506,0.5531102259,0.6571233796,0.1094686754,0.2925636334,0.7355777254,0.4956530524,0.08521507923,0.4825830382,0.3804868961,0.4405634375,0.5498240277,0.654859373,0.1092605902,0.2953784342,0.7330616576,-0.000682436175,0.003755931585,-0.0005239587333,-0.006925297398,-0.003071223833,0.001646684558,0.005258218994,0.004717908392,-0.01065099919,0.008118627694
jpeg_q75,1,authentic,visual_logit_raw,68,-0.1655100617,0.8255105674,-0.3239196688,-1.281302744,-0.6911540627,0.2805438824,1.406621081,0.9716979451,-1.990869761,2.337252378,-0.1697688875,0.8163786016,-0.3425035775,-1.251252419,-0.654589802,0.2685349099,1.37549122,0.923124712,-1.917932034,2.322616577,-0.004258825834,0.03630938459,0.001523807645,-0.06290734746,-0.03032878041,0.01941166818,0.05611539334,0.04974044859,-0.0834082365,0.07626903057
jpeg_q75,1,authentic,dsp_logit_raw,68,-0.07471309986,0.345741493,-0.05325439945,-0.776497823,-0.2032164037,0.1351957358,0.3289934292,0.3384121396,-1.409158707,0.5521582961,-1.203462599,0.5301129765,-1.111433268,-2.025503403,-1.460599512,-0.8656553477,-0.4470469892,0.5949441642,-3.020733833,-0.2083964646,-1.128749499,0.5129271215,-1.136288099,-2.031510783,-1.392627751,-0.811781317,-0.2519882295,0.5808464345,-2.539634198,0.01543998718
jpeg_q75,1,authentic,visual_logit_calibrated,68,-0.07198789089,0.3590522778,-0.1408874695,-0.5572971286,-0.3006144928,0.1220213574,0.6118038012,0.4226358503,-0.8659202566,1.016577889,-0.0738402489,0.3550803685,-0.1489704608,-0.5442268686,-0.2847110246,0.1167981064,0.5982640018,0.401509131,-0.8341963053,1.01021211,-0.001852358016,0.01579261097,0.0006627735942,-0.02736128075,-0.01319137286,0.008443021752,0.02440714946,0.02163439461,-0.03627805444,0.03317288747
jpeg_q75,1,authentic,dsp_logit_calibrated,68,-0.06294427585,0.2912802166,-0.04486575467,-0.6541837142,-0.1712057109,0.1138996736,0.2771703115,0.2851053845,-1.187187716,0.4651821992,-1.013892904,0.4466094632,-0.9363600535,-1.706445659,-1.230525554,-0.7292971259,-0.3766280486,0.5012284279,-2.544907172,-0.1755698074,-0.9509486281,0.4321307279,-0.9572997464,-1.711506755,-1.17326072,-0.6839093444,-0.2122949879,0.4893513757,-2.139590458,0.01300787699
jpeg_q75,1,authentic,visual_contribution,68,-0.06578430122,0.3281107823,-0.1287464269,-0.5092717918,-0.2747089004,0.1115061107,0.5590813267,0.3862150111,-0.7912991795,0.9289738214,-0.06747703143,0.3244811541,-0.1361328627,-0.4973278674,-0.2601759208,0.1067329758,0.5467083257,0.3669088966,-0.7623090543,0.9231566163,-0.00169273021,0.01443167544,0.0006056587743,-0.02500340977,-0.01205460022,0.007715440462,0.02230385211,0.01977004068,-0.03315177638,0.0303141986
jpeg_q75,1,authentic,dsp_contribution,68,-0.05635285127,0.260777815,-0.04016748411,-0.5856786348,-0.1532773208,0.1019722807,0.2481454768,0.2552496015,-1.062867304,0.4164690583,-0.9077196496,0.3998412297,-0.8383059161,-1.52774938,-1.101666872,-0.6529262894,-0.3371881576,0.4487405831,-2.278408536,-0.1571844161,-0.8513667983,0.3868786845,-0.8570528376,-1.532280487,-1.050398721,-0.6122914443,-0.190063794,0.4381072769,-1.915535944,0.01164571277
jpeg_q75,1,authentic,fusion_logit,68,-0.1140790822,0.4239094004,-0.07963202193,-0.7965195802,-0.3172412938,0.1069353885,0.5426578426,0.4241766823,-1.300937787,1.059165473,-0.9671386107,0.555671265,-1.006677064,-1.920736942,-1.207217829,-0.6497815957,-0.157399423,0.557436233,-2.774083159,0.5971200968,-0.8530595285,0.3835449212,-0.8501347256,-1.526083021,-1.053269211,-0.6085654759,-0.1759019607,0.4447037354,-1.904171477,0.007910352067
jpeg_q75,1,authentic,fusion_probability,68,0.4729680001,0.1000105923,0.4801025144,0.3107750311,0.4213482208,0.5267082795,0.6323295748,0.1053600587,0.2140072313,0.7425310337,0.2877038562,0.1044422411,0.2676306738,0.1285474827,0.2301938784,0.3430388104,0.4607312241,0.112844932,0.05874084693,0.6449971537,-0.1852641438,0.07418105749,-0.1888471849,-0.2989428083,-0.2274221151,-0.1378086989,-0.03817750325,0.08961341624,-0.3714331072,0.001710265076
jpeg_q75,1,authentic,visual_calibrated_probability,68,0.4818840621,0.08671078251,0.4648365224,0.3641739752,0.4254076709,0.5304595603,0.6483089364,0.1050518894,0.2961039203,0.734305478,0.4814193316,0.08585628897,0.4628261345,0.3672076605,0.4293005005,0.52915816,0.6452329471,0.09985765946,0.3027585153,0.7330616576,-0.0004647304846,0.003796896245,0.0001630786746,-0.00683110505,-0.003274672107,0.00206950191,0.005970570068,0.005344174017,-0.008846508202,0.008118627694
jpeg_q75,1,ai_edited,visual_logit_raw,68,0.1044602521,0.7957840849,0.01622030139,-0.9843371898,-0.4140267521,0.609173879,1.540512091,1.023200631,-2.030059099,2.352267981,0.09593756354,0.7861444713,0.01419980801,-0.9640848517,-0.4557694346,0.6294097006,1.52799595,1.085179135,-1.998878241,2.318767548,-0.008522688582,0.03523327272,-0.006498083472,-0.0674780041,-0.03002770245,0.01290980726,0.04395978004,0.04293750972,-0.09861981869,0.07073074579
jpeg_q75,1,ai_edited,dsp_logit_raw,68,0.02934744181,0.3441143037,0.06882532686,-0.65722,-0.09461008757,0.2433495522,0.5239203021,0.3379596397,-1.193677902,0.6256977916,-1.162124966,0.5331746477,-1.044631958,-2.024999678,-1.386961281,-0.8730083853,-0.4071423113,0.513952896,-2.903757095,-0.1489661038,-1.191472407,0.512373545,-1.191891579,-2.1275242,-1.426710932,-0.825082209,-0.4045082688,0.6016287226,-2.554203004,-0.04041898251
jpeg_q75,1,ai_edited,visual_logit_calibrated,68,0.04543453827,0.3461228719,0.007054950464,-0.4281332355,-0.1800791586,0.2649575638,0.6700391214,0.4450367225,-0.8829654913,1.023108861,0.04172763145,0.3419301633,0.006176145541,-0.419324568,-0.1982349592,0.2737590476,0.6645952796,0.4719940068,-0.8694035106,1.008537992,-0.003706906816,0.01532456073,-0.002826313513,-0.02934926824,-0.01306042029,0.005615065255,0.01912011763,0.01867548554,-0.04289426682,0.03076403427
jpeg_q75,1,ai_edited,dsp_logit_calibrated,68,0.02472462629,0.2899093425,0.05798394616,-0.5536945603,-0.07970708566,0.2050170769,0.4413922603,0.2847241626,-1.005649495,0.5271377371,-0.979066784,0.4491888593,-0.880081301,-1.706021281,-1.168486834,-0.7354919114,-0.3430091644,0.4329949222,-2.446356636,-0.1255009302,-1.00379141,0.4316643509,-1.004144554,-1.792396118,-1.20197511,-0.695115077,-0.3407900369,0.5068600332,-2.151864382,-0.03405217544
jpeg_q75,1,ai_edited,visual_contribution,68,0.041519196,0.3162955739,0.006446986857,-0.3912386566,-0.1645607542,0.2421247237,0.6122981913,0.4066854778,-0.8068755332,0.9349419836,0.03813173358,0.3124641739,0.005643913353,-0.3831890801,-0.1811519702,0.2501677355,0.6073234751,0.4313197057,-0.7944822625,0.9216267654,-0.003387462413,0.01400395965,-0.002582754644,-0.02682008152,-0.01193493255,0.005131184419,0.01747243268,0.01706611697,-0.03919783361,0.02811292944
jpeg_q75,1,ai_edited,dsp_contribution,68,0.0221355027,0.2595504966,0.05191195942,-0.4957125455,-0.07136028626,0.1835480143,0.3951703639,0.2549083005,-0.9003394775,0.4719367106,-0.8765404656,0.4021505155,-0.7879205852,-1.527369443,-1.046124749,-0.6584723668,-0.3070897896,0.3876523817,-2.190178055,-0.1123586721,-0.8986759683,0.3864611457,-0.8989921313,-1.604699244,-1.076106186,-0.6223237303,-0.3051030456,0.4537824557,-1.926524562,-0.03048628572
jpeg_q75,1,ai_edited,fusion_logit,68,0.07171276898,0.4255887717,0.06669919751,-0.7884801414,-0.1365101181,0.355878696,0.6651337283,0.4923888141,-1.06113227,1.089126033,-0.8303506618,0.5661990504,-0.8527783144,-1.851434742,-1.147373081,-0.4873165675,-0.06711823777,0.660056514,-2.478999807,0.6229368107,-0.9020634308,0.3824127636,-0.8933082031,-1.586170075,-1.077653255,-0.6516384117,-0.3156833484,0.4260148431,-1.923666375,-0.008390226558
jpeg_q75,1,ai_edited,fusion_probability,68,0.517839805,0.1018856083,0.516667682,0.3124959815,0.4659265179,0.5880408783,0.6604124907,0.1221143604,0.257093136,0.7482171122,0.3155418139,0.1118619866,0.2988506544,0.1361173106,0.2409696966,0.3805341388,0.4832276982,0.1395644422,0.07734354729,0.6508861853,-0.2022979911,0.07630740948,-0.2069990393,-0.328286536,-0.2445944464,-0.1515865717,-0.06307013723,0.09300787473,-0.414964742,-0.001876308287
jpeg_q75,1,ai_edited,visual_calibrated_probability,68,0.510786915,0.08366160989,0.5017637294,0.3946126846,0.4551015597,0.5658516866,0.6614908341,0.1107501269,0.2925636334,0.7355777254,0.5098867731,0.08275901157,0.5015440254,0.3967104021,0.4506030719,0.568014863,0.6602625956,0.1174117911,0.2953784342,0.7327339344,-0.0009001418654,0.003729875237,-0.0007007988189,-0.007224629032,-0.002983029731,0.001395983751,0.004766005891,0.004379013483,-0.01065099919,0.007671825056
jpeg_q75,2,all,visual_logit_raw,136,0.03740341659,0.2308419857,0.00227053382,-0.3371031657,-0.09394703805,0.1653689891,0.4088575691,0.2593160272,-0.5573038459,0.7906153798,0.03093638136,0.2269495206,-0.0003792538773,-0.3395430446,-0.09863553196,0.1500175931,0.3922627494,0.248653125,-0.5553972125,0.7843222022,-0.006467035229,0.01300091409,-0.00504315272,-0.02999882959,-0.01392587653,0.001854375005,0.01438024454,0.01578025153,-0.04817306995,0.01781690493
jpeg_q75,2,all,dsp_logit_raw,136,0.05729120516,0.4758599712,0.09445523471,-0.7659803927,-0.1576985866,0.3726103306,0.7952648252,0.5303089172,-1.851218104,1.327116013,-1.217871968,0.8811656869,-1.195590496,-2.310378611,-1.62768513,-0.8989983499,-0.4407926202,0.7286867797,-2.736226559,5.916656494,-1.275163173,0.8134956519,-1.310901381,-2.30697953,-1.618561894,-1.044410324,-0.4596294989,0.57415157,-3.019213438,4.589540482
jpeg_q75,2,all,visual_logit_calibrated,136,0.06310193872,0.3894450873,0.003830534722,-0.5687144449,-0.1584946184,0.2789879848,0.6897686795,0.4374826031,-0.9402069741,1.333818346,0.05219163966,0.3828782515,-0.0006398253718,-0.5728306755,-0.1664044053,0.2530892049,0.661772165,0.4194936102,-0.9369903625,1.323201356,-0.01091029906,0.02193336756,-0.008508118854,-0.0506099303,-0.02349383793,0.003128448377,0.02426038561,0.0266222863,-0.08127102777,0.03005824991
jpeg_q75,2,all,dsp_logit_calibrated,136,0.05231666361,0.4345414967,0.08625377537,-0.6994710345,-0.1440057664,0.3402569255,0.7262127272,0.4842626919,-1.690478575,1.211883775,-1.112125289,0.8046548978,-1.091778496,-2.109770606,-1.486354758,-0.8209391673,-0.4025190109,0.6654155909,-2.498642576,5.402918767,-1.164441952,0.7428605884,-1.197077045,-2.106666663,-1.478023684,-0.953725156,-0.4197203011,0.5242985283,-2.75705797,4.191034991
jpeg_q75,2,all,visual_contribution,136,0.05843142615,0.3606201698,0.003547016324,-0.5266208418,-0.1467635825,0.2583385893,0.638715204,0.4051021718,-0.8706172186,1.235095304,0.04832865678,0.3545393808,-0.000592468468,-0.5304324081,-0.1540879237,0.2343567168,0.6127908614,0.3884446405,-0.8676386856,1.225264134,-0.01010276937,0.02030996151,-0.007878387393,-0.0468640182,-0.02175493311,0.002896895151,0.02246474449,0.02465182826,-0.07525572357,0.02783347779
jpeg_q75,2,all,dsp_contribution,136,0.04800072559,0.3986933742,0.07913814677,-0.6417671707,-0.1321258047,0.3121869436,0.6663027693,0.4443127482,-1.551020126,1.111907689,-1.020378922,0.7382737407,-1.001710667,-1.935722061,-1.363735796,-0.7532146162,-0.3693126292,0.6105211797,-2.292513482,4.957197253,-1.068379647,0.6815772413,-1.098322462,-1.932874183,-1.356092006,-0.8750462348,-0.3850948743,0.4810457711,-2.529610528,3.845289563
jpeg_q75,2,all,fusion_logit,136,0.1212765201,0.5350310475,0.1204903174,-0.6470169729,-0.2236718383,0.4738807715,0.9844842134,0.6975526098,-1.569573506,1.458898074,-0.9572058966,0.8500636971,-0.9828560756,-2.078056617,-1.428960386,-0.593733778,-0.139511146,0.8352266084,-2.796186652,5.228931914,-1.078482417,0.6779596775,-1.087538483,-1.936018811,-1.373623737,-0.8643776571,-0.408571504,0.50924608,-2.533790758,3.77003384
jpeg_q75,2,all,fusion_probability,136,0.5290269975,0.1247125191,0.5300861796,0.3436750234,0.4443211824,0.6162995932,0.7279921229,0.1719784108,0.1722772004,0.8113640803,0.2893526686,0.13635716,0.2723264444,0.1112497748,0.1932611568,0.3557790688,0.4651787217,0.162517912,0.05753059026,0.994669322,-0.2396743289,0.1109915245,-0.2468266651,-0.3861462141,-0.2912877413,-0.2016616351,-0.09701668464,0.08962610615,-0.4886515548,0.529364885
jpeg_q75,2,all,visual_calibrated_probability,136,0.5146881232,0.09284046993,0.5009576236,0.3615354697,0.4604590849,0.5692963196,0.6659126345,0.1088372347,0.2808585367,0.7914715326,0.5120671588,0.09132734847,0.4998400443,0.360584043,0.4584946313,0.562933594,0.6596565173,0.1044389626,0.281508676,0.7897138356,-0.002620964416,0.005327272417,-0.001980567685,-0.01213148049,-0.005799644542,0.0006755820191,0.005887057081,0.006475226561,-0.01980993024,0.00751439978
jpeg_q75,2,authentic,visual_logit_raw,68,-0.007911921636,0.2344493328,-0.02678519767,-0.3819719896,-0.1433360614,0.1309623159,0.3594548494,0.2742983773,-0.5573038459,0.7906153798,-0.01420409277,0.2298066351,-0.030496547,-0.3811376676,-0.1565852165,0.1319325157,0.3491421729,0.2885177322,-0.5553972125,0.7843222022,-0.006292171133,0.0144169345,-0.004566833377,-0.03153619021,-0.01333083957,0.002968538553,0.01501461882,0.01629937813,-0.04817306995,0.01774129923
jpeg_q75,2,authentic,dsp_logit_raw,68,0.01088961291,0.5097873342,0.03161885496,-0.701426217,-0.2001229525,0.2945714965,0.7284450471,0.494694449,-1.851218104,1.327116013,-1.215877681,1.041548685,-1.205005229,-2.344020343,-1.65673089,-0.940297544,-0.4484139383,0.7164333463,-2.736226559,5.916656494,-1.226767294,0.8859115755,-1.277206894,-2.268735821,-1.599678427,-1.01544216,-0.3373068374,0.5842362666,-3.00980711,4.589540482
jpeg_q75,2,authentic,visual_logit_calibrated,68,-0.01334791417,0.3955309108,-0.0451883292,-0.6444109998,-0.2418170367,0.2209417425,0.6064231545,0.4627587792,-0.9402069741,1.333818346,-0.02396320639,0.3876983851,-0.05144961117,-0.6430034456,-0.2641692027,0.222578531,0.5890250146,0.4867477337,-0.9369903625,1.323201356,-0.01061529222,0.02432228391,-0.007704537879,-0.05320355528,-0.02248997281,0.005008113026,0.02533061531,0.02749808583,-0.08127102777,0.02993069829
jpeg_q75,2,authentic,dsp_logit_calibrated,68,0.009944078042,0.4655229787,0.02887341948,-0.6405220372,-0.1827464644,0.2689941301,0.6651948477,0.4517405945,-1.690478575,1.211883775,-1.110304164,0.951111991,-1.100375756,-2.140491258,-1.512878503,-0.8586523912,-0.4094785771,0.6542261115,-2.498642576,5.402918767,-1.120248242,0.8089887053,-1.166308219,-2.07174362,-1.460779851,-0.9272722711,-0.3080188014,0.5335075801,-2.748468385,4.191034991
jpeg_q75,2,authentic,visual_contribution,68,-0.01235996353,0.3662555489,-0.04184369884,-0.5967146891,-0.2239188622,0.2045886604,0.5615385278,0.4285075226,-0.8706172186,1.235095304,-0.0221895611,0.3590027504,-0.04764154979,-0.5954113156,-0.2446166246,0.2061043014,0.5454281174,0.450720926,-0.8676386856,1.225264134,-0.009829597572,0.02252206137,-0.007134283751,-0.0492656751,-0.02082536942,0.004637435749,0.02345576075,0.02546280517,-0.07525572357,0.02771536695
jpeg_q75,2,authentic,dsp_contribution,68,0.009123727097,0.4271189945,0.02649146543,-0.5876812553,-0.1676705334,0.2468030745,0.610318647,0.4144736079,-1.551020126,1.111907689,-1.018708033,0.8726486465,-1.009598684,-1.963908369,-1.388071426,-0.7878166337,-0.375698056,0.6002547925,-2.292513482,4.957197253,-1.02783176,0.7422500246,-1.070091954,-1.900832166,-1.340270727,-0.8507756185,-0.2826083497,0.489495109,-2.521729553,3.845289563
jpeg_q75,2,authentic,fusion_logit,68,0.01160813194,0.5787879866,0.01083115624,-0.7799140355,-0.3611523563,0.3634890755,0.8178425757,0.7246414319,-1.569573506,1.458898074,-1.026053226,0.9795397568,-1.107930833,-2.072770547,-1.536201432,-0.6912172694,-0.1676051209,0.844984163,-2.796186652,5.228931914,-1.037661358,0.736051996,-1.05165866,-1.901529663,-1.351280679,-0.8450075077,-0.281969199,0.506273171,-2.533790758,3.77003384
jpeg_q75,2,authentic,fusion_probability,68,0.5036811543,0.1335655202,0.502707761,0.3144320707,0.4106824817,0.5898820284,0.6937387361,0.1791995468,0.1722772004,0.8113640803,0.2728094364,0.1401290231,0.2482573026,0.1117718116,0.1770934667,0.3337628405,0.4581972801,0.1566693738,0.05753059026,0.994669322,-0.2308717179,0.09921324866,-0.2279776911,-0.3655229142,-0.2785563619,-0.1995481531,-0.05084874284,0.07900820876,-0.4886515548,0.1833052418
jpeg_q75,2,authentic,visual_calibrated_probability,68,0.4963896532,0.09454897415,0.4887048459,0.3442562566,0.4398393281,0.5550105107,0.647110831,0.1151711827,0.2808585367,0.7914715326,0.4938253177,0.09269234257,0.4871404506,0.3445681694,0.4343394022,0.5554159747,0.6431359807,0.1210765725,0.281508676,0.7897138356,-0.002564335463,0.005929843498,-0.001735778507,-0.01278098737,-0.00538083117,0.001248091984,0.006305732273,0.006628923154,-0.01980993024,0.007480654126
jpeg_q75,2,ai_edited,visual_logit_raw,68,0.08271875481,0.2196284159,0.03776871599,-0.1975229502,-0.06302529573,0.2073398605,0.4890849352,0.2703651562,-0.3451197743,0.7536631227,0.07607685549,0.2164108992,0.02427452616,-0.1962679446,-0.06499506161,0.1806777865,0.4772618771,0.2456728481,-0.3388687968,0.75280267,-0.006641899325,0.01151782136,-0.005435436964,-0.02693266347,-0.01424136775,0.0008341316134,0.01312803142,0.01507549937,-0.03115224838,0.01781690493
jpeg_q75,2,ai_edited,dsp_logit_raw,68,0.1036927974,0.4381912286,0.1152331755,-0.8171281219,-0.08483834751,0.4064216167,0.7948186308,0.4912599642,-1.262051821,0.9150592685,-1.219866255,0.6925771069,-1.19249332,-2.25233202,-1.620597571,-0.8719884157,-0.4493839294,0.7486091554,-2.698871136,2.297096491,-1.323559052,0.7374510396,-1.319547378,-2.281686511,-1.637400166,-1.056575671,-0.6316161573,0.5808244952,-3.019213438,3.180696845
jpeg_q75,2,ai_edited,visual_logit_calibrated,68,0.1395517916,0.3705270829,0.06371822201,-0.3332337587,-0.1063276757,0.3497955097,0.8251173402,0.4561231854,-0.5822389727,1.271477542,0.1283464857,0.3650989279,0.04095266695,-0.3311164846,-0.1096507958,0.3048148979,0.8051710904,0.4144656937,-0.5716931768,1.270025904,-0.01120530589,0.01943129596,-0.009169927282,-0.04543711337,-0.02402609166,0.001407232995,0.02214782257,0.02543332465,-0.05255582104,0.03005824991
jpeg_q75,2,ai_edited,dsp_logit_calibrated,68,0.09468924918,0.4001434957,0.105227587,-0.7461776543,-0.07747191346,0.3711324093,0.7258052754,0.4486043228,-1.152469046,0.8356055314,-1.113946413,0.632441287,-1.088950244,-2.056764145,-1.479882606,-0.7962744804,-0.4103643448,0.6836081254,-2.464530689,2.09764176,-1.208635662,0.6734188583,-1.204972318,-2.083569813,-1.495226247,-0.9648341975,-0.5767735194,0.5303920497,-2.75705797,2.904519925
jpeg_q75,2,ai_edited,visual_contribution,68,0.1292228158,0.3431023883,0.05900209501,-0.3085693428,-0.09845779475,0.3239052699,0.7640459851,0.4223630647,-0.5391443469,1.177368677,0.1188468747,0.3380760001,0.03792154066,-0.3066087795,-0.1015349529,0.2822539142,0.7455760641,0.3837888671,-0.5293791018,1.176024482,-0.01037594116,0.01799308164,-0.008491211834,-0.04207406917,-0.02224779189,0.001303076142,0.02050854356,0.02355086803,-0.04866588314,0.02783347779
jpeg_q75,2,ai_edited,dsp_contribution,68,0.08687772409,0.3671330855,0.09654668669,-0.6846206611,-0.07108075712,0.3405153102,0.6659289308,0.4115960673,-1.057394463,0.7666710576,-1.02204981,0.5802671382,-0.9991157359,-1.887088445,-1.357797573,-0.7305846779,-0.376510751,0.627212895,-2.261215704,1.924593801,-1.108927534,0.6178642061,-1.105566402,-1.911682741,-1.371875419,-0.8852388199,-0.5291917628,0.4866365987,-2.529610528,2.664907398
jpeg_q75,2,ai_edited,fusion_logit,68,0.2309449083,0.4662403786,0.1430363428,-0.4959858516,-0.1065413616,0.5222588727,1.023749312,0.6288002343,-0.6102706967,1.29638288,-0.8883585672,0.6977694753,-0.8409027284,-2.079729542,-1.283145409,-0.4825117909,-0.04013002185,0.8006336181,-2.658545773,2.08218097,-1.119303475,0.6172226399,-1.106475597,-1.920282864,-1.384121758,-0.8830668101,-0.5290611004,0.5010549475,-2.527701411,2.658438123
jpeg_q75,2,ai_edited,fusion_probability,68,0.5543728407,0.1104301324,0.5356982375,0.3785167832,0.473390281,0.6275950905,0.7357021706,0.1542048095,0.3519974508,0.7852255983,0.3058959008,0.1314244728,0.3013492413,0.1110901191,0.217026195,0.3816752114,0.4899855477,0.1646490164,0.06546424492,0.8891591616,-0.2484769399,0.1217437916,-0.2552907202,-0.3989730477,-0.2940896019,-0.205376727,-0.1272818008,0.08871287493,-0.4771620123,0.529364885
jpeg_q75,2,ai_edited,visual_calibrated_probability,68,0.5329865933,0.08802375362,0.5159240741,0.4174546259,0.4734431072,0.5865679864,0.695256113,0.1131248792,0.3584175689,0.7809955738,0.5303089999,0.08682467282,0.5102367314,0.4179692216,0.4726149658,0.575619098,0.6910580918,0.1030041322,0.360846225,0.7807471822,-0.00267759337,0.004691874792,-0.002177408506,-0.01049740191,-0.005967654134,0.0003473576095,0.005377139102,0.006315011744,-0.01279898635,0.00751439978
jpeg_q75,3,all,visual_logit_raw,136,-0.000258308833,0.2371913706,-0.005991516518,-0.4058033302,-0.1465642378,0.1654620357,0.3606518507,0.3120262735,-0.5847628117,0.7799586058,-0.004145145788,0.2349872941,-0.009898290504,-0.3839352354,-0.1481232643,0.1574040093,0.3429797292,0.3055272736,-0.5784645081,0.755739212,-0.003886836955,0.01111555821,-0.003934692591,-0.02101345733,-0.009799954481,0.002835517749,0.0125801079,0.01263547223,-0.03886030614,0.02632036805
jpeg_q75,3,all,dsp_logit_raw,136,0.1006631461,0.3682867115,0.1127804071,-0.488933444,-0.08020190895,0.2757822126,0.7902637869,0.3559841216,-1.342443228,0.9462297559,-1.190656072,0.5003073525,-1.169605017,-2.030923367,-1.471360743,-0.8214977086,-0.4728273153,0.6498630345,-2.989410877,-0.3732600808,-1.291319218,0.5353108376,-1.26045467,-2.169659618,-1.581539076,-0.8762157708,-0.6663801223,0.705323305,-3.190809667,0.02643156052
jpeg_q75,3,all,visual_logit_calibrated,136,-0.0004331386462,0.3977283625,-0.01004672323,-0.6804610709,-0.2457625425,0.2774508379,0.6047499521,0.5232133804,-0.9805447599,1.3078539,-0.006950683082,0.3940325125,-0.01659769857,-0.6437921081,-0.2483767568,0.2639389397,0.5751169012,0.5123156964,-0.9699836085,1.267242221,-0.006517544435,0.01863884321,-0.006597789951,-0.03523588549,-0.0164328063,0.004754666362,0.02109463638,0.02118747266,-0.06516192343,0.04413464478
jpeg_q75,3,all,dsp_logit_calibrated,136,0.03320847446,0.1214966979,0.03720592306,-0.1612976985,-0.02645837279,0.09097973709,0.2607056883,0.1174381099,-0.4428680543,0.3121584006,-0.39279392,0.1650499173,-0.3858492392,-0.6699956178,-0.4853975617,-0.2710096668,-0.1559843343,0.2143878949,-0.9861978156,-0.1231373978,-0.4260023945,0.1765974636,-0.4158202712,-0.7157642974,-0.5217450681,-0.2890609938,-0.2198368334,0.2326840743,-1.052638681,0.008719693717
jpeg_q75,3,all,visual_contribution,136,-0.0003998281626,0.3671411031,-0.009274081002,-0.6281302812,-0.2268621991,0.2561135093,0.5582417184,0.4829757084,-0.9051360646,1.207273529,-0.006416141504,0.3637294821,-0.01532125425,-0.5942813413,-0.2292753675,0.2436407423,0.5308875943,0.4729161098,-0.8953871175,1.169785087,-0.006016313341,0.01720542486,-0.006090387584,-0.03252607329,-0.015169043,0.004389009228,0.0194723555,0.01955805222,-0.06015065232,0.0407404744
jpeg_q75,3,all,dsp_contribution,136,0.02184453877,0.07992054352,0.02447406097,-0.1061016468,-0.01740432102,0.05984648275,0.1714922353,0.07725080377,-0.2913186631,0.2053378361,-0.2583798911,0.1085698568,-0.2538116791,-0.4407232035,-0.3192945785,-0.1782701936,-0.1026065151,0.1410243848,-0.6487210498,-0.08099979609,-0.2802244298,0.1161658343,-0.2735266279,-0.4708298468,-0.3432039729,-0.1901443589,-0.1446086973,0.153059614,-0.6924258598,0.005735815648
jpeg_q75,3,all,fusion_logit,136,0.01538354106,0.3804024856,0.011245795,-0.5944496445,-0.2055751789,0.2916038108,0.6033077621,0.4971789897,-0.8950216645,1.161513212,-0.2708572021,0.3896399109,-0.2666347271,-0.8738036108,-0.5450217773,0.02716837951,0.3139174939,0.5721901568,-1.257563876,0.9467970554,-0.2862407432,0.1150834565,-0.2771476304,-0.4815869018,-0.3569130705,-0.2006428103,-0.1347881111,0.1562702602,-0.6735621158,-0.0002176866823
jpeg_q75,3,all,fusion_probability,136,0.5037306035,0.0920950439,0.5028114174,0.3556185095,0.4487864543,0.5723881314,0.6464117603,0.1236016771,0.2900746202,0.7616075646,0.4350995518,0.09238841137,0.4337335912,0.2946944066,0.3670205093,0.506791614,0.5778223954,0.1397711047,0.2213935425,0.720470584,-0.06863105168,0.02698582312,-0.06708268047,-0.116848805,-0.08378177558,-0.04822901017,-0.03158750461,0.03555276541,-0.1461972298,-4.997415294e-05
jpeg_q75,3,all,visual_calibrated_probability,136,0.49978449,0.09563039475,0.4974883526,0.3361594163,0.4388668048,0.5689210687,0.6467422537,0.1300542639,0.2727837048,0.7871538141,0.4982024675,0.09492320117,0.4958506713,0.3443998077,0.4382232559,0.5656040818,0.6399427019,0.1273808259,0.2748837694,0.7802702961,-0.001582022574,0.004381217238,-0.00163250972,-0.008339541859,-0.00403079556,0.00117754288,0.00481916134,0.00520833844,-0.01617728195,0.009928571907
jpeg_q75,3,authentic,visual_logit_raw,68,-0.04791318503,0.2361946177,-0.04762999155,-0.4141204149,-0.2337621525,0.1142405272,0.333450529,0.3480026796,-0.5847628117,0.5535373092,-0.05141450357,0.2339666758,-0.04966666736,-0.4090711445,-0.2414586432,0.1033058967,0.3253587723,0.34476454,-0.5784645081,0.5221806169,-0.003501318532,0.01045619865,-0.004332188517,-0.01979800388,-0.009481832385,0.002983784303,0.01279341355,0.01246561669,-0.03135669231,0.02306365967
jpeg_q75,3,authentic,dsp_logit_raw,68,0.04215070424,0.3676538716,0.074374035,-0.5473465979,-0.114848651,0.1959483847,0.7365076959,0.3107970357,-1.342443228,0.9444357157,-1.214828563,0.5101240507,-1.217714131,-2.080644655,-1.480797291,-0.8679076433,-0.4989795685,0.6128896475,-2.989410877,-0.3980038762,-1.256979267,0.5254214655,-1.236857176,-2.133775663,-1.576079734,-0.8515347987,-0.657272771,0.7245449349,-3.112094834,0.02643156052
jpeg_q75,3,authentic,visual_logit_calibrated,68,-0.08034201488,0.3960569825,-0.07986714903,-0.6944073643,-0.3919781647,0.1915613443,0.5591381024,0.5835395089,-0.9805447599,0.9281850643,-0.08621311248,0.3923211144,-0.08328229745,-0.6859406227,-0.4048838309,0.1732258853,0.5455696445,0.5781097162,-0.9699836085,0.8756053863,-0.005871097598,0.01753321277,-0.00726432096,-0.03319778306,-0.01589937129,0.005003283391,0.02145231257,0.02090265468,-0.05257967799,0.03867371553
jpeg_q75,3,authentic,dsp_logit_calibrated,68,0.01390539279,0.1212879259,0.02453577439,-0.1805680254,-0.03788823062,0.06464279314,0.2429717127,0.1025310238,-0.4428680543,0.3115665521,-0.4007683535,0.1682884171,-0.4017202938,-0.6863985241,-0.4885106509,-0.2863201671,-0.1646118853,0.2021904838,-0.9861978156,-0.1313003028,-0.4146737463,0.173334989,-0.4080355278,-0.7039262864,-0.5199440473,-0.2809188141,-0.2168323451,0.2390252332,-1.026670891,0.008719693717
jpeg_q75,3,authentic,visual_contribution,68,-0.07416332037,0.3655982604,-0.07372497403,-0.6410040363,-0.3618331237,0.1768293385,0.5161376434,0.5386624622,-0.9051360646,0.856803086,-0.07958290181,0.3621496989,-0.07687748081,-0.6331884286,-0.3737462809,0.1599039661,0.5036126663,0.5336502471,-0.8953871175,0.8082670429,-0.005419581433,0.01618482282,-0.006705659093,-0.03064471092,-0.01467663175,0.004618506389,0.01980252465,0.01929513814,-0.04853604319,0.03569951736
jpeg_q75,3,authentic,dsp_contribution,68,0.009146969163,0.07978321327,0.01613963555,-0.1187776703,-0.02492288297,0.04252203764,0.1598268239,0.06744492061,-0.2913186631,0.204948518,-0.2636254744,0.1107001424,-0.2642516609,-0.4515130374,-0.321342369,-0.1883414427,-0.1082817193,0.1330009262,-0.6487210498,-0.08636935604,-0.2727724436,0.114019778,-0.2684058226,-0.4630428017,-0.3420192611,-0.184788432,-0.1426323445,0.1572308291,-0.6753442438,0.005735815648
jpeg_q75,3,authentic,fusion_logit,68,-0.07107752075,0.3764099029,-0.07960232615,-0.6526332931,-0.3618835119,0.2470090295,0.547768516,0.6088925414,-0.8950216645,0.7303289926,-0.3492695458,0.387830709,-0.3449894038,-1.033845886,-0.6319395163,-0.09557289168,0.2468023507,0.5363666247,-1.169352917,0.4533530359,-0.278192025,0.1120479911,-0.2698373308,-0.4568644919,-0.3547279719,-0.1926495786,-0.1302829811,0.1620783933,-0.6583193832,-0.0002176866823
jpeg_q75,3,authentic,fusion_probability,68,0.4828104292,0.09134808437,0.4801100909,0.3424203836,0.4105038534,0.5614401213,0.633543928,0.1509362678,0.2900746202,0.6748774636,0.4165714475,0.09138276044,0.4145985903,0.2623588172,0.3470730446,0.4761271333,0.5613891582,0.1290540887,0.2369719674,0.6114361519,-0.06623898168,0.02600376369,-0.06431047599,-0.1091994765,-0.08296130515,-0.04683213475,-0.03114736881,0.0361291704,-0.1461972298,-4.997415294e-05
jpeg_q75,3,authentic,visual_calibrated_probability,68,0.4804949251,0.09548107328,0.480043832,0.3331123574,0.4032415258,0.5477397721,0.6361354962,0.1444982463,0.2727837048,0.7167069294,0.4790738481,0.09471738306,0.4791914559,0.3349894717,0.4001395194,0.5431937102,0.633063581,0.1430541908,0.2748837694,0.7059107222,-0.001421077009,0.004088077496,-0.001768534667,-0.007989108471,-0.003890987509,0.001223229391,0.005199159476,0.0051142169,-0.0121734548,0.008794282821
jpeg_q75,3,ai_edited,visual_logit_raw,68,0.04739656737,0.230133717,0.05575196631,-0.4013728857,-0.09006152488,0.1927905045,0.3797608867,0.2828520294,-0.4215448201,0.7799586058,0.04312421199,0.228005117,0.0521769207,-0.3755391255,-0.09741551057,0.1857712232,0.3776895419,0.2831867337,-0.418130517,0.755739212,-0.004272355379,0.01180345742,-0.003854885697,-0.02301821783,-0.01084830472,0.001342468895,0.01151504517,0.01219077362,-0.03886030614,0.02632036805
jpeg_q75,3,ai_edited,dsp_logit_raw,68,0.1591755879,0.3621817596,0.1808290333,-0.3835162699,0.00129617285,0.3491683155,0.7991795212,0.3478721427,-1.221986055,0.9462297559,-1.16648358,0.4928876323,-1.143454432,-2.000495631,-1.450815409,-0.8176745772,-0.4712670088,0.6331408322,-2.904882431,-0.3732600808,-1.325659168,0.5467458134,-1.311066814,-2.287829077,-1.598211478,-0.9014338888,-0.7019312836,0.6967775896,-3.190809667,0.003468990326
jpeg_q75,3,ai_edited,visual_logit_calibrated,68,0.07947573759,0.3858939143,0.0934862774,-0.6730319918,-0.1510173946,0.3232758911,0.6367924568,0.4742932857,-0.7068567907,1.3078539,0.07231174632,0.3823246251,0.0874915524,-0.6297133031,-0.1633487399,0.3115057862,0.6333191745,0.4748545261,-0.7011316028,1.267242221,-0.007163991272,0.01979232963,-0.006463967775,-0.03859751754,-0.01819070594,0.002251085079,0.01930871282,0.02044179102,-0.06516192343,0.04413464478
jpeg_q75,3,ai_edited,dsp_logit_calibrated,68,0.05251155613,0.1194826924,0.05965496377,-0.1265208843,0.0004276035934,0.1151895956,0.2636469627,0.114761992,-0.4031295891,0.3121584006,-0.3848194865,0.1626021736,-0.3772222387,-0.6599575976,-0.4786197168,-0.269748427,-0.1554695937,0.2088712898,-0.9583121309,-0.1231373978,-0.4373310426,0.1803698284,-0.432517068,-0.7547480527,-0.5272452445,-0.2973803765,-0.2315650565,0.229864868,-1.052638681,0.001144409659
jpeg_q75,3,ai_edited,visual_contribution,68,0.07336366405,0.356216782,0.08629672472,-0.6212725347,-0.1394034172,0.2984143914,0.5878199975,0.4378178087,-0.6524960409,1.207273529,0.0667506188,0.3529219886,0.08076302344,-0.5812852654,-0.1507864216,0.2875494653,0.5846138276,0.438335887,-0.647211148,1.169785087,-0.00661304525,0.01827020252,-0.005966856989,-0.03562917936,-0.01679175154,0.00207796561,0.01782377822,0.01886971715,-0.06015065232,0.0407404744
jpeg_q75,3,ai_edited,dsp_contribution,68,0.03454210837,0.0785957304,0.03924104284,-0.08322545393,0.0002812776987,0.07577173079,0.173427006,0.0754904531,-0.2651786955,0.2053378361,-0.2531343077,0.1069597307,-0.2481368371,-0.4341201925,-0.3148361113,-0.17744055,-0.1022679187,0.1373955613,-0.6303778429,-0.08099979609,-0.287676416,0.1186472963,-0.284509783,-0.4964733661,-0.3468219896,-0.1956168499,-0.1523235239,0.1512051397,-0.6924258598,0.0007527928206
jpeg_q75,3,ai_edited,fusion_logit,68,0.1018446029,0.3670331031,0.135712488,-0.5768891107,-0.1219840591,0.3362282903,0.6694142664,0.4582123494,-0.6305824036,1.161513212,-0.1924448584,0.3781683382,-0.1791570302,-0.7777907361,-0.4732424513,0.08928830624,0.3550968668,0.5625307575,-1.257563876,0.9467970554,-0.2942894613,0.118320872,-0.289663327,-0.4969034532,-0.3580414872,-0.2016681624,-0.1453467779,0.1563733247,-0.6735621158,-0.003284742659
jpeg_q75,3,ai_edited,fusion_probability,68,0.5246507778,0.088638251,0.5338760979,0.3596517513,0.4695417835,0.5832738652,0.6612799854,0.1137320817,0.3473784913,0.7616075646,0.4536276561,0.09028287057,0.4553307294,0.3147962989,0.3838491793,0.5223072554,0.5878140209,0.1384580761,0.2213935425,0.720470584,-0.07102312167,0.02792002765,-0.06948123296,-0.1208540161,-0.08533146832,-0.0498239293,-0.03538810661,0.03550753902,-0.136618767,-0.0007589178476
jpeg_q75,3,ai_edited,visual_calibrated_probability,68,0.5190740549,0.0924928259,0.5233502456,0.3378195593,0.4623181533,0.5801222624,0.6539676559,0.1178041091,0.3302937462,0.7871538141,0.5173310868,0.09187599639,0.5218543231,0.3475763693,0.4592535325,0.5772521347,0.6531748918,0.1179986022,0.3315613847,0.7802702961,-0.001742968139,0.004680989711,-0.001594137729,-0.008478133298,-0.004522946762,0.000555972567,0.004456063385,0.005078919329,-0.01617728195,0.009928571907
jpeg_q75,4,all,visual_logit_raw,136,0.008417430669,0.2776611596,0.03431541845,-0.4153323472,-0.1682415195,0.1550301202,0.4447543845,0.3232716396,-0.6808906794,1.081691265,0.005026332719,0.2748739264,0.02536113374,-0.4056553245,-0.1647439711,0.1565938294,0.4437333122,0.3213378005,-0.651101172,1.067723274,-0.00339109795,0.01125706075,-0.001933135092,-0.02177775372,-0.01155820116,0.00328554213,0.01328906417,0.01484374329,-0.0352884829,0.02978950739
jpeg_q75,4,all,dsp_logit_raw,136,-0.04073278052,0.3805097614,-0.0004666855093,-0.6898193955,-0.2370173782,0.1676289216,0.4390302896,0.4046462998,-1.441284776,0.8647292852,-1.091481117,0.6253595976,-0.9550985098,-2.119338393,-1.43420279,-0.6673078537,-0.3054778874,0.7668949366,-3.439953566,0.05186975375,-1.050748336,0.6078819874,-0.8789751586,-2.097101334,-1.243950994,-0.6651613414,-0.415215495,0.5787896523,-3.374770045,0.05324906111
jpeg_q75,4,all,visual_logit_calibrated,136,0.01651800154,0.544870239,0.06733909158,-0.8150302174,-0.3301498743,0.3042243962,0.8727667496,0.6343742705,-1.336150392,2.12266411,0.009863457727,0.5394006932,0.04976759091,-0.796040447,-0.3232864367,0.3072929515,0.8707630416,0.6305793882,-1.277692752,2.095253929,-0.006654543809,0.02209036868,-0.003793500615,-0.04273572109,-0.02268131358,0.006447405638,0.02607788421,0.02912871922,-0.06924859113,0.05845763965
jpeg_q75,4,all,dsp_logit_calibrated,136,-0.03144887252,0.2937831109,-0.0003603174863,-0.5325941895,-0.1829958381,0.1294225564,0.3389655072,0.3124183945,-1.112783871,0.6676382192,-0.8427082574,0.4828262154,-0.7374102845,-1.636293965,-1.107316027,-0.5152135295,-0.2358526723,0.5921024979,-2.655911523,0.04004748147,-0.8112593849,0.4693321419,-0.6786371407,-1.619125227,-0.9604268532,-0.5135562552,-0.3205786348,0.446870598,-2.605584779,0.04111241395
jpeg_q75,4,all,visual_contribution,136,0.01507893743,0.4974006222,0.06147244545,-0.7440240046,-0.3013869011,0.2777200756,0.7967304748,0.5791069767,-1.219743691,1.93773558,0.009004143846,0.4924075884,0.04543179074,-0.7266886411,-0.2951214128,0.2805212954,0.7949013318,0.5756427082,-1.166378936,1.912713401,-0.006074793582,0.02016583461,-0.00346300721,-0.03901254415,-0.02070529583,0.005885701486,0.02380595397,0.02659099732,-0.06321558758,0.05336475411
jpeg_q75,4,all,dsp_contribution,136,-0.02568015422,0.2398939928,-0.0002942238585,-0.4348995633,-0.1494286112,0.1056823645,0.276788508,0.2551109757,-0.9086640991,0.5451722451,-0.6881288988,0.3942606104,-0.6021459059,-1.336145878,-0.9041992313,-0.4207070663,-0.1925898296,0.483492165,-2.168733314,0.03270150622,-0.6624487446,0.3832417769,-0.5541536163,-1.32212643,-0.7842541794,-0.4193537885,-0.2617743697,0.3649003909,-2.127638087,0.0335710964
jpeg_q75,4,all,fusion_logit,136,-0.01229534931,0.5383196277,-0.07883537377,-0.7711399182,-0.3593363896,0.2512177264,0.8940664224,0.610554116,-1.18900778,1.988717919,-0.6808188875,0.6056948047,-0.7290826083,-1.565840562,-1.059182973,-0.3299882567,0.2831845299,0.7291947165,-2.175297402,1.588317658,-0.6685235382,0.3828085127,-0.561707001,-1.328101637,-0.8023264922,-0.4282794461,-0.2456378899,0.3740470461,-2.120780115,0.02785317246
jpeg_q75,4,all,fusion_probability,136,0.4954002072,0.1238217343,0.4803013737,0.3162428364,0.4111204906,0.5624760265,0.7096889759,0.1513555359,0.2334364404,0.8796074335,0.3460125611,0.128486593,0.3253979073,0.1729146394,0.2574677054,0.418243708,0.5703267752,0.1607760026,0.1019908273,0.8303792777,-0.1493876461,0.08259669102,-0.1281330769,-0.3035116111,-0.1876360406,-0.09714697714,-0.05027163003,0.09048906346,-0.4736283119,0.006490030914
jpeg_q75,4,all,visual_calibrated_probability,136,0.5026988629,0.1235952233,0.5168284099,0.3068200787,0.4182045289,0.5754726,0.7051920522,0.1572680711,0.208143838,0.8930865731,0.5011314682,0.1226080485,0.5124392279,0.3108778578,0.4198778187,0.5762243641,0.7048179167,0.1563465454,0.2179432241,0.8904410293,-0.001567394698,0.005070811075,-0.0008892236371,-0.01008184522,-0.005031871621,0.001523648827,0.006403778538,0.006555520448,-0.01426567711,0.009799386087
jpeg_q75,4,authentic,visual_logit_raw,68,-0.02941081447,0.2711009657,-0.002128664404,-0.4310605377,-0.205009874,0.09776004031,0.3094380707,0.3027699143,-0.6808906794,1.014453292,-0.03197724009,0.2682049377,0.0002162586898,-0.4529114321,-0.1996701583,0.09939816035,0.2970550582,0.2990683187,-0.651101172,1.007828951,-0.002566425623,0.01122293867,-0.0007414519787,-0.02159118652,-0.008621022105,0.00328554213,0.01196346949,0.01190656424,-0.0352884829,0.02978950739
jpeg_q75,4,authentic,dsp_logit_raw,68,-0.09770576228,0.3808640697,-0.04236864671,-0.7573851943,-0.2777021527,0.1203588229,0.3700301379,0.3980609756,-1.441284776,0.8515752554,-1.11100643,0.6284878434,-0.9888919592,-2.127015996,-1.43420279,-0.6942259073,-0.3315635145,0.7399768829,-3.439953566,0.05186975375,-1.013300668,0.622795625,-0.8283822257,-2.056925103,-1.201126009,-0.6476737289,-0.3377568293,0.5534522804,-3.374770045,0.05324906111
jpeg_q75,4,authentic,visual_logit_calibrated,68,-0.05771450905,0.5319967985,-0.004177198872,-0.8458945376,-0.4023025013,0.1918400709,0.6072278736,0.5941425722,-1.336150392,1.990719222,-0.06275075159,0.5263137586,0.0004243766905,-0.8887737868,-0.3918240745,0.1950546467,0.582927986,0.5868787212,-1.277692752,1.977719902,-0.005036242536,0.02202340898,-0.001454993264,-0.0423696097,-0.01691752056,0.006447405638,0.0234765946,0.02336492619,-0.06924859113,0.05845763965
jpeg_q75,4,authentic,dsp_logit_calibrated,68,-0.07543644265,0.2940566644,-0.03271188836,-0.5847602377,-0.2144076463,0.09292636613,0.285692027,0.3073340124,-1.112783871,0.6574822858,-0.8577833168,0.4852414643,-0.763501454,-1.642221671,-1.107316027,-0.5359963591,-0.2559928039,0.5713196683,-2.655911523,0.04004748147,-0.7823468741,0.4808466292,-0.6395754642,-1.588106053,-0.9273626365,-0.5000544591,-0.2607745244,0.4273081775,-2.605584779,0.04111241395
jpeg_q75,4,authentic,visual_contribution,68,-0.05268636577,0.4856487281,-0.003813277307,-0.7721993956,-0.3672535222,0.1751267802,0.5543255999,0.5423803025,-1.219743691,1.817285858,-0.05728384604,0.4804608,0.0003874045869,-0.8113429636,-0.357687986,0.1780612991,0.5321427418,0.5357492852,-1.166378936,1.805419051,-0.004597480265,0.02010470851,-0.001328232858,-0.03867832874,-0.01544364997,0.005885701486,0.0214312912,0.02132935145,-0.06321558758,0.05336475411
jpeg_q75,4,authentic,dsp_contribution,68,-0.06159901218,0.2401173679,-0.026711493,-0.4774967077,-0.1750784999,0.0758807303,0.2332870697,0.2509592302,-0.9086640991,0.5368792312,-0.7004387153,0.3962328262,-0.6234511294,-1.340986255,-0.9041992313,-0.4376776674,-0.2090356238,0.466521564,-2.168733314,0.03270150622,-0.6388397031,0.3926441429,-0.5222570872,-1.296797154,-0.7572549863,-0.408328649,-0.2129402254,0.3489263372,-2.127638087,0.0335710964
jpeg_q75,4,authentic,fusion_logit,68,-0.1159795105,0.5008328128,-0.105822982,-0.7859514057,-0.473808591,0.1843230277,0.6453191016,0.6581316186,-1.18900778,1.76247996,-0.7594166939,0.5805620999,-0.7760181961,-1.766144061,-1.074483253,-0.3903837224,-0.008519411932,0.6840995307,-2.175297402,1.404522314,-0.6434371834,0.3928958348,-0.5272083644,-1.310312806,-0.7773676852,-0.4164339421,-0.183092067,0.3609337431,-2.120780115,0.02785317246
jpeg_q75,4,authentic,fusion_probability,68,0.4713475195,0.1161490886,0.4735694705,0.313051146,0.3837151985,0.5459506394,0.6559477965,0.1622354409,0.2334364404,0.8535199857,0.329261656,0.118905969,0.3151800889,0.1463569476,0.2545523406,0.4036294867,0.4978719007,0.1490771461,0.1019908273,0.8029005309,-0.1420858635,0.082145172,-0.1191847439,-0.3055027948,-0.1792344255,-0.09616438544,-0.0371060526,0.08307004007,-0.428487408,0.006490030914
jpeg_q75,4,authentic,visual_calibrated_probability,68,0.4855712658,0.1209079834,0.4989557439,0.300308984,0.4007658358,0.5478115341,0.6473070681,0.1470456983,0.208143838,0.879819207,0.4843376818,0.1198737549,0.5001060875,0.2914893256,0.4032869695,0.5486092872,0.6417408467,0.1453223177,0.2179432241,0.8784378924,-0.001233584058,0.004953696747,-0.0003538369,-0.009989716651,-0.004139313663,0.001479331131,0.005773122724,0.005618644794,-0.01426567711,0.009799386087
jpeg_q75,4,ai_edited,visual_logit_raw,68,0.04624567581,0.2809656917,0.04085263051,-0.348866643,-0.129302416,0.1797228903,0.506824699,0.3090253063,-0.6364543438,1.081691265,0.04202990553,0.2784344742,0.03658825159,-0.3386518002,-0.1326142941,0.1900207475,0.4868400201,0.3226350415,-0.6485661268,1.067723274,-0.004215770278,0.01131368091,-0.004168916494,-0.02141926028,-0.01238319837,0.003350688145,0.01490830332,0.01573388651,-0.02659922093,0.02180978656
jpeg_q75,4,ai_edited,dsp_logit_raw,68,0.01624020124,0.3742862449,0.07450509816,-0.6498164177,-0.19203493,0.2683293223,0.5119493961,0.4603642523,-1.419060826,0.8647292852,-1.071955804,0.6262709974,-0.9529854059,-2.108706021,-1.413555503,-0.6478527188,-0.2370720863,0.7657027841,-3.428510189,-0.1423946619,-1.088196005,0.5948406055,-0.9028691966,-2.113191929,-1.324345887,-0.697470367,-0.4681751514,0.6268755198,-3.333576083,-0.2625157908
jpeg_q75,4,ai_edited,visual_logit_calibrated,68,0.09075051213,0.5513549098,0.08016743351,-0.684600797,-0.2537374634,0.3526804192,0.9945708478,0.6064178826,-1.248950451,2.12266411,0.08247766704,0.5463877582,0.07179920093,-0.6645556316,-0.2602365495,0.3728884884,0.9553537791,0.6331250379,-1.272718089,2.095253929,-0.008272845083,0.02220147762,-0.008180901245,-0.04203222908,-0.02430025238,0.006575245356,0.02925540902,0.03087549773,-0.05219715962,0.04279858095
jpeg_q75,4,ai_edited,dsp_logit_calibrated,68,0.01253869762,0.2889780724,0.05752372669,-0.5017087814,-0.1482658919,0.2071710927,0.395264725,0.3554369846,-1.095625254,0.6676382192,-0.827633198,0.4835298869,-0.7357788041,-1.628084947,-1.091374717,-0.5001926532,-0.1830380771,0.5911820635,-2.647076347,-0.1099397466,-0.8401718957,0.4592631814,-0.6970851952,-1.631548417,-1.022497959,-0.5385013341,-0.3614676057,0.4839966251,-2.573779838,-0.2026825945
jpeg_q75,4,ai_edited,visual_contribution,68,0.08284424063,0.5033203422,0.07318316995,-0.6249577202,-0.2316316126,0.3219545635,0.9079228834,0.5535861761,-1.140140692,1.93773558,0.07529213373,0.4987859336,0.06554398581,-0.6066589088,-0.2375644922,0.3404020863,0.8721224432,0.5779665785,-1.161837671,1.912713401,-0.007552106899,0.02026726363,-0.007468173297,-0.03837034104,-0.02218319112,0.006002403686,0.02670664978,0.02818559481,-0.0476496931,0.0390699276
jpeg_q75,4,ai_edited,dsp_contribution,68,0.01023870374,0.2359703504,0.0469720551,-0.4096795163,-0.121069236,0.1691693592,0.3227606679,0.2902385952,-0.8946529159,0.5451722451,-0.6758190823,0.3948352062,-0.6008136906,-1.329442654,-0.8911820615,-0.408441494,-0.1494631022,0.4827405674,-2.161518788,-0.08977331847,-0.6860577861,0.3750197824,-0.5692177139,-1.332270813,-0.8349394806,-0.4397231507,-0.2951630096,0.3952163299,-2.101667179,-0.1655041936
jpeg_q75,4,ai_edited,fusion_logit,68,0.09138881185,0.5578942667,0.03992316821,-0.733609114,-0.2871413886,0.3781235969,1.093682157,0.6652649855,-1.083927646,1.988717919,-0.6022210811,0.6241922934,-0.7112050031,-1.492990075,-1.024060766,-0.2730782916,0.4033232998,0.7509824744,-2.040072164,1.588317658,-0.693609893,0.3736674203,-0.5780646229,-1.338473387,-0.8513198341,-0.4509467146,-0.2763090462,0.4003731195,-2.092985616,-0.1872011728
jpeg_q75,4,ai_edited,fusion_probability,68,0.5194528949,0.1273873345,0.5099794047,0.3244492267,0.4287043581,0.5934188179,0.7485333703,0.1647144597,0.252763466,0.8796074335,0.3627634662,0.1362197423,0.3293341228,0.183473358,0.2642521257,0.4321526165,0.5994550222,0.1679004908,0.1150593841,0.8303792777,-0.1566894287,0.08300721626,-0.1322395582,-0.2977425512,-0.1939892078,-0.1045492568,-0.06041306617,0.08943995092,-0.4736283119,-0.03369938781
jpeg_q75,4,ai_edited,visual_calibrated_probability,68,0.5198264599,0.1247611666,0.5200310142,0.3353698191,0.4369286916,0.5872674103,0.7299718781,0.1503387187,0.2228818737,0.8930865731,0.5179252545,0.1238855835,0.5179420762,0.3397490385,0.435323057,0.5921551924,0.7221894377,0.1568321354,0.2187923151,0.8904410293,-0.001901205338,0.005200454894,-0.002011462554,-0.01016585113,-0.005274897608,0.001615713937,0.006685582112,0.006890611545,-0.01299480808,0.009463324959
jpeg_q75,all,all,visual_logit_raw,682,-0.001029250415,0.4299950222,-0.01549995551,-0.6287045002,-0.2003543153,0.1774220429,0.6613530785,0.3777763583,-2.030059099,2.352267981,-0.00551648936,0.4251916454,-0.01812479459,-0.6182509005,-0.1946950629,0.1709164269,0.6538096458,0.3656114899,-1.998878241,2.322616577,-0.004487238945,0.01906375629,-0.003401078284,-0.03493796661,-0.01218282804,0.004715040326,0.02305708528,0.01689786837,-0.09861981869,0.07626903057
jpeg_q75,all,all,dsp_logit_raw,682,0.00479938368,0.3945919502,0.03304175474,-0.6888641059,-0.1881646365,0.2110992037,0.6059361815,0.3992638402,-1.851218104,1.327116013,-1.192658134,0.6347435423,-1.149837732,-2.1676548,-1.491026938,-0.8231676519,-0.416187802,0.6678592861,-3.676930666,5.916656494,-1.197457518,0.6234376911,-1.160618626,-2.203162232,-1.501401812,-0.8188516311,-0.4272576761,0.6825501812,-3.374770045,4.589540482
jpeg_q75,all,all,visual_logit_calibrated,682,0.005711724125,0.4420453562,-0.02202107387,-0.6518471713,-0.2683258413,0.2690710127,0.7076874039,0.5373968541,-1.575196724,2.12266411,-0.0005155938598,0.4375329399,-0.02714752167,-0.6391224685,-0.2745391071,0.2637882909,0.7023337259,0.5383273979,-1.622642826,2.095253929,-0.006227317984,0.02001892602,-0.004747122428,-0.04124143999,-0.01860928331,0.00603248993,0.02536744262,0.02464177325,-0.08127102777,0.05845763965
jpeg_q75,all,all,dsp_logit_calibrated,682,-0.002540963106,0.2973472466,0.02002381442,-0.5250395526,-0.1298839152,0.1361832204,0.4302961123,0.2660671356,-1.690478575,1.211883775,-0.8420960346,0.5548542115,-0.7781663294,-1.765448503,-1.129291104,-0.4779149645,-0.2169444262,0.6513761393,-2.655911523,5.402918767,-0.8395550715,0.5352582505,-0.7746542912,-1.701604039,-1.12851121,-0.4912844315,-0.2498404401,0.6372267786,-2.75705797,4.191034991
jpeg_q75,all,all,visual_contribution,682,0.005446122168,0.4041863103,-0.02014919568,-0.590547176,-0.2451027714,0.2463367044,0.6524445745,0.4914394757,-1.423024882,1.93773558,-0.0002727235674,0.4000330814,-0.0249401241,-0.5873007802,-0.2510892126,0.2415490345,0.6372831588,0.4926382471,-1.465887454,1.912713401,-0.005718845735,0.01834312051,-0.004364549855,-0.03766919082,-0.01713826362,0.005526077164,0.02315740673,0.02266434079,-0.07525572357,0.05336475411
jpeg_q75,all,all,dsp_contribution,682,-0.002546164256,0.259905628,0.0150196983,-0.4349376673,-0.1056483635,0.1067842608,0.3814468293,0.2124326244,-1.551020126,1.111907689,-0.7164046329,0.5094184119,-0.6750012078,-1.598883782,-0.9837051213,-0.3511736574,-0.1536662362,0.6325314639,-2.292513482,4.957197253,-0.7138584686,0.4936236941,-0.655423597,-1.511361916,-1.00678927,-0.3791344937,-0.1665671232,0.6276547766,-2.529610528,3.845289563
jpeg_q75,all,all,fusion_logit,682,0.00944906619,0.4858149215,-0.01517011986,-0.7617417552,-0.3030994308,0.3263554208,0.7751525321,0.6294548516,-1.569573506,1.988717919,-0.7101282481,0.6514047108,-0.7192328602,-1.735727356,-1.095673143,-0.3007939407,0.2209405739,0.7948792022,-2.796186652,5.228931914,-0.7195773143,0.4924184894,-0.6597902708,-1.499609883,-1.011623108,-0.3833236051,-0.177550749,0.6282995025,-2.533790758,3.77003384
jpeg_q75,all,all,fusion_probability,682,0.501920132,0.114034893,0.496207543,0.3182682467,0.4248001365,0.580872252,0.684634312,0.1560721155,0.1722772004,0.8796074335,0.3407311382,0.1274623304,0.3275620062,0.1498568304,0.2505514957,0.4253634241,0.5550114769,0.1748119284,0.05753059026,0.994669322,-0.1611889937,0.09668648554,-0.1498711016,-0.3265000392,-0.2261371732,-0.0883742215,-0.04032920435,0.1377629517,-0.4886515548,0.529364885
jpeg_q75,all,all,visual_calibrated_probability,682,0.5008127092,0.1035628417,0.4944949569,0.3425736662,0.4333181453,0.5668647896,0.6698899442,0.1335466443,0.1714768191,0.8930865731,0.4993334656,0.102637934,0.4932135384,0.3454449799,0.4317931401,0.5655672854,0.6687048514,0.1337741453,0.1648407147,0.8904410293,-0.001479243624,0.004725737742,-0.001134026228,-0.009837076007,-0.004366512377,0.001429766068,0.006055918487,0.005796278445,-0.01980993024,0.01255940086
jpeg_q75,all,authentic,visual_logit_raw,341,-0.06488716755,0.4290425476,-0.06009811535,-0.7097240686,-0.2494900525,0.1075383425,0.4964360297,0.3570283949,-1.990869761,2.337252378,-0.06864593861,0.4244020738,-0.06927035749,-0.6890898943,-0.2548021972,0.09618322551,0.5012844205,0.3509854227,-1.917932034,2.322616577,-0.003758771059,0.01933187789,-0.00255413726,-0.0352884829,-0.0110581331,0.005397796631,0.02306365967,0.01645592973,-0.0834082365,0.07626903057
jpeg_q75,all,authentic,dsp_logit_raw,341,-0.04995950996,0.3991638214,-0.03782658279,-0.6926277876,-0.2208399922,0.1601880789,0.5378523469,0.381028071,-1.851218104,1.327116013,-1.210380543,0.680762339,-1.165114999,-2.20096755,-1.502786875,-0.8478204012,-0.4429455101,0.6549664736,-3.676930666,5.916656494,-1.160421033,0.642197454,-1.136014067,-2.134671748,-1.471109405,-0.7873093784,-0.3824024051,0.6838000268,-3.374770045,4.589540482
jpeg_q75,all,authentic,visual_logit_calibrated,341,-0.07201056657,0.4244550263,-0.0992062354,-0.6870575975,-0.3260280923,0.1803229551,0.6058430175,0.5063510474,-1.575196724,1.990719222,-0.07749246234,0.4199191124,-0.1031070167,-0.6774609697,-0.3250707623,0.1612824138,0.5833450414,0.4863531761,-1.622642826,1.977719902,-0.005481895769,0.02033681074,-0.003877984798,-0.04273385819,-0.01656862159,0.006754854128,0.02610209175,0.02332347572,-0.08127102777,0.05845763965
jpeg_q75,all,authentic,dsp_logit_calibrated,341,-0.04054505863,0.3045291801,-0.02279791361,-0.5347624865,-0.1615355172,0.1005891623,0.3859164086,0.2621246795,-1.690478575,1.211883775,-0.8533792488,0.5976452401,-0.7884366799,-1.785027154,-1.152427984,-0.488878365,-0.2412743743,0.663549619,-2.655911523,5.402918767,-0.8128341902,0.5504234552,-0.7492115553,-1.679881307,-1.113456017,-0.4822823537,-0.222849128,0.631173663,-2.748468385,4.191034991
jpeg_q75,all,authentic,visual_contribution,341,-0.06568860747,0.3884051727,-0.09166738686,-0.6272004818,-0.2992341057,0.1661152349,0.5581864016,0.4653493406,-1.423024882,1.817285858,-0.07072518491,0.3842214797,-0.09547551399,-0.6190804585,-0.2989727538,0.1488790061,0.5360076183,0.4478517599,-1.465887454,1.805419051,-0.005036577433,0.01864262563,-0.003543797671,-0.03957089639,-0.01522056942,0.006226666856,0.02358049979,0.02144723627,-0.07525572357,0.05336475411
jpeg_q75,all,authentic,dsp_contribution,341,-0.03465781163,0.2669686265,-0.01640235636,-0.4856279298,-0.1298260632,0.08421103205,0.347738077,0.2140370953,-1.551020126,1.111907689,-0.7256673832,0.5487878045,-0.6802466705,-1.626002954,-0.9974425793,-0.3711373508,-0.1673546007,0.6263052285,-2.292513482,4.957197253,-0.6910095716,0.5061068872,-0.6391958609,-1.47638797,-0.999353271,-0.3546905121,-0.1487996708,0.6446627589,-2.521729553,3.845289563
jpeg_q75,all,authentic,fusion_logit,341,-0.09379731082,0.4697300395,-0.0966464649,-0.7958910214,-0.3829544083,0.2107967584,0.6765286846,0.5937511666,-1.569573506,1.76247996,-0.7898434599,0.6704669946,-0.7739025941,-1.81957994,-1.124468521,-0.3826405659,0.09066577984,0.7418279551,-2.796186652,5.228931914,-0.696046149,0.5043216223,-0.6428153755,-1.473757684,-0.9988340634,-0.3628541955,-0.1518772397,0.6359798679,-2.533790758,3.77003384
jpeg_q75,all,authentic,fusion_probability,341,0.4775414696,0.1102422056,0.4758571731,0.3109051546,0.4054145278,0.5525049109,0.6629634959,0.1470903831,0.1722772004,0.8535199857,0.3230039621,0.1222646076,0.315635502,0.1394842845,0.2451833598,0.4054901829,0.5226509307,0.1603068231,0.05753059026,0.994669322,-0.1545375075,0.09191185278,-0.1387780693,-0.3201604906,-0.2148971305,-0.08374152298,-0.03336553294,0.1311556075,-0.4886515548,0.1833052418
jpeg_q75,all,authentic,visual_calibrated_probability,341,0.4823347018,0.09993144949,0.4752187623,0.3346879447,0.4192073621,0.5449589795,0.646991956,0.1257516174,0.1714768191,0.879819207,0.4810164226,0.09892117757,0.4742460577,0.3368282232,0.4194404637,0.5402334285,0.6418367366,0.1207929648,0.1648407147,0.8784378924,-0.001318279188,0.00479126119,-0.0009694886403,-0.01000970045,-0.004088017425,0.001607088204,0.005867071906,0.005695105629,-0.01980993024,0.01255940086
jpeg_q75,all,ai_edited,visual_logit_raw,341,0.06282866672,0.4219929942,0.03492799774,-0.4900171757,-0.1394671202,0.2376811653,0.7799586058,0.3771482855,-2.030059099,2.352267981,0.05761295989,0.4171287353,0.03044126555,-0.4883505404,-0.1392068267,0.2310160846,0.755739212,0.3702229112,-1.998878241,2.318767548,-0.00521570683,0.01879192791,-0.004186209291,-0.03463685513,-0.01341167092,0.004415750504,0.02180978656,0.01782742143,-0.09861981869,0.07073074579
jpeg_q75,all,ai_edited,dsp_logit_raw,341,0.05955827732,0.3827755167,0.09068220854,-0.6650549173,-0.1119776517,0.27646631,0.6256977916,0.3884439617,-1.419060826,1.266645193,-1.174935725,0.5855905992,-1.110476613,-2.116522789,-1.475050449,-0.8197913766,-0.4079838097,0.6552590728,-3.666785479,2.297096491,-1.234494003,0.6027629955,-1.18596144,-2.255578458,-1.519432349,-0.8392737508,-0.4929068089,0.6801585983,-3.333576083,3.180696845
jpeg_q75,all,ai_edited,visual_logit_calibrated,341,0.08343401482,0.446210488,0.046476304,-0.5822389727,-0.1767261961,0.352245395,0.8280923149,0.5289715911,-1.355105382,2.12266411,0.07646127462,0.4418318664,0.03948130136,-0.5722459441,-0.1858874316,0.3547734369,0.8100181774,0.5406608685,-1.346834756,2.095253929,-0.0069727402,0.01969753914,-0.005665892897,-0.03937746948,-0.01993374107,0.00480997532,0.02517479301,0.02474371639,-0.06516192343,0.04413464478
jpeg_q75,all,ai_edited,dsp_logit_calibrated,341,0.03546313242,0.2854044066,0.05810697274,-0.4858321035,-0.07280020377,0.1719544531,0.4624326883,0.2447546568,-1.152469046,0.857511447,-0.8308128205,0.5091136105,-0.7618635595,-1.748179436,-1.115757621,-0.459886881,-0.1954143792,0.65587074,-2.647076347,2.09764176,-0.8662759529,0.5190830853,-0.8009387388,-1.711671276,-1.144469238,-0.5053676134,-0.2670473302,0.6391016246,-2.75705797,2.904519925
jpeg_q75,all,ai_edited,visual_contribution,341,0.07658085181,0.4076824666,0.04247118708,-0.5328310829,-0.1614967347,0.3236940523,0.7552603997,0.485190787,-1.224195459,1.93773558,0.07017973777,0.4036597046,0.03607898202,-0.5223913296,-0.1698684965,0.328514754,0.7430986139,0.4983832505,-1.216723816,1.912713401,-0.006401114037,0.01804019261,-0.005224653131,-0.03608297277,-0.0183021294,0.004390925665,0.02298154094,0.02269305507,-0.06015065232,0.0407404744
jpeg_q75,all,ai_edited,dsp_contribution,341,0.02956548312,0.2489174988,0.04227325699,-0.419286693,-0.05992847831,0.145354674,0.4140074718,0.2052831523,-1.057394463,0.7666710576,-0.7071418825,0.4673728028,-0.6665566939,-1.588078768,-0.9719878409,-0.3396604119,-0.1325441155,0.632327429,-2.261215704,1.924593801,-0.7367073656,0.4804726487,-0.6727654376,-1.539208176,-1.018908564,-0.3975608237,-0.1821277071,0.6213477404,-2.529610528,2.664907398
jpeg_q75,all,ai_edited,fusion_logit,341,0.1126954432,0.4803101056,0.0906442996,-0.6133420517,-0.1966394998,0.4081046658,0.9466206956,0.6047441655,-1.237550091,1.988717919,-0.6304130364,0.6226008498,-0.6497157166,-1.661570766,-1.032385699,-0.2185171948,0.2828702213,0.8138685041,-2.658545773,2.08218097,-0.7431084796,0.4798063303,-0.6794083611,-1.539954253,-1.022591112,-0.3950516397,-0.1922149554,0.6275394726,-2.527701411,2.658438123
jpeg_q75,all,ai_edited,fusion_probability,341,0.5262987943,0.1126973039,0.5226455716,0.3512972082,0.4509979207,0.6006333263,0.7204350651,0.1496354056,0.2248627158,0.8796074335,0.3584583144,0.1302385781,0.3430536028,0.159551253,0.2626218482,0.4455870463,0.570249756,0.1829651982,0.06546424492,0.8891591616,-0.16784048,0.1009332177,-0.1546795353,-0.3350138164,-0.2367945631,-0.09343816992,-0.04310685846,0.1433563932,-0.4771620123,0.529364885
jpeg_q75,all,ai_edited,visual_calibrated_probability,341,0.5192907167,0.1039754427,0.511616985,0.3584175689,0.4559330834,0.5871619753,0.6959514088,0.1312288919,0.2050369576,0.8930865731,0.5176505086,0.103158489,0.5098690434,0.3607187467,0.4536614976,0.5877746443,0.6921133778,0.1341131468,0.2063883322,0.8904410293,-0.00164020806,0.004660764231,-0.001366364492,-0.009737703134,-0.004723664694,0.001172444208,0.006061563644,0.005896108902,-0.01617728195,0.01080764362
jpeg_q50,0,all,visual_logit_raw,138,-0.0199062823,0.267058662,-0.04386787489,-0.4104070827,-0.2003079504,0.135436248,0.4316712186,0.3357441984,-0.8537579775,0.960636735,-0.02100009764,0.26378136,-0.03879650682,-0.4101662219,-0.1954644881,0.124112241,0.425710474,0.3195767291,-0.860738039,0.9423566461,-0.001093815337,0.01665113465,-0.001245476305,-0.02655219603,-0.01122358255,0.00786305964,0.02907354832,0.01908664219,-0.03921331465,0.0388174355
jpeg_q50,0,all,dsp_logit_raw,138,-0.06944992173,0.3677294026,-0.07955993712,-0.599309808,-0.2703946196,0.1184174642,0.5728466272,0.3888120838,-1.057620764,1.266645193,-2.193910315,0.9252969366,-2.110154152,-3.480144131,-2.444639921,-1.65993154,-1.128039074,0.7847083807,-6.469775677,-0.9483163357,-2.124460394,0.9196730812,-1.947380707,-3.665555954,-2.381493792,-1.536027059,-1.120207725,0.845466733,-6.041582078,-0.8853196949
jpeg_q50,0,all,visual_logit_calibrated,138,-0.03672739991,0.4927273777,-0.08093691026,-0.7572074396,-0.3695712784,0.2498819804,0.7964401003,0.6194532588,-1.575196724,1.772389691,-0.03874550619,0.4866807045,-0.07158015744,-0.7567630475,-0.3606350153,0.2289890115,0.785442434,0.5896240269,-1.588075046,1.738662643,-0.002018106278,0.03072160195,-0.002297923121,-0.04898921393,-0.02070768406,0.01450746712,0.05364114804,0.03521515118,-0.07234917435,0.07161877118
jpeg_q50,0,all,dsp_logit_calibrated,138,-0.04701719408,0.2489506721,-0.05386161585,-0.405729263,-0.1830555887,0.08016793624,0.3878138431,0.2632235249,-0.7160031211,0.857511447,-1.485264555,0.6264206578,-1.428562118,-2.356037386,-1.655007044,-1.123764022,-0.7636759085,0.5312430211,-4.380000597,-0.6420046574,-1.438247361,0.6226133403,-1.31836544,-2.481560114,-1.61225748,-1.039881407,-0.758374131,0.5723760731,-4.090116015,-0.5993562971
jpeg_q50,0,all,visual_contribution,138,-0.03317935031,0.4451274611,-0.07311800196,-0.6840574328,-0.3338688538,0.2257421376,0.7195000233,0.5596109914,-1.423024882,1.601168027,-0.03500249748,0.4396649266,-0.06466515802,-0.6836559712,-0.3257958782,0.2068675335,0.7095647862,0.5326634117,-1.434659093,1.570699179,-0.001823147169,0.02775374232,-0.002075932312,-0.04425661207,-0.01870721873,0.0131059736,0.0484591462,0.03181319233,-0.06535988408,0.06470004148
jpeg_q50,0,all,dsp_contribution,138,-0.03924753115,0.2078111944,-0.0449609018,-0.3386818844,-0.1528053739,0.06692006268,0.3237270149,0.2197254365,-0.5976825148,0.7158063744,-1.239822325,0.52290369,-1.192490053,-1.96669862,-1.381514609,-0.9380603062,-0.6374773015,0.4434543028,-3.656198828,-0.53591241,-1.200574794,0.5197255376,-1.100503543,-2.071478526,-1.345829476,-0.868039421,-0.6330516508,0.4777900553,-3.414218114,-0.5003117561
jpeg_q50,0,all,fusion_logit,138,-0.0549886114,0.509802309,-0.1017197864,-0.8057445843,-0.3643654545,0.2720290985,0.7522188885,0.636394553,-1.503746513,1.521055246,-1.257386553,0.6823750455,-1.315055592,-2.2283539,-1.544593371,-0.8468616253,-0.2818111606,0.6977317459,-3.963493223,0.5798503977,-1.202397941,0.5227376908,-1.102741073,-2.086670994,-1.334066362,-0.8518776934,-0.6243184874,0.4821886682,-3.452130985,-0.5095870314
jpeg_q50,0,all,fusion_probability,138,0.4862691112,0.1196519091,0.4745920174,0.3088207379,0.4099032285,0.5675893711,0.6796016623,0.1576861426,0.1818674093,0.8206938183,0.2402368195,0.1095965615,0.2116502141,0.09733691324,0.1758701983,0.300091754,0.4300101843,0.1242215558,0.01864249403,0.6410329821,-0.2460322918,0.08698717991,-0.233011829,-0.4078600101,-0.2936288119,-0.1820185659,-0.131267188,0.1116102459,-0.5301526583,-0.1029808206
jpeg_q50,0,all,visual_calibrated_probability,138,0.490705221,0.114583227,0.479776814,0.3193160832,0.4086446227,0.5621470335,0.6892101715,0.1535024108,0.1714768191,0.8547546008,0.4902447392,0.113337597,0.4821125982,0.3193953552,0.4108058653,0.5569973977,0.68685054,0.1461915324,0.1696548969,0.8505171166,-0.0004604818101,0.007328511717,-0.0005238366518,-0.01158117495,-0.004801838712,0.003365295384,0.0123992225,0.008167134096,-0.01774096603,0.01763352234
jpeg_q50,0,authentic,visual_logit_raw,69,-0.07356227975,0.2289250265,-0.09622300416,-0.4184378743,-0.2105138898,0.03965314478,0.3195847869,0.2501670346,-0.8537579775,0.4747428894,-0.07476248101,0.2265901594,-0.09102805704,-0.4220818639,-0.2090541571,0.03865351155,0.3159947574,0.2477076687,-0.860738039,0.4838755429,-0.001200201258,0.01663845948,-0.0009996332228,-0.02591161728,-0.0104047507,0.007901728153,0.02866847515,0.01830647886,-0.03921331465,0.03453479707
jpeg_q50,0,authentic,dsp_logit_raw,69,-0.1292529252,0.3539111459,-0.1292729527,-0.5995092869,-0.3150128424,0.03001282923,0.4172482193,0.3450256716,-1.057620764,1.211273909,-2.233653647,0.9212117701,-2.121086836,-3.457422686,-2.470326185,-1.724334717,-1.242536497,0.7459914684,-6.469775677,-1.00814414,-2.104400722,0.9232493893,-1.926276714,-3.632513279,-2.319507107,-1.522656901,-1.098601156,0.7968502063,-6.041582078,-0.8853196949
jpeg_q50,0,authentic,visual_logit_calibrated,69,-0.1357235483,0.4223702281,-0.1775329366,-0.7720243747,-0.3884013951,0.07316066776,0.5896388936,0.4615620628,-1.575196724,0.8759080017,-0.1379379382,0.4180623621,-0.1679481785,-0.778747592,-0.3857081657,0.07131632895,0.5830152335,0.4570244946,-1.588075046,0.8927578892,-0.002214389956,0.03069821607,-0.001844338816,-0.04780733618,-0.01919692659,0.01457881112,0.05289378176,0.03377573772,-0.07234917435,0.06371723678
jpeg_q50,0,authentic,dsp_logit_calibrated,69,-0.08750348047,0.2395957925,-0.08751703896,-0.405864309,-0.2132618667,0.02031851126,0.2824746237,0.233580378,-0.7160031211,0.8200254087,-1.51217056,0.6236550238,-1.435963482,-2.340655099,-1.672396495,-1.167364599,-0.8411899997,0.5050318961,-4.380000597,-0.682507734,-1.42466708,0.6250344801,-1.304078159,-2.459190415,-1.570292854,-1.030829888,-0.7437466092,0.5394629666,-4.090116015,-0.5993562971
jpeg_q50,0,authentic,visual_contribution,69,-0.1226119781,0.3815671622,-0.1603823715,-0.6974429783,-0.3508798875,0.06609298318,0.5326768423,0.4169728707,-1.423024882,0.7912909299,-0.124612447,0.3776754575,-0.1517235487,-0.7035166993,-0.3484468374,0.06442681667,0.5266930607,0.4128736541,-1.434659093,0.8065130344,-0.002000468866,0.02773261563,-0.001666166509,-0.0431889096,-0.01734240795,0.01317042542,0.04778397922,0.03051283337,-0.06535988408,0.05756183463
jpeg_q50,0,authentic,dsp_contribution,69,-0.07304339705,0.2000022229,-0.07305471498,-0.3387946138,-0.1780200184,0.01696084633,0.2357952619,0.1949808648,-0.5976825148,0.684514961,-1.262282072,0.5205950812,-1.19866833,-1.953858279,-1.396030427,-0.9744558212,-0.7021820711,0.4215746061,-3.656198828,-0.5697222915,-1.189238675,0.5217465803,-1.088577257,-2.052805453,-1.310799569,-0.8604836789,-0.6208413493,0.4503158897,-3.414218114,-0.5003117561
jpeg_q50,0,authentic,fusion_logit,69,-0.1782171051,0.4354295297,-0.2420125523,-0.7871335114,-0.4065559612,0.04298183947,0.5502682916,0.4495378007,-1.503746513,0.9259335516,-1.369456249,0.6410291395,-1.396109732,-2.338715047,-1.534260659,-1.027948707,-0.4692710785,0.5063119526,-3.963493223,0.08056223442,-1.191239144,0.5258375534,-1.072177404,-2.070914355,-1.313436116,-0.8587059298,-0.6217554129,0.4547301865,-3.452130985,-0.5095870314
jpeg_q50,0,authentic,fusion_probability,69,0.4571993933,0.1031023799,0.4397904486,0.3127891154,0.3997382238,0.5107438059,0.6341978254,0.111005582,0.1818674093,0.7162495635,0.2193254792,0.0914581642,0.1984341641,0.0886762011,0.1773711555,0.2634819834,0.3847888133,0.08611082786,0.01864249403,0.5201296725,-0.2378739141,0.08175441159,-0.229476219,-0.374316918,-0.2793856217,-0.1802828242,-0.1237518573,0.09910279749,-0.4815695267,-0.1029808206
jpeg_q50,0,authentic,visual_calibrated_probability,69,0.4675510098,0.09947630564,0.455732972,0.3164156174,0.4041021915,0.5182820132,0.6432749293,0.1141798217,0.1714768191,0.7059735415,0.4670002446,0.09841237717,0.4581113704,0.3147946215,0.404750898,0.5178215295,0.6417609135,0.1130706315,0.1696548969,0.709458976,-0.0005507652601,0.007377065049,-0.0004604836632,-0.01139290746,-0.004552809604,0.003485434585,0.0119839421,0.008038244189,-0.01774096603,0.01551070522
jpeg_q50,0,ai_edited,visual_logit_raw,69,0.03374971514,0.2923015753,0.008493877947,-0.3659170449,-0.1595104486,0.2501013875,0.4577107489,0.4096118361,-0.7344682813,0.960636735,0.03276228573,0.28805478,0.01369214803,-0.3720167637,-0.1717552692,0.2494754344,0.4458661973,0.4212307036,-0.7290229201,0.9423566461,-0.0009874294148,0.01678501191,-0.002672746778,-0.02674505785,-0.01132354885,0.005781829357,0.02907623053,0.01710537821,-0.03338135034,0.0388174355
jpeg_q50,0,ai_edited,dsp_logit_raw,69,-0.009646918274,0.3740686339,-0.01258756407,-0.5493956208,-0.1726201028,0.1545945257,0.5913974285,0.3272146285,-0.9926370382,1.266645193,-2.154166984,0.9343998047,-2.077012539,-3.369224167,-2.413479805,-1.627109766,-1.110443258,0.786370039,-6.389688969,-0.9483163357,-2.144520065,0.922404096,-1.960893854,-3.700994301,-2.406175241,-1.544642672,-1.139736789,0.8615325689,-6.005496949,-0.947942121
jpeg_q50,0,ai_edited,visual_logit_calibrated,69,0.06226874843,0.5393009447,0.01567133669,-0.675122629,-0.2942992542,0.461440943,0.8444834381,0.7557401971,-1.355105382,1.772389691,0.06044692583,0.5314655414,0.0252622257,-0.6863767049,-0.3168911383,0.4602860498,0.8226300566,0.7771771881,-1.345058606,1.738662643,-0.001821822601,0.03096860757,-0.004931259301,-0.04934504697,-0.02089212344,0.01066756493,0.05364609675,0.03155968837,-0.06158910965,0.07161877118
jpeg_q50,0,ai_edited,dsp_logit_calibrated,69,-0.006530907703,0.2532422949,-0.008521707843,-0.3719376479,-0.1168628081,0.104659597,0.400372628,0.2215224051,-0.6720095159,0.857511447,-1.45835855,0.6325832467,-1.406125439,-2.280945214,-1.633911826,-1.101543872,-0.7517636434,0.5323679541,-4.325782361,-0.6420046574,-1.451827642,0.6244622215,-1.327513763,-2.50555167,-1.628966678,-1.045714127,-0.771595194,0.5832525508,-4.065686592,-0.6417513162
jpeg_q50,0,ai_edited,visual_contribution,69,0.05625327746,0.4872017897,0.01415740758,-0.6099024234,-0.2658684817,0.4168634516,0.7629021355,0.6827319333,-1.224195459,1.601168027,0.05460745199,0.4801233253,0.02282176898,-0.6200692995,-0.2862778773,0.4158201269,0.7431598994,0.7020980042,-1.215119251,1.570699179,-0.001645825472,0.02797688597,-0.004454875113,-0.04457806988,-0.01887384035,0.009637025074,0.04846361685,0.02851086542,-0.05563929517,0.06470004148
jpeg_q50,0,ai_edited,dsp_contribution,69,-0.005451665258,0.21139362,-0.007113482643,-0.3104743851,-0.09755105106,0.08736443918,0.3342104414,0.1849154902,-0.5609589199,0.7158063744,-1.217362578,0.5280479017,-1.173761068,-1.904015543,-1.363905408,-0.9195120691,-0.6275335564,0.4443933389,-3.610940237,-0.53591241,-1.211910913,0.5212688883,-1.108140092,-2.09150544,-1.359777454,-0.8729082752,-0.6440879131,0.4868691785,-3.393825691,-0.5357009338
jpeg_q50,0,ai_edited,fusion_logit,69,0.06823988227,0.5506385383,0.03072463958,-0.773672861,-0.3365412279,0.4564033547,0.954817918,0.7929445826,-1.237550091,1.521055246,-1.145316856,0.7083163117,-1.147197999,-2.153990091,-1.548037608,-0.7337338913,-0.03671904976,0.8143037171,-3.863256087,0.5798503977,-1.213556739,0.5232303563,-1.11622863,-2.096453913,-1.342410569,-0.8496016146,-0.6460854427,0.4928089543,-3.408674322,-0.5567178779
jpeg_q50,0,ai_edited,fusion_probability,69,0.5153388292,0.1284470495,0.5076805557,0.3161583106,0.4166498981,0.6121606059,0.721818467,0.1955107078,0.2248627158,0.8206938183,0.2611481598,0.1222596642,0.2410012521,0.1041055542,0.1753698792,0.3243758861,0.4908270689,0.1490060069,0.02056760225,0.6410329821,-0.2541906694,0.0917930023,-0.2453373822,-0.4122643421,-0.3020245885,-0.1820509025,-0.1340911724,0.119973686,-0.5301526583,-0.1255907099
jpeg_q50,0,ai_edited,visual_calibrated_probability,69,0.5138594321,0.1243711038,0.503917754,0.3375811489,0.4269516658,0.6133559521,0.6994066403,0.1864042864,0.2050369576,0.8547546008,0.5134892337,0.1228748327,0.5063152206,0.335011756,0.4214335876,0.6130820329,0.6947939949,0.1916484454,0.2066794034,0.8505171166,-0.00037019836,0.007332553944,-0.001195622357,-0.01182291635,-0.004842272084,0.002476301712,0.01283349624,0.007318573796,-0.01533044604,0.01763352234
jpeg_q50,1,all,visual_logit_raw,136,-0.03052490478,0.8190583366,-0.1243402585,-1.155794173,-0.5205231607,0.4902805462,1.495759994,1.010803707,-2.030059099,2.352267981,-0.0368991769,0.7979253341,-0.1210066713,-1.160540968,-0.5357583016,0.5163375884,1.448025703,1.05209589,-2.072601795,2.348755598,-0.006374272114,0.08159605043,-0.007607877254,-0.1563240737,-0.04267431796,0.03960474581,0.1244459152,0.08227906376,-0.2496711016,0.1961559355
jpeg_q50,1,all,dsp_logit_raw,136,-0.02268282902,0.3475943267,0.02978979051,-0.7300165594,-0.1673988402,0.1826856695,0.4239986688,0.3500845097,-1.409158707,0.6256977916,-2.192579554,0.9623510979,-1.97304374,-4.060514092,-2.536893845,-1.573418379,-1.141492724,0.9634754658,-5.942800522,-0.568326056,-2.169896725,0.8550455101,-1.993316567,-4.139955908,-2.466774249,-1.676304487,-1.113454622,0.7904697629,-5.420092046,-0.5274286866
jpeg_q50,1,all,visual_logit_calibrated,136,-0.01327667631,0.3562459077,-0.05408126173,-0.5027077146,-0.2263993144,0.2132454191,0.6505743888,0.4396447335,-0.8829654913,1.023108861,-0.0160491386,0.347054199,-0.05263133228,-0.5047723125,-0.2330257736,0.2245788177,0.6298125641,0.4576045913,-0.9014692543,1.021581165,-0.002772462295,0.03548985189,-0.003309013555,-0.06799248483,-0.01856101142,0.01722591419,0.05412721665,0.0357869256,-0.1085933739,0.08531718217
jpeg_q50,1,all,dsp_logit_calibrated,136,-0.01910982478,0.2928411915,0.02509729612,-0.6150241895,-0.1410301379,0.1539089825,0.3572103047,0.2949391203,-1.187187716,0.5271377371,-1.847203938,0.8107613401,-1.662249454,-3.420901015,-2.137281765,-1.325573168,-0.9616845381,0.8117085974,-5.00668927,-0.47880321,-1.828094113,0.7203585523,-1.6793289,-3.487829138,-2.078207424,-1.412252633,-0.9380630039,0.665954791,-4.566317949,-0.4443480033
jpeg_q50,1,all,visual_contribution,136,-0.01213255261,0.3255462525,-0.04942078408,-0.4593866456,-0.2068892492,0.1948688968,0.5945108411,0.401758146,-0.8068755332,0.9349419836,-0.01466609669,0.3171466435,-0.04809580297,-0.4612733259,-0.2129446701,0.2052256346,0.5755381762,0.4181703048,-0.8237847259,0.9335459377,-0.002533544079,0.03243149754,-0.003023857787,-0.06213320112,-0.01696150771,0.01574146309,0.04946277881,0.0327029708,-0.09923528989,0.07796493468
jpeg_q50,1,all,dsp_contribution,136,-0.01710867429,0.2621753271,0.02246914714,-0.5506198334,-0.1262616859,0.1377918783,0.319803809,0.2640535642,-1.062867304,0.4719367106,-1.653767676,0.7258597005,-1.488181331,-3.062669695,-1.913469014,-1.186761251,-0.8609784609,0.7267077625,-4.482396722,-0.4286636984,-1.636659002,0.644923749,-1.503472245,-3.122589211,-1.860580844,-1.264363781,-0.8398305363,0.5962170632,-4.088140387,-0.3978165862
jpeg_q50,1,all,fusion_logit,136,-0.02118315661,0.4333239881,-0.0006089186785,-0.7949971441,-0.276199624,0.2777355483,0.6624392347,0.5539351723,-1.300937787,1.089126033,-1.660375702,0.7764622433,-1.582909789,-3.323736338,-1.930750125,-1.166365191,-0.5306832799,0.764384934,-3.747951718,-0.08003290085,-1.639192546,0.6503952417,-1.490090955,-3.125983891,-1.864618346,-1.271170146,-0.8647124583,0.5934482005,-4.11848453,-0.3632196769
jpeg_q50,1,all,fusion_probability,136,0.4954039025,0.1030679602,0.4998477705,0.3110978586,0.431385896,0.5689906637,0.6598081058,0.1376047677,0.2140072313,0.7482171122,0.1837449372,0.09625726766,0.1703848778,0.03477147619,0.1266691965,0.2375126541,0.370357538,0.1108434576,0.02302339759,0.4800024478,-0.3116589653,0.08929745466,-0.3036761096,-0.4622591263,-0.3528276348,-0.2614848889,-0.1859956291,0.09134274587,-0.5815766689,-0.07273858329
jpeg_q50,1,all,visual_calibrated_probability,136,0.4963354885,0.08611406761,0.4864830703,0.3769265083,0.4436415506,0.5531102259,0.6571233796,0.1094686754,0.2925636334,0.7355777254,0.4957072692,0.08398462433,0.4868452036,0.3764198219,0.4420058008,0.5559099097,0.6524451997,0.1139041089,0.2887486588,0.7352804769,-0.0006282193377,0.008540500962,-0.0008079468716,-0.01645333414,-0.004521781587,0.004178746128,0.01234572107,0.008700527715,-0.02579073456,0.02104417961
jpeg_q50,1,authentic,visual_logit_raw,68,-0.1655100617,0.8255105674,-0.3239196688,-1.281302744,-0.6911540627,0.2805438824,1.406621081,0.9716979451,-1.990869761,2.337252378,-0.1756958784,0.8056141836,-0.3648736477,-1.258697587,-0.6292574257,0.2186034285,1.323946565,0.8478608541,-1.856135726,2.348755598,-0.01018581671,0.08547774776,-0.01477350295,-0.1688049674,-0.04743731767,0.04958155751,0.1287529677,0.09701887518,-0.2496711016,0.172483325
jpeg_q50,1,authentic,dsp_logit_raw,68,-0.07471309986,0.345741493,-0.05325439945,-0.776497823,-0.2032164037,0.1351957358,0.3289934292,0.3384121396,-1.409158707,0.5521582961,-2.234238147,0.9680210371,-2.058394551,-4.319967055,-2.546408176,-1.603078246,-1.158109564,0.9433299303,-5.590592384,-0.7047429681,-2.159525047,0.8644534616,-2.02511546,-4.062045185,-2.460560946,-1.667523324,-1.083759056,0.7930376213,-5.152165383,-0.5274286866
jpeg_q50,1,authentic,visual_logit_calibrated,68,-0.07198789089,0.3590522778,-0.1408874695,-0.5572971286,-0.3006144928,0.1220213574,0.6118038012,0.4226358503,-0.8659202566,1.016577889,-0.07641816814,0.3503984311,-0.1587002269,-0.5474651127,-0.2736928162,0.09508062286,0.5758448756,0.3687734391,-0.8073182666,1.021581165,-0.004430277255,0.03717817948,-0.006425671692,-0.07342099598,-0.0206326577,0.02156528561,0.05600055064,0.04219794331,-0.1085933739,0.07502088183
jpeg_q50,1,authentic,dsp_logit_calibrated,68,-0.06294427585,0.2912802166,-0.04486575467,-0.6541837142,-0.1712057109,0.1138996736,0.2771703115,0.2851053845,-1.187187716,0.4651821992,-1.88230046,0.8155381493,-1.734155786,-3.63948489,-2.145297397,-1.350561006,-0.9756838891,0.7947363911,-4.709961036,-0.5937316999,-1.819356184,0.7282845612,-1.706118825,-3.42219093,-2.072972842,-1.404854682,-0.9130450896,0.6681181598,-4.340595153,-0.4443480033
jpeg_q50,1,authentic,visual_contribution,68,-0.06578430122,0.3281107823,-0.1287464269,-0.5092717918,-0.2747089004,0.1115061107,0.5590813267,0.3862150111,-0.7912991795,0.9289738214,-0.06983279729,0.3202026848,-0.1450241617,-0.5002870543,-0.2501072117,0.08688700637,0.5262211781,0.336994218,-0.737747243,0.9335459377,-0.004048496071,0.03397433273,-0.005871936473,-0.06709390782,-0.01885462891,0.01970688719,0.05117467738,0.0385615161,-0.09923528989,0.06855592277
jpeg_q50,1,authentic,dsp_contribution,68,-0.05635285127,0.260777815,-0.04016748411,-0.5856786348,-0.1532773208,0.1019722807,0.2481454768,0.2552496015,-1.062867304,0.4164690583,-1.685188946,0.7301362898,-1.552557747,-3.258363813,-1.920645262,-1.209132403,-0.8735118221,0.7115128587,-4.216741398,-0.5315570594,-1.628836095,0.6520197588,-1.527456772,-3.063824532,-1.855894419,-1.257740531,-0.8174324582,0.5981538875,-3.886054923,-0.3978165862
jpeg_q50,1,authentic,fusion_logit,68,-0.1140790822,0.4239094004,-0.07963202193,-0.7965195802,-0.3172412938,0.1069353885,0.5426578426,0.4241766823,-1.300937787,1.059165473,-1.746963673,0.7535285641,-1.62809256,-3.391169829,-1.950482923,-1.383808691,-0.6413504247,0.566674232,-3.706934516,-0.3752210159,-1.632884591,0.6606631084,-1.49776834,-3.05906428,-1.862605956,-1.268247923,-0.839851243,0.594358033,-3.985290213,-0.3632196769
jpeg_q50,1,authentic,fusion_probability,68,0.4729680001,0.1000105923,0.4801025144,0.3107750311,0.4213482208,0.5267082795,0.6323295748,0.1053600587,0.2140072313,0.7425310337,0.1703658611,0.08862404551,0.1640960811,0.03258196298,0.124510359,0.2003980652,0.3449768104,0.07588770616,0.02396428653,0.4072800451,-0.3026021389,0.09131246106,-0.2922786536,-0.4586697537,-0.3462341186,-0.2499375755,-0.174029714,0.09629654305,-0.5815766689,-0.07273858329
jpeg_q50,1,authentic,visual_calibrated_probability,68,0.4818840621,0.08671078251,0.4648365224,0.3641739752,0.4254076709,0.5304595603,0.6483089364,0.1050518894,0.2961039203,0.734305478,0.480830955,0.08473961624,0.4604080551,0.3664832528,0.4320010984,0.5237419662,0.6401057439,0.09174086784,0.308462251,0.7352804769,-0.001053107081,0.00887395678,-0.001595396701,-0.0183008457,-0.005099344132,0.005302866315,0.01235244625,0.01040221045,-0.02579073456,0.01864189985
jpeg_q50,1,ai_edited,visual_logit_raw,68,0.1044602521,0.7957840849,0.01622030139,-0.9843371898,-0.4140267521,0.609173879,1.540512091,1.023200631,-2.030059099,2.352267981,0.1018975246,0.7712030306,0.0009541208856,-0.9496447623,-0.4132437259,0.6575210243,1.463158989,1.07076475,-2.072601795,2.312610626,-0.002562727519,0.0779696607,-0.00123770535,-0.1507035077,-0.03975507058,0.03791423514,0.1191292733,0.07766930573,-0.1881927848,0.1961559355
jpeg_q50,1,ai_edited,dsp_logit_raw,68,0.02934744181,0.3441143037,0.06882532686,-0.65722,-0.09461008757,0.2433495522,0.5239203021,0.3379596397,-1.193677902,0.6256977916,-2.150920962,0.9620158747,-1.863501191,-3.880165291,-2.501139283,-1.570146203,-1.136864746,0.9309930801,-5.942800522,-0.568326056,-2.180268404,0.8518330173,-1.971146278,-4.048127941,-2.502915707,-1.696926354,-1.180424447,0.805989353,-5.420092046,-0.5863240361
jpeg_q50,1,ai_edited,visual_logit_calibrated,68,0.04543453827,0.3461228719,0.007054950464,-0.4281332355,-0.1800791586,0.2649575638,0.6700391214,0.4450367225,-0.8829654913,1.023108861,0.04431989093,0.3354314478,0.0004149907837,-0.413043913,-0.1797385847,0.2859859472,0.6363947217,0.4657245319,-0.9014692543,1.005860065,-0.001114647334,0.03391256924,-0.0005383346291,-0.06554784377,-0.0172912973,0.01649063383,0.05181476606,0.03378193113,-0.08185364393,0.08531718217
jpeg_q50,1,ai_edited,dsp_logit_calibrated,68,0.02472462629,0.2899093425,0.05798394616,-0.5536945603,-0.07970708566,0.2050170769,0.4413922603,0.2847241626,-1.005649495,0.5271377371,-1.812107416,0.8104789214,-1.569962071,-3.268960796,-2.10715927,-1.322816426,-0.9577855595,0.7843428443,-5.00668927,-0.47880321,-1.836832043,0.7176520921,-1.660650881,-3.410465932,-2.108655872,-1.42962614,-0.9944837274,0.6790297319,-4.566317949,-0.4939661443
jpeg_q50,1,ai_edited,visual_contribution,68,0.041519196,0.3162955739,0.006446986857,-0.3912386566,-0.1645607542,0.2421247237,0.6122981913,0.4066854778,-0.8068755332,0.9349419836,0.04050060391,0.3065254882,0.0003792287616,-0.3774496635,-0.1642495294,0.2613409764,0.5815531133,0.4255905058,-0.8237847259,0.9191796105,-0.001018592086,0.03099013796,-0.0004919433944,-0.05989922813,-0.01580121179,0.01506954586,0.04734960472,0.03087075765,-0.07479986845,0.07796493468
jpeg_q50,1,ai_edited,dsp_contribution,68,0.0221355027,0.2595504966,0.05191195942,-0.4957125455,-0.07136028626,0.1835480143,0.3951703639,0.2549083005,-0.9003394775,0.4719367106,-1.622346406,0.7256068562,-1.405558137,-2.926640414,-1.886500899,-1.184293191,-0.8574877772,0.7022077076,-4.482396722,-0.4286636984,-1.644481909,0.642500705,-1.486750158,-3.053327357,-1.887840778,-1.279917961,-0.8903429712,0.607922817,-4.088140387,-0.4422387943
jpeg_q50,1,ai_edited,fusion_logit,68,0.07171276898,0.4255887717,0.06669919751,-0.7884801414,-0.1365101181,0.355878696,0.6651337283,0.4923888141,-1.06113227,1.089126033,-1.573787732,0.7948343143,-1.362639258,-3.115698762,-1.824643723,-1.134821818,-0.5218081036,0.6898219049,-3.747951718,-0.08003290085,-1.645500501,0.6448139817,-1.471330291,-3.054557221,-1.875438357,-1.290172234,-0.914081274,0.5852661225,-4.11848453,-0.4153543701
jpeg_q50,1,ai_edited,fusion_probability,68,0.517839805,0.1018856083,0.516667682,0.3124959815,0.4659265179,0.5880408783,0.6604124907,0.1221143604,0.257093136,0.7482171122,0.1971240133,0.1022333094,0.2038117293,0.04251827178,0.138878461,0.2432731287,0.3724307916,0.1043946677,0.02302339759,0.4800024478,-0.3207157917,0.08696332549,-0.3049356777,-0.4572765493,-0.3531977305,-0.2773436117,-0.2064339041,0.07585411884,-0.57979425,-0.08601137835
jpeg_q50,1,ai_edited,visual_calibrated_probability,68,0.510786915,0.08366160989,0.5017637294,0.3946126846,0.4551015597,0.5658516866,0.6614908341,0.1107501269,0.2925636334,0.7355777254,0.5105835834,0.08113008696,0.5001037476,0.3982861706,0.4551859601,0.5710131431,0.6539358866,0.1158271829,0.2887486588,0.7322091761,-0.0002033315942,0.008237439854,-0.000131459591,-0.01530500691,-0.004081357418,0.003974857462,0.01211586134,0.00805621488,-0.01952221047,0.02104417961
jpeg_q50,2,all,visual_logit_raw,136,0.03740341659,0.2308419857,0.00227053382,-0.3371031657,-0.09394703805,0.1653689891,0.4088575691,0.2593160272,-0.5573038459,0.7906153798,0.02973966205,0.2274092369,0.00384667248,-0.3439382687,-0.0967769213,0.1492228583,0.3958369642,0.2459997796,-0.5303705931,0.7842116356,-0.007663754543,0.02290189395,-0.005380952731,-0.04716856219,-0.02080378868,0.004811599851,0.02535540983,0.02561538853,-0.08707897365,0.04469043133
jpeg_q50,2,all,dsp_logit_raw,136,0.05729120516,0.4758599712,0.09445523471,-0.7659803927,-0.1576985866,0.3726103306,0.7952648252,0.5303089172,-1.851218104,1.327116013,-1.656091365,1.733979199,-1.804833174,-3.898663938,-2.234467804,-1.264980167,0.1421818584,0.9694876373,-4.607822895,12.6550293,-1.713382571,1.695210272,-1.91976228,-3.449929472,-2.416990262,-1.447631199,0.1717562973,0.9693590634,-4.692926876,11.32791328
jpeg_q50,2,all,visual_logit_calibrated,136,0.06310193872,0.3894450873,0.003830534722,-0.5687144449,-0.1584946184,0.2789879848,0.6897686795,0.4374826031,-0.9402069741,1.333818346,0.0501726982,0.383653822,0.006489580719,-0.5802456977,-0.1632688111,0.2517484368,0.6678020924,0.4150172479,-0.8947688665,1.323014823,-0.01292924052,0.03863694925,-0.009078008921,-0.07957635939,-0.03509731244,0.008117474461,0.04277618633,0.0432147869,-0.1469077576,0.07539559528
jpeg_q50,2,all,dsp_logit_calibrated,136,0.05231666361,0.4345414967,0.08625377537,-0.6994710345,-0.1440057664,0.3402569255,0.7262127272,0.4842626919,-1.690478575,1.211883775,-1.512294507,1.583419413,-1.648121204,-3.560146609,-2.040451063,-1.155143127,0.1298363412,0.8853079361,-4.20772996,11.55620499,-1.564611171,1.548016756,-1.753071124,-3.150375336,-2.207125267,-1.321934741,0.1568428593,0.8851905262,-4.285444442,10.34432121
jpeg_q50,2,all,visual_contribution,136,0.05843142615,0.3606201698,0.003547016324,-0.5266208418,-0.1467635825,0.2583385893,0.638715204,0.4051021718,-0.8706172186,1.235095304,0.04645914799,0.3552575471,0.00600925208,-0.5372986048,-0.1511844116,0.2331151862,0.6183744816,0.3842995978,-0.8285422287,1.225091407,-0.01197227816,0.03577722163,-0.008406096843,-0.07368648668,-0.0324995723,0.007516656685,0.0396100916,0.04001622899,-0.1360343274,0.06981516332
jpeg_q50,2,all,dsp_contribution,136,0.04800072559,0.3986933742,0.07913814677,-0.6417671707,-0.1321258047,0.3121869436,0.6663027693,0.4443127482,-1.551020126,1.111907689,-1.387535608,1.452792963,-1.512157087,-3.266447221,-1.872121133,-1.059847942,0.1191253064,0.8122731913,-3.860607257,10.60285932,-1.435536334,1.420310899,-1.608449013,-2.890480615,-2.025045311,-1.212879843,0.1439038833,0.8121654673,-3.931910572,9.490951633
jpeg_q50,2,all,fusion_logit,136,0.1212765201,0.5350310475,0.1204903174,-0.6470169729,-0.2236718383,0.4738807715,0.9844842134,0.6975526098,-1.569573506,1.458898074,-1.326232092,1.515594258,-1.400172228,-3.174884332,-1.901096482,-0.9616701714,0.7349762671,0.9394263102,-3.980489776,10.81381538,-1.447508612,1.412799607,-1.615113259,-2.90352676,-2.034852096,-1.17398556,0.152917983,0.8608665362,-3.911505778,9.354917305
jpeg_q50,2,all,fusion_probability,136,0.5290269975,0.1247125191,0.5300861796,0.3436750234,0.4443211824,0.6162995932,0.7279921229,0.1719784108,0.1722772004,0.8113640803,0.2343380524,0.1792978896,0.1977893701,0.04027233619,0.1300057796,0.2765440487,0.6758752705,0.1465382691,0.01833407365,0.9999798808,-0.2946889451,0.1810122005,-0.330380154,-0.4984763907,-0.3958243724,-0.2711302276,0.02695406763,0.1246941448,-0.5995333334,0.6297491549
jpeg_q50,2,all,visual_calibrated_probability,136,0.5146881232,0.09284046993,0.5009576236,0.3615354697,0.4604590849,0.5692963196,0.6659126345,0.1088372347,0.2808585367,0.7914715326,0.5115382397,0.09149493585,0.5016223875,0.3588781171,0.4592732278,0.562606797,0.6610086243,0.1033335693,0.290126682,0.7896828572,-0.003149883576,0.009448053158,-0.002096379631,-0.01952041415,-0.00790011102,0.001915945589,0.00976592522,0.009816056608,-0.03597470531,0.01883881543
jpeg_q50,2,authentic,visual_logit_raw,68,-0.007911921636,0.2344493328,-0.02678519767,-0.3819719896,-0.1433360614,0.1309623159,0.3594548494,0.2742983773,-0.5573038459,0.7906153798,-0.01531302309,0.2302282571,-0.02263066592,-0.3799326584,-0.1604913808,0.1228536572,0.3659720898,0.2833450381,-0.5303705931,0.7842116356,-0.007401101456,0.02264776608,-0.005452768877,-0.04483928867,-0.0182938613,0.004811599851,0.02400287916,0.02310546115,-0.08707897365,0.03846940305
jpeg_q50,2,authentic,dsp_logit_raw,68,0.01088961291,0.5097873342,0.03161885496,-0.701426217,-0.2001229525,0.2945714965,0.7284450471,0.494694449,-1.851218104,1.327116013,-1.602756446,2.063691809,-1.826394022,-3.877921271,-2.258281946,-1.257986993,0.1883067816,1.000294954,-4.607822895,12.6550293,-1.613646059,1.940562354,-1.90505692,-3.407396481,-2.401328778,-1.424504954,0.2574563742,0.9768238235,-4.64945554,11.32791328
jpeg_q50,2,authentic,visual_logit_calibrated,68,-0.01334791417,0.3955309108,-0.0451883292,-0.6444109998,-0.2418170367,0.2209417425,0.6064231545,0.4627587792,-0.9402069741,1.333818346,-0.02583404226,0.3884096881,-0.03817937034,-0.6409705186,-0.2707591499,0.2072619204,0.6174181529,0.4780210703,-0.8947688665,1.323014823,-0.01248612809,0.03820821939,-0.00919916732,-0.07564672706,-0.03086290558,0.008117474461,0.04049438121,0.03898038005,-0.1469077576,0.06490032557
jpeg_q50,2,authentic,dsp_logit_calibrated,68,0.009944078042,0.4655229787,0.02887341948,-0.6405220372,-0.1827464644,0.2689941301,0.6651948477,0.4517405945,-1.690478575,1.211883775,-1.463590609,1.884503387,-1.667809944,-3.541205009,-2.062197445,-1.148757163,0.1719562806,0.913440282,-4.20772996,11.55620499,-1.473534687,1.772065147,-1.739642616,-3.111535444,-2.192823655,-1.300816527,0.235101679,0.8920071282,-4.245747681,10.34432121
jpeg_q50,2,authentic,visual_contribution,68,-0.01235996353,0.3662555489,-0.04184369884,-0.5967146891,-0.2239188622,0.2045886604,0.5615385278,0.4285075226,-0.8706172186,1.235095304,-0.02392192638,0.359661406,-0.03535351059,-0.5935288563,-0.2507188146,0.1919213552,0.5717197274,0.4426401697,-0.8285422287,1.225091407,-0.01156196285,0.03538022437,-0.00851828766,-0.07004770749,-0.02857857659,0.007516656685,0.0374971751,0.03609523327,-0.1360343274,0.06009670475
jpeg_q50,2,authentic,dsp_contribution,68,0.009123727097,0.4271189945,0.02649146543,-0.5876812553,-0.1676705334,0.2468030745,0.610318647,0.4144736079,-1.551020126,1.111907689,-1.342849608,1.729038584,-1.530221576,-3.249068235,-1.892073517,-1.053988798,0.1577705012,0.8380847191,-3.860607257,10.60285932,-1.351973335,1.625876097,-1.59612831,-2.854844876,-2.01192353,-1.193503806,0.2157066296,0.8184197239,-3.895488652,9.490951633
jpeg_q50,2,authentic,fusion_logit,68,0.01160813194,0.5787879866,0.01083115624,-0.7799140355,-0.3611523563,0.3634890755,0.8178425757,0.7246414319,-1.569573506,1.458898074,-1.351927166,1.79233614,-1.470554489,-3.221450319,-2.043463303,-1.084687787,0.7278978063,0.958775516,-3.980489776,10.81381538,-1.363535298,1.612923889,-1.604615448,-2.86272289,-1.994962406,-1.164060277,0.2103330363,0.8309021293,-3.911505778,9.354917305
jpeg_q50,2,authentic,fusion_probability,68,0.5036811543,0.1335655202,0.502707761,0.3144320707,0.4106824817,0.5898820284,0.6937387361,0.1791995468,0.1722772004,0.8113640803,0.2242959977,0.1824476148,0.1868774553,0.03880046864,0.1147159159,0.2526539418,0.6741860556,0.1379380259,0.01833407365,0.9999798808,-0.2793851566,0.1741068118,-0.3199168631,-0.4830078811,-0.3709005081,-0.2381209029,0.04253746817,0.1327796052,-0.5995333334,0.3312051828
jpeg_q50,2,authentic,visual_calibrated_probability,68,0.4963896532,0.09454897415,0.4887048459,0.3442562566,0.4398393281,0.5550105107,0.647110831,0.1151711827,0.2808585367,0.7914715326,0.4933118255,0.09291278855,0.4904584976,0.3450293958,0.4327217484,0.5516306972,0.6496305749,0.1189089489,0.290126682,0.7896828572,-0.003077827706,0.009323043818,-0.002134859304,-0.01875718556,-0.00759014573,0.001915945589,0.009406739576,0.009506091319,-0.03597470531,0.01622314468
jpeg_q50,2,ai_edited,visual_logit_raw,68,0.08271875481,0.2196284159,0.03776871599,-0.1975229502,-0.06302529573,0.2073398605,0.4890849352,0.2703651562,-0.3451197743,0.7536631227,0.07479234718,0.2169715615,0.04263067432,-0.203935577,-0.06510728039,0.1675465927,0.4686239898,0.232653873,-0.3520921171,0.7705494761,-0.00792640763,0.02331867195,-0.005110286176,-0.04776941612,-0.02269091457,0.003803865984,0.03081685011,0.02649478056,-0.08021625876,0.04469043133
jpeg_q50,2,ai_edited,dsp_logit_raw,68,0.1036927974,0.4381912286,0.1152331755,-0.8171281219,-0.08483834751,0.4064216167,0.7948186308,0.4912599642,-1.262051821,0.9150592685,-1.709426284,1.33927054,-1.798448801,-3.801467717,-2.191813588,-1.318479776,0.09299083799,0.8733338118,-4.575639248,5.234891891,-1.813119082,1.415766018,-1.976174116,-3.42701056,-2.428969161,-1.484954501,-0.2109121181,0.94401466,-4.692926876,6.118492246
jpeg_q50,2,ai_edited,visual_logit_calibrated,68,0.1395517916,0.3705270829,0.06371822201,-0.3332337587,-0.1063276757,0.3497955097,0.8251173402,0.4561231854,-0.5822389727,1.271477542,0.1261794387,0.3660448009,0.07192065441,-0.3440522673,-0.109840116,0.2826617402,0.7905984262,0.3925018562,-0.5940017576,1.299965892,-0.01337235296,0.0393400802,-0.008621377258,-0.08059003813,-0.03828101364,0.006417363442,0.05198998286,0.04469837709,-0.1353299219,0.07539559528
jpeg_q50,2,ai_edited,dsp_logit_calibrated,68,0.09468924918,0.4001434957,0.105227587,-0.7461776543,-0.07747191346,0.3711324093,0.7258052754,0.4486043228,-1.152469046,0.8356055314,-1.560998405,1.222982936,-1.64229118,-3.471389844,-2.001500472,-1.203997415,0.08491653085,0.7975030569,-4.178340789,4.780351144,-1.655687654,1.292836384,-1.804584773,-3.129446451,-2.218064049,-1.356017296,-0.1925988169,0.8620467535,-4.285444442,5.587229309
jpeg_q50,2,ai_edited,visual_contribution,68,0.1292228158,0.3431023883,0.05900209501,-0.3085693428,-0.09845779475,0.3239052699,0.7640459851,0.4223630647,-0.5391443469,1.177368677,0.1168402224,0.338951864,0.06659742145,-0.3185871156,-0.1017102605,0.2617404304,0.7320820008,0.3634506909,-0.550036505,1.203748452,-0.01238259347,0.03642831009,-0.007983262936,-0.07462513762,-0.03544763073,0.005942379991,0.04814192568,0.04139001072,-0.1253134293,0.06981516332
jpeg_q50,2,ai_edited,dsp_contribution,68,0.08687772409,0.3671330855,0.09654668669,-0.6846206611,-0.07108075712,0.3405153102,0.6659289308,0.4115960673,-1.057394463,0.7666710576,-1.432221608,1.122091209,-1.50680802,-3.185012573,-1.836383827,-1.104671926,0.07791122014,0.7317119013,-3.833642587,4.385989237,-1.519099333,1.186181997,-1.655712971,-2.871278288,-2.035081682,-1.244150709,-0.176710102,0.7909309732,-3.931910572,5.126302834
jpeg_q50,2,ai_edited,fusion_logit,68,0.2309449083,0.4662403786,0.1430363428,-0.4959858516,-0.1065413616,0.5222588727,1.023749312,0.6288002343,-0.6102706967,1.29638288,-1.300537018,1.189338834,-1.327349305,-3.005856067,-1.786537605,-0.9427477794,0.573447832,0.8437898251,-3.877472996,4.550013324,-1.531481926,1.185731651,-1.652504439,-2.874385044,-2.060976228,-1.271768396,-0.2304192935,0.7892078316,-3.876232908,5.126270476
jpeg_q50,2,ai_edited,fusion_probability,68,0.5543728407,0.1104301324,0.5356982375,0.3785167832,0.473390281,0.6275950905,0.7357021706,0.1542048095,0.3519974508,0.7852255983,0.2443801072,0.1768712957,0.2096194839,0.04767590364,0.1434978246,0.2803676853,0.638334699,0.1368698606,0.02028315224,0.9895434316,-0.3099927335,0.1876999853,-0.3427198818,-0.5024567891,-0.4078357978,-0.2855900937,-0.05190915433,0.1222457041,-0.5482796313,0.6297491549
jpeg_q50,2,ai_edited,visual_calibrated_probability,68,0.5329865933,0.08802375362,0.5159240741,0.4174546259,0.4734431072,0.5865679864,0.695256113,0.1131248792,0.3584175689,0.7809955738,0.5297646538,0.08695104709,0.5179724162,0.4148255096,0.4725677056,0.570197821,0.6879121458,0.09763011535,0.355717193,0.7858292427,-0.003221939446,0.00964023111,-0.002022345195,-0.01948283354,-0.00814146606,0.001590912802,0.01283661973,0.009732378862,-0.03315298159,0.01883881543
jpeg_q50,3,all,visual_logit_raw,136,-0.000258308833,0.2371913706,-0.005991516518,-0.4058033302,-0.1465642378,0.1654620357,0.3606518507,0.3120262735,-0.5847628117,0.7799586058,-0.00423159853,0.2308280249,-0.007944875164,-0.3846986964,-0.157018777,0.1578255072,0.3541597575,0.3148442842,-0.5833867192,0.7315406799,-0.003973289697,0.02151211498,-0.006047684699,-0.03462101892,-0.01577900164,0.008501712233,0.03046405641,0.02428071387,-0.08556887507,0.06446409225
jpeg_q50,3,all,dsp_logit_raw,136,0.1006631461,0.3682867115,0.1127804071,-0.488933444,-0.08020190895,0.2757822126,0.7902637869,0.3559841216,-1.342443228,0.9462297559,-2.034574551,0.7173082683,-1.878843725,-3.270761192,-2.305452824,-1.577908278,-1.129438877,0.7275445461,-4.965202332,-0.8307741284,-2.135237697,0.7251975139,-2.021870501,-3.340760592,-2.430456314,-1.688911952,-1.222037628,0.7415443622,-5.152045667,-0.5590321422
jpeg_q50,3,all,visual_logit_calibrated,136,-0.0004331386462,0.3977283625,-0.01004672323,-0.6804610709,-0.2457625425,0.2774508379,0.6047499521,0.5232133804,-0.9805447599,1.3078539,-0.007095649179,0.3870581469,-0.01332216337,-0.6450722984,-0.2632929727,0.2646457179,0.5938638495,0.5279386906,-0.9782372941,1.226665523,-0.006662510532,0.03607204698,-0.01014090743,-0.05805338165,-0.0264586206,0.01425588155,0.05108288401,0.04071450215,-0.1434840082,0.1080949859
jpeg_q50,3,all,dsp_logit_calibrated,136,0.03320847446,0.1214966979,0.03720592306,-0.1612976985,-0.02645837279,0.09097973709,0.2607056883,0.1174381099,-0.4428680543,0.3121584006,-0.6712001327,0.2366378783,-0.6198249934,-1.079014453,-0.7605620746,-0.5205472785,-0.3725985484,0.2400147961,-1.638005578,-0.2740699303,-0.7044086072,0.2392405171,-0.6670091044,-1.102107048,-0.8018003568,-0.5571670628,-0.4031466028,0.244633294,-1.699644643,-0.1844230519
jpeg_q50,3,all,visual_contribution,136,-0.0003998281626,0.3671411031,-0.009274081002,-0.6281302812,-0.2268621991,0.2561135093,0.5582417184,0.4829757084,-0.9051360646,1.207273529,-0.006549958998,0.3572914794,-0.01229762375,-0.5954630787,-0.2430444533,0.2442931658,0.5481928104,0.4873376191,-0.9030060542,1.132328936,-0.006150130836,0.03329792987,-0.009361021973,-0.05358879222,-0.02442382306,0.01315953443,0.04715436,0.03758335749,-0.1324493851,0.09978195194
jpeg_q50,3,all,dsp_contribution,136,0.02184453877,0.07992054352,0.02447406097,-0.1061016468,-0.01740432102,0.05984648275,0.1714922353,0.07725080377,-0.2913186631,0.2053378361,-0.4415155336,0.1556604267,-0.4077209603,-0.7097758459,-0.5002978304,-0.3424160667,-0.245095373,0.1578817637,-1.07748028,-0.1802832354,-0.4633600723,0.1573724429,-0.4387586746,-0.7249661581,-0.5274243778,-0.3665045655,-0.2651898871,0.1609198123,-1.118026465,-0.1213135073
jpeg_q50,3,all,fusion_logit,136,0.01538354106,0.3804024856,0.011245795,-0.5944496445,-0.2055751789,0.2916038108,0.6033077621,0.4971789897,-0.8950216645,1.161513212,-0.4541266621,0.409486444,-0.4289672263,-1.181326212,-0.7163059413,-0.1156403479,0.1295896537,0.6006655933,-1.682769099,0.5728443892,-0.4695102032,0.1581042486,-0.4467732166,-0.7160765291,-0.5539451895,-0.3790594125,-0.2488787364,0.174885777,-1.09876734,-0.09340148592
jpeg_q50,3,all,fusion_probability,136,0.5037306035,0.0920950439,0.5028114174,0.3556185095,0.4487864543,0.5723881314,0.6464117603,0.1236016771,0.2900746202,0.7616075646,0.3928476271,0.09309361064,0.3943729873,0.2348156835,0.328207681,0.4711221714,0.5323509106,0.1429144904,0.1567291426,0.6394192437,-0.1108829764,0.03460966822,-0.1082028877,-0.1726033298,-0.1259106365,-0.08963637237,-0.06203229416,0.03627426416,-0.2255184603,-0.02114515115
jpeg_q50,3,all,visual_calibrated_probability,136,0.49978449,0.09563039475,0.4974883526,0.3361594163,0.4388668048,0.5689210687,0.6467422537,0.1300542639,0.2727837048,0.7871538141,0.4981862489,0.0934576153,0.4966695105,0.3441019801,0.434555439,0.5657779672,0.6442475712,0.1312225282,0.273241683,0.7732344301,-0.001598241111,0.008375956085,-0.002511062285,-0.01393828224,-0.006484911455,0.003302803393,0.01247211893,0.009787714849,-0.0300145157,0.02355388083
jpeg_q50,3,authentic,visual_logit_raw,68,-0.04791318503,0.2361946177,-0.04762999155,-0.4141204149,-0.2337621525,0.1142405272,0.333450529,0.3480026796,-0.5847628117,0.5535373092,-0.05150323526,0.2290673151,-0.05040238053,-0.4062899902,-0.2274012081,0.09520158544,0.3330132678,0.3226027936,-0.5833867192,0.4679684341,-0.003590050225,0.02380472804,-0.004623543471,-0.03464777544,-0.01590002701,0.009038357064,0.03696332956,0.02493838407,-0.08556887507,0.06446409225
jpeg_q50,3,authentic,dsp_logit_raw,68,0.04215070424,0.3676538716,0.074374035,-0.5473465979,-0.114848651,0.1959483847,0.7365076959,0.3107970357,-1.342443228,0.9444357157,-2.058272926,0.7438274406,-1.902373493,-3.296401656,-2.309582472,-1.596780896,-1.141270137,0.7128015757,-4.965202332,-0.8390155435,-2.10042363,0.728621955,-1.963318385,-3.29146456,-2.430456314,-1.683816381,-1.216050938,0.7466399334,-5.087886289,-0.5590321422
jpeg_q50,3,authentic,visual_logit_calibrated,68,-0.08034201488,0.3960569825,-0.07986714903,-0.6944073643,-0.3919781647,0.1915613443,0.5591381024,0.5835395089,-0.9805447599,0.9281850643,-0.08636189998,0.3841057451,-0.08451595951,-0.6812771144,-0.3813119757,0.1596363754,0.5584048921,0.5409483511,-0.9782372941,0.7847010561,-0.006019885098,0.03991635733,-0.00775287216,-0.05809824766,-0.02666155893,0.01515574089,0.06198102613,0.04181729983,-0.1434840082,0.1080949859
jpeg_q50,3,authentic,dsp_logit_calibrated,68,0.01390539279,0.1212879259,0.02453577439,-0.1805680254,-0.03788823062,0.06464279314,0.2429717127,0.1025310238,-0.4428680543,0.3115665521,-0.6790181568,0.2453864749,-0.6275873943,-1.087473166,-0.7619244333,-0.5267732996,-0.376501646,0.2351511337,-1.638005578,-0.2767887487,-0.6929235496,0.2403702301,-0.6476929342,-1.085844433,-0.8018003568,-0.5554860488,-0.4011716113,0.2463143079,-1.678478653,-0.1844230519
jpeg_q50,3,authentic,visual_contribution,68,-0.07416332037,0.3655982604,-0.07372497403,-0.6410040363,-0.3618331237,0.1768293385,0.5161376434,0.5386624622,-0.9051360646,0.856803086,-0.07972024682,0.3545661317,-0.07801626821,-0.628883567,-0.3519872169,0.1473595562,0.5154608205,0.4993467731,-0.9030060542,0.7243537009,-0.005556926445,0.03684659392,-0.007156638313,-0.05363020781,-0.02461115445,0.01399019018,0.0572143816,0.03860134462,-0.1324493851,0.09978195194
jpeg_q50,3,authentic,dsp_contribution,68,0.009146969163,0.07978321327,0.01613963555,-0.1187776703,-0.02492288297,0.04252203764,0.1598268239,0.06744492061,-0.2913186631,0.204948518,-0.4466582308,0.1614152547,-0.4128270686,-0.7153399886,-0.5011939902,-0.3465115442,-0.2476628311,0.154682446,-1.07748028,-0.1820716745,-0.4558052,0.1581155682,-0.4260524954,-0.7142686077,-0.5274243778,-0.3653987943,-0.2638907375,0.1620255834,-1.104103474,-0.1213135073
jpeg_q50,3,authentic,fusion_logit,68,-0.07107752075,0.3764099029,-0.07960232615,-0.6526332931,-0.3618835119,0.2470090295,0.547768516,0.6088925414,-0.8950216645,0.7303289926,-0.5324396472,0.4068908286,-0.4931550936,-1.306551637,-0.8285566171,-0.2296070067,0.05493356142,0.5989496104,-1.445681627,0.2767676953,-0.4613621264,0.1604996065,-0.4389874775,-0.684425842,-0.5309722698,-0.370145947,-0.2616813149,0.1608263228,-1.098337168,-0.09340148592
jpeg_q50,3,authentic,fusion_probability,68,0.4828104292,0.09134808437,0.4801100909,0.3424203836,0.4105038534,0.5614401213,0.633543928,0.1509362678,0.2900746202,0.6748774636,0.3748749204,0.09130120323,0.3791515049,0.2130675112,0.3039542458,0.44285229,0.513722275,0.1388980442,0.1906670577,0.5687536039,-0.1079355088,0.03517293173,-0.1018833726,-0.1646017939,-0.1237755078,-0.08727899613,-0.06504566686,0.03649651172,-0.2255184603,-0.02114515115
jpeg_q50,3,authentic,visual_calibrated_probability,68,0.4804949251,0.09548107328,0.480043832,0.3331123574,0.4032415258,0.5477397721,0.6361354962,0.1444982463,0.2727837048,0.7167069294,0.4790625502,0.09296028131,0.4788844496,0.3359899591,0.4058110048,0.5398216978,0.6360501678,0.1340106929,0.273241683,0.6866924137,-0.001432374911,0.009214106374,-0.001921096187,-0.01412369374,-0.006523837898,0.003643598499,0.01402030346,0.0101674364,-0.0300145157,0.02355388083
jpeg_q50,3,ai_edited,visual_logit_raw,68,0.04739656737,0.230133717,0.05575196631,-0.4013728857,-0.09006152488,0.1927905045,0.3797608867,0.2828520294,-0.4215448201,0.7799586058,0.0430400382,0.2243894979,0.05633265711,-0.3602006868,-0.1097642407,0.186248526,0.3871059358,0.2960127667,-0.4202941954,0.7315406799,-0.004356529168,0.01911768831,-0.006735853851,-0.03110954054,-0.01577900164,0.007834467804,0.02712425441,0.02361346944,-0.04841792583,0.05696696043
jpeg_q50,3,ai_edited,dsp_logit_raw,68,0.1591755879,0.3621817596,0.1808290333,-0.3835162699,0.00129617285,0.3491683155,0.7991795212,0.3478721427,-1.221986055,0.9462297559,-2.010876175,0.6944945076,-1.878310561,-3.243153334,-2.278802395,-1.556508899,-1.138743687,0.7222934961,-4.866118431,-0.8307741284,-2.170051763,0.725480614,-2.067747608,-3.343050466,-2.421520784,-1.71317859,-1.238340882,0.7083421946,-5.152045667,-0.5782679915
jpeg_q50,3,ai_edited,visual_logit_calibrated,68,0.07947573759,0.3858939143,0.0934862774,-0.6730319918,-0.1510173946,0.3232758911,0.6367924568,0.4742932857,-0.7068567907,1.3078539,0.07217060162,0.3762618654,0.09445999411,-0.6039934293,-0.1840553963,0.3123061394,0.649108817,0.4963615357,-0.7047597124,1.226665523,-0.007305135967,0.03205701307,-0.0112948465,-0.05216524777,-0.0264586206,0.01313702958,0.04548262132,0.03959565017,-0.08118837675,0.09552360962
jpeg_q50,3,ai_edited,dsp_logit_calibrated,68,0.05251155613,0.1194826924,0.05965496377,-0.1265208843,0.0004276035934,0.1151895956,0.2636469627,0.114761992,-0.4031295891,0.3121584006,-0.6633821087,0.229111686,-0.6196491043,-1.069906702,-0.7517701769,-0.5134876867,-0.3756681776,0.2382824902,-1.605318092,-0.2740699303,-0.7158936648,0.239333911,-0.6821438262,-1.102862471,-0.7988525519,-0.5651725549,-0.4085249981,0.233679997,-1.699644643,-0.1907689018
jpeg_q50,3,ai_edited,visual_contribution,68,0.07336366405,0.356216782,0.08629672472,-0.6212725347,-0.1394034172,0.2984143914,0.5878199975,0.4378178087,-0.6524960409,1.207273529,0.06662032882,0.3473254848,0.08719555784,-0.5575433758,-0.1699006347,0.2882882674,0.5991891692,0.4581889021,-0.6505602381,1.132328936,-0.006743335226,0.02959167173,-0.01042621748,-0.04815348468,-0.02442382306,0.01212672765,0.04198478494,0.03655055071,-0.07494459287,0.08817737611
jpeg_q50,3,ai_edited,dsp_contribution,68,0.03454210837,0.0785957304,0.03924104284,-0.08322545393,0.0002812776987,0.07577173079,0.173427006,0.0754904531,-0.2651786955,0.2053378361,-0.4363728363,0.1507096965,-0.4076052604,-0.7037847662,-0.494514519,-0.3377722663,-0.2471145755,0.1567422527,-1.055978448,-0.1802832354,-0.4709149447,0.1574338774,-0.4487142966,-0.7254630751,-0.5254853113,-0.3717705792,-0.2687277963,0.1537147321,-1.118026465,-0.1254878081
jpeg_q50,3,ai_edited,fusion_logit,68,0.1018446029,0.3670331031,0.135712488,-0.5768891107,-0.1219840591,0.3362282903,0.6694142664,0.4582123494,-0.6305824036,1.161513212,-0.3758136771,0.3998148365,-0.3349214546,-1.005652081,-0.6697373726,-0.07458727714,0.1733762357,0.5951500955,-1.682769099,0.5728443892,-0.4776582799,0.1564356349,-0.4581594644,-0.7263870184,-0.5666346106,-0.3890843446,-0.2538417969,0.177550266,-1.09876734,-0.108129035
jpeg_q50,3,ai_edited,fusion_probability,68,0.5246507778,0.088638251,0.5338760979,0.3596517513,0.4695417835,0.5832738652,0.6612799854,0.1137320817,0.3473784913,0.7616075646,0.4108203338,0.09203587249,0.4170448504,0.2678484617,0.3385557017,0.4813618256,0.5432329001,0.1428061239,0.1567291426,0.6394192437,-0.113830444,0.03404066287,-0.1096628995,-0.1752306128,-0.138299447,-0.09417846138,-0.06313953424,0.04412098561,-0.201283167,-0.02460452171
jpeg_q50,3,ai_edited,visual_calibrated_probability,68,0.5190740549,0.0924928259,0.5233502456,0.3378195593,0.4623181533,0.5801222624,0.6539676559,0.1178041091,0.3302937462,0.7871538141,0.5173099476,0.09063692565,0.5235971996,0.3534393551,0.454115686,0.5774446173,0.6567389258,0.1233289313,0.3307577844,0.7732344301,-0.00176410731,0.00751031251,-0.002736873267,-0.01284653358,-0.006484911455,0.003261587479,0.01102638262,0.009746498934,-0.01765207995,0.02165893342
jpeg_q50,4,all,visual_logit_raw,136,0.008417430669,0.2776611596,0.03431541845,-0.4153323472,-0.1682415195,0.1550301202,0.4447543845,0.3232716396,-0.6808906794,1.081691265,0.002975720597,0.2715556737,0.02435352653,-0.4114070088,-0.1653537713,0.1436830536,0.4376559705,0.3090368249,-0.6494740844,1.025524259,-0.005441710072,0.01936225804,-0.006206154823,-0.03326663282,-0.01963209175,0.007174928905,0.0318620801,0.02680702065,-0.05616700649,0.05430726334
jpeg_q50,4,all,dsp_logit_raw,136,-0.04073278052,0.3805097614,-0.0004666855093,-0.6898193955,-0.2370173782,0.1676289216,0.4390302896,0.4046462998,-1.441284776,0.8647292852,-1.841181358,0.8505522705,-1.610008597,-3.282141566,-2.311573684,-1.308915675,-0.8159194589,1.00265801,-4.52502203,-0.5429931879,-1.800448577,0.8765972462,-1.502729017,-3.255709232,-2.109177983,-1.209260005,-0.7550177611,0.8999179788,-5.252960086,-0.4933710173
jpeg_q50,4,all,visual_logit_calibrated,136,0.01651800154,0.544870239,0.06733909158,-0.8150302174,-0.3301498743,0.3042243962,0.8727667496,0.6343742705,-1.336150392,2.12266411,0.005839425274,0.5328890979,0.04779030615,-0.8073273033,-0.3244830823,0.2819574039,0.8588371293,0.6064404862,-1.274499826,2.012444408,-0.01067857626,0.03799565695,-0.01217868955,-0.06528100005,-0.03852516692,0.01407976987,0.0625247666,0.05260493679,-0.1102197019,0.1065702225
jpeg_q50,4,all,dsp_logit_calibrated,136,-0.03144887252,0.2937831109,-0.0003603174863,-0.5325941895,-0.1829958381,0.1294225564,0.3389655072,0.3124183945,-1.112783871,0.6676382192,-1.421535114,0.656692462,-1.243051775,-2.534068393,-1.784714551,-1.010584636,-0.6299532395,0.7741299149,-3.493668714,-0.4192329452,-1.390086242,0.6768012075,-1.160223601,-2.513660577,-1.628449339,-0.9336427132,-0.5829323953,0.6948066257,-4.055693472,-0.3809207726
jpeg_q50,4,all,visual_contribution,136,0.01507893743,0.4974006222,0.06147244545,-0.7440240046,-0.3013869011,0.2777200756,0.7967304748,0.5791069767,-1.219743691,1.93773558,0.005330688954,0.4864632895,0.04362676892,-0.7369921757,-0.2962138055,0.257393005,0.7840144164,0.5536068104,-1.163464181,1.837118324,-0.009748248474,0.03468543894,-0.01111767045,-0.05959365683,-0.0351688175,0.01285312683,0.05707754908,0.04802194433,-0.100617256,0.09728572269
jpeg_q50,4,all,dsp_contribution,136,-0.02568015422,0.2398939928,-0.0002942238585,-0.4348995633,-0.1494286112,0.1056823645,0.276788508,0.2551109757,-0.9086640991,0.5451722451,-1.160780595,0.536234286,-1.015036748,-2.069240069,-1.457341432,-0.825211438,-0.514399883,0.6321299942,-2.852819329,-0.3423323581,-1.135100441,0.5526544514,-0.9474018818,-2.052575692,-1.329740204,-0.7623830982,-0.4760041494,0.5673571061,-3.311750963,-0.3110478501
jpeg_q50,4,all,fusion_logit,136,-0.01229534931,0.5383196277,-0.07883537377,-0.7711399182,-0.3593363896,0.2512177264,0.8940664224,0.610554116,-1.18900778,1.988717919,-1.157144039,0.7167401657,-1.101691718,-2.363987238,-1.660731198,-0.6779524988,-0.0960239116,0.9827786996,-3.352773759,1.057246244,-1.14484869,0.5485862123,-0.9663155541,-2.036980808,-1.314990671,-0.7860953531,-0.4748129886,0.5288953177,-3.298256472,-0.2941758654
jpeg_q50,4,all,fusion_probability,136,0.4954002072,0.1238217343,0.4803013737,0.3162428364,0.4111204906,0.5624760265,0.7096889759,0.1513555359,0.2334364404,0.8796074335,0.2598306745,0.1271642121,0.2494329378,0.0860694982,0.1596643834,0.3367185736,0.4760124641,0.1770541902,0.0338044512,0.7421639474,-0.2355695327,0.09709365235,-0.213082559,-0.4442265952,-0.2746864332,-0.1747291789,-0.1136069799,0.09995725429,-0.6092475761,-0.06878347841
jpeg_q50,4,all,visual_calibrated_probability,136,0.5026988629,0.1235952233,0.5168284099,0.3068200787,0.4182045289,0.5754726,0.7051920522,0.1572680711,0.208143838,0.8930865731,0.500254681,0.1217168501,0.5119452732,0.3084721892,0.419583689,0.5700253473,0.7023149147,0.1504416583,0.2184879293,0.8820974818,-0.002444181818,0.00877899618,-0.002857292127,-0.01563447418,-0.008541291781,0.003435183226,0.01248179741,0.01197647501,-0.02467675866,0.02663386493
jpeg_q50,4,authentic,visual_logit_raw,68,-0.02941081447,0.2711009657,-0.002128664404,-0.4310605377,-0.205009874,0.09776004031,0.3094380707,0.3027699143,-0.6808906794,1.014453292,-0.03473438416,0.2658300469,-0.00373252295,-0.440518479,-0.2161121964,0.09292586893,0.3133635387,0.3090380654,-0.6494740844,0.9854468703,-0.005323569688,0.01957719768,-0.006155679934,-0.03088442371,-0.02050291002,0.008004304022,0.03257485628,0.02850721404,-0.05049378052,0.04329045489
jpeg_q50,4,authentic,dsp_logit_raw,68,-0.09770576228,0.3808640697,-0.04236864671,-0.7573851943,-0.2777021527,0.1203588229,0.3700301379,0.3980609756,-1.441284776,0.8515752554,-1.877201608,0.8619542151,-1.631548405,-3.32122066,-2.332273781,-1.318123698,-0.8090991259,1.014150083,-4.52502203,-0.5429931879,-1.779495846,0.8974649809,-1.467314009,-3.2335629,-2.148900631,-1.207433942,-0.74476195,0.9414666891,-5.252960086,-0.4933710173
jpeg_q50,4,authentic,visual_logit_calibrated,68,-0.05771450905,0.5319967985,-0.004177198872,-0.8458945376,-0.4023025013,0.1918400709,0.6072278736,0.5941425722,-1.336150392,1.990719222,-0.06816125174,0.5216533756,-0.007324541447,-0.8644543922,-0.4240892183,0.1823537022,0.6149310421,0.6064429205,-1.274499826,1.933798276,-0.01044674269,0.0384174452,-0.01207963981,-0.06060625604,-0.040234023,0.01570729969,0.06392348773,0.05594132269,-0.09908680891,0.08495131454
jpeg_q50,4,authentic,dsp_logit_calibrated,68,-0.07543644265,0.2940566644,-0.03271188836,-0.5847602377,-0.2144076463,0.09292636613,0.285692027,0.3073340124,-1.112783871,0.6574822858,-1.449345547,0.6654956494,-1.25968218,-2.564240491,-1.800696635,-1.017693946,-0.6246874123,0.7830026889,-3.493668714,-0.4192329452,-1.373909104,0.6929127207,-1.132880462,-2.496561887,-1.65911831,-0.9322328508,-0.5750141119,0.7268854594,-4.055693472,-0.3809207726
jpeg_q50,4,authentic,visual_contribution,68,-0.05268636577,0.4856487281,-0.003813277307,-0.7721993956,-0.3672535222,0.1751267802,0.5543255999,0.5423803025,-1.219743691,1.817285858,-0.06222297823,0.4762064341,-0.006686420384,-0.789142298,-0.3871421596,0.1664668731,0.561357661,0.5536090327,-1.163464181,1.765323919,-0.009536612461,0.03507048059,-0.01102725002,-0.05532618099,-0.0367287964,0.0143388647,0.05835441228,0.0510676611,-0.09045427125,0.07755027469
jpeg_q50,4,authentic,dsp_contribution,68,-0.06159901218,0.2401173679,-0.026711493,-0.4774967077,-0.1750784999,0.0758807303,0.2332870697,0.2509592302,-0.9086640991,0.5368792312,-1.183489715,0.5434226903,-1.028616611,-2.09387765,-1.470391896,-0.8310166755,-0.5100999752,0.6393752207,-2.852819329,-0.3423323581,-1.121890702,0.5658106032,-0.9250743394,-2.038613443,-1.354783516,-0.7612318491,-0.4695383298,0.5935516668,-3.311750963,-0.3110478501
jpeg_q50,4,authentic,fusion_logit,68,-0.1159795105,0.5008328128,-0.105822982,-0.7859514057,-0.473808591,0.1843230277,0.6453191016,0.6581316186,-1.18900778,1.76247996,-1.247406825,0.6971180142,-1.172107241,-2.417870015,-1.743966389,-0.7092932056,-0.3616715908,1.034673183,-3.352773759,0.8012117096,-1.131427315,0.5618549779,-0.9565364756,-2.024000447,-1.324188616,-0.7705047188,-0.4570905193,0.553683897,-3.298256472,-0.2941758654
jpeg_q50,4,authentic,fusion_probability,68,0.4713475195,0.1161490886,0.4735694705,0.313051146,0.3837151985,0.5459506394,0.6559477965,0.1622354409,0.2334364404,0.8535199857,0.2431552607,0.115492934,0.2364817159,0.08195097395,0.1488101116,0.3297553378,0.4105644339,0.1809452261,0.0338044512,0.6902336179,-0.2281922588,0.09562720365,-0.2058036336,-0.4293810035,-0.2646930448,-0.1668263155,-0.1117607669,0.09786672927,-0.5743471861,-0.06878347841
jpeg_q50,4,authentic,visual_calibrated_probability,68,0.4855712658,0.1209079834,0.4989557439,0.300308984,0.4007658358,0.5478115341,0.6473070681,0.1470456983,0.208143838,0.879819207,0.4830155675,0.1191867986,0.4981688819,0.2965112974,0.3955650422,0.5454609913,0.6490403209,0.1498959491,0.2184879293,0.8736692359,-0.002555698344,0.008953059021,-0.002957953913,-0.01509556354,-0.009237703663,0.003721922235,0.01304268816,0.0129596259,-0.02467675866,0.02116437407
jpeg_q50,4,ai_edited,visual_logit_raw,68,0.04624567581,0.2809656917,0.04085263051,-0.348866643,-0.129302416,0.1797228903,0.506824699,0.3090253063,-0.6364543438,1.081691265,0.04068582535,0.2739223153,0.04638313502,-0.3493573502,-0.1309740134,0.1914710514,0.4856592178,0.3224450648,-0.6258134246,1.025524259,-0.005559850457,0.01928975249,-0.006206154823,-0.03376820739,-0.01598230377,0.004775248468,0.02409297824,0.02075755224,-0.05616700649,0.05430726334
jpeg_q50,4,ai_edited,dsp_logit_raw,68,0.01624020124,0.3742862449,0.07450509816,-0.6498164177,-0.19203493,0.2683293223,0.5119493961,0.4603642523,-1.419060826,0.8647292852,-1.805161108,0.8438466765,-1.570424795,-3.222723019,-2.239956737,-1.217113614,-0.8279145598,1.022843122,-4.443118572,-0.7185889482,-1.821401309,0.8613825684,-1.597639386,-3.253367367,-2.09463972,-1.231678128,-0.9687186886,0.8629615922,-5.158078074,-0.7399901226
jpeg_q50,4,ai_edited,visual_logit_calibrated,68,0.09075051213,0.5513549098,0.08016743351,-0.684600797,-0.2537374634,0.3526804192,0.9945708478,0.6064178826,-1.248950451,2.12266411,0.07984010229,0.5375332929,0.09102025613,-0.6855637395,-0.2570177337,0.3757345021,0.9530366238,0.6327522358,-1.228069172,2.012444408,-0.01091040984,0.03785337519,-0.01217868955,-0.06626526829,-0.03136298101,0.009370740862,0.04727901746,0.04073372187,-0.1102197019,0.1065702225
jpeg_q50,4,ai_edited,dsp_logit_calibrated,68,0.01253869762,0.2889780724,0.05752372669,-0.5017087814,-0.1482658919,0.2071710927,0.395264725,0.3554369846,-1.095625254,0.6676382192,-1.393724681,0.6515152222,-1.212490003,-2.488192657,-1.729420701,-0.9397063101,-0.6392143898,0.789714391,-3.430432879,-0.5548065203,-1.406263379,0.6650542937,-1.233501782,-2.511852475,-1.61722467,-0.9509512471,-0.7479261212,0.6662734228,-3.982437185,-0.5713298903
jpeg_q50,4,ai_edited,visual_contribution,68,0.08284424063,0.5033203422,0.07318316995,-0.6249577202,-0.2316316126,0.3219545635,0.9079228834,0.5535861761,-1.140140692,1.93773558,0.07288435614,0.4907028778,0.08309048428,-0.6258367702,-0.2346261026,0.3430001526,0.8700071607,0.5776262552,-1.12107861,1.837118324,-0.009959884487,0.03455555291,-0.01111767045,-0.06049217467,-0.02863060807,0.008554352947,0.04316002419,0.03718496102,-0.100617256,0.09728572269
jpeg_q50,4,ai_edited,dsp_contribution,68,0.01023870374,0.2359703504,0.0469720551,-0.4096795163,-0.121069236,0.1691693592,0.3227606679,0.2902385952,-0.8946529159,0.5451722451,-1.138071476,0.5320067158,-0.990080972,-2.031779394,-1.412190224,-0.7673344396,-0.5219622453,0.6448557843,-2.801182946,-0.4530374498,-1.14831018,0.5430622932,-1.007238526,-2.051099253,-1.320574495,-0.7765166993,-0.6107328054,0.5440577955,-3.251932197,-0.466529911
jpeg_q50,4,ai_edited,fusion_logit,68,0.09138881185,0.5578942667,0.03992316821,-0.733609114,-0.2871413886,0.3781235969,1.093682157,0.6652649855,-1.083927646,1.988717919,-1.066881252,0.7297868649,-1.028747127,-2.094444517,-1.586658687,-0.6429671871,0.0003907742096,0.9436915003,-2.725015367,1.057246244,-1.158270064,0.538830909,-1.01981266,-2.053329656,-1.296792256,-0.8042669731,-0.5883526757,0.4925252825,-3.274553023,-0.4500666718
jpeg_q50,4,ai_edited,fusion_probability,68,0.5194528949,0.1273873345,0.5099794047,0.3244492267,0.4287043581,0.5934188179,0.7485333703,0.1647144597,0.252763466,0.8796074335,0.2765060884,0.1366739577,0.2633371706,0.1096406179,0.1699349279,0.3445762314,0.5000979374,0.1746413035,0.06151329456,0.7421639474,-0.2429468066,0.09869155877,-0.2179616256,-0.4350340825,-0.2819991453,-0.1814692156,-0.1224525012,0.1005299297,-0.6092475761,-0.09283880361
jpeg_q50,4,ai_edited,visual_calibrated_probability,68,0.5198264599,0.1247611666,0.5200310142,0.3353698191,0.4369286916,0.5872674103,0.7299718781,0.1503387187,0.2228818737,0.8930865731,0.5174937946,0.1226473162,0.522739181,0.3351167005,0.4361210431,0.5928341287,0.721723373,0.1567130856,0.2265195445,0.8820974818,-0.002332665291,0.008666565005,-0.002762295216,-0.01567085234,-0.007502331669,0.002194831893,0.00995007285,0.009697163562,-0.02068231304,0.02663386493
jpeg_q50,all,all,visual_logit_raw,682,-0.001029250415,0.4299950222,-0.01549995551,-0.6287045002,-0.2003543153,0.1774220429,0.6613530785,0.3777763583,-2.030059099,2.352267981,-0.005927429462,0.4197068346,-0.01972447988,-0.5831890821,-0.2025857233,0.1639969908,0.6581519216,0.366582714,-2.072601795,2.348755598,-0.004898179047,0.04062987594,-0.004826724529,-0.05261137339,-0.02029991709,0.01053164899,0.04771802431,0.03083156608,-0.2496711016,0.1961559355
jpeg_q50,all,all,dsp_logit_raw,682,0.00479938368,0.3945919502,0.03304175474,-0.6888641059,-0.1881646365,0.2110992037,0.6059361815,0.3992638402,-1.851218104,1.327116013,-1.984283977,1.113983205,-1.866926074,-3.721848643,-2.381268382,-1.490737528,-0.8390879542,0.8905308545,-6.469775677,12.6550293,-1.98908336,1.085426308,-1.919801101,-3.644079804,-2.395069271,-1.484126423,-0.7641661195,0.9109428488,-6.041582078,11.32791328
jpeg_q50,all,all,visual_logit_calibrated,682,0.005711724125,0.4420453562,-0.02202107387,-0.6518471713,-0.2683258413,0.2690710127,0.7076874039,0.5373968541,-1.575196724,2.12266411,-0.001285809679,0.4330955989,-0.02334047984,-0.6465552334,-0.2739248799,0.2525184758,0.6999568136,0.5264433556,-1.588075046,2.012444408,-0.006997533803,0.03602736762,-0.007578032626,-0.06546471176,-0.02816709512,0.01450746712,0.05706856922,0.04267456223,-0.1469077576,0.1080949859
jpeg_q50,all,all,dsp_logit_calibrated,682,-0.002540963106,0.2973472466,0.02002381442,-0.5250395526,-0.1298839152,0.1361832204,0.4302961123,0.2660671356,-1.690478575,1.211883775,-1.38778635,0.9761216665,-1.317272411,-2.96783527,-1.783244814,-0.8268685827,-0.4611953536,0.9563762315,-5.00668927,11.55620499,-1.385245387,0.9469896398,-1.310554789,-2.667850187,-1.805828971,-0.8569968692,-0.445858629,0.9488321018,-4.566317949,10.34432121
jpeg_q50,all,all,visual_contribution,682,0.005446122168,0.4041863103,-0.02014919568,-0.590547176,-0.2451027714,0.2463367044,0.6524445745,0.4914394757,-1.423024882,1.93773558,-0.0009857923777,0.3959808634,-0.0214296189,-0.5986074923,-0.2501243451,0.2338282305,0.6398336572,0.4839525756,-1.434659093,1.837118324,-0.006431914546,0.03303311375,-0.006900155662,-0.06000215476,-0.02593601389,0.01314055944,0.05158193253,0.03907657333,-0.1360343274,0.09978195194
jpeg_q50,all,all,dsp_contribution,682,-0.002546164256,0.259905628,0.0150196983,-0.4349376673,-0.1056483635,0.1067842608,0.3814468293,0.2124326244,-1.551020126,1.111907689,-1.176869503,0.895984933,-1.133719986,-2.715197754,-1.572857409,-0.6515036131,-0.3159637747,0.9213537956,-4.482396722,10.60285932,-1.174323339,0.8716983575,-1.114976105,-2.37970738,-1.601678483,-0.6629238594,-0.3253802958,0.9387546231,-4.088140387,9.490951633
jpeg_q50,all,all,fusion_logit,682,0.00944906619,0.4858149215,-0.01517011986,-0.7617417552,-0.3030994308,0.3263554208,0.7751525321,0.6294548516,-1.569573506,1.988717919,-1.171306187,0.9800241046,-1.179308928,-2.672424011,-1.643810531,-0.6374825412,0.02174941954,1.00632799,-3.980489776,10.81381538,-1.180755253,0.869877371,-1.125569899,-2.401243483,-1.609942159,-0.6813161406,-0.3257081196,0.9286260181,-4.11848453,9.354917305
jpeg_q50,all,all,fusion_probability,682,0.501920132,0.114034893,0.496207543,0.3182682467,0.4248001365,0.580872252,0.684634312,0.1560721155,0.1722772004,0.8796074335,0.2621352151,0.1429741179,0.2351765959,0.0646203241,0.1619472296,0.3458158554,0.5054371404,0.1838686258,0.01833407365,0.9999798808,-0.2397849169,0.1291046412,-0.2339068797,-0.4564329044,-0.3230652683,-0.1458985273,-0.076353759,0.177166741,-0.6092475761,0.6297491549
jpeg_q50,all,all,visual_calibrated_probability,682,0.5008127092,0.1035628417,0.4944949569,0.3425736662,0.4333181453,0.5668647896,0.6698899442,0.1335466443,0.1714768191,0.8930865731,0.4991600142,0.1017832114,0.4941651489,0.343766269,0.4319438444,0.5627962794,0.6681778231,0.130852435,0.1696548969,0.8820974818,-0.001652695021,0.008556687205,-0.001798052187,-0.01573464948,-0.00659128307,0.003437579859,0.01235745077,0.01002886293,-0.03597470531,0.02663386493
jpeg_q50,all,authentic,visual_logit_raw,341,-0.06488716755,0.4290425476,-0.06009811535,-0.7097240686,-0.2494900525,0.1075383425,0.4964360297,0.3570283949,-1.990869761,2.337252378,-0.0704145883,0.4195558093,-0.07001952827,-0.6494740844,-0.2546587884,0.089460738,0.5137295127,0.3441195264,-1.856135726,2.348755598,-0.005527420751,0.04234426281,-0.005191117525,-0.06437554955,-0.02094072104,0.01067124307,0.05469411612,0.03161196411,-0.2496711016,0.172483325
jpeg_q50,all,authentic,dsp_logit_raw,341,-0.04995950996,0.3991638214,-0.03782658279,-0.6926277876,-0.2208399922,0.1601880789,0.5378523469,0.381028071,-1.851218104,1.327116013,-2.001906165,1.227339832,-1.934225559,-3.762251854,-2.422208548,-1.526547074,-0.8390155435,0.8956614733,-6.469775677,12.6550293,-1.951946655,1.17035628,-1.899163306,-3.61268495,-2.389773421,-1.461424671,-0.7437172011,0.9283487499,-6.041582078,11.32791328
jpeg_q50,all,authentic,visual_logit_calibrated,341,-0.07201056657,0.4244550263,-0.0992062354,-0.6870575975,-0.3260280923,0.1803229551,0.6058430175,0.5063510474,-1.575196724,1.990719222,-0.07911566675,0.4157910084,-0.1012919948,-0.6954723297,-0.3369481818,0.1520768312,0.6119622616,0.489025013,-1.588075046,1.933798276,-0.007105100175,0.03698506595,-0.007727009633,-0.06385443556,-0.02986960329,0.01478234323,0.0573841802,0.04465194652,-0.1469077576,0.1080949859
jpeg_q50,all,authentic,dsp_logit_calibrated,341,-0.04054505863,0.3045291801,-0.02279791361,-0.5347624865,-0.1615355172,0.1005891623,0.3859164086,0.2621246795,-1.690478575,1.211883775,-1.397621974,1.078029782,-1.324762412,-2.959977758,-1.816853261,-0.8526363992,-0.4611272481,0.9642168619,-4.709961036,11.55620499,-1.357076916,1.020840874,-1.297687554,-2.594693279,-1.773033304,-0.8303556121,-0.4232020429,0.9426776919,-4.340595153,10.34432121
jpeg_q50,all,authentic,visual_contribution,341,-0.06568860747,0.3884051727,-0.09166738686,-0.6272004818,-0.2992341057,0.1661152349,0.5581864016,0.4653493406,-1.423024882,1.817285858,-0.07221618578,0.3804472941,-0.09150668402,-0.6350493295,-0.3110647024,0.138473478,0.5649005958,0.4495381804,-1.434659093,1.765323919,-0.006527578311,0.03391628338,-0.006980542051,-0.05835175015,-0.02719474433,0.01349449134,0.05294723946,0.04068923567,-0.1360343274,0.09978195194
jpeg_q50,all,authentic,dsp_contribution,341,-0.03465781163,0.2669686265,-0.01640235636,-0.4856279298,-0.1298260632,0.08421103205,0.347738077,0.2140370953,-1.551020126,1.111907689,-1.184323006,0.9884169366,-1.149568442,-2.715790158,-1.599160235,-0.6731785492,-0.3175487955,0.9259816861,-4.216741398,10.60285932,-1.149665194,0.9370269923,-1.102289254,-2.360193622,-1.594325689,-0.6436093829,-0.2916586777,0.9507163065,-3.895488652,9.490951633
jpeg_q50,all,authentic,fusion_logit,341,-0.09379731082,0.4697300395,-0.0966464649,-0.7958910214,-0.3829544083,0.2107967584,0.6765286846,0.5937511666,-1.569573506,1.76247996,-1.249990083,1.054921209,-1.285885289,-2.714499625,-1.69175192,-0.7043752178,-0.06131083227,0.9873767025,-3.980489776,10.81381538,-1.156192772,0.9339296666,-1.111126383,-2.349876387,-1.608212971,-0.656876001,-0.2946188095,0.9513369701,-3.985290213,9.354917305
jpeg_q50,all,authentic,fusion_probability,341,0.4775414696,0.1102422056,0.4758571731,0.3109051546,0.4054145278,0.5525049109,0.6629634959,0.1470903831,0.1722772004,0.8535199857,0.2463240961,0.1369573695,0.2165500826,0.06212316864,0.1555455845,0.3308429005,0.4846770916,0.1752973161,0.01833407365,0.9999798808,-0.2312173735,0.1246306607,-0.2280566197,-0.4525696017,-0.3158064986,-0.1418074024,-0.07118689039,0.1739990961,-0.5995333334,0.3312051828
jpeg_q50,all,authentic,visual_calibrated_probability,341,0.4823347018,0.09993144949,0.4752187623,0.3346879447,0.4192073621,0.5449589795,0.646991956,0.1257516174,0.1714768191,0.879819207,0.4806042169,0.09811693815,0.4746986304,0.3328168339,0.4165509901,0.5379461032,0.6483882904,0.1213951131,0.1696548969,0.8736692359,-0.001730484897,0.008771966866,-0.0017886754,-0.01593767242,-0.007006975329,0.003485434585,0.01235833079,0.01049240991,-0.03597470531,0.02355388083
jpeg_q50,all,ai_edited,visual_logit_raw,341,0.06282866672,0.4219929942,0.03492799774,-0.4900171757,-0.1394671202,0.2376811653,0.7799586058,0.3771482855,-2.030059099,2.352267981,0.05855972938,0.4104351676,0.03048506193,-0.466793865,-0.13805224,0.2260254025,0.7705494761,0.3640776426,-2.072601795,2.312610626,-0.004268937344,0.03889213392,-0.00449462235,-0.04869371653,-0.0182800889,0.0104355365,0.04266935587,0.02871562541,-0.1881927848,0.1961559355
jpeg_q50,all,ai_edited,dsp_logit_raw,341,0.05955827732,0.3827755167,0.09068220854,-0.6650549173,-0.1119776517,0.27646631,0.6256977916,0.3884439617,-1.419060826,1.266645193,-1.966661788,0.9892325659,-1.835680008,-3.668014288,-2.350960016,-1.480172396,-0.8404637575,0.8707876205,-6.389688969,5.234891891,-2.026220066,0.993612341,-1.951830983,-3.654572487,-2.396348357,-1.502956867,-0.9420559481,0.89339149,-6.005496949,6.118492246
jpeg_q50,all,ai_edited,visual_logit_calibrated,341,0.08343401482,0.446210488,0.046476304,-0.5822389727,-0.1767261961,0.352245395,0.8280923149,0.5289715911,-1.355105382,2.12266411,0.07654404739,0.436649183,0.04279975116,-0.5819028718,-0.1884916736,0.3496646334,0.7992497868,0.538156307,-1.345058606,2.012444408,-0.006889967431,0.03509760227,-0.007573351962,-0.06567924872,-0.02684277726,0.01322615105,0.05268880591,0.04006892831,-0.1353299219,0.1065702225
jpeg_q50,all,ai_edited,dsp_logit_calibrated,341,0.03546313242,0.2854044066,0.05810697274,-0.4858321035,-0.07280020377,0.1719544531,0.4624326883,0.2447546568,-1.152469046,0.857511447,-1.377950726,0.8637633639,-1.301477856,-2.968248823,-1.732190243,-0.8153657069,-0.4696875896,0.9168245363,-5.00668927,4.780351144,-1.413413858,0.8674725867,-1.327513763,-2.769402302,-1.807073169,-0.864787249,-0.4949784778,0.9422859198,-4.566317949,5.587229309
jpeg_q50,all,ai_edited,visual_contribution,341,0.07658085181,0.4076824666,0.04247118708,-0.5328310829,-0.1614967347,0.3236940523,0.7552603997,0.485190787,-1.224195459,1.93773558,0.07024460103,0.3989302447,0.03866508221,-0.5366360973,-0.1739957405,0.3227737102,0.7263869344,0.4967694507,-1.215119251,1.837118324,-0.00633625078,0.03217530023,-0.006878918411,-0.0600193092,-0.02456625252,0.01220899525,0.04814832378,0.03677524777,-0.1253134293,0.09728572269
jpeg_q50,all,ai_edited,dsp_contribution,341,0.02956548312,0.2489174988,0.04227325699,-0.419286693,-0.05992847831,0.145354674,0.4140074718,0.2052831523,-1.057394463,0.7666710576,-1.169416,0.7942667485,-1.119329981,-2.703942089,-1.537091137,-0.6321693054,-0.3150157015,0.9049218314,-4.482396722,4.385989237,-1.198981484,0.8016930336,-1.153623656,-2.450027912,-1.609691418,-0.6965270577,-0.3333908181,0.9131643602,-4.088140387,5.126302834
jpeg_q50,all,ai_edited,fusion_logit,341,0.1126954432,0.4803101056,0.0906442996,-0.6133420517,-0.1966394998,0.4081046658,0.9466206956,0.6047441655,-1.237550091,1.988717919,-1.092622291,0.8935557335,-1.079047336,-2.628744549,-1.611616206,-0.5544760712,0.07961569061,1.057140135,-3.877472996,4.550013324,-1.205317734,0.8013513762,-1.154355492,-2.436368497,-1.616664862,-0.7047519903,-0.3579854702,0.9119128717,-4.11848453,5.126270476
jpeg_q50,all,ai_edited,fusion_probability,341,0.5262987943,0.1126973039,0.5226455716,0.3512972082,0.4509979207,0.6006333263,0.7204350651,0.1496354056,0.2248627158,0.8796074335,0.2779463341,0.14725673,0.2536863419,0.06731122552,0.1663643455,0.3648265511,0.5198934156,0.1984622056,0.02028315224,0.9895434316,-0.2483524602,0.1330601418,-0.2453373822,-0.463943823,-0.3316435304,-0.1552978764,-0.08601137835,0.1763456541,-0.6092475761,0.6297491549
jpeg_q50,all,ai_edited,visual_calibrated_probability,341,0.5192907167,0.1039754427,0.511616985,0.3584175689,0.4559330834,0.5871619753,0.6959514088,0.1312288919,0.2050369576,0.8930865731,0.5177158115,0.1021397089,0.5106983047,0.3584948605,0.4530161073,0.586536251,0.6898139804,0.1335201437,0.2066794034,0.8820974818,-0.001574905145,0.008348029399,-0.001807428973,-0.01533044604,-0.006220721336,0.00326604558,0.01200573671,0.009486766916,-0.03315298159,0.02663386493
resize_0.5,0,all,visual_logit_raw,138,-0.0199062823,0.267058662,-0.04386787489,-0.4104070827,-0.2003079504,0.135436248,0.4316712186,0.3357441984,-0.8537579775,0.960636735,-0.01734619382,0.2660661484,-0.04304584488,-0.4074860036,-0.1967520118,0.1429107077,0.4309045762,0.3396627195,-0.856385529,0.9364812374,0.002560088479,0.0067586326,0.002109646797,-0.00697847344,-0.001097517088,0.005518563092,0.01494211704,0.00661608018,-0.02415549755,0.02359551191
resize_0.5,0,all,dsp_logit_raw,138,-0.06944992173,0.3677294026,-0.07955993712,-0.599309808,-0.2703946196,0.1184174642,0.5728466272,0.3888120838,-1.057620764,1.266645193,0.9824135662,0.4801102141,0.9327375293,0.3122483045,0.6590741277,1.268106461,1.660577595,0.6090323329,-0.3238785565,2.830771685,1.051863488,0.3536026127,1.04508508,0.5131709024,0.8168154508,1.27475718,1.604430357,0.4579417296,0.0597166419,2.300954223
resize_0.5,0,all,visual_logit_calibrated,138,-0.03672739991,0.4927273777,-0.08093691026,-0.7572074396,-0.3695712784,0.2498819804,0.7964401003,0.6194532588,-1.575196724,1.772389691,-0.03200399692,0.4908961748,-0.07942025213,-0.7518180033,-0.3630105165,0.2636724746,0.7950256332,0.6266829911,-1.580044597,1.727822423,0.004723402992,0.01246978208,0.003892331095,-0.01287539184,-0.002024936067,0.01018183458,0.02756843792,0.01220677065,-0.04456726802,0.04353408582
resize_0.5,0,all,dsp_logit_calibrated,138,-0.04701719408,0.2489506721,-0.05386161585,-0.405729263,-0.1830555887,0.08016793624,0.3878138431,0.2632235249,-0.7160031211,0.857511447,0.6650882846,0.3250318295,0.6314578958,0.2113902906,0.4461893607,0.8585007166,1.124201398,0.4123113559,-0.2192639037,1.916416007,0.7121054787,0.2393869173,0.7075165359,0.3474137237,0.5529793213,0.8630032153,1.086190043,0.3100238941,0.04042782011,1.557732659
resize_0.5,0,all,visual_contribution,138,-0.03317935031,0.4451274611,-0.07311800196,-0.6840574328,-0.3338688538,0.2257421376,0.7195000233,0.5596109914,-1.423024882,1.601168027,-0.02891225156,0.4434731614,-0.07174786055,-0.6791886428,-0.3279418941,0.2382004014,0.7182222007,0.5661422955,-1.427404426,1.560906178,0.004267098757,0.01126513908,0.003516312541,-0.01163156492,-0.001829317166,0.009198218695,0.02490518963,0.01102753586,-0.04026184814,0.03932847649
resize_0.5,0,all,dsp_contribution,138,-0.03924753115,0.2078111944,-0.0449609018,-0.3386818844,-0.1528053739,0.06692006268,0.3237270149,0.2197254365,-0.5976825148,0.7158063744,0.5551814327,0.2713198246,0.5271085168,0.1764577231,0.3724558893,0.7166321657,0.9384254046,0.3441762764,-0.1830302097,1.599725343,0.5944289638,0.1998278646,0.5905983507,0.2900030767,0.4615986462,0.7203906196,0.9066954845,0.2587919734,0.03374706126,1.300314965
resize_0.5,0,all,fusion_logit,138,-0.0549886114,0.509802309,-0.1017197864,-0.8057445843,-0.3643654545,0.2720290985,0.7522188885,0.636394553,-1.503746513,1.521055246,0.5437074512,0.5456739812,0.5029711421,-0.2029989189,0.2168576035,0.8737327684,1.406402381,0.6568751649,-0.9440254447,2.051192758,0.5986960626,0.2027856045,0.59341408,0.2889567368,0.4653197144,0.7210939883,0.9177850908,0.255774274,0.04907775278,1.331835532
resize_0.5,0,all,fusion_probability,138,0.4862691112,0.1196519091,0.4745920174,0.3088207379,0.4099032285,0.5675893711,0.6796016623,0.1576861426,0.1818674093,0.8206938183,0.624439902,0.1192633973,0.6231571349,0.4494238358,0.5540027743,0.7054914196,0.8031805595,0.1514886453,0.2800879391,0.8860680848,0.1381707908,0.0479339406,0.1405464999,0.06283651544,0.104239995,0.1630000601,0.2146823795,0.05876006511,0.01034112816,0.3203371572
resize_0.5,0,all,visual_calibrated_probability,138,0.490705221,0.114583227,0.479776814,0.3193160832,0.4086446227,0.5621470335,0.6892101715,0.1535024108,0.1714768191,0.8547546008,0.49187241,0.1143165567,0.4801554039,0.3204866665,0.4102310265,0.565533861,0.688905992,0.1553028345,0.1707891661,0.8491336723,0.001167189085,0.002891839731,0.0009675214007,-0.003082584315,-0.0004852750943,0.00238726362,0.006654426817,0.002872538715,-0.005620928503,0.01080946969
resize_0.5,0,authentic,visual_logit_raw,69,-0.07356227975,0.2289250265,-0.09622300416,-0.4184378743,-0.2105138898,0.03965314478,0.3195847869,0.2501670346,-0.8537579775,0.4747428894,-0.07061700742,0.2294339438,-0.09362456948,-0.4165214181,-0.2061991543,0.04689232633,0.323294425,0.2530914806,-0.856385529,0.4792771339,0.002945272334,0.006406134142,0.002003535628,-0.005533547659,-0.0006758719683,0.00524648279,0.01601045877,0.005922354758,-0.01222896576,0.01891107857
resize_0.5,0,authentic,dsp_logit_raw,69,-0.1292529252,0.3539111459,-0.1292729527,-0.5995092869,-0.3150128424,0.03001282923,0.4172482193,0.3450256716,-1.057620764,1.211273909,0.9825030878,0.4792675587,0.963322103,0.3278538287,0.6452693939,1.273203373,1.650821543,0.627933979,-0.3238785565,2.830771685,1.111756013,0.3434410866,1.092893869,0.583891074,0.9126494527,1.340968743,1.615665019,0.4283192903,0.374675408,2.300954223
resize_0.5,0,authentic,visual_logit_calibrated,69,-0.1357235483,0.4223702281,-0.1775329366,-0.7720243747,-0.3884013951,0.07316066776,0.5896388936,0.4615620628,-1.575196724,0.8759080017,-0.1302894751,0.4233091884,-0.1727387843,-0.7684884832,-0.380440641,0.08651707011,0.5964832336,0.4669577111,-1.580044597,0.8842737533,0.005434073185,0.01181941695,0.003696554341,-0.01020948134,-0.001246994275,0.009679842203,0.029539545,0.01092683648,-0.02256263169,0.03489123358
resize_0.5,0,authentic,dsp_logit_calibrated,69,-0.08750348047,0.2395957925,-0.08751703896,-0.405864309,-0.2132618667,0.02031851126,0.2824746237,0.233580378,-0.7160031211,0.8200254087,0.6651488903,0.3244613567,0.6521634748,0.2219551399,0.436843636,0.8619512967,1.117596607,0.4251076607,-0.2192639037,1.916416007,0.7526523707,0.2325076231,0.7398828084,0.3952908695,0.6178583845,0.9078280591,1.093795844,0.2899696745,0.2536530775,1.557732659
resize_0.5,0,authentic,visual_contribution,69,-0.1226119781,0.3815671622,-0.1603823715,-0.6974429783,-0.3508798875,0.06609298318,0.5326768423,0.4169728707,-1.423024882,0.7912909299,-0.1177028634,0.3824154143,-0.1560513581,-0.6942486715,-0.3436881819,0.0781590906,0.5388599849,0.4218472725,-1.427404426,0.7988485083,0.004909114673,0.01067760246,0.003339448796,-0.00922319464,-0.001126528422,0.008744721276,0.02668587796,0.009871249698,-0.02038296919,0.03152056678
resize_0.5,0,authentic,dsp_contribution,69,-0.07304339705,0.2000022229,-0.07305471498,-0.3387946138,-0.1780200184,0.01696084633,0.2357952619,0.1949808648,-0.5976825148,0.684514961,0.5552320231,0.2708436233,0.5443924674,0.185276715,0.3646545598,0.7195125322,0.9329120654,0.3548579723,-0.1830302097,1.599725343,0.6282754202,0.1940853842,0.6176160475,0.3299684513,0.5157563455,0.7578080897,0.9130444149,0.2420517442,0.2117365201,1.300314965
resize_0.5,0,authentic,fusion_logit,69,-0.1782171051,0.4354295297,-0.2420125523,-0.7871335114,-0.4065559612,0.04298183947,0.5502682916,0.4495378007,-1.503746513,0.9259335516,0.4549674298,0.4874040813,0.400759153,-0.1455583888,0.1379301153,0.7111055934,1.247690544,0.5731754781,-0.9440254447,1.652589787,0.6331845348,0.1977122147,0.6158200273,0.3284089328,0.5153921616,0.7607163354,0.919063848,0.2453241738,0.2108204846,1.331835532
resize_0.5,0,authentic,fusion_probability,69,0.4571993933,0.1031023799,0.4397904486,0.3127891154,0.3997382238,0.5107438059,0.6341978254,0.111005582,0.1818674093,0.7162495635,0.6061654056,0.1096029944,0.5988700411,0.46367741,0.5344279643,0.6706454095,0.7768899172,0.1362174452,0.2800879391,0.8392407604,0.1489660123,0.04685933176,0.1525661292,0.07984859893,0.1128058412,0.173050603,0.223253336,0.06024476185,0.04760517218,0.3203371572
resize_0.5,0,authentic,visual_calibrated_probability,69,0.4675510098,0.09947630564,0.455732972,0.3164156174,0.4041021915,0.5182820132,0.6432749293,0.1141798217,0.1714768191,0.7059735415,0.4688688773,0.09967994864,0.4569223657,0.3171516367,0.4060206242,0.521615786,0.6448474279,0.1155951618,0.1707891661,0.7077070643,0.001317867453,0.002857828934,0.0009228396617,-0.002497388866,-0.0003040291289,0.0022380177,0.007088873601,0.002542046829,-0.005490882428,0.00857998909
resize_0.5,0,ai_edited,visual_logit_raw,69,0.03374971514,0.2923015753,0.008493877947,-0.3659170449,-0.1595104486,0.2501013875,0.4577107489,0.4096118361,-0.7344682813,0.960636735,0.03592461977,0.2902145411,0.01127125323,-0.3619773149,-0.1688610017,0.2441148013,0.460946697,0.412975803,-0.7311632633,0.9364812374,0.002174904624,0.007119714135,0.002540029585,-0.007087703049,-0.00182120502,0.005851268768,0.01231023371,0.007672473788,-0.02415549755,0.02359551191
resize_0.5,0,ai_edited,dsp_logit_raw,69,-0.009646918274,0.3740686339,-0.01258756407,-0.5493956208,-0.1726201028,0.1545945257,0.5913974285,0.3272146285,-0.9926370382,1.266645193,0.9823240446,0.484462607,0.9036975503,0.3385488689,0.6833241582,1.259804964,1.658520079,0.5764808059,-0.2969920933,2.824373484,0.9919709628,0.3559169146,0.9832856804,0.4524610549,0.7608257532,1.186760142,1.532674026,0.4259343892,0.0597166419,2.227949381
resize_0.5,0,ai_edited,visual_logit_calibrated,69,0.06226874843,0.5393009447,0.01567133669,-0.675122629,-0.2942992542,0.461440943,0.8444834381,0.7557401971,-1.355105382,1.772389691,0.06628148123,0.5354503341,0.0207956372,-0.6678537661,-0.3115511699,0.4503955985,0.8504538125,0.7619467684,-1.349007573,1.727822423,0.004012732798,0.01313598312,0.004686394021,-0.01307692217,-0.003360151538,0.01079568172,0.02271257233,0.01415583326,-0.04456726802,0.04353408582
resize_0.5,0,ai_edited,dsp_logit_calibrated,69,-0.006530907703,0.2532422949,-0.008521707843,-0.3719376479,-0.1168628081,0.104659597,0.400372628,0.2215224051,-0.6720095159,0.857511447,0.665027679,0.3279783742,0.6117979986,0.2291956201,0.4626064906,0.8528806517,1.122808471,0.390274161,-0.2010619241,1.912084462,0.6715585867,0.2409536863,0.6656787009,0.3063135091,0.5150746208,0.8034297312,1.037611424,0.2883551104,0.04042782011,1.508308805
resize_0.5,0,ai_edited,visual_contribution,69,0.05625327746,0.4872017897,0.01415740758,-0.6099024234,-0.2658684817,0.4168634516,0.7629021355,0.6827319333,-1.224195459,1.601168027,0.0598783603,0.4837231673,0.01878667516,-0.6033357688,-0.2814537765,0.4068851423,0.7682957421,0.6883389188,-1.218686728,1.560906178,0.003625082841,0.01186698178,0.004233665038,-0.01181362641,-0.003035544178,0.009752765146,0.02051842481,0.01278830932,-0.04026184814,0.03932847649
resize_0.5,0,ai_edited,dsp_contribution,69,-0.005451665258,0.21139362,-0.007113482643,-0.3104743851,-0.09755105106,0.08736443918,0.3342104414,0.1849154902,-0.5609589199,0.7158063744,0.5551308422,0.2737794484,0.5106974475,0.1913206948,0.3861600635,0.711940825,0.9372626611,0.3257807615,-0.1678361349,1.596109593,0.5605825075,0.2011357226,0.5556742817,0.2556947352,0.4299577553,0.6706617445,0.8661445557,0.2407039892,0.03374706126,1.259058478
resize_0.5,0,ai_edited,fusion_logit,69,0.06823988227,0.5506385383,0.03072463958,-0.773672861,-0.3365412279,0.4564033547,0.954817918,0.7929445826,-1.237550091,1.521055246,0.6324474726,0.5885193962,0.6219269502,-0.2036901386,0.2549129905,1.062174893,1.474585932,0.8072619029,-0.8142272,2.051192758,0.5642075903,0.2033340229,0.5536565973,0.2524999516,0.4265365993,0.6675489769,0.880487974,0.2410123776,0.04907775278,1.254038091
resize_0.5,0,ai_edited,fusion_probability,69,0.5153388292,0.1284470495,0.5076805557,0.3161583106,0.4166498981,0.6121606059,0.721818467,0.1955107078,0.2248627158,0.8206938183,0.6427143985,0.126357175,0.6506566764,0.4492528083,0.5633853836,0.7431059508,0.8137367989,0.1797205673,0.3069904373,0.8860680848,0.1273755693,0.04687020737,0.1271295626,0.05639827009,0.0980355849,0.1493735367,0.2086714176,0.05133795178,0.01034112816,0.2798176269
resize_0.5,0,ai_edited,visual_calibrated_probability,69,0.5138594321,0.1243711038,0.503917754,0.3375811489,0.4269516658,0.6133559521,0.6994066403,0.1864042864,0.2050369576,0.8547546008,0.5148759428,0.1237689379,0.5051987219,0.3392208813,0.4227361611,0.6107332869,0.700662169,0.1879971258,0.2060326689,0.8491336723,0.001016510717,0.002938569986,0.001002522515,-0.003204791688,-0.0008351291213,0.002429990192,0.005589355254,0.003265119313,-0.005620928503,0.01080946969
resize_0.5,1,all,visual_logit_raw,136,-0.03052490478,0.8190583366,-0.1243402585,-1.155794173,-0.5205231607,0.4902805462,1.495759994,1.010803707,-2.030059099,2.352267981,-0.03109743671,0.8174790255,-0.1180388331,-1.146107465,-0.5279201865,0.4871620536,1.488276124,1.01508224,-2.033619404,2.343624353,-0.0005725319258,0.02903827617,0.0008552670479,-0.04710496962,-0.01765549183,0.01375709474,0.05074968934,0.03141258657,-0.07867455482,0.1194539666
resize_0.5,1,all,dsp_logit_raw,136,-0.02268282902,0.3475943267,0.02978979051,-0.7300165594,-0.1673988402,0.1826856695,0.4239986688,0.3500845097,-1.409158707,0.6256977916,1.042297877,0.3425824552,1.033244133,0.4871769845,0.8446926475,1.248567283,1.638679236,0.4038746357,0.1457869709,1.808605671,1.064980706,0.5033077265,0.9944528714,0.3800159199,0.8189979624,1.256155312,1.930446059,0.4371573497,-0.07218837738,2.971707582
resize_0.5,1,all,visual_logit_calibrated,136,-0.01327667631,0.3562459077,-0.05408126173,-0.5027077146,-0.2263993144,0.2132454191,0.6505743888,0.4396447335,-0.8829654913,1.023108861,-0.01352569661,0.3555589931,-0.0513404838,-0.4984945223,-0.2296166191,0.2118890441,0.6473193118,0.4415056631,-0.8845140305,1.019349353,-0.0002490203035,0.01263007358,0.0003719947313,-0.02048810434,-0.007679180386,0.005983589306,0.02207335954,0.01366276969,-0.03421915991,0.05195599003
resize_0.5,1,all,dsp_logit_calibrated,136,-0.01910982478,0.2928411915,0.02509729612,-0.6150241895,-0.1410301379,0.1539089825,0.3572103047,0.2949391203,-1.187187716,0.5271377371,0.8781148849,0.2886187911,0.8704872887,0.4104367582,0.7116364749,1.051892689,1.380554121,0.3402562138,0.122822575,1.523713706,0.8972247097,0.4240265822,0.8378064352,0.3201557282,0.6899892223,1.05828545,1.626361769,0.3682962273,-0.06081724821,2.503603547
resize_0.5,1,all,visual_contribution,136,-0.01213255261,0.3255462525,-0.04942078408,-0.4593866456,-0.2068892492,0.1948688968,0.5945108411,0.401758146,-0.8068755332,0.9349419836,-0.01236011347,0.3249185331,-0.04691619395,-0.4555365271,-0.2098293011,0.1936294081,0.5915362718,0.4034587092,-0.8082906263,0.9315064524,-0.0002275608641,0.01154167116,0.0003399379139,-0.01872253251,-0.007017423477,0.00546795074,0.02017117761,0.01248537422,-0.03127030804,0.04747865865
resize_0.5,1,all,dsp_contribution,136,-0.01710867429,0.2621753271,0.02246914714,-0.5506198334,-0.1262616859,0.1377918783,0.319803809,0.2640535642,-1.062867304,0.4719367106,0.786160089,0.2583950897,0.7793312426,0.3674564729,0.6371150336,0.9417401572,1.235984686,0.3046251236,0.10996079,1.364152827,0.8032687633,0.379623192,0.7500726762,0.2866295289,0.617734647,0.9474634784,1.456051748,0.3297288314,-0.05444856259,2.241430161
resize_0.5,1,all,fusion_logit,136,-0.02118315661,0.4333239881,-0.0006089186785,-0.7949971441,-0.276199624,0.2777355483,0.6624392347,0.5539351723,-1.300937787,1.089126033,0.7818580458,0.3545155812,0.7321657809,0.30083236,0.5219089221,0.9752857096,1.466057227,0.4533767875,-0.1192136708,1.736271199,0.8030412025,0.377996549,0.7496291397,0.2700409395,0.6231789481,0.9533043367,1.466919192,0.3301253886,-0.04863491117,2.210159852
resize_0.5,1,all,fusion_probability,136,0.4954039025,0.1030679602,0.4998477705,0.3110978586,0.431385896,0.5689906637,0.6598081058,0.1376047677,0.2140072313,0.7482171122,0.6810777289,0.07271790402,0.6752802161,0.574645898,0.6275936523,0.7261715352,0.8124528322,0.09857788287,0.4702318292,0.8502128189,0.1856738264,0.08702733327,0.1748426329,0.06337260945,0.1480611411,0.21758765,0.3467619572,0.06952650882,-0.01091663362,0.4988337157
resize_0.5,1,all,visual_calibrated_probability,136,0.4963354885,0.08611406761,0.4864830703,0.3769265083,0.4436415506,0.5531102259,0.6571233796,0.1094686754,0.2925636334,0.7355777254,0.4962944675,0.08598493643,0.4871677073,0.3779099158,0.4428467686,0.5527749146,0.6563871276,0.1099281459,0.292243235,0.7348458419,-4.102099941e-05,0.00309513813,9.168518255e-05,-0.004971966291,-0.001858445941,0.001464973235,0.005439289281,0.003323419176,-0.008407911539,0.01298674447
resize_0.5,1,authentic,visual_logit_raw,68,-0.1655100617,0.8255105674,-0.3239196688,-1.281302744,-0.6911540627,0.2805438824,1.406621081,0.9716979451,-1.990869761,2.337252378,-0.1682661399,0.8228313547,-0.3329301625,-1.244830364,-0.6990168095,0.2958517149,1.384458631,0.9948685244,-2.005908489,2.315126181,-0.002756078241,0.026512694,0.0006274878979,-0.04618191719,-0.01814045757,0.01363265514,0.03692243248,0.03177311271,-0.07867455482,0.05899500847
resize_0.5,1,authentic,dsp_logit_raw,68,-0.07471309986,0.345741493,-0.05325439945,-0.776497823,-0.2032164037,0.1351957358,0.3289934292,0.3384121396,-1.409158707,0.5521582961,1.050530818,0.3417556404,1.034717083,0.5012346044,0.8356028199,1.28412348,1.609958059,0.4485206604,0.1457869709,1.808605671,1.125243918,0.5016147772,1.047935724,0.450443824,0.9016855815,1.294718124,1.991978985,0.3930325424,0.0873336792,2.971707582
resize_0.5,1,authentic,visual_logit_calibrated,68,-0.07198789089,0.3590522778,-0.1408874695,-0.5572971286,-0.3006144928,0.1220213574,0.6118038012,0.4226358503,-0.8659202566,1.016577889,-0.07318663529,0.3578869658,-0.1448065451,-0.5414336234,-0.3040343608,0.1286794335,0.6021643389,0.4327137942,-0.8724612871,1.006954195,-0.001198744401,0.01153158245,0.0002729231677,-0.02008662665,-0.007890114153,0.005929464837,0.01605925352,0.01381957899,-0.03421915991,0.0256596257
resize_0.5,1,authentic,dsp_logit_calibrated,68,-0.06294427585,0.2912802166,-0.04486575467,-0.6541837142,-0.1712057109,0.1138996736,0.2771703115,0.2851053845,-1.187187716,0.4651821992,0.8850509716,0.2879222163,0.8717282193,0.4222800187,0.703978479,1.081848066,1.356357109,0.3778695868,0.122822575,1.523713706,0.9479952475,0.4226003065,0.8828646573,0.3794898133,0.7596518694,1.090773839,1.678202015,0.3311219694,0.07357685874,2.503603547
resize_0.5,1,authentic,visual_contribution,68,-0.06578430122,0.3281107823,-0.1287464269,-0.5092717918,-0.2747089004,0.1115061107,0.5590813267,0.3862150111,-0.7912991795,0.9289738214,-0.06687974327,0.3270458916,-0.1323277744,-0.4947753314,-0.2778340596,0.117590424,0.5502725495,0.3954244836,-0.7972765336,0.9201794529,-0.00109544205,0.01053784302,0.000249403888,-0.01835565234,-0.00721017993,0.005418490472,0.01467533995,0.0126286704,-0.03127030804,0.02344839563
resize_0.5,1,authentic,dsp_contribution,68,-0.05635285127,0.260777815,-0.04016748411,-0.5856786348,-0.1532773208,0.1019722807,0.2481454768,0.2552496015,-1.062867304,0.4164690583,0.7923698398,0.2577714592,0.7804422249,0.3780595259,0.6302589709,0.9685586548,1.214321547,0.3382996839,0.10996079,1.364152827,0.8487226911,0.3783462737,0.7904124728,0.3397502428,0.6801023323,0.9765497351,1.502463366,0.2964474028,0.06587200697,2.241430161
resize_0.5,1,authentic,fusion_logit,68,-0.1140790822,0.4239094004,-0.07963202193,-0.7965195802,-0.3172412938,0.1069353885,0.5426578426,0.4241766823,-1.300937787,1.059165473,0.7335481668,0.3596467103,0.6893699047,0.2788238588,0.4807158397,0.9318702744,1.47030177,0.4511544347,0.09328445095,1.736271199,0.847627249,0.3764477331,0.7946637212,0.3332995478,0.6827963188,0.9727162208,1.516352659,0.289919902,0.06978853049,2.210159852
resize_0.5,1,authentic,fusion_probability,68,0.4729680001,0.1000105923,0.4801025144,0.3107750311,0.4213482208,0.5267082795,0.6323295748,0.1053600587,0.2140072313,0.7425310337,0.6705474637,0.07395883276,0.6658259615,0.5692547627,0.6179165979,0.7174545287,0.8130890823,0.09953793078,0.5233042158,0.8502128189,0.1975794637,0.08563057536,0.1900034251,0.0788494388,0.1635256572,0.2280750977,0.3515428215,0.06454944053,0.01672064719,0.4988337157
resize_0.5,1,authentic,visual_calibrated_probability,68,0.4818840621,0.08671078251,0.4648365224,0.3641739752,0.4254076709,0.5304595603,0.6483089364,0.1050518894,0.2961039203,0.734305478,0.481609708,0.08647789266,0.4638616468,0.3678543097,0.4245715602,0.532120282,0.6461239036,0.1075487219,0.2947424176,0.7324236573,-0.000274354114,0.002798235455,6.571035172e-05,-0.00468081875,-0.00189560554,0.001461615104,0.00394044623,0.003357220644,-0.00838148413,0.006065689194
resize_0.5,1,ai_edited,visual_logit_raw,68,0.1044602521,0.7957840849,0.01622030139,-0.9843371898,-0.4140267521,0.609173879,1.540512091,1.023200631,-2.030059099,2.352267981,0.1060712665,0.7945278653,0.02407548577,-0.9986429781,-0.4151903614,0.5789442956,1.537318063,0.9941346571,-2.033619404,2.343624353,0.00161101439,0.03140744091,0.001048117876,-0.04569201767,-0.01372356713,0.01447665691,0.05424995273,0.02820022404,-0.07811519504,0.1194539666
resize_0.5,1,ai_edited,dsp_logit_raw,68,0.02934744181,0.3441143037,0.06882532686,-0.65722,-0.09461008757,0.2433495522,0.5239203021,0.3379596397,-1.193677902,0.6256977916,1.034064935,0.3457494123,1.026061833,0.4671508551,0.8591808677,1.221097201,1.636795568,0.3619163334,0.1669260561,1.790886402,1.004717494,0.5014270725,0.9587458894,0.2827210374,0.7494991571,1.176101551,1.82352975,0.4266023943,-0.07218837738,2.762271643
resize_0.5,1,ai_edited,visual_logit_calibrated,68,0.04543453827,0.3461228719,0.007054950464,-0.4281332355,-0.1800791586,0.2649575638,0.6700391214,0.4450367225,-0.8829654913,1.023108861,0.04613524206,0.3455764845,0.01047152919,-0.4343554767,-0.1805852655,0.2518093363,0.6686498925,0.4323946018,-0.8845140305,1.019349353,0.0007007037936,0.01366053161,0.0004558743712,-0.01987354696,-0.005969006615,0.006296559784,0.02359578408,0.0122655664,-0.03397586877,0.05195599003
resize_0.5,1,ai_edited,dsp_logit_calibrated,68,0.02472462629,0.2899093425,0.05798394616,-0.5536945603,-0.07970708566,0.2050170769,0.4413922603,0.2847241626,-1.005649495,0.5271377371,0.8711787981,0.2912868884,0.8644363461,0.3935651491,0.7238425074,1.0287497,1.378967169,0.3049071926,0.1406318269,1.50878558,0.8464541719,0.4224421692,0.8077240249,0.2381867571,0.6314378841,0.990841775,1.536286941,0.3594038908,-0.06081724821,2.327158003
resize_0.5,1,ai_edited,visual_contribution,68,0.041519196,0.3162955739,0.006446986857,-0.3912386566,-0.1645607542,0.2421247237,0.6122981913,0.4066854778,-0.8068755332,0.9349419836,0.04215951632,0.3157962717,0.009569140337,-0.3969246933,-0.165023247,0.2301095507,0.6110286799,0.3951327977,-0.8082906263,0.9315064524,0.0006403203213,0.012483329,0.0004165891872,-0.01816093489,-0.005454624719,0.005753950843,0.02156240651,0.01120857556,-0.03104798263,0.04747865865
resize_0.5,1,ai_edited,dsp_contribution,68,0.0221355027,0.2595504966,0.05191195942,-0.4957125455,-0.07136028626,0.1835480143,0.3951703639,0.2549083005,-0.9003394775,0.4719367106,0.7799503383,0.2607837882,0.7739139451,0.3523516318,0.6480428699,0.9210206656,1.234563917,0.2729777957,0.1259050854,1.350787951,0.7578148356,0.3782046963,0.7231404481,0.2132442182,0.5653147119,0.8870823982,1.375409413,0.3217676863,-0.05444856259,2.083461713
resize_0.5,1,ai_edited,fusion_logit,68,0.07171276898,0.4255887717,0.06669919751,-0.7884801414,-0.1365101181,0.355878696,0.6651337283,0.4923888141,-1.06113227,1.089126033,0.8301679249,0.345188822,0.7697850155,0.4420843888,0.5728338037,1.044234564,1.43404391,0.4714007606,-0.1192136708,1.682430068,0.7584551559,0.3770242333,0.7222474941,0.2099013711,0.5622273318,0.8868443304,1.380741738,0.3246169986,-0.04863491117,2.052413731
resize_0.5,1,ai_edited,fusion_probability,68,0.517839805,0.1018856083,0.516667682,0.3124959815,0.4659265179,0.5880408783,0.6604124907,0.1221143604,0.257093136,0.7482171122,0.6916079941,0.07042527215,0.6834718433,0.6087543841,0.6394156361,0.7396398737,0.8074688104,0.1002242376,0.4702318292,0.8432260441,0.1737681891,0.08740846419,0.1711967963,0.04953954242,0.1240961338,0.2004613076,0.3311702778,0.07636517377,-0.01091663362,0.4722478246
resize_0.5,1,ai_edited,visual_calibrated_probability,68,0.510786915,0.08366160989,0.5017637294,0.3946126846,0.4551015597,0.5658516866,0.6614908341,0.1107501269,0.2925636334,0.7355777254,0.5109792271,0.08355250239,0.5026178558,0.3931446331,0.4549759744,0.5626100765,0.6611775556,0.1076341021,0.292243235,0.7348458419,0.0001923121152,0.003370772585,0.0001097602759,-0.004916533606,-0.001479318002,0.001525594454,0.00584494818,0.003004912456,-0.008407911539,0.01298674447
resize_0.5,2,all,visual_logit_raw,136,0.03740341659,0.2308419857,0.00227053382,-0.3371031657,-0.09394703805,0.1653689891,0.4088575691,0.2593160272,-0.5573038459,0.7906153798,0.035513546,0.2299403276,0.001230634865,-0.3433789387,-0.09510161914,0.1639123671,0.4054840729,0.2590139862,-0.5584354997,0.7865608931,-0.001889870593,0.008735331927,-0.0007937587798,-0.01846056059,-0.006076857448,0.00444804877,0.008389160037,0.01052490622,-0.02494755387,0.02047958225
resize_0.5,2,all,dsp_logit_raw,136,0.05729120516,0.4758599712,0.09445523471,-0.7659803927,-0.1576985866,0.3726103306,0.7952648252,0.5303089172,-1.851218104,1.327116013,1.111946429,0.4330124961,1.081647515,0.6183054149,0.932449311,1.362091631,1.861281276,0.4296423197,-0.9634575844,2.072705269,1.054655224,0.4563442566,1.079655733,0.3915687688,0.8381744623,1.251085324,1.744590193,0.4129108619,-1.105237499,2.649316609
resize_0.5,2,all,visual_logit_calibrated,136,0.06310193872,0.3894450873,0.003830534722,-0.5687144449,-0.1584946184,0.2789879848,0.6897686795,0.4374826031,-0.9402069741,1.333818346,0.05991360703,0.3879239327,0.002076159157,-0.5793020725,-0.16044247,0.2765305709,0.6840773772,0.4369730409,-0.9421161459,1.326978169,-0.003188331688,0.01473705961,-0.001339121461,-0.03114413787,-0.01025204437,0.007504140705,0.01415304565,0.01775618507,-0.04208810743,0.03455035561
resize_0.5,2,all,dsp_logit_calibrated,136,0.05231666361,0.4345414967,0.08625377537,-0.6994710345,-0.1440057664,0.3402569255,0.7262127272,0.4842626919,-1.690478575,1.211883775,1.015397165,0.3954144276,0.9877290772,0.5646185363,0.8514856129,1.243822493,1.69966797,0.3923368805,-0.879801467,1.892734217,0.9630805009,0.4167203133,0.9859102395,0.3575692203,0.7653965608,1.14245476,1.593109065,0.3770581995,-1.009270765,2.419278935
resize_0.5,2,all,visual_contribution,136,0.05843142615,0.3606201698,0.003547016324,-0.5266208418,-0.1467635825,0.2583385893,0.638715204,0.4051021718,-0.8706172186,1.235095304,0.05547907997,0.3592116041,0.001922491494,-0.5364248224,-0.1485672632,0.2560630618,0.6334451454,0.4046303249,-0.8723850823,1.228761405,-0.002952346177,0.01364629087,-0.001240005907,-0.02883899337,-0.009493235634,0.006948719046,0.01310550292,0.01644195468,-0.0389729411,0.03199309868
resize_0.5,2,all,dsp_contribution,136,0.04800072559,0.3986933742,0.07913814677,-0.6417671707,-0.1321258047,0.3121869436,0.6663027693,0.4443127482,-1.551020126,1.111907689,0.9316305227,0.3627941487,0.9062449538,0.5180395224,0.781241089,1.141211577,1.559451429,0.3599704882,-0.8072209862,1.736590399,0.8836297971,0.3823423749,0.9045761637,0.3280710359,0.7022540764,1.04820632,1.461683253,0.3459522438,-0.926009529,2.219697058
resize_0.5,2,all,fusion_logit,136,0.1212765201,0.5350310475,0.1204903174,-0.6470169729,-0.2236718383,0.4738807715,0.9844842134,0.6975526098,-1.569573506,1.458898074,1.001953971,0.4263951811,0.9819358787,0.3992357341,0.6880672475,1.317736939,1.652333085,0.6296696916,-0.04557062751,2.183671707,0.8806774509,0.3824696642,0.9026844576,0.3206164892,0.6988227246,1.041918552,1.475617942,0.3430958278,-0.9543679781,2.230347207
resize_0.5,2,all,fusion_probability,136,0.5290269975,0.1247125191,0.5300861796,0.3436750234,0.4443211824,0.6162995932,0.7279921229,0.1719784108,0.1722772004,0.8113640803,0.7235271842,0.08125323615,0.7274915791,0.5985038973,0.6655367578,0.7888049065,0.8392017115,0.1232681487,0.4886093143,0.8987736121,0.1945001867,0.0869939257,0.2067227541,0.07295950067,0.1427416527,0.2413356166,0.3203869413,0.09859396397,-0.1878407517,0.4907612877
resize_0.5,2,all,visual_calibrated_probability,136,0.5146881232,0.09284046993,0.5009576236,0.3615354697,0.4604590849,0.5692963196,0.6659126345,0.1088372347,0.2808585367,0.7914715326,0.5139424919,0.09255546489,0.5005190369,0.3590932026,0.4599761548,0.5686951447,0.6646385095,0.10871899,0.2804730892,0.7903403493,-0.0007456313511,0.003547902495,-0.0003230100412,-0.007631015199,-0.002514455652,0.00170358397,0.00351306611,0.004218039622,-0.01045845705,0.008531809235
resize_0.5,2,authentic,visual_logit_raw,68,-0.007911921636,0.2344493328,-0.02678519767,-0.3819719896,-0.1433360614,0.1309623159,0.3594548494,0.2742983773,-0.5573038459,0.7906153798,-0.01010181666,0.2337322749,-0.02039786801,-0.3868229434,-0.1564561762,0.1402581818,0.3596498579,0.296714358,-0.5584354997,0.7865608931,-0.002189895029,0.009027050319,-0.0006235986948,-0.02066655941,-0.007775541395,0.004220455885,0.007984488457,0.01199599728,-0.02360677719,0.02047958225
resize_0.5,2,authentic,dsp_logit_raw,68,0.01088961291,0.5097873342,0.03161885496,-0.701426217,-0.2001229525,0.2945714965,0.7284450471,0.494694449,-1.851218104,1.327116013,1.11114416,0.4423647303,1.085529566,0.6098287284,0.9532630146,1.343663543,1.878665578,0.3904005289,-0.9634575844,2.072705269,1.100254547,0.5185410353,1.147393532,0.4188645422,0.9511386883,1.269729767,1.85919843,0.3185910787,-1.105237499,2.649316609
resize_0.5,2,authentic,visual_logit_calibrated,68,-0.01334791417,0.3955309108,-0.0451883292,-0.6444109998,-0.2418170367,0.2209417425,0.6064231545,0.4627587792,-0.9402069741,1.333818346,-0.01704240613,0.3943211886,-0.03441249849,-0.6525948669,-0.2639515034,0.2366244585,0.6067521463,0.5005759619,-0.9421161459,1.326978169,-0.003694491961,0.01522920706,-0.001052050594,-0.03486579796,-0.01311783204,0.007120177056,0.013470339,0.0202380091,-0.03982613204,0.03455035561
resize_0.5,2,authentic,dsp_logit_calibrated,68,0.009944078042,0.4655229787,0.02887341948,-0.6405220372,-0.1827464644,0.2689941301,0.6651948477,0.4517405945,-1.690478575,1.211883775,1.014664556,0.4039546161,0.9912740529,0.5568778726,0.8704920821,1.2269945,1.71554281,0.3565024176,-0.879801467,1.892734217,1.004720478,0.4735166041,1.047766429,0.3824949274,0.8685522091,1.159480324,1.697765976,0.2909281145,-1.009270765,2.419278935
resize_0.5,2,authentic,visual_contribution,68,-0.01235996353,0.3662555489,-0.04184369884,-0.5967146891,-0.2239188622,0.2045886604,0.5615385278,0.4285075226,-0.8706172186,1.235095304,-0.01578100634,0.3651353648,-0.03186544511,-0.6042928243,-0.2444150385,0.2191106145,0.5618431691,0.463525653,-0.8723850823,1.228761405,-0.003421042817,0.01410201185,-0.0009741826926,-0.03228519345,-0.01214691101,0.006593174604,0.01247332704,0.01874008562,-0.03687838663,0.03199309868
resize_0.5,2,authentic,dsp_contribution,68,0.009123727097,0.4271189945,0.02649146543,-0.5876812553,-0.1676705334,0.2468030745,0.610318647,0.4144736079,-1.551020126,1.111907689,0.930958352,0.3706298021,0.9094974817,0.5109374357,0.7986795924,1.125771833,1.574016652,0.3270922406,-0.8072209862,1.736590399,0.9218346249,0.4344531744,0.9613294385,0.3509404611,0.7968997519,1.063827335,1.557706343,0.2669275835,-0.926009529,2.219697058
resize_0.5,2,authentic,fusion_logit,68,0.01160813194,0.5787879866,0.01083115624,-0.7799140355,-0.3611523563,0.3634890755,0.8178425757,0.7246414319,-1.569573506,1.458898074,0.930021714,0.4360039887,0.9106147999,0.2907105196,0.5746229629,1.250891084,1.626964464,0.6762681213,-0.04557062751,2.092317783,0.918413582,0.4348371235,0.9573346469,0.3492841052,0.7990860463,1.059922857,1.561138865,0.260836811,-0.9543679781,2.230347207
resize_0.5,2,authentic,fusion_probability,68,0.5036811543,0.1335655202,0.502707761,0.3144320707,0.4106824817,0.5898820284,0.6937387361,0.1791995468,0.1722772004,0.8113640803,0.7091300296,0.08563445211,0.7131137715,0.5721615913,0.6398285115,0.7774506268,0.835720122,0.1376221153,0.4886093143,0.8901542627,0.2054488753,0.09641695211,0.2218364185,0.07926251159,0.1594546397,0.2459072806,0.3435781785,0.08645264085,-0.1878407517,0.4907612877
resize_0.5,2,authentic,visual_calibrated_probability,68,0.4963896532,0.09454897415,0.4887048459,0.3442562566,0.4398393281,0.5550105107,0.647110831,0.1151711827,0.2808585367,0.7914715326,0.495513787,0.09429488597,0.4913977254,0.3424056957,0.4343926061,0.5588815986,0.6471745566,0.1244889925,0.2804730892,0.7903403493,-0.0008758662139,0.003687147263,-0.0002555447776,-0.008450534112,-0.003222491217,0.001659428835,0.003314992711,0.004881920052,-0.009803050587,0.008531809235
resize_0.5,2,ai_edited,visual_logit_raw,68,0.08271875481,0.2196284159,0.03776871599,-0.1975229502,-0.06302529573,0.2073398605,0.4890849352,0.2703651562,-0.3451197743,0.7536631227,0.08112890866,0.2183571383,0.02965999022,-0.1941299208,-0.06010014284,0.1998791061,0.4751584411,0.259979249,-0.3433687687,0.7484641075,-0.001589846157,0.008490028848,-0.001265890896,-0.01653330754,-0.005823113024,0.004621251486,0.008883309364,0.01044436451,-0.02494755387,0.01693885028
resize_0.5,2,ai_edited,dsp_logit_raw,68,0.1036927974,0.4381912286,0.1152331755,-0.8171281219,-0.08483834751,0.4064216167,0.7948186308,0.4912599642,-1.262051821,0.9150592685,1.112748697,0.4267438192,1.067154527,0.6572502017,0.902892381,1.373180956,1.812534094,0.4702885747,-0.9351725578,1.957304239,1.0090559,0.3827569734,1.046157569,0.4367131703,0.8228125386,1.185678735,1.692768541,0.3628661968,-0.2414928675,1.966890335
resize_0.5,2,ai_edited,visual_logit_calibrated,68,0.1395517916,0.3705270829,0.06371822201,-0.3332337587,-0.1063276757,0.3497955097,0.8251173402,0.4561231854,-0.5822389727,1.271477542,0.1368696202,0.368382357,0.05003828677,-0.3275095026,-0.101392757,0.3372087434,0.8016224603,0.4386015004,-0.579284915,1.262706473,-0.002682171414,0.01432321774,-0.00213563832,-0.02789273961,-0.009823961411,0.007796344684,0.01498670694,0.0176203061,-0.04208810743,0.02857691596
resize_0.5,2,ai_edited,dsp_logit_calibrated,68,0.09468924918,0.4001434957,0.105227587,-0.7461776543,-0.07747191346,0.3711324093,0.7258052754,0.4486043228,-1.152469046,0.8356055314,1.016129773,0.3896900541,0.9744945012,0.6001817838,0.8244950833,1.253948943,1.65515346,0.4294538594,-0.8539724028,1.78735335,0.9214405237,0.3495225449,0.9553206894,0.3987937758,0.7513684985,1.082727364,1.545787038,0.3313588656,-0.2205242686,1.796107094
resize_0.5,2,ai_edited,visual_contribution,68,0.1292228158,0.3431023883,0.05900209501,-0.3085693428,-0.09845779475,0.3239052699,0.7640459851,0.4223630647,-0.5391443469,1.177368677,0.1267391663,0.341116405,0.04633468507,-0.3032687696,-0.09388813586,0.3122501176,0.7422900872,0.4061382535,-0.5364089348,1.169246802,-0.002483649538,0.01326307966,-0.001977568286,-0.02582824851,-0.009096837393,0.007219295443,0.01387746047,0.01631613284,-0.0389729411,0.02646178531
resize_0.5,2,ai_edited,dsp_contribution,68,0.08687772409,0.3671330855,0.09654668669,-0.6846206611,-0.07108075712,0.3405153102,0.6659289308,0.4115960673,-1.057394463,0.7666710576,0.9323026935,0.3575420155,0.8941021831,0.5506689289,0.7564771818,1.150502631,1.518609208,0.3940254488,-0.7835227276,1.639903078,0.8454249694,0.3206881824,0.8765101423,0.3658947127,0.6893832792,0.9934062211,1.418265125,0.3040229419,-0.2023318035,1.64793467
resize_0.5,2,ai_edited,fusion_logit,68,0.2309449083,0.4662403786,0.1430363428,-0.4959858516,-0.1065413616,0.5222588727,1.023749312,0.6288002343,-0.6102706967,1.29638288,1.073886228,0.4071079624,1.031690423,0.4516824453,0.7292443963,1.39673948,1.687489838,0.6674950833,0.4005684426,2.183671707,0.8429413198,0.320586266,0.8816200286,0.3619162894,0.6796731605,0.9919372739,1.409243738,0.3122641134,-0.2104536784,1.631339507
resize_0.5,2,ai_edited,fusion_probability,68,0.5543728407,0.1104301324,0.5356982375,0.3785167832,0.473390281,0.6275950905,0.7357021706,0.1542048095,0.3519974508,0.7852255983,0.7379243389,0.07448968039,0.7372434711,0.6110065735,0.6746333061,0.8015700416,0.8437021585,0.1269367355,0.5988242269,0.8987736121,0.1835514982,0.07555981771,0.1923430523,0.07365036049,0.1278634325,0.2269828831,0.3150350763,0.09911945054,-0.04934969953,0.3450980675
resize_0.5,2,ai_edited,visual_calibrated_probability,68,0.5329865933,0.08802375362,0.5159240741,0.4174546259,0.4734431072,0.5865679864,0.695256113,0.1131248792,0.3584175689,0.7809955738,0.5323711968,0.08763554591,0.5125069505,0.4188467402,0.4746738185,0.5835104505,0.6903096937,0.108836632,0.3590971513,0.7794916602,-0.0006153964884,0.00342543655,-0.0005254869461,-0.006939424207,-0.002394991482,0.001885497246,0.003707953765,0.004280488728,-0.01045845705,0.006862802961
resize_0.5,3,all,visual_logit_raw,136,-0.000258308833,0.2371913706,-0.005991516518,-0.4058033302,-0.1465642378,0.1654620357,0.3606518507,0.3120262735,-0.5847628117,0.7799586058,-0.001835061864,0.2374062862,-0.006518960465,-0.4056186378,-0.1477156095,0.1604189463,0.3548654914,0.3081345558,-0.582002759,0.7722212672,-0.001576753031,0.008068739514,-0.002584803849,-0.01378474012,-0.005814124597,0.003451970639,0.01120064221,0.009266095236,-0.02489089966,0.02066858113
resize_0.5,3,all,dsp_logit_raw,136,0.1006631461,0.3682867115,0.1127804071,-0.488933444,-0.08020190895,0.2757822126,0.7902637869,0.3559841216,-1.342443228,0.9462297559,1.216225518,0.3604712502,1.254882514,0.670373559,0.9492606521,1.474689722,1.78988862,0.52542907,0.2788419127,1.927394032,1.115562372,0.415274614,1.112159722,0.4639894702,0.9186474569,1.32037586,1.652300641,0.4017284028,0.3191396445,2.98681879
resize_0.5,3,all,visual_logit_calibrated,136,-0.0004331386462,0.3977283625,-0.01004672323,-0.6804610709,-0.2457625425,0.2774508379,0.6047499521,0.5232133804,-0.9805447599,1.3078539,-0.003077077166,0.3980887383,-0.0109311543,-0.680151374,-0.2476931911,0.2689944607,0.5950472416,0.5166876519,-0.9759166353,1.294879739,-0.002643938519,0.01352986218,-0.004334263088,-0.02311459351,-0.009749268069,0.00578834983,0.01878151416,0.0155376179,-0.04173767679,0.03465758854
resize_0.5,3,all,dsp_logit_calibrated,136,0.03320847446,0.1214966979,0.03720592306,-0.1612976985,-0.02645837279,0.09097973709,0.2607056883,0.1174381099,-0.4428680543,0.3121584006,0.4012292047,0.1189184003,0.4139820337,0.2211542564,0.3131582843,0.486495782,0.5904789673,0.1733374977,0.09198912312,0.6358415964,0.3680207302,0.1369978682,0.366898206,0.1530687553,0.3030590817,0.4355880948,0.5450890994,0.1325290131,0.1052832258,0.9853426938
resize_0.5,3,all,visual_contribution,136,-0.0003998281626,0.3671411031,-0.009274081002,-0.6281302812,-0.2268621991,0.2561135093,0.5582417184,0.4829757084,-0.9051360646,1.207273529,-0.002840434858,0.3674737643,-0.01009049499,-0.6278444016,-0.2286443714,0.248307469,0.5492851938,0.4769518404,-0.9008638654,1.195297144,-0.002440606696,0.0124893495,-0.004000937025,-0.02133696804,-0.008999501596,0.005343197373,0.01733712372,0.01434269897,-0.03852784499,0.03199225021
resize_0.5,3,all,dsp_contribution,136,0.02184453877,0.07992054352,0.02447406097,-0.1061016468,-0.01740432102,0.05984648275,0.1714922353,0.07725080377,-0.2913186631,0.2053378361,0.2639286224,0.07822453903,0.272317435,0.1454752983,0.2059955597,0.320016988,0.3884171406,0.1140214283,0.06051045701,0.4182566839,0.2420840836,0.09011721528,0.2413456871,0.1006886469,0.1993523029,0.2865299048,0.3585596796,0.08717760185,0.06925531944,0.6481585506
resize_0.5,3,all,fusion_logit,136,0.01538354106,0.3804024856,0.011245795,-0.5944496445,-0.2055751789,0.2916038108,0.6033077621,0.4971789897,-0.8950216645,1.161513212,0.255027018,0.3602118904,0.2809676716,-0.3449088097,0.03027969861,0.4683510206,0.8177371283,0.438071322,-0.6829655526,1.275656991,0.2396434769,0.0907636151,0.2418249853,0.09978634322,0.1959595593,0.2860184809,0.3608679924,0.09005892153,0.07242929977,0.6468070488
resize_0.5,3,all,fusion_probability,136,0.5037306035,0.0920950439,0.5028114174,0.3556185095,0.4487864543,0.5723881314,0.6464117603,0.1236016771,0.2900746202,0.7616075646,0.5615269632,0.08621497508,0.5697834213,0.4146200104,0.5075693217,0.6149928916,0.6937557792,0.1074235699,0.3355997437,0.7817095935,0.05779635965,0.02242498835,0.05866910872,0.0232591532,0.04548720197,0.06861968674,0.08923162307,0.02313248477,0.01781385716,0.1600738051
resize_0.5,3,all,visual_calibrated_probability,136,0.49978449,0.09563039475,0.4974883526,0.3361594163,0.4388668048,0.5689210687,0.6467422537,0.1300542639,0.2727837048,0.7871538141,0.4991539368,0.09573803451,0.4972672387,0.3362275557,0.4383913658,0.5668460247,0.6445175907,0.1284546589,0.2737027634,0.7849719904,-0.0006305531886,0.003280881161,-0.00107260056,-0.00563670715,-0.002353451958,0.001424212013,0.004591188399,0.003777663971,-0.009692333746,0.008599046531
resize_0.5,3,authentic,visual_logit_raw,68,-0.04791318503,0.2361946177,-0.04762999155,-0.4141204149,-0.2337621525,0.1142405272,0.333450529,0.3480026796,-0.5847628117,0.5535373092,-0.04903540465,0.2370642739,-0.04014828242,-0.4207044929,-0.2343939617,0.1190588456,0.3264349177,0.3534528073,-0.582002759,0.5475713611,-0.001122219615,0.007707398997,-0.002516888082,-0.01114426996,-0.00563817285,0.003237903118,0.01314766736,0.008876075968,-0.02489089966,0.01962231658
resize_0.5,3,authentic,dsp_logit_raw,68,0.04215070424,0.3676538716,0.074374035,-0.5473465979,-0.114848651,0.1959483847,0.7365076959,0.3107970357,-1.342443228,0.9444357157,1.221370942,0.375099536,1.254882514,0.6652801901,0.9556745887,1.488623887,1.797491336,0.5329492986,0.2788419127,1.927394032,1.179220237,0.4162702227,1.179862738,0.483789847,0.9850038365,1.376154762,1.685487995,0.3911509253,0.3897672892,2.98681879
resize_0.5,3,authentic,visual_logit_calibrated,68,-0.08034201488,0.3960569825,-0.07986714903,-0.6944073643,-0.3919781647,0.1915613443,0.5591381024,0.5835395089,-0.9805447599,0.9281850643,-0.08222378051,0.3975152437,-0.06732163394,-0.7054477094,-0.3930375981,0.1996408199,0.5473741518,0.5926784179,-0.9759166353,0.9181812148,-0.001881765634,0.01292395746,-0.004220380248,-0.01868698777,-0.009454227823,0.005429396111,0.02204633413,0.01488362393,-0.04173767679,0.03290318625
resize_0.5,3,authentic,dsp_logit_calibrated,68,0.01390539279,0.1212879259,0.02453577439,-0.1805680254,-0.03788823062,0.06464279314,0.2429717127,0.1025310238,-0.4428680543,0.3115665521,0.4029266648,0.1237442286,0.4139820337,0.219473969,0.3152742231,0.491092622,0.5929870807,0.1758183989,0.09198912312,0.6358415964,0.3890212721,0.1373263165,0.389233231,0.1596008411,0.3249498553,0.4539893898,0.5560375093,0.1290395345,0.128583077,0.9853426938
resize_0.5,3,authentic,visual_contribution,68,-0.07416332037,0.3655982604,-0.07372497403,-0.6410040363,-0.3618331237,0.1768293385,0.5161376434,0.5386624622,-0.9051360646,0.856803086,-0.07590036901,0.3669443742,-0.06214427051,-0.6511953248,-0.3628110814,0.1842874629,0.5052783982,0.5470985443,-0.9008638654,0.8475685816,-0.001737048639,0.01193004182,-0.003895812333,-0.01724986687,-0.008727151391,0.005011848954,0.02035086304,0.01373900034,-0.03852784499,0.03037277005
resize_0.5,3,authentic,dsp_contribution,68,0.009146969163,0.07978321327,0.01613963555,-0.1187776703,-0.02492288297,0.04252203764,0.1598268239,0.06744492061,-0.2913186631,0.204948518,0.2650452119,0.08139896949,0.272317435,0.144370005,0.2073874245,0.3230407899,0.3900669779,0.1156533654,0.06051045701,0.4182566839,0.2558982428,0.09033326865,0.2560376694,0.1049854538,0.2137520566,0.2986342789,0.3657615451,0.0848822224,0.08458196461,0.6481585506
resize_0.5,3,authentic,fusion_logit,68,-0.07107752075,0.3764099029,-0.07960232615,-0.6526332931,-0.3618835119,0.2470090295,0.547768516,0.6088925414,-0.8950216645,0.7303289926,0.1830836734,0.3583365664,0.1351797235,-0.3795001248,-0.07411924853,0.4451241754,0.7605710873,0.5192434239,-0.6829655526,0.9843737069,0.2541611941,0.09031738336,0.2582813287,0.1097378452,0.2059154541,0.2969489367,0.3689219654,0.09103348259,0.08048705196,0.6468070488
resize_0.5,3,authentic,fusion_probability,68,0.4828104292,0.09134808437,0.4801100909,0.3424203836,0.4105038534,0.5614401213,0.633543928,0.1509362678,0.2900746202,0.6748774636,0.5442775618,0.08644275604,0.5337427094,0.4062674587,0.4814787329,0.609479339,0.6814056161,0.1280006061,0.3355997437,0.7279751928,0.06146713256,0.02228632417,0.06184679474,0.02704907545,0.04763493351,0.07206216562,0.09154703628,0.02442723211,0.01980549094,0.1600738051
resize_0.5,3,authentic,visual_calibrated_probability,68,0.4804949251,0.09548107328,0.480043832,0.3331123574,0.4032415258,0.5477397721,0.6361354962,0.1444982463,0.2727837048,0.7167069294,0.4800609232,0.09583200495,0.4831760008,0.330646052,0.4029878073,0.5497449192,0.6334322462,0.1467571119,0.2737027634,0.7146713708,-0.0004340019066,0.003126408077,-0.001019258209,-0.004545234942,-0.002187221797,0.00130519417,0.005480887105,0.003492415967,-0.009435761328,0.008216930628
resize_0.5,3,ai_edited,visual_logit_raw,68,0.04739656737,0.230133717,0.05575196631,-0.4013728857,-0.09006152488,0.1927905045,0.3797608867,0.2828520294,-0.4215448201,0.7799586058,0.04536528092,0.2298760344,0.05279219151,-0.405095467,-0.09410379268,0.1937943846,0.3879025578,0.2878981773,-0.4159442484,0.7722212672,-0.002031286447,0.008447334298,-0.002830494195,-0.01573064923,-0.00659200456,0.003894679016,0.01062795445,0.01048668358,-0.02384325862,0.02066858113
resize_0.5,3,ai_edited,dsp_logit_raw,68,0.1591755879,0.3621817596,0.1808290333,-0.3835162699,0.00129617285,0.3491683155,0.7991795212,0.3478721427,-1.221986055,0.9462297559,1.211080094,0.3479440146,1.248667121,0.6977080822,0.9325087667,1.474689722,1.774269259,0.5421809554,0.3196974397,1.863039017,1.051904506,0.4073983611,1.055070333,0.4206828363,0.8894152644,1.238750625,1.544376672,0.349335361,0.3191396445,2.846553326
resize_0.5,3,ai_edited,visual_logit_calibrated,68,0.07947573759,0.3858939143,0.0934862774,-0.6730319918,-0.1510173946,0.3232758911,0.6367924568,0.4742932857,-0.7068567907,1.3078539,0.07606962618,0.3854618256,0.08852325373,-0.6792741082,-0.1577955694,0.324959222,0.6504446125,0.4827547913,-0.6974656136,1.294879739,-0.003406111405,0.01416469929,-0.004746242743,-0.02637754209,-0.01105363645,0.006530694196,0.01782121715,0.01758433064,-0.03998096636,0.03465758854
resize_0.5,3,ai_edited,dsp_logit_calibrated,68,0.05251155613,0.1194826924,0.05965496377,-0.1265208843,0.0004276035934,0.1151895956,0.2636469627,0.114761992,-0.4031295891,0.3121584006,0.3995317445,0.1147857023,0.4119315938,0.2301718348,0.3076318868,0.486495782,0.5853261861,0.1788638952,0.1054672407,0.6146110669,0.3470201884,0.1343995156,0.3480645855,0.1387820247,0.2934154678,0.4086601712,0.5094853009,0.1152447034,0.1052832258,0.9390695314
resize_0.5,3,ai_edited,visual_contribution,68,0.07336366405,0.356216782,0.08629672472,-0.6212725347,-0.1394034172,0.2984143914,0.5878199975,0.4378178087,-0.6524960409,1.207273529,0.0702194993,0.355817923,0.08171538187,-0.6270346018,-0.1456603171,0.299968266,0.6004222356,0.4456285831,-0.6438270913,1.195297144,-0.003144164753,0.01307536453,-0.004381233426,-0.02434897989,-0.01020355766,0.006028451821,0.01645067825,0.01623200948,-0.03690623419,0.03199225021
resize_0.5,3,ai_edited,dsp_contribution,68,0.03454210837,0.0785957304,0.03924104284,-0.08322545393,0.0002812776987,0.07577173079,0.173427006,0.0754904531,-0.2651786955,0.2053378361,0.2628120329,0.07550604975,0.2709686553,0.1514070625,0.2023602947,0.320016988,0.3850276404,0.1176566933,0.06937636451,0.4042912388,0.2282699245,0.08840801862,0.2289569291,0.09129083369,0.1930087324,0.2688167131,0.3351394964,0.07580798072,0.06925531944,0.6177200585
resize_0.5,3,ai_edited,fusion_logit,68,0.1018446029,0.3670331031,0.135712488,-0.5768891107,-0.1219840591,0.3362282903,0.6694142664,0.4582123494,-0.6305824036,1.161513212,0.3269703626,0.3500436125,0.3329434059,-0.2953786386,0.1118385081,0.5852440748,0.8922503378,0.4734055667,-0.4397273263,1.275656991,0.2251257598,0.0895208018,0.2306549149,0.09102592831,0.1875812327,0.2718582624,0.3442659135,0.08427702963,0.07242929977,0.614540531
resize_0.5,3,ai_edited,fusion_probability,68,0.5246507778,0.088638251,0.5338760979,0.3596517513,0.4695417835,0.5832738652,0.6612799854,0.1137320817,0.3473784913,0.7616075646,0.5787763645,0.08307026464,0.582473671,0.4267286496,0.5279305178,0.6422730505,0.7092255171,0.1143425327,0.3918059439,0.7817095935,0.05412558673,0.02211864054,0.05450256874,0.02010747789,0.04323358858,0.06445212346,0.08122904673,0.02121853488,0.01781385716,0.1515812848
resize_0.5,3,ai_edited,visual_calibrated_probability,68,0.5190740549,0.0924928259,0.5233502456,0.3378195593,0.4623181533,0.5801222624,0.6539676559,0.1178041091,0.3302937462,0.7871538141,0.5182469505,0.09243702538,0.5221113797,0.3364233392,0.4606337029,0.5805320866,0.6570360045,0.1198983837,0.3323743732,0.7849719904,-0.0008271044707,0.003440374444,-0.001169228061,-0.006364546793,-0.002471927301,0.001593617227,0.004348660645,0.004065544528,-0.009692333746,0.008599046531
resize_0.5,4,all,visual_logit_raw,136,0.008417430669,0.2776611596,0.03431541845,-0.4153323472,-0.1682415195,0.1550301202,0.4447543845,0.3232716396,-0.6808906794,1.081691265,0.008009525906,0.2764607677,0.02937099338,-0.4124348611,-0.1622615457,0.1537677795,0.446375668,0.3160293251,-0.6841715574,1.077838063,-0.0004079047632,0.006970985378,-0.000408411026,-0.01064813416,-0.004605924711,0.003671962768,0.01097942144,0.008277887478,-0.01848191023,0.02785810828
resize_0.5,4,all,dsp_logit_raw,136,-0.04073278052,0.3805097614,-0.0004666855093,-0.6898193955,-0.2370173782,0.1676289216,0.4390302896,0.4046462998,-1.441284776,0.8647292852,0.9850530881,0.4516151939,0.9094237983,0.3706675693,0.6788586229,1.258348167,1.750491768,0.579489544,-0.1601401567,2.226239204,1.025785869,0.4514066354,1.045653924,0.4479954336,0.7509503299,1.281384185,1.656277387,0.530433855,-0.5926589966,2.721666813
resize_0.5,4,all,visual_logit_calibrated,136,0.01651800154,0.544870239,0.06733909158,-0.8150302174,-0.3301498743,0.3042243962,0.8727667496,0.6343742705,-1.336150392,2.12266411,0.01571754689,0.542514642,0.05763636586,-0.8093443161,-0.3184150325,0.3017472335,0.8759482864,0.620162266,-1.342588645,2.115102753,-0.0008004546481,0.01367955992,-0.0008014481164,-0.0208954375,-0.009038467251,0.007205700768,0.0215455413,0.01624416802,-0.03626810051,0.05466754565
resize_0.5,4,all,dsp_logit_calibrated,136,-0.03144887252,0.2937831109,-0.0003603174863,-0.5325941895,-0.1829958381,0.1294225564,0.3389655072,0.3124183945,-1.112783871,0.6676382192,0.7605375472,0.3486820314,0.7021458572,0.2861841736,0.5241316211,0.9715425899,1.351515702,0.4474109688,-0.1236406479,1.7188297,0.7919864197,0.3485210081,0.807326103,0.3458872951,0.5797920223,0.9893281863,1.278774877,0.409536164,-0.4575788097,2.101338321
resize_0.5,4,all,visual_contribution,136,0.01507893743,0.4974006222,0.06147244545,-0.7440240046,-0.3013869011,0.2777200756,0.7967304748,0.5791069767,-1.219743691,1.93773558,0.01434821916,0.495250247,0.05261503049,-0.7388334644,-0.2906744101,0.2754587256,0.799634833,0.5661331357,-1.225621037,1.930832976,-0.0007307182728,0.01248778356,-0.0007316251892,-0.01907500698,-0.008251027331,0.006577933219,0.01966847312,0.01482896055,-0.03310838887,0.04990485674
resize_0.5,4,all,dsp_contribution,136,-0.02568015422,0.2398939928,-0.0002942238585,-0.4348995633,-0.1494286112,0.1056823645,0.276788508,0.2551109757,-0.9086640991,0.5451722451,0.6210308968,0.2847227142,0.5733500904,0.233688941,0.4279892977,0.7933309383,1.103604959,0.3653416406,-0.1009610409,1.403541948,0.646711051,0.2845912276,0.6592369511,0.282440621,0.4734398202,0.8078540935,1.044207103,0.3344142734,-0.3736443778,1.715886384
resize_0.5,4,all,fusion_logit,136,-0.01229534931,0.5383196277,-0.07883537377,-0.7711399182,-0.3593363896,0.2512177264,0.8940664224,0.610554116,-1.18900778,1.988717919,0.6336849835,0.5553839891,0.5620960618,-0.1806274331,0.3150488815,0.9595710468,1.568931842,0.6445221653,-0.8600345509,2.485789177,0.6459803328,0.2841214205,0.6464139463,0.2859175376,0.4813228099,0.8106959918,1.049264508,0.329373182,-0.3776670617,1.73554737
resize_0.5,4,all,fusion_probability,136,0.4954002072,0.1238217343,0.4803013737,0.3162428364,0.4111204906,0.5624760265,0.7096889759,0.1513555359,0.2334364404,0.8796074335,0.6432650038,0.1159939108,0.6369367668,0.45497322,0.5781170577,0.7230353453,0.8276259884,0.1449182875,0.297332127,0.9231395643,0.1478647966,0.06807165017,0.1478101938,0.06355020001,0.1076580092,0.1858574518,0.2526770855,0.07819944253,-0.08646454464,0.4065911039
resize_0.5,4,all,visual_calibrated_probability,136,0.5026988629,0.1235952233,0.5168284099,0.3068200787,0.4182045289,0.5754726,0.7051920522,0.1572680711,0.208143838,0.8930865731,0.5025071242,0.1231104529,0.5144051,0.3080318021,0.4210634878,0.5748657338,0.7058655054,0.153802246,0.2070846792,0.8923624436,-0.0001917387002,0.003277953637,-0.0001942269259,-0.005090483894,-0.002070730904,0.001712729449,0.005206580718,0.003783460353,-0.008152053403,0.01340642731
resize_0.5,4,authentic,visual_logit_raw,68,-0.02941081447,0.2711009657,-0.002128664404,-0.4310605377,-0.205009874,0.09776004031,0.3094380707,0.3027699143,-0.6808906794,1.014453292,-0.02933280695,0.2698611049,-0.002706153318,-0.4278199315,-0.2041053548,0.09420701116,0.3111669451,0.298312366,-0.6841715574,1.012433887,7.800752407e-05,0.007293048501,-0.0003296360373,-0.01029655412,-0.00491878856,0.004134783987,0.01192405522,0.009053572547,-0.01488371193,0.02785810828
resize_0.5,4,authentic,dsp_logit_raw,68,-0.09770576228,0.3808640697,-0.04236864671,-0.7573851943,-0.2777021527,0.1203588229,0.3700301379,0.3980609756,-1.441284776,0.8515752554,0.9834982087,0.4632732839,0.8939720094,0.3727712005,0.6633833647,1.261459053,1.762589699,0.5980756879,-0.1601278782,2.218647957,1.081203971,0.4486651337,1.067161575,0.4603226438,0.8079278022,1.348331302,1.721561052,0.5404035002,-0.4077997208,2.721666813
resize_0.5,4,authentic,visual_logit_calibrated,68,-0.05771450905,0.5319967985,-0.004177198872,-0.8458945376,-0.4023025013,0.1918400709,0.6072278736,0.5941425722,-1.336150392,1.990719222,-0.05756143047,0.5295637494,-0.005310438116,-0.8395353123,-0.4005275122,0.1848677603,0.6106205419,0.5853952724,-1.342588645,1.986756428,0.0001530785881,0.01431156265,-0.000646863489,-0.02020551204,-0.009652417724,0.008113921092,0.02339924974,0.01776633882,-0.02920715195,0.05466754565
resize_0.5,4,authentic,dsp_logit_calibrated,68,-0.07543644265,0.2940566644,-0.03271188836,-0.5847602377,-0.2144076463,0.09292636613,0.285692027,0.3073340124,-1.112783871,0.6574822858,0.7593370594,0.357682983,0.6902158752,0.2878083404,0.512183519,0.9739444354,1.360856245,0.4617609164,-0.1236311679,1.712968667,0.8347735021,0.3464043557,0.8239316809,0.3554048596,0.6237830594,1.041016564,1.32917894,0.417233505,-0.3148530806,2.101338321
resize_0.5,4,authentic,visual_contribution,68,-0.05268636577,0.4856487281,-0.003813277307,-0.7721993956,-0.3672535222,0.1751267802,0.5543255999,0.5423803025,-1.219743691,1.817285858,-0.05254662354,0.4834276486,-0.004847787664,-0.7663941921,-0.3656331719,0.168761904,0.5574226957,0.5343950759,-1.225621037,1.813668306,0.000139742235,0.01306472561,-0.0005905081226,-0.01844518849,-0.008811489851,0.007407028518,0.0213606847,0.01621851837,-0.02666259691,0.04990485674
resize_0.5,4,authentic,dsp_contribution,68,-0.06159901218,0.2401173679,-0.026711493,-0.4774967077,-0.1750784999,0.0758807303,0.2332870697,0.2509592302,-0.9086640991,0.5368792312,0.6200506165,0.2920726065,0.5636084445,0.2350151842,0.4182328556,0.7952922093,1.111232151,0.3770593538,-0.1009532999,1.398756013,0.6816496287,0.2828628363,0.6727965406,0.2902123629,0.5093615092,0.8500611877,1.085365466,0.3406996785,-0.2570990634,1.715886384
resize_0.5,4,authentic,fusion_logit,68,-0.1159795105,0.5008328128,-0.105822982,-0.7859514057,-0.473808591,0.1843230277,0.6453191016,0.6581316186,-1.18900778,1.76247996,0.5658098605,0.5476724667,0.5331771443,-0.2454350905,0.2774167626,0.8843820209,1.464534691,0.6069652583,-0.8600345509,2.310540077,0.6817893709,0.2814670953,0.669959758,0.3083553676,0.5177037077,0.8327781958,1.073683512,0.3150744881,-0.2353963183,1.73554737
resize_0.5,4,authentic,fusion_probability,68,0.4713475195,0.1161490886,0.4735694705,0.313051146,0.3837151985,0.5459506394,0.6559477965,0.1622354409,0.2334364404,0.8535199857,0.6290356432,0.1175152117,0.6302237923,0.4389998476,0.5689127493,0.7077294194,0.8116162779,0.13881667,0.297332127,0.9097462098,0.1576881237,0.06701531694,0.150838958,0.06407515046,0.121928601,0.1943319288,0.2606328451,0.07240332782,-0.05834903487,0.4065911039
resize_0.5,4,authentic,visual_calibrated_probability,68,0.4855712658,0.1209079834,0.4989557439,0.300308984,0.4007658358,0.5478115341,0.6473070681,0.1470456983,0.208143838,0.879819207,0.4855900894,0.1203606915,0.498672397,0.3016411853,0.4011934372,0.5460785909,0.648081776,0.1448851537,0.2070846792,0.8793995605,1.88235516e-05,0.003454373084,-0.0001583475856,-0.005016696894,-0.002378051489,0.00197057263,0.005447396536,0.004348624119,-0.007254978184,0.01340642731
resize_0.5,4,ai_edited,visual_logit_raw,68,0.04624567581,0.2809656917,0.04085263051,-0.348866643,-0.129302416,0.1797228903,0.506824699,0.3090253063,-0.6364543438,1.081691265,0.04535185876,0.2799041368,0.04358855076,-0.3462923884,-0.1267020907,0.1830322221,0.5024822161,0.3097343128,-0.6269820929,1.077838063,-0.0008938170504,0.006651822409,-0.0008371472359,-0.01314590778,-0.004531979561,0.003490538336,0.009278417751,0.008022517897,-0.01848191023,0.02020989358
resize_0.5,4,ai_edited,dsp_logit_raw,68,0.01624020124,0.3742862449,0.07450509816,-0.6498164177,-0.19203493,0.2683293223,0.5119493961,0.4603642523,-1.419060826,0.8647292852,0.9866079675,0.4430910147,0.9185662866,0.3845939711,0.6953001916,1.255565822,1.711809397,0.5602656305,-0.1601401567,2.226239204,0.9703677663,0.4506027105,0.9889817238,0.433255605,0.7184562776,1.185614227,1.603353559,0.4671579497,-0.5926589966,2.711087227
resize_0.5,4,ai_edited,visual_logit_calibrated,68,0.09075051213,0.5513549098,0.08016743351,-0.684600797,-0.2537374634,0.3526804192,0.9945708478,0.6064178826,-1.248950451,2.12266411,0.08899652424,0.5492717603,0.08553628497,-0.6795491913,-0.2486346976,0.3591745088,0.9860493472,0.6078092064,-1.230362516,2.115102753,-0.001753987884,0.01305324832,-0.001642781494,-0.02579696032,-0.008893360491,0.006849681318,0.01820756531,0.01574304181,-0.03626810051,0.03965902024
resize_0.5,4,ai_edited,dsp_logit_calibrated,68,0.01253869762,0.2889780724,0.05752372669,-0.5017087814,-0.1482658919,0.2071710927,0.395264725,0.3554369846,-1.095625254,0.6676382192,0.7617380349,0.3421007026,0.7092045687,0.2969364382,0.5368257901,0.9693944034,1.321649905,0.4325686133,-0.1236406479,1.7188297,0.7491993373,0.3479003156,0.7635707593,0.3345070018,0.5547040883,0.9153863353,1.237913568,0.360682247,-0.4575788097,2.093170058
resize_0.5,4,ai_edited,visual_contribution,68,0.08284424063,0.5033203422,0.07318316995,-0.6249577202,-0.2316316126,0.3219545635,0.9079228834,0.5535861761,-1.140140692,1.93773558,0.08124306185,0.5014186787,0.07808428193,-0.6203462152,-0.2269734047,0.3278828817,0.9001437841,0.5548562864,-1.123172155,1.930832976,-0.001601178781,0.01191603683,-0.001499660797,-0.02354950444,-0.00811856241,0.006252930524,0.01662130479,0.01437149293,-0.03310838887,0.03620388843
resize_0.5,4,ai_edited,dsp_contribution,68,0.01023870374,0.2359703504,0.0469720551,-0.4096795163,-0.121069236,0.1691693592,0.3227606679,0.2902385952,-0.8946529159,0.5451722451,0.6220111771,0.2793486093,0.5791140109,0.2424689001,0.4383549545,0.7915767972,1.079217494,0.3532218427,-0.1009610409,1.403541948,0.6117724734,0.2840843898,0.6235077219,0.2731478336,0.4529538071,0.7474755176,1.010841051,0.2945217105,-0.3736443778,1.709216439
resize_0.5,4,ai_edited,fusion_logit,68,0.09138881185,0.5578942667,0.03992316821,-0.733609114,-0.2871413886,0.3781235969,1.093682157,0.6652649855,-1.083927646,1.988717919,0.7015601065,0.5587573567,0.6420091314,-0.147871545,0.3821738971,0.979386013,1.657025122,0.5972121159,-0.4755535271,2.485789177,0.6101712946,0.284303071,0.6157237712,0.2794738761,0.4538560407,0.7455647561,1.002170879,0.2917087154,-0.3776670617,1.725192885
resize_0.5,4,ai_edited,fusion_probability,68,0.5194528949,0.1273873345,0.5099794047,0.3244492267,0.4287043581,0.5934188179,0.7485333703,0.1647144597,0.252763466,0.8796074335,0.6574943644,0.1135304849,0.6552037483,0.4631046476,0.594396859,0.7269625357,0.8396188352,0.1325656767,0.3833026433,0.9231395643,0.1380414694,0.06818893464,0.1282683495,0.05783222163,0.09008962846,0.1733704435,0.2414064327,0.08328081503,-0.08646454464,0.4054976978
resize_0.5,4,ai_edited,visual_calibrated_probability,68,0.5198264599,0.1247611666,0.5200310142,0.3353698191,0.4369286916,0.5872674103,0.7299718781,0.1503387187,0.2228818737,0.8930865731,0.5194241589,0.1243823454,0.5213709886,0.3365031158,0.4381820831,0.5888404755,0.7282969491,0.1506583924,0.2261179833,0.8923624436,-0.000402300952,0.003102844361,-0.0003685756682,-0.006051781604,-0.001977888198,0.001571151778,0.004201877957,0.003549039976,-0.008152053403,0.009855719513
resize_0.5,all,all,visual_logit_raw,682,-0.001029250415,0.4299950222,-0.01549995551,-0.6287045002,-0.2003543153,0.1774220429,0.6613530785,0.3777763583,-2.030059099,2.352267981,-0.001398030462,0.429000614,-0.01436139503,-0.6279065996,-0.1974862143,0.1735824607,0.6497098655,0.3710686751,-2.033619404,2.343624353,-0.0003687800476,0.01471443373,-6.207637489e-05,-0.02233275659,-0.005509493407,0.005310840905,0.01752188653,0.01082033431,-0.07867455482,0.1194539666
resize_0.5,all,all,dsp_logit_raw,682,0.00479938368,0.3945919502,0.03304175474,-0.6888641059,-0.1881646365,0.2110992037,0.6059361815,0.3992638402,-1.851218104,1.327116013,1.067337519,0.4251603554,1.03487438,0.4495973855,0.811452806,1.334177554,1.762727344,0.5227247477,-0.9634575844,2.830771685,1.062538136,0.4382960575,1.057072828,0.4374324076,0.8189620422,1.280212503,1.72136117,0.4612504607,-1.105237499,2.98681879
resize_0.5,all,all,visual_logit_calibrated,682,0.005711724125,0.4420453562,-0.02202107387,-0.6518471713,-0.2683258413,0.2690710127,0.7076874039,0.5373968541,-1.575196724,2.12266411,0.005295173203,0.4405882233,-0.02024840513,-0.6556639333,-0.2661749843,0.2679103829,0.71115098,0.5340853672,-1.580044597,2.115102753,-0.0004165509219,0.01368418385,-0.0001072938608,-0.02268472549,-0.008148185729,0.007427843218,0.02264318785,0.01557602895,-0.04456726802,0.05466754565
resize_0.5,all,all,dsp_logit_calibrated,682,-0.002540963106,0.2973472466,0.02002381442,-0.5250395526,-0.1298839152,0.1361832204,0.4302961123,0.2660671356,-1.690478575,1.211883775,0.7438417892,0.3724898234,0.7112757875,0.2549983627,0.4730689925,0.9743805625,1.403759578,0.5013115699,-0.879801467,1.916416007,0.7463827523,0.3905908921,0.7398526611,0.2295087487,0.4516122268,0.9795624728,1.398145979,0.527950246,-1.009270765,2.503603547
resize_0.5,all,all,visual_contribution,682,0.005446122168,0.4041863103,-0.02014919568,-0.590547176,-0.2451027714,0.2463367044,0.6524445745,0.4914394757,-1.423024882,1.93773558,0.005043031369,0.4028597453,-0.01862633714,-0.6068196283,-0.2459278007,0.2446328343,0.6541568043,0.490560635,-1.427404426,1.930832976,-0.0004030907989,0.01254047468,-9.835032524e-05,-0.02099761416,-0.007521550331,0.006878068745,0.02054922384,0.01439961908,-0.04026184814,0.04990485674
resize_0.5,all,all,dsp_contribution,682,-0.002546164256,0.259905628,0.0150196983,-0.4349376673,-0.1056483635,0.1067842608,0.3814468293,0.2124326244,-1.551020126,1.111907689,0.6313622515,0.3498160461,0.6065559624,0.1765059465,0.3437341412,0.8470280023,1.25268998,0.5032938611,-0.8072209862,1.736590399,0.6339084158,0.3639201497,0.617668053,0.1667008137,0.3371424821,0.8516586319,1.24807126,0.5145161497,-0.926009529,2.241430161
resize_0.5,all,all,fusion_logit,682,0.00944906619,0.4858149215,-0.01517011986,-0.7617417552,-0.3030994308,0.3263554208,0.7751525321,0.6294548516,-1.569573506,1.988717919,0.6429543911,0.5190235227,0.6073490173,-0.1546783547,0.320679184,0.9673098364,1.547427171,0.6466306524,-0.9440254447,2.485789177,0.633505325,0.3639083632,0.6212126612,0.1711313196,0.3433664554,0.8496883296,1.234222508,0.5063218741,-0.9543679781,2.230347207
resize_0.5,all,all,fusion_probability,682,0.501920132,0.114034893,0.496207543,0.3182682467,0.4248001365,0.580872252,0.684634312,0.1560721155,0.1722772004,0.8796074335,0.64670188,0.111020344,0.6473355067,0.4614073283,0.5794897593,0.7245829457,0.8245418246,0.1450931864,0.2800879391,0.9231395643,0.144781748,0.08265342677,0.1447654245,0.0394648269,0.0780667822,0.1956045555,0.2708530387,0.1175377733,-0.1878407517,0.4988337157
resize_0.5,all,all,visual_calibrated_probability,682,0.5008127092,0.1035628417,0.4944949569,0.3425736662,0.4333181453,0.5668647896,0.6698899442,0.1335466443,0.1714768191,0.8930865731,0.5007280401,0.1032967498,0.4949380717,0.3417143292,0.4338463707,0.5665798283,0.6706549024,0.1327334576,0.1707891661,0.8923624436,-8.466909505e-05,0.003287512295,-2.423266292e-05,-0.005494346837,-0.001922606165,0.001753354771,0.005501734773,0.003675960936,-0.01045845705,0.01340642731
resize_0.5,all,authentic,visual_logit_raw,341,-0.06488716755,0.4290425476,-0.06009811535,-0.7097240686,-0.2494900525,0.1075383425,0.4964360297,0.3570283949,-1.990869761,2.337252378,-0.06548572712,0.4280011071,-0.06427749991,-0.7023016214,-0.248750791,0.1053632498,0.4942181408,0.3541140407,-2.005908489,2.315126181,-0.0005985595703,0.01375145882,0.0003294944763,-0.02212619781,-0.005617368966,0.005177713931,0.01754760742,0.0107950829,-0.07867455482,0.05899500847
resize_0.5,all,authentic,dsp_logit_raw,341,-0.04995950996,0.3991638214,-0.03782658279,-0.6926277876,-0.2208399922,0.1601880789,0.5378523469,0.381028071,-1.851218104,1.327116013,1.069553413,0.4307938958,1.034766197,0.4720489979,0.8105577826,1.332915545,1.778081775,0.5223577619,-0.9634575844,2.830771685,1.119512923,0.4484126673,1.108120665,0.4795133397,0.9041097462,1.340968743,1.748249099,0.4368589967,-1.105237499,2.98681879
resize_0.5,all,authentic,visual_logit_calibrated,341,-0.07201056657,0.4244550263,-0.0992062354,-0.6870575975,-0.3260280923,0.1803229551,0.6058430175,0.5063510474,-1.575196724,1.990719222,-0.07223150423,0.4236468153,-0.1017749209,-0.6765071857,-0.3301397058,0.1707475592,0.6136289492,0.5008872649,-1.580044597,1.986756428,-0.0002209376597,0.01352027345,0.0004172594048,-0.02040405964,-0.00817155448,0.007369206022,0.02445271178,0.0155407605,-0.04173767679,0.05466754565
resize_0.5,all,authentic,dsp_logit_calibrated,341,-0.04054505863,0.3045291801,-0.02279791361,-0.5347624865,-0.1615355172,0.1005891623,0.3859164086,0.2621246795,-1.690478575,1.211883775,0.7451902128,0.375473246,0.7101533967,0.2513657472,0.4640325542,0.9811734031,1.375034955,0.5171408489,-0.879801467,1.916416007,0.7857352715,0.4056939199,0.7616941791,0.2741190381,0.4754738956,1.021948908,1.43033102,0.5464750129,-1.009270765,2.503603547
resize_0.5,all,authentic,visual_contribution,341,-0.06568860747,0.3884051727,-0.09166738686,-0.6272004818,-0.2992341057,0.1661152349,0.5581864016,0.4653493406,-1.423024882,1.817285858,-0.06591444001,0.3876695931,-0.09194295703,-0.617569232,-0.3046453052,0.1558718683,0.5601690076,0.4605171735,-1.427404426,1.813668306,-0.0002258325335,0.01239285922,0.0003813018833,-0.01863281683,-0.007543121911,0.006823771602,0.02209045813,0.01436689351,-0.03852784499,0.04990485674
resize_0.5,all,authentic,dsp_contribution,341,-0.03465781163,0.2669686265,-0.01640235636,-0.4856279298,-0.1298260632,0.08421103205,0.347738077,0.2140370953,-1.551020126,1.111907689,0.6325039383,0.3523134277,0.6093951157,0.1745661361,0.3494801564,0.8445340179,1.238604162,0.4950538615,-0.8072209862,1.736590399,0.66716175,0.3795426806,0.6617731703,0.1966407766,0.3622171331,0.8838100019,1.260118295,0.5215928688,-0.926009529,2.241430161
resize_0.5,all,authentic,fusion_logit,341,-0.09379731082,0.4697300395,-0.0966464649,-0.7958910214,-0.3829544083,0.2107967584,0.6765286846,0.5937511666,-1.569573506,1.76247996,0.5731386066,0.5086893617,0.5471607179,-0.1602947148,0.2747509077,0.8938993738,1.516237856,0.6191484661,-0.9440254447,2.310540077,0.6669359174,0.3791483903,0.6637527154,0.1998076984,0.3635203694,0.8813015793,1.263208558,0.5177812099,-0.9543679781,2.230347207
resize_0.5,all,authentic,fusion_probability,341,0.4775414696,0.1102422056,0.4758571731,0.3109051546,0.4054145278,0.5525049109,0.6629634959,0.1470903831,0.1722772004,0.8535199857,0.6317559545,0.1108267201,0.6334766053,0.4600119071,0.568258872,0.7096942105,0.8199838175,0.1414353385,0.2800879391,0.9097462098,0.1542144848,0.08560611743,0.1527291481,0.0453734375,0.08707465457,0.2076729868,0.279804929,0.1205983322,-0.1878407517,0.4988337157
resize_0.5,all,authentic,visual_calibrated_probability,341,0.4823347018,0.09993144949,0.4752187623,0.3346879447,0.4192073621,0.5449589795,0.646991956,0.1257516174,0.1714768191,0.879819207,0.4822892054,0.09976136455,0.4745782095,0.3370413079,0.418206631,0.5425834809,0.6487681693,0.1243768499,0.1707891661,0.8793995605,-4.549635244e-05,0.003269502848,0.0001016918782,-0.005035040464,-0.001881820688,0.001719270601,0.005940450022,0.003601091289,-0.009803050587,0.01340642731
resize_0.5,all,ai_edited,visual_logit_raw,341,0.06282866672,0.4219929942,0.03492799774,-0.4900171757,-0.1394671202,0.2376811653,0.7799586058,0.3771482855,-2.030059099,2.352267981,0.0626896662,0.4209522284,0.03080744669,-0.502935648,-0.1370338947,0.2349366546,0.7722212672,0.3719705492,-2.033619404,2.343624353,-0.0001390005248,0.01563513352,-0.0003304034472,-0.02234362811,-0.005404353142,0.00541010499,0.01693885028,0.01081445813,-0.07811519504,0.1194539666
resize_0.5,all,ai_edited,dsp_logit_raw,341,0.05955827732,0.3827755167,0.09068220854,-0.6650549173,-0.1119776517,0.27646631,0.6256977916,0.3884439617,-1.419060826,1.266645193,1.065121625,0.4200727041,1.036776066,0.4490223229,0.8126119375,1.340107918,1.741629004,0.5274959803,-0.9351725578,2.824373484,1.005563348,0.4209353993,0.9956642482,0.4018086195,0.7516072392,1.205996737,1.654028118,0.4543894976,-0.5926589966,2.846553326
resize_0.5,all,ai_edited,visual_logit_calibrated,341,0.08343401482,0.446210488,0.046476304,-0.5822389727,-0.1767261961,0.352245395,0.8280923149,0.5289715911,-1.355105382,2.12266411,0.08282185064,0.4441555465,0.04763522936,-0.579284915,-0.1804546208,0.3538125159,0.8168541887,0.5342671367,-1.349007573,2.115102753,-0.0006121641841,0.01386326016,-0.000515077173,-0.02361749129,-0.008018531097,0.007637822751,0.02123713964,0.01565635385,-0.04456726802,0.05195599003
resize_0.5,all,ai_edited,dsp_logit_calibrated,341,0.03546313242,0.2854044066,0.05810697274,-0.4858321035,-0.07280020377,0.1719544531,0.4624326883,0.2447546568,-1.152469046,0.857511447,0.7424933656,0.3700292093,0.7123981783,0.2638635189,0.4772116702,0.9662101818,1.403955268,0.4889985116,-0.8539724028,1.912084462,0.7070302332,0.371318316,0.676900713,0.1917302207,0.4242548998,0.925519253,1.316893006,0.5012643532,-0.4575788097,2.327158003
resize_0.5,all,ai_edited,visual_contribution,341,0.07658085181,0.4076824666,0.04247118708,-0.5328310829,-0.1614967347,0.3236940523,0.7552603997,0.485190787,-1.224195459,1.93773558,0.07600050274,0.4058103419,0.04353024152,-0.5325056848,-0.1649038607,0.3266619181,0.7537026953,0.4915657788,-1.218686728,1.930832976,-0.0005803490643,0.01270210867,-0.0004769535518,-0.02186943423,-0.007319948991,0.006899971065,0.0193869397,0.01421992006,-0.04026184814,0.04747865865
resize_0.5,all,ai_edited,dsp_contribution,341,0.02956548312,0.2489174988,0.04227325699,-0.419286693,-0.05992847831,0.145354674,0.4140074718,0.2052831523,-1.057394463,0.7666710576,0.6302205647,0.3478147234,0.6053515181,0.1769723521,0.3382996869,0.8477450964,1.253431339,0.5094454095,-0.7835227276,1.639903078,0.6006550816,0.3449558732,0.5843450829,0.1374634064,0.3279813195,0.8117289022,1.201993672,0.4837475827,-0.3736443778,2.083461713
resize_0.5,all,ai_edited,fusion_logit,341,0.1126954432,0.4803101056,0.0906442996,-0.6133420517,-0.1966394998,0.4081046658,0.9466206956,0.6047441655,-1.237550091,1.988717919,0.7127701757,0.5205968863,0.6822846362,-0.1192136708,0.3986695934,1.054795377,1.562785572,0.6561257833,-0.8142272,2.485789177,0.6000747325,0.3453299966,0.5867324195,0.1364752622,0.3244675035,0.8123355058,1.210989445,0.4878680023,-0.3776670617,2.052413731
resize_0.5,all,ai_edited,fusion_probability,341,0.5262987943,0.1126973039,0.5226455716,0.3512972082,0.4509979207,0.6006333263,0.7204350651,0.1496354056,0.2248627158,0.8796074335,0.6616478056,0.1093464576,0.6642484136,0.4702318292,0.5983679737,0.7416946794,0.8267527012,0.1433267057,0.3069904373,0.9231395643,0.1353490113,0.07858999327,0.1271295626,0.03304565118,0.07147277278,0.1808909251,0.2577075397,0.1094181523,-0.08646454464,0.4722478246
resize_0.5,all,ai_edited,visual_calibrated_probability,341,0.5192907167,0.1039754427,0.511616985,0.3584175689,0.4559330834,0.5871619753,0.6959514088,0.1312288919,0.2050369576,0.8930865731,0.5191668748,0.1036219521,0.511906556,0.3590971513,0.4550083704,0.5875417978,0.693568164,0.1325334274,0.2060326689,0.8923624436,-0.0001238418377,0.003309763545,-0.0001202901499,-0.005643852017,-0.001936201324,0.001779128848,0.005172796885,0.003715330172,-0.01045845705,0.01298674447
resize_0.5_jpeg_q75,0,all,visual_logit_raw,138,-0.0199062823,0.267058662,-0.04386787489,-0.4104070827,-0.2003079504,0.135436248,0.4316712186,0.3357441984,-0.8537579775,0.960636735,-0.02069674843,0.2619633608,-0.03993912227,-0.3971266478,-0.1896364354,0.1443485916,0.4121195182,0.3339850269,-0.8668778539,0.9109852314,-0.0007904661218,0.02383701516,-0.002568584867,-0.03297155201,-0.01315269992,0.009720217437,0.03750114553,0.02287291735,-0.06757158786,0.09819735587
resize_0.5_jpeg_q75,0,all,dsp_logit_raw,138,-0.06944992173,0.3677294026,-0.07955993712,-0.599309808,-0.2703946196,0.1184174642,0.5728466272,0.3888120838,-1.057620764,1.266645193,-1.095680065,0.4182946472,-1.061794996,-1.690242529,-1.303733587,-0.8131649494,-0.556755811,0.4905686378,-2.685219526,-0.2066426426,-1.026230144,0.4261239314,-0.9684704393,-1.833592272,-1.283324465,-0.6919869781,-0.4529336013,0.5913374871,-1.92640233,-0.2942991257
resize_0.5_jpeg_q75,0,all,visual_logit_calibrated,138,-0.03672739991,0.4927273777,-0.08093691026,-0.7572074396,-0.3695712784,0.2498819804,0.7964401003,0.6194532588,-1.575196724,1.772389691,-0.03818582218,0.4833264679,-0.07368830069,-0.732704831,-0.3498821675,0.2663253926,0.7603669096,0.6162075601,-1.599403099,1.680781896,-0.001458422267,0.04397966307,-0.004739078959,-0.06083302538,-0.02426693555,0.01793395209,0.06919019573,0.04220088764,-0.1246706287,0.1811756462
resize_0.5_jpeg_q75,0,all,dsp_logit_calibrated,138,-0.04701719408,0.2489506721,-0.05386161585,-0.405729263,-0.1830555887,0.08016793624,0.3878138431,0.2632235249,-0.7160031211,0.857511447,-0.7417690475,0.2831830493,-0.7188290522,-1.144284386,-0.8826200747,-0.550507953,-0.3769204539,0.3321121217,-1.81787804,-0.1398958702,-0.6947518534,0.2884834293,-0.6556488686,-1.24133133,-0.8688032174,-0.4684711694,-0.3066334203,0.400332048,-1.304163201,-0.1992388006
resize_0.5_jpeg_q75,0,all,visual_contribution,138,-0.03317935031,0.4451274611,-0.07311800196,-0.6840574328,-0.3338688538,0.2257421376,0.7195000233,0.5596109914,-1.423024882,1.601168027,-0.03449688173,0.4366347259,-0.06656964414,-0.6619218981,-0.316081809,0.2405970343,0.6869116823,0.5566788433,-1.444892801,1.51841,-0.001317531419,0.03973100876,-0.004281260348,-0.0549562524,-0.02192262882,0.01620144307,0.06250607851,0.03812407189,-0.1126268256,0.1636731772
resize_0.5_jpeg_q75,0,all,dsp_contribution,138,-0.03924753115,0.2078111944,-0.0449609018,-0.3386818844,-0.1528053739,0.06692006268,0.3237270149,0.2197254365,-0.5976825148,0.7158063744,-0.6191905827,0.2363866191,-0.6000414566,-0.9551896483,-0.7367657631,-0.4595356753,-0.3146337748,0.2772300878,-1.517470926,-0.1167778646,-0.5799430515,0.2408111032,-0.5473018945,-1.036199437,-0.7252321625,-0.3910555952,-0.2559617806,0.3341765674,-1.088648246,-0.1663142854
resize_0.5_jpeg_q75,0,all,fusion_logit,138,-0.0549886114,0.509802309,-0.1017197864,-0.8057445843,-0.3643654545,0.2720290985,0.7522188885,0.636394553,-1.503746513,1.521055246,-0.6362491943,0.4965685163,-0.6900447834,-1.444754819,-0.9188764234,-0.2933622823,0.1956825175,0.6255141411,-1.919149852,0.8543250558,-0.5812605829,0.2497759591,-0.5218742877,-1.0557059,-0.7490016933,-0.3865185051,-0.2158632964,0.3624831882,-1.201275072,-0.1319678358
resize_0.5_jpeg_q75,0,all,fusion_probability,138,0.4862691112,0.1196519091,0.4745920174,0.3088207379,0.4099032285,0.5675893711,0.6796016623,0.1576861426,0.1818674093,0.8206938183,0.3533550566,0.1090477383,0.334023112,0.190812392,0.2851870034,0.4271809296,0.5487638356,0.1419939261,0.1279563988,0.7014736339,-0.1329140546,0.05842789786,-0.1238594345,-0.2408568565,-0.1725208305,-0.08676843753,-0.05285997996,0.08575239294,-0.2915811328,-0.03275777637
resize_0.5_jpeg_q75,0,all,visual_calibrated_probability,138,0.490705221,0.114583227,0.479776814,0.3193160832,0.4086446227,0.5621470335,0.6892101715,0.1535024108,0.1714768191,0.8547546008,0.4904596214,0.1128121514,0.48158633,0.3246383558,0.413410999,0.5661904893,0.6814173237,0.1527794904,0.1680650565,0.8430080392,-0.0002455995886,0.01032697861,-0.001183671369,-0.01384829362,-0.006018964702,0.004249386953,0.01547703615,0.01026835166,-0.03103818758,0.04465176645
resize_0.5_jpeg_q75,0,authentic,visual_logit_raw,69,-0.07356227975,0.2289250265,-0.09622300416,-0.4184378743,-0.2105138898,0.03965314478,0.3195847869,0.2501670346,-0.8537579775,0.4747428894,-0.07453047981,0.2257567885,-0.1000341028,-0.418105197,-0.2066203654,0.04323281348,0.3284922838,0.2498531789,-0.8668778539,0.4447355568,-0.0009682000586,0.02205841887,-0.005153141916,-0.02905590534,-0.013145715,0.009332492948,0.03955352604,0.02247820795,-0.05178320408,0.06773652509
resize_0.5_jpeg_q75,0,authentic,dsp_logit_raw,69,-0.1292529252,0.3539111459,-0.1292729527,-0.5995092869,-0.3150128424,0.03001282923,0.4172482193,0.3450256716,-1.057620764,1.211273909,-1.097599842,0.4120878218,-1.070716143,-1.669955444,-1.290091157,-0.8340332508,-0.5787399054,0.4560579062,-2.621691465,-0.2642281353,-0.9683469164,0.418763967,-0.8928698152,-1.800929061,-1.220738381,-0.6478885412,-0.4288048059,0.5728498399,-1.853773341,-0.2942991257
resize_0.5_jpeg_q75,0,authentic,visual_logit_calibrated,69,-0.1357235483,0.4223702281,-0.1775329366,-0.7720243747,-0.3884013951,0.07316066776,0.5896388936,0.4615620628,-1.575196724,0.8759080017,-0.1375098924,0.4165247798,-0.1845644728,-0.7714105798,-0.3812177821,0.07976521209,0.6060733638,0.4609829942,-1.599403099,0.8205440073,-0.00178634414,0.04069812529,-0.009507626842,-0.05360859647,-0.02425404827,0.01721859438,0.07297686965,0.04147264265,-0.0955408155,0.1249749405
resize_0.5_jpeg_q75,0,authentic,dsp_logit_calibrated,69,-0.08750348047,0.2395957925,-0.08751703896,-0.405864309,-0.2132618667,0.02031851126,0.2824746237,0.233580378,-0.7160031211,0.8200254087,-0.7430687248,0.2789810645,-0.7248686166,-1.130550147,-0.8733842285,-0.564635672,-0.3918035582,0.3087485565,-1.774869912,-0.1788809147,-0.6555652443,0.2835007761,-0.6044676847,-1.219218526,-0.8264328017,-0.4386167835,-0.2902983658,0.3878160181,-1.254993797,-0.1992388006
resize_0.5_jpeg_q75,0,authentic,visual_contribution,69,-0.1226119781,0.3815671622,-0.1603823715,-0.6974429783,-0.3508798875,0.06609298318,0.5326768423,0.4169728707,-1.423024882,0.7912909299,-0.1242257525,0.3762864133,-0.1667346262,-0.696888479,-0.3443902473,0.07205949566,0.5475236608,0.4164497429,-1.444892801,0.7412753728,-0.001613774407,0.03676648385,-0.008589142775,-0.04842973928,-0.02191098651,0.01555519248,0.06592694089,0.03746617899,-0.08631109728,0.1129017393
resize_0.5_jpeg_q75,0,authentic,dsp_contribution,69,-0.07304339705,0.2000022229,-0.07305471498,-0.3387946138,-0.1780200184,0.01696084633,0.2357952619,0.1949808648,-0.5976825148,0.684514961,-0.6202754863,0.2328790187,-0.6050829737,-0.9437250135,-0.7290561546,-0.4713287672,-0.3270574235,0.2577273873,-1.481569956,-0.1493205711,-0.5472320892,0.2366518411,-0.5045784792,-1.017740807,-0.6898635225,-0.366134692,-0.2423261187,0.3237288305,-1.04760416,-0.1663142854
resize_0.5_jpeg_q75,0,authentic,fusion_logit,69,-0.1782171051,0.4354295297,-0.2420125523,-0.7871335114,-0.4065559612,0.04298183947,0.5502682916,0.4495378007,-1.503746513,0.9259335516,-0.7270629687,0.4451180494,-0.7663609516,-1.453456353,-0.9488185935,-0.5491170395,-0.03581413481,0.399701554,-1.919149852,0.4126459892,-0.5488458637,0.2415935557,-0.5096405321,-1.017363225,-0.7009574963,-0.3726465094,-0.2006273088,0.3283109869,-1.064010139,-0.1718421902
resize_0.5_jpeg_q75,0,authentic,fusion_probability,69,0.4571993933,0.1031023799,0.4397904486,0.3127891154,0.3997382238,0.5107438059,0.6341978254,0.111005582,0.1818674093,0.7162495635,0.3326326084,0.09509143783,0.3172668307,0.1894744799,0.2791224744,0.3660692868,0.4910474311,0.08694681241,0.1279563988,0.6017221674,-0.1245667848,0.05485619557,-0.1145273961,-0.2258427237,-0.1596321418,-0.07925284091,-0.04568843391,0.08037930086,-0.2560222459,-0.03589274245
resize_0.5_jpeg_q75,0,authentic,visual_calibrated_probability,69,0.4675510098,0.09947630564,0.455732972,0.3164156174,0.4041021915,0.5182820132,0.6432749293,0.1141798217,0.1714768191,0.7059735415,0.4671668397,0.09813756802,0.4539894166,0.3162442713,0.4058332164,0.5199307367,0.6470363927,0.1140975203,0.1680650565,0.6943518055,-0.0003841701129,0.009603104133,-0.001994004815,-0.01190254911,-0.006019367311,0.004243307739,0.017673161,0.01026267505,-0.02249309998,0.03112527969
resize_0.5_jpeg_q75,0,ai_edited,visual_logit_raw,69,0.03374971514,0.2923015753,0.008493877947,-0.3659170449,-0.1595104486,0.2501013875,0.4577107489,0.4096118361,-0.7344682813,0.960636735,0.03313698296,0.285326632,0.005382094532,-0.352453053,-0.1447227299,0.2448371053,0.448989445,0.3895598352,-0.736743331,0.9109852314,-0.000612732185,0.02565393857,0.0007347166538,-0.04490532577,-0.01315502822,0.01183561981,0.03315520734,0.02499064803,-0.06757158786,0.09819735587
resize_0.5_jpeg_q75,0,ai_edited,dsp_logit_raw,69,-0.009646918274,0.3740686339,-0.01258756407,-0.5493956208,-0.1726201028,0.1545945257,0.5913974285,0.3272146285,-0.9926370382,1.266645193,-1.093760289,0.4274225844,-1.04104948,-1.706440163,-1.308281064,-0.806208849,-0.5362337828,0.5020722151,-2.685219526,-0.2066426426,-1.084113371,0.4285683006,-1.062861307,-1.869509259,-1.445861518,-0.7195451111,-0.5193143778,0.7263164073,-1.92640233,-0.3495150805
resize_0.5_jpeg_q75,0,ai_edited,visual_logit_calibrated,69,0.06226874843,0.5393009447,0.01567133669,-0.675122629,-0.2942992542,0.461440943,0.8444834381,0.7557401971,-1.355105382,1.772389691,0.06113824803,0.526432066,0.009930047974,-0.6502813549,-0.2670156836,0.4517282605,0.8283924969,0.7187439442,-1.359302884,1.680781896,-0.001130500394,0.04733191495,0.001355563633,-0.08285102324,-0.02427123132,0.0218369023,0.0611718723,0.04610813362,-0.1246706287,0.1811756462
resize_0.5_jpeg_q75,0,ai_edited,dsp_logit_calibrated,69,-0.006530907703,0.2532422949,-0.008521707843,-0.3719376479,-0.1168628081,0.104659597,0.400372628,0.2215224051,-0.6720095159,0.857511447,-0.7404693702,0.2893626098,-0.7047844584,-1.15525009,-0.8856986901,-0.5457987134,-0.3630271599,0.3398999767,-1.81787804,-0.1398958702,-0.7339384625,0.2901382531,-0.7195509382,-1.265646922,-0.9788398595,-0.4871278656,-0.3515728208,0.4917119939,-1.304163201,-0.2366196817
resize_0.5_jpeg_q75,0,ai_edited,visual_contribution,69,0.05625327746,0.4872017897,0.01415740758,-0.6099024234,-0.2658684817,0.4168634516,0.7629021355,0.6827319333,-1.224195459,1.601168027,0.05523198903,0.4755761087,0.008970755924,-0.58746094,-0.2412206398,0.4080890626,0.7483656593,0.6493097024,-1.227987461,1.51841,-0.001021288431,0.04275941643,0.001224609441,-0.0748472021,-0.02192650959,0.01972734887,0.05526236502,0.04165385846,-0.1126268256,0.1636731772
resize_0.5_jpeg_q75,0,ai_edited,dsp_contribution,69,-0.005451665258,0.21139362,-0.007113482643,-0.3104743851,-0.09755105106,0.08736443918,0.3342104414,0.1849154902,-0.5609589199,0.7158063744,-0.618105679,0.2415449978,-0.5883177532,-0.964343253,-0.7393356326,-0.4556046447,-0.3030363688,0.2837309879,-1.517470926,-0.1167778646,-0.6126540138,0.2421924648,-0.6006440497,-1.05649684,-0.8170850819,-0.4066292439,-0.2934748767,0.410455838,-1.088648246,-0.1975179189
resize_0.5_jpeg_q75,0,ai_edited,fusion_logit,69,0.06823988227,0.5506385383,0.03072463958,-0.773672861,-0.3365412279,0.4564033547,0.954817918,0.7929445826,-1.237550091,1.521055246,-0.5454354199,0.5309612409,-0.6409124846,-1.274405147,-0.890209036,-0.2054334532,0.3177180995,0.6847755827,-1.757490804,0.8543250558,-0.6136753022,0.2553306737,-0.5652646737,-1.065196449,-0.8380679375,-0.3951099353,-0.2796870415,0.4429580022,-1.201275072,-0.1319678358
resize_0.5_jpeg_q75,0,ai_edited,fusion_probability,69,0.5153388292,0.1284470495,0.5076805557,0.3161583106,0.4166498981,0.6121606059,0.721818467,0.1955107078,0.2248627158,0.8206938183,0.3740775048,0.1185067122,0.3450403002,0.2186864893,0.2910666916,0.4488215003,0.5785726278,0.1577548087,0.1471048774,0.7014736339,-0.1412613244,0.06105109648,-0.1279703726,-0.2513879414,-0.184960795,-0.09046835922,-0.06313511095,0.09449243576,-0.2915811328,-0.03275777637
resize_0.5_jpeg_q75,0,ai_edited,visual_calibrated_probability,69,0.5138594321,0.1243711038,0.503917754,0.3375811489,0.4269516658,0.6133559521,0.6994066403,0.1864042864,0.2050369576,0.8547546008,0.513752403,0.1220994329,0.5024824916,0.3429758561,0.4336398865,0.6110500647,0.6960146136,0.1774101782,0.2043536252,0.8430080392,-0.0001070290644,0.0110726116,0.0002813106956,-0.01596491475,-0.006017756878,0.00527555808,0.01512634576,0.01129331496,-0.03103818758,0.04465176645
resize_0.5_jpeg_q75,1,all,visual_logit_raw,136,-0.03052490478,0.8190583366,-0.1243402585,-1.155794173,-0.5205231607,0.4902805462,1.495759994,1.010803707,-2.030059099,2.352267981,-0.02318479346,0.7998264369,-0.1366222128,-1.101747483,-0.5307036638,0.5097580552,1.414806217,1.040461719,-2.060599089,2.330663919,0.007340111321,0.08557915957,0.008721999824,-0.1251603737,-0.04493883252,0.06512279063,0.1429936141,0.1100616232,-0.3098908663,0.2128526121
resize_0.5_jpeg_q75,1,all,dsp_logit_raw,136,-0.02268282902,0.3475943267,0.02978979051,-0.7300165594,-0.1673988402,0.1826856695,0.4239986688,0.3500845097,-1.409158707,0.6256977916,-0.997228285,0.3872705854,-0.9461639822,-1.605124861,-1.248863816,-0.7369341552,-0.4047692716,0.511929661,-2.12957263,-0.2098269761,-0.9745454559,0.4186443099,-1.037976412,-1.541759952,-1.249064766,-0.7310428079,-0.166710943,0.5180219579,-2.183944188,0.08719682693
resize_0.5_jpeg_q75,1,all,visual_logit_calibrated,136,-0.01327667631,0.3562459077,-0.05408126173,-0.5027077146,-0.2263993144,0.2132454191,0.6505743888,0.4396447335,-0.8829654913,1.023108861,-0.0100841264,0.3478810755,-0.05942324502,-0.4792003385,-0.2308272806,0.221717078,0.6153638911,0.4525443586,-0.8962487286,1.013712267,0.003192549912,0.03722228811,0.003793596385,-0.05443796732,-0.01954595231,0.02832487825,0.06219445865,0.04787083056,-0.1347857021,0.09257932999
resize_0.5_jpeg_q75,1,all,dsp_logit_calibrated,136,-0.01910982478,0.2928411915,0.02509729612,-0.6150241895,-0.1410301379,0.1539089825,0.3572103047,0.2949391203,-1.187187716,0.5271377371,-0.840144665,0.3262676372,-0.7971240225,-1.352285238,-1.052142512,-0.6208521242,-0.3410099264,0.4312903876,-1.794121878,-0.1767749844,-0.8210348402,0.3526993657,-0.8744741382,-1.298901583,-1.052311808,-0.6158887832,-0.1404505984,0.4364230246,-1.839928817,0.07346156348
resize_0.5_jpeg_q75,1,all,visual_contribution,136,-0.01213255261,0.3255462525,-0.04942078408,-0.4593866456,-0.2068892492,0.1948688968,0.5945108411,0.401758146,-0.8068755332,0.9349419836,-0.009215122158,0.3179022635,-0.0543024195,-0.4379050285,-0.2109356333,0.2026105066,0.5623346242,0.4135461399,-0.8190140814,0.9263551457,0.002917430452,0.03401464028,0.003466681468,-0.0497467504,-0.01786157086,0.02588396881,0.05683482251,0.04374553967,-0.1231704821,0.08460126356
resize_0.5_jpeg_q75,1,all,dsp_contribution,136,-0.01710867429,0.2621753271,0.02246914714,-0.5506198334,-0.1262616859,0.1377918783,0.319803809,0.2640535642,-1.062867304,0.4719367106,-0.7521660503,0.2921014085,-0.7136504611,-1.210676076,-0.9419638193,-0.5558374759,-0.3052999086,0.3861263433,-1.606244285,-0.1582633888,-0.735057376,0.3157652484,-0.7829005955,-1.162882673,-0.9421153869,-0.5513938881,-0.1257428348,0.3907214987,-1.647254394,0.06576878524
resize_0.5_jpeg_q75,1,all,fusion_logit,136,-0.02118315661,0.4333239881,-0.0006089186785,-0.7949971441,-0.276199624,0.2777355483,0.6624392347,0.5539351723,-1.300937787,1.089126033,-0.7533231021,0.4751257707,-0.7690343091,-1.586454195,-1.006019625,-0.5013438741,0.071396048,0.5046757508,-1.959134005,0.6984324857,-0.7321399455,0.31348215,-0.7550313531,-1.174427562,-0.9313990753,-0.5486226484,-0.1500111344,0.3827764269,-1.681236802,0.09243679495
resize_0.5_jpeg_q75,1,all,fusion_probability,136,0.4954039025,0.1030679602,0.4998477705,0.3110978586,0.431385896,0.5689906637,0.6598081058,0.1376047677,0.2140072313,0.7482171122,0.3278067916,0.101251852,0.3166899385,0.1698834828,0.2677595499,0.3772250886,0.5178414076,0.1094655387,0.1235607986,0.6678401425,-0.1675971109,0.0693892686,-0.1792745873,-0.2661820933,-0.2084957589,-0.1320313749,-0.03110467208,0.07646438401,-0.3523686733,0.02028820185
resize_0.5_jpeg_q75,1,all,visual_calibrated_probability,136,0.4963354885,0.08611406761,0.4864830703,0.3769265083,0.4436415506,0.5531102259,0.6571233796,0.1094686754,0.2925636334,0.7355777254,0.4972019321,0.08424098724,0.4851486305,0.3824464684,0.4425480494,0.5552033073,0.6491438386,0.1126552578,0.2898219944,0.7337460172,0.0008664435953,0.00898025767,0.0009465453509,-0.01259057693,-0.004660628491,0.007005484391,0.01545838365,0.01166611288,-0.02910469412,0.02302285286
resize_0.5_jpeg_q75,1,authentic,visual_logit_raw,68,-0.1655100617,0.8255105674,-0.3239196688,-1.281302744,-0.6911540627,0.2805438824,1.406621081,0.9716979451,-1.990869761,2.337252378,-0.1660740451,0.802433644,-0.3114711344,-1.240388346,-0.6228813678,0.2922976129,1.356966704,0.9151789807,-1.948716164,2.305407763,-0.0005639834288,0.08678672991,0.000904083252,-0.1383845858,-0.0451618731,0.05400112271,0.1210016228,0.09916299582,-0.3098908663,0.1938849837
resize_0.5_jpeg_q75,1,authentic,dsp_logit_raw,68,-0.07471309986,0.345741493,-0.05325439945,-0.776497823,-0.2032164037,0.1351957358,0.3289934292,0.3384121396,-1.409158707,0.5521582961,-0.9927900223,0.3861458012,-0.9434602857,-1.594206703,-1.241691589,-0.7245571762,-0.4480364844,0.5171344131,-2.12957263,-0.249381572,-0.9180769225,0.4141931989,-0.9387943707,-1.479337741,-1.182489045,-0.6497593466,-0.1367609024,0.5327296983,-2.104205336,0.08719682693
resize_0.5_jpeg_q75,1,authentic,visual_logit_calibrated,68,-0.07198789089,0.3590522778,-0.1408874695,-0.5572971286,-0.3006144928,0.1220213574,0.6118038012,0.4226358503,-0.8659202566,1.016577889,-0.07223319306,0.349015069,-0.1354730329,-0.5395015867,-0.2709195772,0.127133592,0.5902068432,0.3980531693,-0.8475857306,1.00272721,-0.0002453021715,0.03774751565,0.0003932271297,-0.0601897816,-0.01964296285,0.02348755653,0.05262913645,0.04313051938,-0.1347857021,0.0843294414
resize_0.5_jpeg_q75,1,authentic,dsp_logit_calibrated,68,-0.06294427585,0.2912802166,-0.04486575467,-0.6541837142,-0.1712057109,0.1138996736,0.2771703115,0.2851053845,-1.187187716,0.4651821992,-0.8364055185,0.3253200292,-0.7948462129,-1.34308691,-1.046100056,-0.6104247696,-0.3774616783,0.435675286,-1.794121878,-0.2100989316,-0.7734612426,0.3489493947,-0.7909152739,-1.246312133,-0.9962231091,-0.5474091107,-0.1152182948,0.4488139985,-1.772750447,0.07346156348
resize_0.5_jpeg_q75,1,authentic,visual_contribution,68,-0.06578430122,0.3281107823,-0.1287464269,-0.5092717918,-0.2747089004,0.1115061107,0.5590813267,0.3862150111,-0.7912991795,0.9289738214,-0.06600846436,0.3189385346,-0.1237985819,-0.4930097888,-0.2475729578,0.1161777962,0.5393454965,0.363750754,-0.7745446397,0.916316731,-0.0002241631438,0.03449460609,0.0003593406006,-0.05500289943,-0.01795022147,0.02146350552,0.04809379637,0.03941372699,-0.1231704821,0.07706231293
resize_0.5_jpeg_q75,1,authentic,dsp_contribution,68,-0.05635285127,0.260777815,-0.04016748411,-0.5856786348,-0.1532773208,0.1019722807,0.2481454768,0.2552496015,-1.062867304,0.4164690583,-0.7488184612,0.2912530325,-0.7116111801,-1.202440983,-0.9365541195,-0.5465020574,-0.337934491,0.3900520621,-1.606244285,-0.1880977053,-0.6924656099,0.3124079684,-0.7080918828,-1.115800306,-0.8919002076,-0.4900852982,-0.103152818,0.4018149095,-1.587110836,0.06576878524
resize_0.5_jpeg_q75,1,authentic,fusion_logit,68,-0.1140790822,0.4239094004,-0.07963202193,-0.7965195802,-0.3172412938,0.1069353885,0.5426578426,0.4241766823,-1.300937787,1.059165473,-0.8067688553,0.4746714919,-0.8324970862,-1.586203968,-1.066767433,-0.5736117049,0.03383728696,0.4931557277,-1.856266331,0.6984324857,-0.6926897731,0.3098200973,-0.7140019499,-1.110580713,-0.8576643831,-0.5218513989,-0.1316818711,0.3358129842,-1.62751821,0.09243679495
resize_0.5_jpeg_q75,1,authentic,fusion_probability,68,0.4729680001,0.1000105923,0.4801025144,0.3107750311,0.4213482208,0.5267082795,0.6323295748,0.1053600587,0.2140072313,0.7425310337,0.3164795823,0.1001134602,0.3031288157,0.1699195035,0.2560184677,0.3604128448,0.5084549487,0.1043943771,0.1351388353,0.6678401425,-0.1564884178,0.06693903446,-0.1666658528,-0.2551180004,-0.1960302011,-0.1237434538,-0.02965417841,0.07228674734,-0.3165515029,0.02028820185
resize_0.5_jpeg_q75,1,authentic,visual_calibrated_probability,68,0.4818840621,0.08671078251,0.4648365224,0.3641739752,0.4254076709,0.5304595603,0.6483089364,0.1050518894,0.2961039203,0.734305478,0.4819054606,0.08449447469,0.4661855313,0.3683794321,0.432681707,0.5317306069,0.6434111953,0.09904889989,0.2999395507,0.7315944427,2.139847403e-05,0.009005117578,9.64698595e-05,-0.01453953245,-0.004660628491,0.005723599744,0.01311868736,0.01038422823,-0.02910469412,0.02096173699
resize_0.5_jpeg_q75,1,ai_edited,visual_logit_raw,68,0.1044602521,0.7957840849,0.01622030139,-0.9843371898,-0.4140267521,0.609173879,1.540512091,1.023200631,-2.030059099,2.352267981,0.1197044582,0.776948422,0.02866395563,-0.9499906957,-0.39934659,0.5373932421,1.465496439,0.9367398322,-2.060599089,2.330663919,0.01524420607,0.08425048729,0.01619719714,-0.1214126468,-0.04324743152,0.07816178352,0.1606619313,0.121409215,-0.1483501792,0.2128526121
resize_0.5_jpeg_q75,1,ai_edited,dsp_logit_raw,68,0.02934744181,0.3441143037,0.06882532686,-0.65722,-0.09461008757,0.2433495522,0.5239203021,0.3379596397,-1.193677902,0.6256977916,-1.001666548,0.3912121339,-0.9494003356,-1.612911987,-1.249600708,-0.7547469735,-0.4090149164,0.494853735,-2.11785841,-0.2098269761,-1.031013989,0.418465532,-1.054622173,-1.681940123,-1.299853361,-0.7669425867,-0.2347019678,0.5329107745,-2.183944188,0.03396070004
resize_0.5_jpeg_q75,1,ai_edited,visual_logit_calibrated,68,0.04543453827,0.3461228719,0.007054950464,-0.4281332355,-0.1800791586,0.2649575638,0.6700391214,0.4450367225,-0.8829654913,1.023108861,0.05206494026,0.3379303811,0.01246726446,-0.4131943753,-0.1736940852,0.2337368839,0.6374113854,0.4074309691,-0.8962487286,1.013712267,0.006630401996,0.03664438781,0.00704490137,-0.05280790955,-0.0188102847,0.03399613223,0.0698792174,0.05280641693,-0.06452427365,0.09257932999
resize_0.5_jpeg_q75,1,ai_edited,dsp_logit_calibrated,68,0.02472462629,0.2899093425,0.05798394616,-0.5536945603,-0.07970708566,0.2050170769,0.4413922603,0.2847241626,-1.005649495,0.5271377371,-0.8438838116,0.3295883121,-0.7998505848,-1.358845734,-1.052763329,-0.6358590634,-0.3445867963,0.4169042652,-1.784252885,-0.1767749844,-0.8686084378,0.3525487489,-0.8884978554,-1.417000543,-1.095100172,-0.6461336209,-0.1977316619,0.4489665514,-1.839928817,0.02861120306
resize_0.5_jpeg_q75,1,ai_edited,visual_contribution,68,0.041519196,0.3162955739,0.006446986857,-0.3912386566,-0.1645607542,0.2421247237,0.6122981913,0.4066854778,-0.8068755332,0.9349419836,0.04757822004,0.3088090748,0.0113928922,-0.3775871596,-0.1587259173,0.2135945002,0.5824821656,0.3723204176,-0.8190140814,0.9263551457,0.006059024048,0.0334865408,0.006437803748,-0.04825716361,-0.01718929975,0.03106649987,0.06385734364,0.04825579962,-0.05896386464,0.08460126356
resize_0.5_jpeg_q75,1,ai_edited,dsp_contribution,68,0.0221355027,0.2595504966,0.05191195942,-0.4957125455,-0.07136028626,0.1835480143,0.3951703639,0.2549083005,-0.9003394775,0.4719367106,-0.7555136393,0.2950743476,-0.7160915021,-1.216549568,-0.9425196251,-0.5692729123,-0.3085022144,0.3732467128,-1.597408757,-0.1582633888,-0.777649142,0.3156304039,-0.7954557713,-1.268614497,-0.9804230219,-0.5784715345,-0.1770255164,0.4019514874,-1.647254394,0.02561508332
resize_0.5_jpeg_q75,1,ai_edited,fusion_logit,68,0.07171276898,0.4255887717,0.06669919751,-0.7884801414,-0.1365101181,0.355878696,0.6651337283,0.4923888141,-1.06113227,1.089126033,-0.699877349,0.4730191619,-0.7217572037,-1.556755358,-0.9265997781,-0.4945534831,0.09353817702,0.4320462951,-1.959134005,0.6413140167,-0.771590118,0.3144221159,-0.7832333673,-1.250623192,-0.9580272607,-0.5970966692,-0.2135932817,0.3609305915,-1.681236802,0.05677828569
resize_0.5_jpeg_q75,1,ai_edited,fusion_probability,68,0.517839805,0.1018856083,0.516667682,0.3124959815,0.4659265179,0.5880408783,0.6604124907,0.1221143604,0.257093136,0.7482171122,0.339134001,0.1018515723,0.3270063313,0.1741846771,0.2836155893,0.3788219718,0.5233119489,0.09520638246,0.1235607986,0.6550504355,-0.178705804,0.07050021846,-0.1855974526,-0.2711255497,-0.2229245775,-0.1365093238,-0.04251353304,0.08641525365,-0.3523686733,0.01282876709
resize_0.5_jpeg_q75,1,ai_edited,visual_calibrated_probability,68,0.510786915,0.08366160989,0.5017637294,0.3946126846,0.4551015597,0.5658516866,0.6614908341,0.1107501269,0.2925636334,0.7355777254,0.5124984037,0.08176026878,0.5031167185,0.3982361334,0.4566858475,0.5581661312,0.6541441177,0.1014802837,0.2898219944,0.7337460172,0.001711488717,0.00894159109,0.001727953859,-0.01145531267,-0.004330175237,0.00838722416,0.01729930013,0.0127173994,-0.01587148845,0.02302285286
resize_0.5_jpeg_q75,2,all,visual_logit_raw,136,0.03740341659,0.2308419857,0.00227053382,-0.3371031657,-0.09394703805,0.1653689891,0.4088575691,0.2593160272,-0.5573038459,0.7906153798,0.02376352671,0.2251828667,-0.007581116632,-0.3303775117,-0.1094742324,0.1506614238,0.3745752349,0.2601356562,-0.5392645597,0.7930940986,-0.01363988988,0.03005986989,-0.006598650012,-0.06722399755,-0.03226268664,0.007996164553,0.02937710308,0.04025885119,-0.09719884396,0.04118809849
resize_0.5_jpeg_q75,2,all,dsp_logit_raw,136,0.05729120516,0.4758599712,0.09445523471,-0.7659803927,-0.1576985866,0.3726103306,0.7952648252,0.5303089172,-1.851218104,1.327116013,-1.002452931,0.4377742795,-1.023902237,-1.510371029,-1.253515393,-0.8083450496,-0.390889138,0.4451703429,-2.248560905,1.680022717,-1.059744136,0.4416514148,-1.113971505,-1.578040944,-1.263272792,-0.880873803,-0.3696693033,0.3823989891,-2.166208982,0.8984694481
resize_0.5_jpeg_q75,2,all,visual_logit_calibrated,136,0.06310193872,0.3894450873,0.003830534722,-0.5687144449,-0.1584946184,0.2789879848,0.6897686795,0.4374826031,-0.9402069741,1.333818346,0.04009057843,0.3798977941,-0.01278982512,-0.5573678396,-0.1846899812,0.2541753882,0.6319322051,0.4388653694,-0.909773553,1.338000102,-0.02301136029,0.05071290915,-0.01113234155,-0.1134111523,-0.05442920089,0.01349003732,0.04956103821,0.0679192382,-0.1639806214,0.0694869374
resize_0.5_jpeg_q75,2,all,dsp_logit_calibrated,136,0.05231666361,0.4345414967,0.08625377537,-0.6994710345,-0.1440057664,0.3402569255,0.7262127272,0.4842626919,-1.690478575,1.211883775,-0.9154108845,0.3997627499,-0.9349977676,-1.379226931,-1.144673828,-0.738157208,-0.3569486012,0.4065166201,-2.053320473,1.534147922,-0.9677275481,0.4033032372,-1.017246405,-1.441021131,-1.153584002,-0.8043883579,-0.3375712648,0.3491956439,-1.978119091,0.8204561896
resize_0.5_jpeg_q75,2,all,visual_contribution,136,0.05843142615,0.3606201698,0.003547016324,-0.5266208418,-0.1467635825,0.2583385893,0.638715204,0.4051021718,-0.8706172186,1.235095304,0.03712325992,0.351779523,-0.01184318164,-0.5161140595,-0.1710200861,0.2353625059,0.5851595168,0.4063825921,-0.842436338,1.238967546,-0.02130816623,0.04695937504,-0.01030837731,-0.1050169853,-0.05040060411,0.01249156738,0.04589276023,0.06289217149,-0.1518435371,0.06434383687
resize_0.5_jpeg_q75,2,all,dsp_contribution,136,0.04800072559,0.3986933742,0.07913814677,-0.6417671707,-0.1321258047,0.3121869436,0.6663027693,0.4443127482,-1.551020126,1.111907689,-0.8398927539,0.3667837499,-0.857863789,-1.265445632,-1.050242323,-0.677261873,-0.3275016156,0.3729804499,-1.883928863,1.407586194,-0.8878934795,0.3700321596,-0.9333272073,-1.322142031,-1.058417439,-0.7380291894,-0.3097228404,0.3203882497,-1.814931326,0.7527714824
resize_0.5_jpeg_q75,2,all,fusion_logit,136,0.1212765201,0.5350310475,0.1204903174,-0.6470169729,-0.2236718383,0.4738807715,0.9844842134,0.6975526098,-1.569573506,1.458898074,-0.7879251256,0.5291141018,-0.8718505137,-1.601456355,-1.108991258,-0.4586560491,0.04020399415,0.6503352087,-2.038647826,1.667781787,-0.9092016457,0.3723176584,-0.9629307226,-1.420206257,-1.095822077,-0.7616703784,-0.3212340102,0.3341516984,-1.814021043,0.6924037517
resize_0.5_jpeg_q75,2,all,fusion_probability,136,0.5290269975,0.1247125191,0.5300861796,0.3436750234,0.4443211824,0.6162995932,0.7279921229,0.1719784108,0.1722772004,0.8113640803,0.321264312,0.1113214861,0.2948693952,0.1677827473,0.2480591469,0.3873058426,0.5100495495,0.1392466957,0.1152044907,0.8412798517,-0.2077626855,0.08477746018,-0.2162966145,-0.3306579736,-0.2556879403,-0.1700527098,-0.07868737399,0.08563523043,-0.3941049381,0.1244699666
resize_0.5_jpeg_q75,2,all,visual_calibrated_probability,136,0.5146881232,0.09284046993,0.5009576236,0.3615354697,0.4604590849,0.5692963196,0.6659126345,0.1088372347,0.2808585367,0.7914715326,0.5091614235,0.09072796659,0.4968025932,0.3641628714,0.4539583445,0.5632038894,0.652921746,0.1092455449,0.2870461775,0.7921608665,-0.005526699733,0.01219572225,-0.002770901651,-0.02744801609,-0.01262383177,0.003284776101,0.01227235308,0.01590860788,-0.04020428257,0.01731417161
resize_0.5_jpeg_q75,2,authentic,visual_logit_raw,68,-0.007911921636,0.2344493328,-0.02678519767,-0.3819719896,-0.1433360614,0.1309623159,0.3594548494,0.2742983773,-0.5573038459,0.7906153798,-0.02044058344,0.2302460364,-0.02931275964,-0.3739771053,-0.1655175574,0.1159252692,0.343934387,0.2814428266,-0.5392645597,0.7930940986,-0.0125286618,0.03008147609,-0.006579088513,-0.06459645666,-0.03271189705,0.01081122924,0.02938464493,0.04352312628,-0.09719884396,0.04118809849
resize_0.5_jpeg_q75,2,authentic,dsp_logit_raw,68,0.01088961291,0.5097873342,0.03161885496,-0.701426217,-0.2001229525,0.2945714965,0.7284450471,0.494694449,-1.851218104,1.327116013,-0.9874632748,0.4902998069,-1.011900783,-1.52570489,-1.23812291,-0.8489075303,-0.3934841871,0.38921538,-2.248560905,1.680022717,-0.9983528877,0.4554844357,-1.076241128,-1.536845097,-1.226611059,-0.8499401771,-0.2912042864,0.3766708821,-2.000700712,0.8984694481
resize_0.5_jpeg_q75,2,authentic,visual_logit_calibrated,68,-0.01334791417,0.3955309108,-0.0451883292,-0.6444109998,-0.2418170367,0.2209417425,0.6064231545,0.4627587792,-0.9402069741,1.333818346,-0.03448456214,0.388439683,-0.04945248673,-0.6309231224,-0.2792386289,0.1955732898,0.580239149,0.4748119188,-0.909773553,1.338000102,-0.02113664797,0.0507493602,-0.01109934006,-0.1089783239,-0.05518704736,0.01823923018,0.04957376179,0.07342627754,-0.1639806214,0.0694869374
resize_0.5_jpeg_q75,2,authentic,dsp_logit_calibrated,68,0.009944078042,0.4655229787,0.02887341948,-0.6405220372,-0.1827464644,0.2689941301,0.6651948477,0.4517405945,-1.690478575,1.211883775,-0.9017227659,0.4477275351,-0.9240383878,-1.393229367,-1.130617861,-0.7751976866,-0.3593183246,0.355420174,-2.053320473,1.534147922,-0.9116668439,0.4159351499,-0.9827921216,-1.403402281,-1.120105573,-0.7761406696,-0.2659192916,0.3439649031,-1.826981748,0.8204561896
resize_0.5_jpeg_q75,2,authentic,visual_contribution,68,-0.01235996353,0.3662555489,-0.04184369884,-0.5967146891,-0.2239188622,0.2045886604,0.5615385278,0.4285075226,-0.8706172186,1.235095304,-0.03193217494,0.3596891809,-0.04579224323,-0.5842251218,-0.2585706819,0.1810978628,0.5372925408,0.4396685447,-0.842436338,1.238967546,-0.01957221141,0.04699312815,-0.01027781844,-0.1009122543,-0.05110235831,0.01688924704,0.04590454207,0.06799160534,-0.1518435371,0.06434383687
resize_0.5_jpeg_q75,2,authentic,dsp_contribution,68,0.009123727097,0.4271189945,0.02649146543,-0.5876812553,-0.1676705334,0.2468030745,0.610318647,0.4144736079,-1.551020126,1.111907689,-0.8273338562,0.4107916115,-0.847808519,-1.278292917,-1.037345923,-0.7112466443,-0.3296758454,0.3260992782,-1.883928863,1.407586194,-0.8364575833,0.3816219846,-0.9017152794,-1.287626602,-1.027700861,-0.7121118346,-0.2439818992,0.3155890263,-1.676262275,0.7527714824
resize_0.5_jpeg_q75,2,authentic,fusion_logit,68,0.01160813194,0.5787879866,0.01083115624,-0.7799140355,-0.3611523563,0.3634890755,0.8178425757,0.7246414319,-1.569573506,1.458898074,-0.8444216627,0.5858832827,-0.9169048216,-1.724655704,-1.194540903,-0.5533822888,-0.04977932928,0.6411586144,-2.038647826,1.667781787,-0.8560297947,0.380911024,-0.9256054102,-1.314539008,-1.030532694,-0.7559439827,-0.2466109034,0.2745887115,-1.646658611,0.6924037517
resize_0.5_jpeg_q75,2,authentic,fusion_probability,68,0.5036811543,0.1335655202,0.502707761,0.3144320707,0.4106824817,0.5898820284,0.6937387361,0.1791995468,0.1722772004,0.8113640803,0.310363666,0.1206948775,0.2856127665,0.1512744104,0.2324499607,0.3651423349,0.4875581637,0.1326923742,0.1152044907,0.8412798517,-0.1933174883,0.08450145046,-0.2014876779,-0.3040948373,-0.2371483818,-0.1625646906,-0.05909719886,0.07458369119,-0.3685509959,0.1244699666
resize_0.5_jpeg_q75,2,authentic,visual_calibrated_probability,68,0.4963896532,0.09454897415,0.4887048459,0.3442562566,0.4398393281,0.5550105107,0.647110831,0.1151711827,0.2808585367,0.7914715326,0.4912597364,0.09278739434,0.4876394096,0.3473013368,0.4306412809,0.5487376677,0.6411100171,0.1180963868,0.2870461775,0.7921608665,-0.005129916852,0.01222227507,-0.002770901651,-0.02656879329,-0.01297873742,0.004556034278,0.01233111897,0.01753477169,-0.03634964569,0.01731417161
resize_0.5_jpeg_q75,2,ai_edited,visual_logit_raw,68,0.08271875481,0.2196284159,0.03776871599,-0.1975229502,-0.06302529573,0.2073398605,0.4890849352,0.2703651562,-0.3451197743,0.7536631227,0.06796763686,0.2125838662,0.03146940283,-0.1961344376,-0.08388662338,0.1666498184,0.4486019626,0.2505364418,-0.3446929753,0.7532969117,-0.01475111796,0.03022046226,-0.007532529533,-0.06770956344,-0.03066943213,0.005847456865,0.02570718583,0.036516889,-0.09559357632,0.03690494597
resize_0.5_jpeg_q75,2,ai_edited,dsp_logit_raw,68,0.1036927974,0.4381912286,0.1152331755,-0.8171281219,-0.08483834751,0.4064216167,0.7948186308,0.4912599642,-1.262051821,0.9150592685,-1.017442588,0.3811863651,-1.028683722,-1.485185671,-1.266628623,-0.786046952,-0.4016673744,0.480581671,-2.221600533,-0.108272858,-1.121135385,0.4217900917,-1.153197936,-1.632359853,-1.336463319,-0.9149270989,-0.5071161129,0.4215362202,-2.166208982,0.4882694483
resize_0.5_jpeg_q75,2,ai_edited,visual_logit_calibrated,68,0.1395517916,0.3705270829,0.06371822201,-0.3332337587,-0.1063276757,0.3497955097,0.8251173402,0.4561231854,-0.5822389727,1.271477542,0.114665719,0.3586424803,0.05309088074,-0.3308912499,-0.14152206,0.2811488251,0.756819995,0.4226708852,-0.5815189356,1.270859721,-0.02488607262,0.05098383868,-0.0127078556,-0.1142303328,-0.05174127937,0.009865031016,0.04336965477,0.06160631039,-0.161272433,0.06226098714
resize_0.5_jpeg_q75,2,ai_edited,dsp_logit_calibrated,68,0.09468924918,0.4001434957,0.105227587,-0.7461776543,-0.07747191346,0.3711324093,0.7258052754,0.4486043228,-1.152469046,0.8356055314,-0.9290990032,0.348088311,-0.9393640804,-1.356228394,-1.156648449,-0.7177952333,-0.3667909734,0.4388532158,-2.028701044,-0.09887162738,-1.023788252,0.3851664541,-1.053066842,-1.49062358,-1.220419464,-0.835484838,-0.463083697,0.3849346261,-1.978119091,0.4458734706
resize_0.5_jpeg_q75,2,ai_edited,visual_contribution,68,0.1292228158,0.3431023883,0.05900209501,-0.3085693428,-0.09845779475,0.3239052699,0.7640459851,0.4223630647,-0.5391443469,1.177368677,0.1061786948,0.3320974288,0.04916134021,-0.3064002156,-0.1310472541,0.2603394943,0.7008036923,0.3913867484,-0.5384776036,1.176796584,-0.02304412105,0.04721025162,-0.01176727912,-0.1057755338,-0.04791163007,0.009134867217,0.04015963426,0.05704649728,-0.1493357962,0.0576527179
resize_0.5_jpeg_q75,2,ai_edited,dsp_contribution,68,0.08687772409,0.3671330855,0.09654668669,-0.6846206611,-0.07108075712,0.3405153102,0.6659289308,0.4115960673,-1.057394463,0.7666710576,-0.8524516516,0.3193722678,-0.8618698966,-1.244344392,-1.06122908,-0.6585796885,-0.3365320273,0.4026493919,-1.861340449,-0.09071507102,-0.9393293757,0.3533915964,-0.9661925863,-1.367652455,-1.119739214,-0.766560321,-0.4248809448,0.3531788933,-1.814931326,0.4090905007
resize_0.5_jpeg_q75,2,ai_edited,fusion_logit,68,0.2309449083,0.4662403786,0.1430363428,-0.4959858516,-0.1065413616,0.5222588727,1.023749312,0.6288002343,-0.6102706967,1.29638288,-0.7314285884,0.4629943639,-0.7887362081,-1.392409976,-1.039021912,-0.4241837632,0.04574175499,0.614838149,-1.778690504,0.4036432897,-0.9623734967,0.3584379223,-1.003731638,-1.439569258,-1.13970741,-0.7839730529,-0.5158125621,0.3557343568,-1.814021043,0.4333202719
resize_0.5_jpeg_q75,2,ai_edited,fusion_probability,68,0.5543728407,0.1104301324,0.5356982375,0.3785167832,0.473390281,0.6275950905,0.7357021706,0.1542048095,0.3519974508,0.7852255983,0.3321649581,0.1008040684,0.3124413661,0.1990435537,0.2613441424,0.3955410281,0.5114333245,0.1341968857,0.1444649056,0.599562684,-0.2222078826,0.08317244783,-0.228498873,-0.3415471024,-0.259718208,-0.1799882843,-0.109770672,0.07972992368,-0.3941049381,0.1045322194
resize_0.5_jpeg_q75,2,ai_edited,visual_calibrated_probability,68,0.5329865933,0.08802375362,0.5159240741,0.4174546259,0.4734431072,0.5865679864,0.695256113,0.1131248792,0.3584175689,0.7809955738,0.5270631106,0.08559193521,0.5132694411,0.4180322713,0.4646788349,0.5698239622,0.6806451748,0.1051451273,0.3585831615,0.7808898824,-0.005923482613,0.01224694396,-0.003015902745,-0.02753791429,-0.01220585752,0.002441558731,0.01078516366,0.01464741625,-0.04020428257,0.01485327109
resize_0.5_jpeg_q75,3,all,visual_logit_raw,136,-0.000258308833,0.2371913706,-0.005991516518,-0.4058033302,-0.1465642378,0.1654620357,0.3606518507,0.3120262735,-0.5847628117,0.7799586058,-0.01065951432,0.232160633,-0.01690611849,-0.4078343064,-0.1576313972,0.1471845917,0.3387899846,0.304815989,-0.5593571067,0.7313627005,-0.01040120549,0.02817013981,-0.0111637935,-0.0549599044,-0.02492431691,0.006134919822,0.03313841298,0.03105923673,-0.08884559572,0.07297950983
resize_0.5_jpeg_q75,3,all,dsp_logit_raw,136,0.1006631461,0.3682867115,0.1127804071,-0.488933444,-0.08020190895,0.2757822126,0.7902637869,0.3559841216,-1.342443228,0.9462297559,-1.03455383,0.3419009219,-0.9697613716,-1.625451207,-1.288159966,-0.8020810485,-0.5657450557,0.486078918,-1.859681845,-0.1943479031,-1.135216977,0.4235089556,-1.076677114,-1.791931968,-1.459364228,-0.8615126794,-0.5905202811,0.5978515486,-2.255563557,0.1305048466
resize_0.5_jpeg_q75,3,all,visual_logit_calibrated,136,-0.0004331386462,0.3977283625,-0.01004672323,-0.6804610709,-0.2457625425,0.2774508379,0.6047499521,0.5232133804,-0.9805447599,1.3078539,-0.01787413751,0.3892926972,-0.02834859803,-0.6838666619,-0.2643202295,0.2468027674,0.5680914338,0.5111229969,-0.9379438448,1.226367083,-0.01744099887,0.04723638787,-0.01871972534,-0.09215812838,-0.04179371166,0.01028718544,0.05556731132,0.0520808971,-0.1489784945,0.1223738489
resize_0.5_jpeg_q75,3,all,dsp_logit_calibrated,136,0.03320847446,0.1214966979,0.03720592306,-0.1612976985,-0.02645837279,0.09097973709,0.2607056883,0.1174381099,-0.4428680543,0.3121584006,-0.3412962519,0.1127921039,-0.3199214111,-0.5362315505,-0.4249601668,-0.264604168,-0.1866376223,0.1603559988,-0.6135035458,-0.064114799,-0.3745047263,0.1397143531,-0.3551925986,-0.5911530617,-0.4814399468,-0.2842104874,-0.1948108959,0.1972294594,-0.744103753,0.04305316328
resize_0.5_jpeg_q75,3,all,visual_contribution,136,-0.0003998281626,0.3671411031,-0.009274081002,-0.6281302812,-0.2268621991,0.2561135093,0.5582417184,0.4829757084,-0.9051360646,1.207273529,-0.01649952878,0.3593541818,-0.02616845198,-0.6312739656,-0.243992709,0.2278224256,0.5244024197,0.4718151346,-0.8658113686,1.132053447,-0.01609970062,0.04360367825,-0.01728008676,-0.08507071686,-0.0385795705,0.009496050491,0.05129391288,0.04807562099,-0.1375213185,0.1129627004
resize_0.5_jpeg_q75,3,all,dsp_contribution,136,0.02184453877,0.07992054352,0.02447406097,-0.1061016468,-0.01740432102,0.05984648275,0.1714922353,0.07725080377,-0.2913186631,0.2053378361,-0.2245047183,0.07419466046,-0.2104443454,-0.3527331829,-0.2795388523,-0.1740566557,-0.1227702519,0.1054821966,-0.4035627113,-0.04217472302,-0.2463492571,0.09190411942,-0.233645737,-0.38886056,-0.3166912589,-0.1869536951,-0.1281466324,0.1297375637,-0.4894715444,0.02832037634
resize_0.5_jpeg_q75,3,all,fusion_logit,136,0.01538354106,0.3804024856,0.011245795,-0.5944496445,-0.2055751789,0.2916038108,0.6033077621,0.4971789897,-0.8950216645,1.161513212,-0.2470654167,0.3724110172,-0.2469481721,-0.8605427978,-0.4755272247,0.03847932004,0.3148972248,0.5140065447,-1.070757356,0.9652600803,-0.2624489577,0.1030790542,-0.2500180691,-0.445437287,-0.3397931097,-0.1961154726,-0.1022093707,0.1436776371,-0.5441447405,0.01280120169
resize_0.5_jpeg_q75,3,all,fusion_probability,136,0.5037306035,0.0920950439,0.5028114174,0.3556185095,0.4487864543,0.5723881314,0.6464117603,0.1236016771,0.2900746202,0.7616075646,0.4404252827,0.08913988906,0.4385748051,0.2972345578,0.3833097348,0.5096186268,0.5780686781,0.126308892,0.2552590827,0.7241737238,-0.06330532085,0.02497295157,-0.06070065872,-0.1060830286,-0.0801086111,-0.04693245253,-0.02511611931,0.03317615856,-0.1333847906,0.002944198824
resize_0.5_jpeg_q75,3,all,visual_calibrated_probability,136,0.49978449,0.09563039475,0.4974883526,0.3361594163,0.4388668048,0.5689210687,0.6467422537,0.1300542639,0.2727837048,0.7871538141,0.4956022835,0.09402082473,0.4929133425,0.3353996388,0.434303243,0.5613891267,0.6383203907,0.1270858837,0.2813158634,0.7731820964,-0.004182206528,0.01107401166,-0.004516923055,-0.02200233271,-0.01017677073,0.002485378259,0.01337097961,0.01266214899,-0.03641906466,0.02673203219
resize_0.5_jpeg_q75,3,authentic,visual_logit_raw,68,-0.04791318503,0.2361946177,-0.04762999155,-0.4141204149,-0.2337621525,0.1142405272,0.333450529,0.3480026796,-0.5847628117,0.5535373092,-0.05521223946,0.2281582351,-0.04594365135,-0.4103850275,-0.2357357331,0.07361849025,0.2920130849,0.3093542233,-0.5593571067,0.4702189863,-0.007299054431,0.02972167702,-0.01031274768,-0.05048716664,-0.02098659426,0.009174056351,0.04451056346,0.03016065061,-0.0833183229,0.07297950983
resize_0.5_jpeg_q75,3,authentic,dsp_logit_raw,68,0.04215070424,0.3676538716,0.074374035,-0.5473465979,-0.114848651,0.1959483847,0.7365076959,0.3107970357,-1.342443228,0.9444357157,-1.033557951,0.3376741352,-0.9697613716,-1.591503996,-1.273465693,-0.8024548888,-0.5803165078,0.4710108042,-1.859681845,-0.1966672391,-1.075708655,0.3993102991,-1.03555353,-1.703648996,-1.327628866,-0.8029399663,-0.5897538425,0.5246888995,-1.879040956,0.1305048466
resize_0.5_jpeg_q75,3,authentic,visual_logit_calibrated,68,-0.08034201488,0.3960569825,-0.07986714903,-0.6944073643,-0.3919781647,0.1915613443,0.5591381024,0.5835395089,-0.9805447599,0.9281850643,-0.09258125006,0.3825813773,-0.07703945204,-0.6881437743,-0.3952875135,0.1234453071,0.4896547703,0.5187328205,-0.9379438448,0.7884748377,-0.01223923518,0.04983804386,-0.01729267062,-0.08465813097,-0.03519084083,0.01538328482,0.07463641479,0.05057412565,-0.1397102266,0.1223738489
resize_0.5_jpeg_q75,3,authentic,dsp_logit_calibrated,68,0.01390539279,0.1212879259,0.02453577439,-0.1805680254,-0.03788823062,0.06464279314,0.2429717127,0.1025310238,-0.4428680543,0.3115665521,-0.3409677143,0.1113976995,-0.3199214111,-0.5250324657,-0.4201125694,-0.2647274968,-0.1914447013,0.1553850726,-0.6135035458,-0.06487994108,-0.354873107,0.1317312878,-0.3416260497,-0.5620287701,-0.4379808401,-0.2648875224,-0.1945580501,0.1730933177,-0.6198900595,0.04305316328
resize_0.5_jpeg_q75,3,authentic,visual_contribution,68,-0.07416332037,0.3655982604,-0.07372497403,-0.6410040363,-0.3618331237,0.1768293385,0.5161376434,0.5386624622,-0.9051360646,0.856803086,-0.08546129841,0.3531589953,-0.07111474079,-0.6352221471,-0.3648879673,0.1139517582,0.4519979198,0.4788397256,-0.8658113686,0.7278372603,-0.01129797804,0.04600525416,-0.01596277954,-0.07814750599,-0.03248449279,0.01420023486,0.06889650888,0.04668472765,-0.1289658258,0.1129627004
resize_0.5_jpeg_q75,3,authentic,dsp_contribution,68,0.009146969163,0.07978321327,0.01613963555,-0.1187776703,-0.02492288297,0.04252203764,0.1598268239,0.06744492061,-0.2913186631,0.204948518,-0.2242886063,0.07327742104,-0.2104443454,-0.3453664234,-0.2763501022,-0.1741377814,-0.1259323491,0.1022123207,-0.4035627113,-0.04267803358,-0.2334355754,0.08665285808,-0.2247216594,-0.3697025972,-0.2881038529,-0.1742430463,-0.1279803104,0.1138608066,-0.4077637608,0.02832037634
resize_0.5_jpeg_q75,3,authentic,fusion_logit,68,-0.07107752075,0.3764099029,-0.07960232615,-0.6526332931,-0.3618835119,0.2470090295,0.547768516,0.6088925414,-0.8950216645,0.7303289926,-0.3158110742,0.3707105356,-0.3144467237,-0.9271177718,-0.5686288411,-0.1123276086,0.2451786743,0.4563012325,-1.04601971,0.5509815631,-0.2447335535,0.09830968942,-0.2360748078,-0.4277020585,-0.3013099503,-0.180520336,-0.08613196467,0.1207896143,-0.4752861618,0.01280120169
resize_0.5_jpeg_q75,3,authentic,fusion_probability,68,0.4828104292,0.09134808437,0.4801100909,0.3424203836,0.4105038534,0.5614401213,0.633543928,0.1509362678,0.2900746202,0.6748774636,0.4240356002,0.08850818198,0.4220297379,0.2835289352,0.3615537368,0.4719480541,0.5609843768,0.1103943173,0.2599901579,0.6343632912,-0.05877482904,0.02374282887,-0.05718727423,-0.1037415782,-0.07241605914,-0.04364429772,-0.01981705572,0.02877176143,-0.1151370458,0.002944198824
resize_0.5_jpeg_q75,3,authentic,visual_calibrated_probability,68,0.4804949251,0.09548107328,0.480043832,0.3331123574,0.4032415258,0.5477397721,0.6361354962,0.1444982463,0.2727837048,0.7167069294,0.4775348544,0.09269944383,0.4807496878,0.3344470845,0.4024528636,0.530822192,0.6200250237,0.1283693283,0.2813158634,0.6875037549,-0.002960070752,0.01158296661,-0.004222013663,-0.02039438772,-0.008596692886,0.003607682398,0.0171831274,0.01220437528,-0.02920317448,0.02673203219
resize_0.5_jpeg_q75,3,ai_edited,visual_logit_raw,68,0.04739656737,0.230133717,0.05575196631,-0.4013728857,-0.09006152488,0.1927905045,0.3797608867,0.2828520294,-0.4215448201,0.7799586058,0.03389321083,0.2291642471,0.03225289006,-0.3780369043,-0.1135533508,0.178549394,0.3692318112,0.2921027448,-0.4507722259,0.7313627005,-0.01350335654,0.02638267716,-0.01205547899,-0.0558737807,-0.03035634011,0.001345059834,0.02633419335,0.03170139994,-0.08884559572,0.0620637238
resize_0.5_jpeg_q75,3,ai_edited,dsp_logit_raw,68,0.1591755879,0.3621817596,0.1808290333,-0.3835162699,0.00129617285,0.3491683155,0.7991795212,0.3478721427,-1.221986055,0.9462297559,-1.03554971,0.3485848047,-0.9801934063,-1.636030072,-1.303024203,-0.8002372384,-0.56302104,0.5027869642,-1.805237055,-0.1943479031,-1.194725298,0.4413159629,-1.146353759,-1.854236767,-1.538643818,-0.8861898109,-0.6247101389,0.6524540074,-2.255563557,0.09881258011
resize_0.5_jpeg_q75,3,ai_edited,visual_logit_calibrated,68,0.07947573759,0.3858939143,0.0934862774,-0.6730319918,-0.1510173946,0.3232758911,0.6367924568,0.4742932857,-0.7068567907,1.3078539,0.05683297503,0.3842682831,0.05408244455,-0.6339016405,-0.1904090699,0.2993960443,0.6191370423,0.4898051143,-0.7558660284,1.226367083,-0.02264276256,0.04423912623,-0.02021492564,-0.09369053878,-0.05090226265,0.002255429631,0.04415782738,0.05315769228,-0.1489784945,0.1040699886
resize_0.5_jpeg_q75,3,ai_edited,dsp_logit_calibrated,68,0.05251155613,0.1194826924,0.05965496377,-0.1265208843,0.0004276035934,0.1151895956,0.2636469627,0.114761992,-0.4031295891,0.3121584006,-0.3416247895,0.1149970971,-0.3233629086,-0.5397214868,-0.4298638344,-0.2639959005,-0.1857389775,0.1658679339,-0.5955423704,-0.064114799,-0.3941363456,0.1455888322,-0.3781787179,-0.6117072306,-0.5075940494,-0.2923514002,-0.206090029,0.2152426492,-0.744103753,0.03259797822
resize_0.5_jpeg_q75,3,ai_edited,visual_contribution,68,0.07336366405,0.356216782,0.08629672472,-0.6212725347,-0.1394034172,0.2984143914,0.5878199975,0.4378178087,-0.6524960409,1.207273529,0.05246224085,0.3547161697,0.04992323964,-0.5851514991,-0.1757656797,0.2763710219,0.5715223708,0.4521367016,-0.6977362281,1.132053447,-0.0209014232,0.04083692072,-0.01866029883,-0.08648527739,-0.0469876293,0.002081976044,0.04076187414,0.04906960534,-0.1375213185,0.0960664967
resize_0.5_jpeg_q75,3,ai_edited,dsp_contribution,68,0.03454210837,0.0785957304,0.03924104284,-0.08322545393,0.0002812776987,0.07577173079,0.173427006,0.0754904531,-0.2651786955,0.2053378361,-0.2247208304,0.07564510525,-0.2127081628,-0.3550288634,-0.2827644855,-0.1736565373,-0.1221791233,0.1091079482,-0.3917478478,-0.04217472302,-0.2592629388,0.09576835254,-0.2487660093,-0.4023810949,-0.333895431,-0.1923087886,-0.1355660476,0.1415866423,-0.4894715444,0.02144295426
resize_0.5_jpeg_q75,3,ai_edited,fusion_logit,68,0.1018446029,0.3670331031,0.135712488,-0.5768891107,-0.1219840591,0.3362282903,0.6694142664,0.4582123494,-0.6305824036,1.161513212,-0.1783197591,0.3639101885,-0.1800073934,-0.7555725725,-0.4486262968,0.05097814374,0.3372801417,0.4996044405,-1.070757356,0.9652600803,-0.280164362,0.1053913418,-0.2692404016,-0.4410568632,-0.3577692755,-0.2122556577,-0.1272480036,0.1455136178,-0.5441447405,0.002852784689
resize_0.5_jpeg_q75,3,ai_edited,fusion_probability,68,0.5246507778,0.088638251,0.5338760979,0.3596517513,0.4695417835,0.5832738652,0.6612799854,0.1137320817,0.3473784913,0.7616075646,0.4568149651,0.08735831524,0.455119478,0.3196105768,0.3896875924,0.5127416901,0.5835154496,0.1230540978,0.2552590827,0.7241737238,-0.06783581267,0.02551900217,-0.06679149715,-0.1048525452,-0.08732094012,-0.05081025863,-0.02972552244,0.03651068149,-0.1333847906,0.000659672648
resize_0.5_jpeg_q75,3,ai_edited,visual_calibrated_probability,68,0.5190740549,0.0924928259,0.5233502456,0.3378195593,0.4623181533,0.5801222624,0.6539676559,0.1178041091,0.3302937462,0.7871538141,0.5136697126,0.09249851289,0.5135165357,0.3466941685,0.4525422945,0.5742933144,0.6499654334,0.1217510199,0.3195444683,0.7731820964,-0.005404342304,0.01048336253,-0.004954816019,-0.02250561123,-0.01125224143,0.0005616950104,0.01024951982,0.01181393644,-0.03641906466,0.02366645275
resize_0.5_jpeg_q75,4,all,visual_logit_raw,136,0.008417430669,0.2776611596,0.03431541845,-0.4153323472,-0.1682415195,0.1550301202,0.4447543845,0.3232716396,-0.6808906794,1.081691265,-0.001887660104,0.2754038291,0.006443061866,-0.4265938327,-0.1701575518,0.1469238512,0.4603978768,0.317081403,-0.6931702495,1.009447455,-0.01030509077,0.02923451482,-0.00970184058,-0.05575588997,-0.02888823487,0.00579331629,0.03451175522,0.03468155116,-0.101437605,0.09626938403
resize_0.5_jpeg_q75,4,all,dsp_logit_raw,136,-0.04073278052,0.3805097614,-0.0004666855093,-0.6898193955,-0.2370173782,0.1676289216,0.4390302896,0.4046462998,-1.441284776,0.8647292852,-0.9665605179,0.5071048415,-0.8721546531,-1.867554575,-1.206179857,-0.6561098099,-0.3174078465,0.5500700474,-3.213166714,-0.04978620633,-0.9258277374,0.5320458861,-0.7717057504,-1.631129771,-1.088572465,-0.6337944875,-0.3752652016,0.4547779774,-4.019690394,-0.3133624792
resize_0.5_jpeg_q75,4,all,visual_logit_calibrated,136,0.01651800154,0.544870239,0.06733909158,-0.8150302174,-0.3301498743,0.3042243962,0.8727667496,0.6343742705,-1.336150392,2.12266411,-0.003704262467,0.5404405513,0.01264358567,-0.837129269,-0.3339098131,0.288317005,0.9034648618,0.6222268181,-1.360247289,1.980895985,-0.020222264,0.05736854626,-0.01903847194,-0.1094129447,-0.05668902147,0.01136855308,0.06772437435,0.06805757455,-0.1990567646,0.1889148715
resize_0.5_jpeg_q75,4,all,dsp_logit_calibrated,136,-0.03144887252,0.2937831109,-0.0003603174863,-0.5325941895,-0.1829958381,0.1294225564,0.3389655072,0.3124183945,-1.112783871,0.6676382192,-0.7462598457,0.3915243523,-0.6733711803,-1.441897288,-0.9312646,-0.5065677693,-0.245063528,0.4246968307,-2.480814446,-0.03843882092,-0.7148109731,0.4107807773,-0.5958168201,-1.259358963,-0.8404625521,-0.4893386059,-0.2897339031,0.3511239462,-3.103513415,-0.24194019
resize_0.5_jpeg_q75,4,all,visual_contribution,136,0.01507893743,0.4974006222,0.06147244545,-0.7440240046,-0.3013869011,0.2777200756,0.7967304748,0.5791069767,-1.219743691,1.93773558,-0.003381543574,0.4933568531,0.01154206438,-0.7641977657,-0.3048192705,0.2631985515,0.8247541381,0.568017822,-1.241741243,1.808318431,-0.018460481,0.05237054358,-0.01737982204,-0.0998807842,-0.05175021965,0.01037811385,0.06182416202,0.0621283335,-0.1817147487,0.172456427
resize_0.5_jpeg_q75,4,all,dsp_contribution,136,-0.02568015422,0.2398939928,-0.0002942238585,-0.4348995633,-0.1494286112,0.1056823645,0.276788508,0.2551109757,-0.9086640991,0.5451722451,-0.6093721775,0.3197063979,-0.5498535997,-1.177407702,-0.7604412062,-0.4136472121,-0.2001111229,0.3467939941,-2.025754581,-0.03138792492,-0.5836920233,0.3354305852,-0.486525163,-1.028352682,-0.6862951269,-0.3995784224,-0.2365875378,0.2867167045,-2.534230856,-0.1975607039
resize_0.5_jpeg_q75,4,all,fusion_logit,136,-0.01229534931,0.5383196277,-0.07883537377,-0.7711399182,-0.3593363896,0.2512177264,0.8940664224,0.610554116,-1.18900778,1.988717919,-0.6144478536,0.5496075975,-0.6145979365,-1.444133526,-0.900541503,-0.3599179427,0.3175402022,0.5406235603,-2.515046408,1.40847508,-0.6021525043,0.3412073437,-0.5332325359,-1.096321283,-0.7036786007,-0.4049563855,-0.2275390196,0.2987222153,-2.577777984,-0.1632167932
resize_0.5_jpeg_q75,4,all,fusion_probability,136,0.4954002072,0.1238217343,0.4803013737,0.3162428364,0.4111204906,0.5624760265,0.7096889759,0.1513555359,0.2334364404,0.8796074335,0.3587684147,0.1181382269,0.3510111031,0.1909109527,0.2889518512,0.4109795444,0.5787231244,0.1220276932,0.07481007947,0.8035253123,-0.1366317925,0.07199738178,-0.1263302804,-0.2560804426,-0.163058876,-0.09270888709,-0.0512063303,0.07034998894,-0.5434346682,-0.03747290096
resize_0.5_jpeg_q75,4,all,visual_calibrated_probability,136,0.5026988629,0.1235952233,0.5168284099,0.3068200787,0.4182045289,0.5754726,0.7051920522,0.1572680711,0.208143838,0.8930865731,0.4979760658,0.1233867055,0.5031608456,0.3021528166,0.4172896988,0.5715823706,0.7116596739,0.1542926718,0.2042001143,0.8787766422,-0.004722797092,0.0133847929,-0.004238947792,-0.02261637774,-0.01343240853,0.002507523666,0.01558627555,0.01593993219,-0.04966125631,0.04447330904
resize_0.5_jpeg_q75,4,authentic,visual_logit_raw,68,-0.02941081447,0.2711009657,-0.002128664404,-0.4310605377,-0.205009874,0.09776004031,0.3094380707,0.3027699143,-0.6808906794,1.014453292,-0.04029479601,0.2704697029,-0.02712371573,-0.4603982493,-0.2194790095,0.09998443164,0.3252056658,0.3194634411,-0.6931702495,0.9904081821,-0.01088398154,0.03028140351,-0.00970184058,-0.05450829533,-0.02867706493,0.003497879952,0.0320185069,0.03217494488,-0.101437605,0.09626938403
resize_0.5_jpeg_q75,4,authentic,dsp_logit_raw,68,-0.09770576228,0.3808640697,-0.04236864671,-0.7573851943,-0.2777021527,0.1203588229,0.3700301379,0.3980609756,-1.441284776,0.8515752554,-0.9669314534,0.5005354089,-0.8737050891,-1.841794097,-1.211059332,-0.6558398604,-0.3157194853,0.5552194715,-3.163198948,-0.08084117621,-0.8692256911,0.5243102383,-0.7160560489,-1.575848109,-1.042511102,-0.592792186,-0.3693336751,0.4497189159,-3.891137004,-0.3133624792
resize_0.5_jpeg_q75,4,authentic,visual_logit_calibrated,68,-0.05771450905,0.5319967985,-0.004177198872,-0.8458945376,-0.4023025013,0.1918400709,0.6072278736,0.5941425722,-1.336150392,1.990719222,-0.07907276324,0.5307580356,-0.0532264055,-0.9034655928,-0.4306961065,0.1962051201,0.6381695197,0.6269012266,-1.360247289,1.94353414,-0.02135825418,0.0594229153,-0.01903847194,-0.106964719,-0.05627463071,0.006864088187,0.06283173179,0.0631387189,-0.1990567646,0.1889148715
resize_0.5_jpeg_q75,4,authentic,dsp_logit_calibrated,68,-0.07543644265,0.2940566644,-0.03271188836,-0.5847602377,-0.2144076463,0.09292636613,0.285692027,0.3073340124,-1.112783871,0.6574822858,-0.7465462367,0.3864522397,-0.6745682374,-1.422008197,-0.9350319337,-0.5063593474,-0.2437599819,0.4286725864,-2.442235447,-0.06241567141,-0.6711097941,0.404808256,-0.5528509251,-1.216677222,-0.8048995997,-0.4576816423,-0.2851543036,0.3472179574,-3.004260205,-0.24194019
resize_0.5_jpeg_q75,4,authentic,visual_contribution,68,-0.05268636577,0.4856487281,-0.003813277307,-0.7721993956,-0.3672535222,0.1751267802,0.5543255999,0.5423803025,-1.219743691,1.817285858,-0.0721838684,0.4845178874,-0.04858927009,-0.8247548054,-0.3931734494,0.1791115422,0.5825715802,0.5722849916,-1.241741243,1.774211585,-0.01949750263,0.05424593403,-0.01737982204,-0.09764585024,-0.05137193101,0.006266082253,0.05735777116,0.05763801326,-0.1817147487,0.172456427
resize_0.5_jpeg_q75,4,authentic,dsp_contribution,68,-0.06159901218,0.2401173679,-0.026711493,-0.4774967077,-0.1750784999,0.0758807303,0.2332870697,0.2509592302,-0.9086640991,0.5368792312,-0.6096060354,0.3155646712,-0.5508310787,-1.161166899,-0.7635174917,-0.4134770213,-0.1990466884,0.3500404704,-1.994252191,-0.05096666238,-0.5480070232,0.3305536133,-0.4514405727,-0.9935001229,-0.6572555453,-0.3737283476,-0.2328479818,0.2835271977,-2.453183826,-0.1975607039
resize_0.5_jpeg_q75,4,authentic,fusion_logit,68,-0.1159795105,0.5008328128,-0.105822982,-0.7859514057,-0.473808591,0.1843230277,0.6453191016,0.6581316186,-1.18900778,1.76247996,-0.6834840363,0.5394535534,-0.6215852622,-1.526893967,-1.032455172,-0.4339656828,0.07165460954,0.598489489,-2.515046408,1.326081856,-0.5675045258,0.33516933,-0.5072092412,-1.053080637,-0.669396035,-0.3808406702,-0.2148813802,0.2885553648,-2.460529121,-0.1632167932
resize_0.5_jpeg_q75,4,authentic,fusion_probability,68,0.4713475195,0.1161490886,0.4735694705,0.313051146,0.3837151985,0.5459506394,0.6559477965,0.1622354409,0.2334364404,0.8535199857,0.3440479865,0.1108930776,0.3494232386,0.1784542361,0.2626088067,0.3931832365,0.5179015082,0.1305744298,0.07481007947,0.7901917892,-0.127299533,0.06649544437,-0.1165432341,-0.2449329893,-0.1534530339,-0.08699118069,-0.04684503902,0.06646185323,-0.4115639734,-0.03747290096
resize_0.5_jpeg_q75,4,authentic,visual_calibrated_probability,68,0.4855712658,0.1209079834,0.4989557439,0.300308984,0.4007658358,0.5478115341,0.6473070681,0.1470456983,0.208143838,0.879819207,0.4805054216,0.1209471549,0.4866968316,0.2883686123,0.3939601325,0.5488871742,0.6543353216,0.1549270416,0.2042001143,0.8747398923,-0.005065844283,0.01422705479,-0.004187651853,-0.02669971594,-0.01306413029,0.001701911966,0.01544091555,0.01476604225,-0.04966125631,0.04447330904
resize_0.5_jpeg_q75,4,ai_edited,visual_logit_raw,68,0.04624567581,0.2809656917,0.04085263051,-0.348866643,-0.129302416,0.1797228903,0.506824699,0.3090253063,-0.6364543438,1.081691265,0.0365194758,0.2769087892,0.03895920515,-0.375545007,-0.1370523013,0.183117874,0.4739629522,0.3201701753,-0.592016995,1.009447455,-0.009726200006,0.02836240743,-0.01139712334,-0.05134543069,-0.02888823487,0.006017006934,0.03618456107,0.0349052418,-0.0722438097,0.08760166168
resize_0.5_jpeg_q75,4,ai_edited,dsp_logit_raw,68,0.01624020124,0.3742862449,0.07450509816,-0.6498164177,-0.19203493,0.2683293223,0.5119493961,0.4603642523,-1.419060826,0.8647292852,-0.9661895824,0.5173130627,-0.8661675453,-1.837729335,-1.197942227,-0.6611466408,-0.3366919398,0.5367955863,-3.213166714,-0.04978620633,-0.9824297836,0.537555739,-0.8191605825,-1.687523443,-1.128893383,-0.6991646914,-0.4174189212,0.4297286915,-4.019690394,-0.3259357214
resize_0.5_jpeg_q75,4,ai_edited,visual_logit_calibrated,68,0.09075051213,0.5513549098,0.08016743351,-0.684600797,-0.2537374634,0.3526804192,0.9945708478,0.6064178826,-1.248950451,2.12266411,0.0716642383,0.5433938199,0.07645185756,-0.7369532635,-0.2689455028,0.3593425883,0.9300843785,0.6282880911,-1.161748521,1.980895985,-0.01908627382,0.05565716046,-0.02236522143,-0.1007580503,-0.05668902147,0.01180751392,0.07100701613,0.06849653539,-0.1417681246,0.1719057084
resize_0.5_jpeg_q75,4,ai_edited,dsp_logit_calibrated,68,0.01253869762,0.2889780724,0.05752372669,-0.5017087814,-0.1482658919,0.2071710927,0.395264725,0.3554369846,-1.095625254,0.6676382192,-0.7459734546,0.3994058925,-0.6687486678,-1.418869884,-0.9249045093,-0.5104565943,-0.2599523469,0.4144479151,-2.480814446,-0.03843882092,-0.7585121522,0.415034812,-0.6324556389,-1.30289926,-0.8715934347,-0.5398094843,-0.322279851,0.3317839504,-3.103513415,-0.2516477102
resize_0.5_jpeg_q75,4,ai_edited,visual_contribution,68,0.08284424063,0.5033203422,0.07318316995,-0.6249577202,-0.2316316126,0.3219545635,0.9079228834,0.5535861761,-1.140140692,1.93773558,0.06542078125,0.49605283,0.06979129853,-0.6727491897,-0.2455147131,0.328036318,0.849054537,0.5735510311,-1.060535878,1.808318431,-0.01742345937,0.05080825536,-0.02041674193,-0.09197991251,-0.05175021965,0.010778832,0.0648208169,0.06252905165,-0.1294171498,0.1569291185
resize_0.5_jpeg_q75,4,ai_edited,dsp_contribution,68,0.01023870374,0.2359703504,0.0469720551,-0.4096795163,-0.121069236,0.1691693592,0.3227606679,0.2902385952,-0.8946529159,0.5451722451,-0.6091383197,0.3261422142,-0.5460790022,-1.158604253,-0.7552477574,-0.4168227035,-0.2122688613,0.3384250539,-2.025754581,-0.03138792492,-0.6193770234,0.3389042954,-0.5164432632,-1.063906311,-0.7117156207,-0.4407913447,-0.2631635291,0.2709242759,-2.534230856,-0.2054875578
resize_0.5_jpeg_q75,4,ai_edited,fusion_logit,68,0.09138881185,0.5578942667,0.03992316821,-0.733609114,-0.2871413886,0.3781235969,1.093682157,0.6652649855,-1.083927646,1.988717919,-0.5454116709,0.5549424419,-0.6059986606,-1.346934056,-0.8594064215,-0.2945769787,0.3949538433,0.5648294428,-1.799097809,1.40847508,-0.6368004828,0.3461318701,-0.549117752,-1.111788284,-0.7671640077,-0.4754871773,-0.2568800225,0.2916768304,-2.577777984,-0.1815868752
resize_0.5_jpeg_q75,4,ai_edited,fusion_probability,68,0.5194528949,0.1273873345,0.5099794047,0.3244492267,0.4287043581,0.5934188179,0.7485333703,0.1647144597,0.252763466,0.8796074335,0.373488843,0.1240341255,0.3529756624,0.2064526665,0.2974635536,0.4268882709,0.5974735677,0.1294247173,0.1419609235,0.8035253123,-0.1459640519,0.07646036545,-0.1288354887,-0.2564578538,-0.1720855756,-0.1013113056,-0.05343554746,0.07077427006,-0.5434346682,-0.03944453905
resize_0.5_jpeg_q75,4,ai_edited,visual_calibrated_probability,68,0.5198264599,0.1247611666,0.5200310142,0.3353698191,0.4369286916,0.5872674103,0.7299718781,0.1503387187,0.2228818737,0.8930865731,0.51544671,0.1242095568,0.5191021439,0.3239070961,0.4331769103,0.5888786376,0.7170855503,0.1557017273,0.2383497149,0.8787766422,-0.004379749901,0.01258297735,-0.004678549864,-0.02071338999,-0.01373548571,0.002857558867,0.01543954781,0.01659304458,-0.03077659584,0.04009096985
resize_0.5_jpeg_q75,all,all,visual_logit_raw,682,-0.001029250415,0.4299950222,-0.01549995551,-0.6287045002,-0.2003543153,0.1774220429,0.6613530785,0.3777763583,-2.030059099,2.352267981,-0.006574573729,0.4203361422,-0.02271308377,-0.5980827153,-0.205030527,0.1633067913,0.663315022,0.3683373183,-2.060599089,2.330663919,-0.005545323314,0.04617450371,-0.005361862481,-0.07092928588,-0.02738198824,0.01136109816,0.07361237258,0.0387430864,-0.3098908663,0.2128526121
resize_0.5_jpeg_q75,all,all,dsp_logit_raw,682,0.00479938368,0.3945919502,0.03304175474,-0.6888641059,-0.1881646365,0.2110992037,0.6059361815,0.3992638402,-1.851218104,1.327116013,-1.019519129,0.4230979411,-0.982668668,-1.659135163,-1.256943136,-0.7456463724,-0.427323997,0.511296764,-3.213166714,1.680022717,-1.024318512,0.4546998982,-1.007553093,-1.76773538,-1.282365121,-0.7314662226,-0.370945261,0.5508988984,-4.019690394,0.8984694481
resize_0.5_jpeg_q75,all,all,visual_logit_calibrated,682,0.005711724125,0.4420453562,-0.02202107387,-0.6518471713,-0.2683258413,0.2690710127,0.7076874039,0.5373968541,-1.575196724,2.12266411,-0.006046082672,0.4338276361,-0.03948188707,-0.672638116,-0.2680574421,0.2538683924,0.6728948245,0.5219258346,-1.599403099,1.980895985,-0.0117578068,0.04879075331,-0.008508663306,-0.09281448365,-0.04069289183,0.01637147701,0.06171298404,0.05706436884,-0.1990567646,0.1889148715
resize_0.5_jpeg_q75,all,all,dsp_logit_calibrated,682,-0.002540963106,0.2973472466,0.02002381442,-0.5250395526,-0.1298839152,0.1361832204,0.4302961123,0.2660671356,-1.690478575,1.211883775,-0.7170488454,0.3757667407,-0.6775239035,-1.339414208,-0.9409617189,-0.4387390496,-0.2354471812,0.5022226694,-2.480814446,1.534147922,-0.7145078823,0.3862694286,-0.6588989282,-1.319153536,-0.9893091845,-0.4411978969,-0.2367590144,0.5481112876,-3.103513415,0.8204561896
resize_0.5_jpeg_q75,all,all,visual_contribution,682,0.005446122168,0.4041863103,-0.02014919568,-0.590547176,-0.2451027714,0.2463367044,0.6524445745,0.4914394757,-1.423024882,1.93773558,-0.005379602322,0.3966506876,-0.03605140094,-0.6151468894,-0.2449574685,0.2345275454,0.6167496596,0.479485014,-1.444892801,1.808318431,-0.01082572449,0.04471982841,-0.007775425324,-0.0859189413,-0.03719297702,0.0151223754,0.05578301654,0.05231535243,-0.1817147487,0.172456427
resize_0.5_jpeg_q75,all,all,dsp_contribution,682,-0.002546164256,0.259905628,0.0150196983,-0.4349376673,-0.1056483635,0.1067842608,0.3814468293,0.2124326244,-1.551020126,1.111907689,-0.6090550669,0.3470780381,-0.5770175896,-1.203852657,-0.8080302415,-0.3307289959,-0.1629634599,0.4773012456,-2.025754581,1.407586194,-0.6065089026,0.3575171107,-0.5729566442,-1.172130377,-0.8593208771,-0.329579672,-0.1646834325,0.529741205,-2.534230856,0.7527714824
resize_0.5_jpeg_q75,all,all,fusion_logit,682,0.00944906619,0.4858149215,-0.01517011986,-0.7617417552,-0.3030994308,0.3263554208,0.7751525321,0.6294548516,-1.569573506,1.988717919,-0.6078855609,0.5235456501,-0.6282526154,-1.481832582,-0.9413531025,-0.2729930202,0.2422701894,0.6683600824,-2.515046408,1.667781787,-0.6173346271,0.3602823813,-0.5673589106,-1.213326033,-0.8506984529,-0.3461441149,-0.154536081,0.504554338,-2.577777984,0.6924037517
resize_0.5_jpeg_q75,all,all,fusion_probability,682,0.501920132,0.114034893,0.496207543,0.3182682467,0.4248001365,0.580872252,0.684634312,0.1560721155,0.1722772004,0.8796074335,0.3603035348,0.1141519986,0.347906928,0.185151796,0.280627122,0.4321726708,0.5602730166,0.1515455488,0.07481007947,0.8412798517,-0.1416165971,0.08044177235,-0.1317084427,-0.2775306482,-0.1965199918,-0.07871930076,-0.03743579377,0.117800691,-0.5434346682,0.1244699666
resize_0.5_jpeg_q75,all,all,visual_calibrated_probability,682,0.5008127092,0.1035628417,0.4944949569,0.3425736662,0.4333181453,0.5668647896,0.6698899442,0.1335466443,0.1714768191,0.8930865731,0.4980579173,0.1020146372,0.4901308109,0.3379064461,0.4333840542,0.5631284113,0.6621510308,0.1297443572,0.1680650565,0.8787766422,-0.002754791892,0.01154822505,-0.001926703363,-0.02219918238,-0.009690934039,0.003928605234,0.01504814356,0.01361953927,-0.04966125631,0.04465176645
resize_0.5_jpeg_q75,all,authentic,visual_logit_raw,341,-0.06488716755,0.4290425476,-0.06009811535,-0.7097240686,-0.2494900525,0.1075383425,0.4964360297,0.3570283949,-1.990869761,2.337252378,-0.07131987173,0.4180427346,-0.07224571705,-0.6705977917,-0.2562381029,0.09780252725,0.5032203197,0.3540406302,-1.948716164,2.305407763,-0.006432704181,0.04625076714,-0.006748050451,-0.06977182627,-0.02699015429,0.01167215407,0.0670953989,0.03866230836,-0.3098908663,0.1938849837
resize_0.5_jpeg_q75,all,authentic,dsp_logit_raw,341,-0.04995950996,0.3991638214,-0.03782658279,-0.6926277876,-0.2208399922,0.1601880789,0.5378523469,0.381028071,-1.851218104,1.327116013,-1.015908776,0.429794064,-0.9825636148,-1.652853251,-1.248500109,-0.7475832105,-0.4419057667,0.5009168983,-3.163198948,1.680022717,-0.9659492665,0.4475542622,-0.9480617493,-1.706337392,-1.220970064,-0.6884790659,-0.3352458179,0.5324909985,-3.891137004,0.8984694481
resize_0.5_jpeg_q75,all,authentic,visual_logit_calibrated,341,-0.07201056657,0.4244550263,-0.0992062354,-0.6870575975,-0.3260280923,0.1803229551,0.6058430175,0.5063510474,-1.575196724,1.990719222,-0.08333566813,0.4170247766,-0.09382039394,-0.7198029147,-0.340664672,0.1779391729,0.5950121705,0.5186038449,-1.599403099,1.94353414,-0.01132510156,0.04886142426,-0.009507626842,-0.09373243117,-0.03812832101,0.01744302453,0.06237294011,0.05557134554,-0.1990567646,0.1889148715
resize_0.5_jpeg_q75,all,authentic,dsp_logit_calibrated,341,-0.04054505863,0.3045291801,-0.02279791361,-0.5347624865,-0.1615355172,0.1005891623,0.3859164086,0.2621246795,-1.690478575,1.211883775,-0.7138281936,0.3821747732,-0.6761122349,-1.344926503,-0.9335422851,-0.4605858361,-0.2272375802,0.472956449,-2.442235447,1.534147922,-0.6732831349,0.3789285076,-0.6127316619,-1.252930125,-0.9146902431,-0.4032610585,-0.209492869,0.5114291846,-3.004260205,0.8204561896
resize_0.5_jpeg_q75,all,authentic,visual_contribution,341,-0.06568860747,0.3884051727,-0.09166738686,-0.6272004818,-0.2992341057,0.1661152349,0.5581864016,0.4653493406,-1.423024882,1.817285858,-0.07610384674,0.381572855,-0.084756877,-0.6502663711,-0.3121979472,0.1624369418,0.5506169316,0.474634889,-1.444892801,1.774211585,-0.01041523926,0.04479803197,-0.008647296541,-0.08631109728,-0.03480654518,0.01593986386,0.05757615547,0.05074640903,-0.1817147487,0.172456427
resize_0.5_jpeg_q75,all,authentic,dsp_contribution,341,-0.03465781163,0.2669686265,-0.01640235636,-0.4856279298,-0.1298260632,0.08421103205,0.347738077,0.2140370953,-1.551020126,1.111907689,-0.6061061635,0.3529300173,-0.5640048625,-1.187219316,-0.8010052304,-0.3362380693,-0.166246469,0.4647671611,-1.994252191,1.407586194,-0.5714483519,0.3495684746,-0.5252117723,-1.077731802,-0.8178947057,-0.2962708397,-0.159277926,0.521623866,-2.453183826,0.7527714824
resize_0.5_jpeg_q75,all,authentic,fusion_logit,341,-0.09379731082,0.4697300395,-0.0966464649,-0.7958910214,-0.3829544083,0.2107967584,0.6765286846,0.5937511666,-1.569573506,1.76247996,-0.675660902,0.5212255725,-0.6856009166,-1.53472014,-0.984380962,-0.3532492861,0.1567875516,0.631131676,-2.515046408,1.667781787,-0.5818635912,0.3517190737,-0.5465270345,-1.126421876,-0.8223708811,-0.3084609495,-0.1521159889,0.5139099316,-2.460529121,0.6924037517
resize_0.5_jpeg_q75,all,authentic,fusion_probability,341,0.4775414696,0.1102422056,0.4758571731,0.3109051546,0.4054145278,0.5525049109,0.6629634959,0.1470903831,0.1722772004,0.8535199857,0.3454741195,0.1109237114,0.3350123847,0.1773041223,0.2720233704,0.4125947001,0.5391167889,0.1405713296,0.07481007947,0.8412798517,-0.1320673501,0.07638227688,-0.1259809323,-0.2646835001,-0.1856221685,-0.07160539045,-0.03292579136,0.114016778,-0.4115639734,0.1244699666
resize_0.5_jpeg_q75,all,authentic,visual_calibrated_probability,341,0.4823347018,0.09993144949,0.4752187623,0.3346879447,0.4192073621,0.5449589795,0.646991956,0.1257516174,0.1714768191,0.879819207,0.4796377833,0.09831714764,0.4765620912,0.3274363839,0.4156480293,0.5443677892,0.6445143422,0.1287197599,0.1680650565,0.8747398923,-0.002696918504,0.01162194681,-0.002179634253,-0.02249309998,-0.008937141025,0.004243307739,0.01519520041,0.01318044876,-0.04966125631,0.04447330904
resize_0.5_jpeg_q75,all,ai_edited,visual_logit_raw,341,0.06282866672,0.4219929942,0.03492799774,-0.4900171757,-0.1394671202,0.2376811653,0.7799586058,0.3771482855,-2.030059099,2.352267981,0.05817072428,0.4131782974,0.02318436839,-0.480697006,-0.135781154,0.2395137846,0.7940685749,0.3752949387,-2.060599089,2.330663919,-0.004657942446,0.0461489701,-0.00381475687,-0.07099020481,-0.02779050916,0.01064217091,0.07985138893,0.03843268007,-0.1483501792,0.2128526121
resize_0.5_jpeg_q75,all,ai_edited,dsp_logit_raw,341,0.05955827732,0.3827755167,0.09068220854,-0.6650549173,-0.1119776517,0.27646631,0.6256977916,0.3884439617,-1.419060826,1.266645193,-1.023129481,0.4168946601,-0.9912283421,-1.659341812,-1.262122393,-0.7440749407,-0.4134351015,0.518047452,-3.213166714,-0.04978620633,-1.082687758,0.4549431753,-1.069123954,-1.823531628,-1.342120647,-0.7716477066,-0.422832258,0.5704729408,-4.019690394,0.4882694483
resize_0.5_jpeg_q75,all,ai_edited,visual_logit_calibrated,341,0.08343401482,0.446210488,0.046476304,-0.5822389727,-0.1767261961,0.352245395,0.8280923149,0.5289715911,-1.355105382,2.12266411,0.07124350279,0.4371203728,0.03840907494,-0.580634949,-0.19901245,0.3361891657,0.7743811392,0.5352016157,-1.359302884,1.980895985,-0.01219051203,0.04878793343,-0.005063017067,-0.09160779496,-0.04252232899,0.0149477105,0.06100736925,0.0574700395,-0.161272433,0.1811756462
resize_0.5_jpeg_q75,all,ai_edited,dsp_logit_calibrated,341,0.03546313242,0.2854044066,0.05810697274,-0.4858321035,-0.07280020377,0.1719544531,0.4624326883,0.2447546568,-1.152469046,0.857511447,-0.7202694972,0.3697813129,-0.6799038081,-1.32393059,-0.942933744,-0.4273394771,-0.2396821897,0.5155942669,-2.480814446,-0.03843882092,-0.7557326296,0.3896809054,-0.7174489936,-1.372205887,-1.019209732,-0.4849606859,-0.2516477102,0.5342490466,-3.103513415,0.4458734706
resize_0.5_jpeg_q75,all,ai_edited,visual_contribution,341,0.07658085181,0.4076824666,0.04247118708,-0.5328310829,-0.1614967347,0.3236940523,0.7552603997,0.485190787,-1.224195459,1.93773558,0.06534464209,0.3993684666,0.03506283956,-0.5300494764,-0.1818624604,0.310334572,0.7152768291,0.4921970324,-1.227987461,1.808318431,-0.01123620972,0.04470353903,-0.004673646253,-0.08431050832,-0.03925215359,0.01350368728,0.05575003109,0.05275584088,-0.1493357962,0.1636731772
resize_0.5_jpeg_q75,all,ai_edited,dsp_contribution,341,0.02956548312,0.2489174988,0.04227325699,-0.419286693,-0.05992847831,0.145354674,0.4140074718,0.2052831523,-1.057394463,0.7666710576,-0.6120039702,0.3416190746,-0.5774396479,-1.210228616,-0.8236014317,-0.3299580957,-0.1605693764,0.493643336,-2.025754581,-0.03138792492,-0.6415694533,0.3624211252,-0.6006440497,-1.255706264,-0.890522793,-0.3722669278,-0.1740801611,0.5182558652,-2.534230856,0.4090905007
resize_0.5_jpeg_q75,all,ai_edited,fusion_logit,341,0.1126954432,0.4803101056,0.0906442996,-0.6133420517,-0.1966394998,0.4081046658,0.9466206956,0.6047441655,-1.237550091,1.988717919,-0.5401102198,0.5177993437,-0.5616439879,-1.364412098,-0.8932654453,-0.2026180625,0.3009079017,0.6906473828,-1.959134005,1.40847508,-0.652805663,0.365730046,-0.603773285,-1.276531307,-0.8831842059,-0.3720710883,-0.1720582714,0.5111131175,-2.577777984,0.4333202719
resize_0.5_jpeg_q75,all,ai_edited,fusion_probability,341,0.5262987943,0.1126973039,0.5226455716,0.3512972082,0.4509979207,0.6006333263,0.7204350651,0.1496354056,0.2248627158,0.8796074335,0.3751329502,0.1155616572,0.363167158,0.2035241564,0.2904364141,0.4495180737,0.5746644459,0.1590816596,0.1235607986,0.8035253123,-0.1511658442,0.0833284142,-0.1423632663,-0.2932750262,-0.2116184382,-0.08689953374,-0.03842769125,0.1247189045,-0.5434346682,0.1045322194
resize_0.5_jpeg_q75,all,ai_edited,visual_calibrated_probability,341,0.5192907167,0.1039754427,0.511616985,0.3584175689,0.4559330834,0.5871619753,0.6959514088,0.1312288919,0.2050369576,0.8930865731,0.5164780514,0.1024583872,0.5096010884,0.358786505,0.4504104497,0.5832645297,0.6844678592,0.1328540801,0.2043536252,0.8787766422,-0.00281266528,0.01149081708,-0.001248233855,-0.02185541843,-0.01034198339,0.003455868966,0.01485327109,0.01379785236,-0.04020428257,0.04465176645
