condition,outer_fold,class,feature_index,feature,n,effective_logit_weight_per_unit,delta_contribution_mean,delta_contribution_sd,delta_contribution_median,delta_contribution_q25,delta_contribution_q75,delta_contribution_iqr,share_of_mean_delta_dsp_contribution
jpeg_q95,0,all,0,fft_high_freq_energy_ratio,138,-2.633923943,3.404240745e-05,0.0003331988985,1.970275967e-05,-0.00016633525,0.0002508765733,0.0004172118233,-0.000843805854
jpeg_q95,0,all,1,fft_spectral_peak_count,138,-1.798233879,0,0,0,0,0,0,-0
jpeg_q95,0,all,2,fft_radial_anomaly_score,138,0.6410692307,0,0,0,0,0,0,-0
jpeg_q95,0,all,3,fft_spectral_decay_slope,138,1.758332626,-0.0001088010438,0.0005981748963,-7.891800803e-05,-0.0004499269701,0.0002301513222,0.0006800782923,0.002696840927
jpeg_q95,0,all,4,dct_mean_high_freq_energy,138,2.907659274,-0.06918102047,0.05365376607,-0.05866617094,-0.1050976092,-0.02739675785,0.07770085136,1.714783249
jpeg_q95,0,all,5,dct_ac_energy_variance,138,-0.02645425675,0.0007398506711,0.0006879187114,0.0005054979217,0.0001812847459,0.001135759478,0.0009544747325,-0.01833860688
jpeg_q95,0,all,6,dct_anomaly_score,138,0.09851340229,0.0004561812434,0.001075441943,0,0,0.0008986890822,0.0008986890822,-0.01130732027
jpeg_q95,0,all,7,noise_global_level,138,-23.34093973,0.03244649167,0.03025509064,0.02536926764,0.009611018955,0.05264677897,0.04303576001,-0.8042480442
jpeg_q95,0,all,8,noise_max_to_min_ratio,138,-0.1479342536,0.0002246144026,0.001252258277,0,-8.126629471e-05,0.0004112817117,0.0004925480064,-0.005567495426
jpeg_q95,0,all,9,noise_std_of_variances,138,-1.107003458,0.0007715703305,0.0006372482923,0.0007412139207,0.0002885648789,0.001199136927,0.0009105720481,-0.019124839
jpeg_q95,0,all,10,noise_coef_variation,138,0.3527154169,-0.0001647098408,0.001790954206,-0.0002224073646,-0.001287099317,0.0008255682956,0.002112667613,0.004082646859
jpeg_q95,0,all,11,noise_inconsistency_score,138,-0.2405656659,0.0001612816668,0.001404869968,0.0001812786717,-0.0004494833701,0.0008884850547,0.001337968425,-0.003997673042
jpeg_q95,0,all,12,jpeg_boundary_difference_ratio,138,-0.1587673346,-0.001972524119,0.001044192751,-0.002148200274,-0.002777734886,-0.00153581784,0.001241917046,0.04889276416
jpeg_q95,0,all,13,jpeg_periodic_grid_strength,138,-3.782502478,-0.04596459099,0.02564180561,-0.04970942545,-0.06617721215,-0.03314330879,0.03303390336,1.139319862
jpeg_q95,0,all,14,jpeg_artifact_score,138,1.422526592,0.03457280113,0.019286782,0.03738952188,0.02492912476,0.04977595897,0.0248468342,-0.8569526706
jpeg_q95,0,all,15,laplacian_variance,138,-9.608249511,0.007640888402,0.007927697486,0.005316845327,0.001166363126,0.01193176945,0.01076540633,-0.1893939602
jpeg_q95,0,authentic,0,fft_high_freq_energy_ratio,69,-2.633923943,5.445363145e-05,0.0003344055876,2.001674787e-05,-0.0001499293664,0.0002649275454,0.0004148569118,-0.001749696903
jpeg_q95,0,authentic,1,fft_spectral_peak_count,69,-1.798233879,0,0,0,0,0,0,-0
jpeg_q95,0,authentic,2,fft_radial_anomaly_score,69,0.6410692307,0,0,0,0,0,0,-0
jpeg_q95,0,authentic,3,fft_spectral_decay_slope,69,1.758332626,-0.0001546645319,0.0005849262569,-5.386966285e-05,-0.0004827308698,0.000175443221,0.0006581740909,0.004969660339
jpeg_q95,0,authentic,4,dct_mean_high_freq_energy,69,2.907659274,-0.0649359452,0.05537544936,-0.0532220273,-0.09906954086,-0.0227944242,0.07627511666,2.086513226
jpeg_q95,0,authentic,5,dct_ac_energy_variance,69,-0.02645425675,0.0008020803549,0.000742108234,0.0005043450863,0.0001797938354,0.001246755708,0.001066961873,-0.02577234016
jpeg_q95,0,authentic,6,dct_anomaly_score,69,0.09851340229,0.0002488159557,0.0005177930407,0,0,0.0006234678353,0.0006234678353,-0.007994921467
jpeg_q95,0,authentic,7,noise_global_level,69,-23.34093973,0.03656391457,0.03111298625,0.02914649628,0.01259600822,0.05844689721,0.04585088898,-1.17486688
jpeg_q95,0,authentic,8,noise_max_to_min_ratio,69,-0.1479342536,0.0003387757393,0.001324051876,8.953359195e-05,0,0.000464425749,0.000464425749,-0.01088549737
jpeg_q95,0,authentic,9,noise_std_of_variances,69,-1.107003458,0.0008770794428,0.0006076914985,0.0008256891087,0.000472204104,0.001217761532,0.0007455574282,-0.02818220096
jpeg_q95,0,authentic,10,noise_coef_variation,69,0.3527154169,-0.000362703883,0.001662877159,-0.0004444783535,-0.001313883227,0.0006254274212,0.001939310648,0.01165435332
jpeg_q95,0,authentic,11,noise_inconsistency_score,69,-0.2405656659,0.000355530446,0.001240649584,0.0002999755152,-0.0002621595368,0.001188466843,0.00145062638,-0.01142385739
jpeg_q95,0,authentic,12,jpeg_boundary_difference_ratio,69,-0.1587673346,-0.001966237628,0.001079233781,-0.002162414107,-0.002758278402,-0.001528980627,0.001229297775,0.06317888809
jpeg_q95,0,authentic,13,jpeg_periodic_grid_strength,69,-3.782502478,-0.04579280406,0.02645304176,-0.04987083694,-0.06571365259,-0.03275761213,0.03295604046,1.47140834
jpeg_q95,0,authentic,14,jpeg_artifact_score,69,1.422526592,0.0344435896,0.01989696269,0.0375109294,0.02463901854,0.04942728726,0.02478826872,-1.106736878
jpeg_q95,0,authentic,15,laplacian_variance,69,-9.608249511,0.008406334149,0.008318936112,0.005870119168,0.00164859578,0.01362190361,0.01197330783,-0.27011122
jpeg_q95,0,ai_edited,0,fft_high_freq_energy_ratio,69,-2.633923943,1.363118346e-05,0.0003331712691,1.891778917e-05,-0.0001755979019,0.0002274059552,0.0004030038572,-0.0002750106429
jpeg_q95,0,ai_edited,1,fft_spectral_peak_count,69,-1.798233879,0,0,0,0,0,0,-0
jpeg_q95,0,ai_edited,2,fft_radial_anomaly_score,69,0.6410692307,0,0,0,0,0,0,-0
jpeg_q95,0,ai_edited,3,fft_spectral_decay_slope,69,1.758332626,-6.293755569e-05,0.0006119484132,-8.447266198e-05,-0.0003863104616,0.000314204765,0.0007005152267,0.001269772188
jpeg_q95,0,ai_edited,4,dct_mean_high_freq_energy,69,2.907659274,-0.07342609574,0.05193048914,-0.06209662572,-0.1101726459,-0.0337769488,0.07639569709,1.481379651
jpeg_q95,0,ai_edited,5,dct_ac_energy_variance,69,-0.02645425675,0.0006776209874,0.0006283629582,0.0005066507571,0.0001843767947,0.001001240597,0.0008168638026,-0.01367107881
jpeg_q95,0,ai_edited,6,dct_anomaly_score,69,0.09851340229,0.0006635465312,0.001405270128,0,0,0.001238685712,0.001238685712,-0.01338712509
jpeg_q95,0,ai_edited,7,noise_global_level,69,-23.34093973,0.02832906878,0.02901343604,0.02187515399,0.007440811308,0.04929748349,0.04185667219,-0.5715421143
jpeg_q95,0,ai_edited,8,noise_max_to_min_ratio,69,-0.1479342536,0.0001104530659,0.001174649018,0,-0.0001778106804,0.0002708933437,0.0004487040241,-0.002228402893
jpeg_q95,0,ai_edited,9,noise_std_of_variances,69,-1.107003458,0.0006660612182,0.0006528873533,0.0006299188891,0.0001792993261,0.001059968393,0.0008806690667,-0.01343785918
jpeg_q95,0,ai_edited,10,noise_coef_variation,69,0.3527154169,3.328420142e-05,0.001901969133,-1.160495938e-05,-0.0009850550211,0.001170524136,0.002155579157,-0.0006715124667
jpeg_q95,0,ai_edited,11,noise_inconsistency_score,69,-0.2405656659,-3.29671124e-05,0.001536410527,0,-0.0006739322293,0.0007472968584,0.001421229088,0.0006651151604
jpeg_q95,0,ai_edited,12,jpeg_boundary_difference_ratio,69,-0.1587673346,-0.001978810611,0.001015817718,-0.002133986442,-0.002797550975,-0.001556329479,0.001241221496,0.03992272424
jpeg_q95,0,ai_edited,13,jpeg_periodic_grid_strength,69,-3.782502478,-0.04613637791,0.02499700446,-0.0493037056,-0.06664934603,-0.03430039876,0.03234894728,0.9308065573
jpeg_q95,0,ai_edited,14,jpeg_artifact_score,69,1.422526592,0.03470201266,0.01880178732,0.03708435498,0.02579944343,0.05013107995,0.02433163652,-0.7001169663
jpeg_q95,0,ai_edited,15,laplacian_variance,69,-9.608249511,0.006875442655,0.007498484573,0.004258095415,0.001087344459,0.01015465704,0.009067312586,-0.1387128205
jpeg_q95,1,all,0,fft_high_freq_energy_ratio,136,-1.950595988,4.741115731e-05,0.0003069268396,3.493750657e-05,-0.0001017751075,0.0002098721017,0.0003116472092,-0.001009426534
jpeg_q95,1,all,1,fft_spectral_peak_count,136,-3.101221105,0,0,0,0,0,0,-0
jpeg_q95,1,all,2,fft_radial_anomaly_score,136,0.03782896903,0,0,0,0,0,0,-0
jpeg_q95,1,all,3,fft_spectral_decay_slope,136,1.820091914,-8.103101431e-05,0.0006623827663,-9.601004984e-05,-0.0005110229828,0.0003081000469,0.0008191230297,0.001725223779
jpeg_q95,1,all,4,dct_mean_high_freq_energy,136,3.74959782,-0.08664804403,0.07781546155,-0.07214818221,-0.1465149839,-0.02884379875,0.1176711851,1.844815435
jpeg_q95,1,all,5,dct_ac_energy_variance,136,-0.199590562,0.006285892268,0.00708356019,0.004163283938,0.001013750629,0.008873468954,0.007859718326,-0.1338323468
jpeg_q95,1,all,6,dct_anomaly_score,136,0.0549254393,0.0002295624888,0.0004511465562,0,0,0.0005458122751,0.0005458122751,-0.004887593568
jpeg_q95,1,all,7,noise_global_level,136,-35.02480908,0.04837581414,0.05226362069,0.04533508807,0.006144181156,0.08230369266,0.0761595115,-1.029964953
jpeg_q95,1,all,8,noise_max_to_min_ratio,136,-0.151214298,0.0002728465586,0.001052921858,3.741777885e-05,-4.364412339e-05,0.000491183832,0.0005348279553,-0.005809150667
jpeg_q95,1,all,9,noise_std_of_variances,136,2.828929669,-0.002097145672,0.002370695987,-0.001882570536,-0.003936490548,-0.0002706018624,0.003665888686,0.04465013317
jpeg_q95,1,all,10,noise_coef_variation,136,-0.6987877476,-0.0001542369668,0.004406490747,0.0005099331375,-0.00189483915,0.002255276452,0.004150115601,0.003283844894
jpeg_q95,1,all,11,noise_inconsistency_score,136,0.4360108967,-9.798471235e-05,0.003285120915,0,-0.001717604052,0.001156026674,0.002873630726,0.002086183384
jpeg_q95,1,all,12,jpeg_boundary_difference_ratio,136,1.400380167,0.0158221051,0.01139083628,0.01734071849,0.008705958842,0.02422024685,0.01551428801,-0.336866966
jpeg_q95,1,all,13,jpeg_periodic_grid_strength,136,-6.655722917,-0.07368325348,0.05485067669,-0.08183361503,-0.1144669396,-0.0376543658,0.07681257381,1.568783287
jpeg_q95,1,all,14,jpeg_artifact_score,136,1.796066194,0.04018469795,0.02882347074,0.04416607823,0.02032228034,0.0617784734,0.04145619307,-0.8555686613
jpeg_q95,1,all,15,laplacian_variance,136,-5.488169012,0.004574920374,0.005786386325,0.002801118902,0.0002569769254,0.008066875077,0.007809898152,-0.09740420358
jpeg_q95,1,authentic,0,fft_high_freq_energy_ratio,68,-1.950595988,6.651445382e-05,0.0002828818743,3.361499696e-05,-0.0001191566624,0.0002670306763,0.0003861873387,-0.001934714206
jpeg_q95,1,authentic,1,fft_spectral_peak_count,68,-3.101221105,0,0,0,0,0,0,-0
jpeg_q95,1,authentic,2,fft_radial_anomaly_score,68,0.03782896903,0,0,0,0,0,0,-0
jpeg_q95,1,authentic,3,fft_spectral_decay_slope,68,1.820091914,-0.0001151195277,0.0006362270896,-0.0001593658341,-0.0005220343049,0.0002944850625,0.0008165193674,0.003348496046
jpeg_q95,1,authentic,4,dct_mean_high_freq_energy,68,3.74959782,-0.08116182305,0.08052963637,-0.06787434497,-0.1446284198,-0.01703860953,0.1275898103,2.36076406
jpeg_q95,1,authentic,5,dct_ac_energy_variance,68,-0.199590562,0.006662094186,0.007448264976,0.004932874572,0.0003742627105,0.01009941473,0.009725152021,-0.1937811637
jpeg_q95,1,authentic,6,dct_anomaly_score,68,0.0549254393,0.0001400627948,0.0002838719789,0,0,0.0003800101019,0.0003800101019,-0.004074023964
jpeg_q95,1,authentic,7,noise_global_level,68,-35.02480908,0.05451607545,0.05424686206,0.04999555156,0.01145855751,0.09025649696,0.07879793945,-1.585715879
jpeg_q95,1,authentic,8,noise_max_to_min_ratio,68,-0.151214298,0.000398562206,0.0009556097794,9.495949983e-05,0,0.000574667998,0.000574667998,-0.01159302855
jpeg_q95,1,authentic,9,noise_std_of_variances,68,2.828929669,-0.002363493423,0.002311559713,-0.002178146208,-0.004160806948,-0.0005861185123,0.003574688436,0.0687472277
jpeg_q95,1,authentic,10,noise_coef_variation,68,-0.6987877476,0.0007924209844,0.003842664222,0.0005293216759,-0.001507380764,0.002339227938,0.003846608702,-0.02304924791
jpeg_q95,1,authentic,11,noise_inconsistency_score,68,0.4360108967,-0.0006555421079,0.003089627036,-0.0004231800697,-0.001885046505,0.001072581573,0.002957628078,0.01906783497
jpeg_q95,1,authentic,12,jpeg_boundary_difference_ratio,68,1.400380167,0.01577270117,0.0117703864,0.01734071849,0.006534341643,0.02415601733,0.01762167569,-0.4587825243
jpeg_q95,1,authentic,13,jpeg_periodic_grid_strength,68,-6.655722917,-0.07347982913,0.05673130777,-0.08107576804,-0.1148087194,-0.02571308665,0.08909563275,2.137316946
jpeg_q95,1,authentic,14,jpeg_artifact_score,68,1.796066194,0.04006913246,0.02987427244,0.0437570638,0.01387750249,0.06196293394,0.04808543145,-1.165495849
jpeg_q95,1,authentic,15,laplacian_variance,68,-5.488169012,0.004978721686,0.006011970334,0.003127970926,0.0005811218202,0.008985301279,0.008404179459,-0.144816698
jpeg_q95,1,ai_edited,0,fft_high_freq_energy_ratio,68,-1.950595988,2.83078608e-05,0.0003302291334,3.493750657e-05,-9.59037462e-05,0.0001813436801,0.0002772474263,-0.0004753042889
jpeg_q95,1,ai_edited,1,fft_spectral_peak_count,68,-3.101221105,0,0,0,0,0,0,-0
jpeg_q95,1,ai_edited,2,fft_radial_anomaly_score,68,0.03782896903,0,0,0,0,0,0,-0
jpeg_q95,1,ai_edited,3,fft_spectral_decay_slope,68,1.820091914,-4.694250094e-05,0.0006905843389,-4.274345722e-05,-0.0004360049608,0.0003286038881,0.0007646088489,0.0007881899726
jpeg_q95,1,ai_edited,4,dct_mean_high_freq_energy,68,3.74959782,-0.09213426501,0.07519807762,-0.08314017656,-0.1474035938,-0.03972527909,0.1076783147,1.546984126
jpeg_q95,1,ai_edited,5,dct_ac_energy_variance,68,-0.199590562,0.00590969035,0.006733396331,0.003706632869,0.001093816655,0.008662118273,0.007568301618,-0.09922689635
jpeg_q95,1,ai_edited,6,dct_anomaly_score,68,0.0549254393,0.0003190621828,0.0005596976312,0,0,0.0006768735813,0.0006768735813,-0.005357226566
jpeg_q95,1,ai_edited,7,noise_global_level,68,-35.02480908,0.04223555283,0.04984463287,0.03766209293,0.0006666915122,0.0773464579,0.07667976639,-0.7091577687
jpeg_q95,1,ai_edited,8,noise_max_to_min_ratio,68,-0.151214298,0.0001471309113,0.00113514983,0,-9.052126478e-05,0.0003823903894,0.0004729116542,-0.002470407554
jpeg_q95,1,ai_edited,9,noise_std_of_variances,68,2.828929669,-0.00183079792,0.00241598309,-0.001652702936,-0.003822681742,2.256508486e-05,0.003845246827,0.03074008699
jpeg_q95,1,ai_edited,10,noise_coef_variation,68,-0.6987877476,-0.001100894918,0.004747524388,-0.0001718728328,-0.002018365589,0.001915680267,0.003934045856,0.01848462093
jpeg_q95,1,ai_edited,11,noise_inconsistency_score,68,0.4360108967,0.0004595726832,0.003401220125,0,-0.001593737438,0.001259645174,0.002853382611,-0.007716473842
jpeg_q95,1,ai_edited,12,jpeg_boundary_difference_ratio,68,1.400380167,0.01587150902,0.01108566355,0.0172464818,0.009414319888,0.02422024685,0.01480592696,-0.2664912182
jpeg_q95,1,ai_edited,13,jpeg_periodic_grid_strength,68,-6.655722917,-0.07388667782,0.05332515931,-0.08196901469,-0.1142139985,-0.04217827109,0.07203572742,1.240597271
jpeg_q95,1,ai_edited,14,jpeg_artifact_score,68,1.796066194,0.04030026344,0.02795506314,0.04423915422,0.02276385835,0.06164195962,0.03887810128,-0.6766632135
jpeg_q95,1,ai_edited,15,laplacian_variance,68,-5.488169012,0.004171119062,0.005566821634,0.002316017291,1.533304831e-05,0.007216551246,0.007201218198,-0.07003534438
jpeg_q95,2,all,0,fft_high_freq_energy_ratio,136,-0.06607959225,2.597141877e-06,1.170626172e-05,2.650711869e-06,-5.194095509e-06,7.700554299e-06,1.289464981e-05,-3.875959847e-05
jpeg_q95,2,all,1,fft_spectral_peak_count,136,0.7615752244,0,0,0,0,0,0,-0
jpeg_q95,2,all,2,fft_radial_anomaly_score,136,0.2364869999,0,0,0,0,0,0,-0
jpeg_q95,2,all,3,fft_spectral_decay_slope,136,1.878078942,-0.0001912039106,0.0008593015105,-9.962858309e-05,-0.0005378824064,0.0002828780106,0.0008207604171,0.002853516347
jpeg_q95,2,all,4,dct_mean_high_freq_energy,136,4.015957365,-0.09844638214,0.09060821966,-0.07916111972,-0.1535858908,-0.04030540127,0.1132804895,1.469208239
jpeg_q95,2,all,5,dct_ac_energy_variance,136,-0.2192864543,0.006346042941,0.007628393858,0.003949018552,0.001368439585,0.00938837209,0.008019932506,-0.09470798592
jpeg_q95,2,all,6,dct_anomaly_score,136,0.03006009225,0.0001485685009,0.0003486495172,0,0,0.0003020295334,0.0003020295334,-0.002217227904
jpeg_q95,2,all,7,noise_global_level,136,-38.31814062,0.0540178716,0.06444066393,0.0472497051,0.01614848477,0.09131652686,0.07516804209,-0.8061596605
jpeg_q95,2,all,8,noise_max_to_min_ratio,136,-0.1945833443,0.0004320935694,0.002161961247,0.000304237702,0,0.0009211072098,0.0009211072098,-0.00644853999
jpeg_q95,2,all,9,noise_std_of_variances,136,-0.1116603057,8.165975239e-05,8.903923434e-05,7.759012648e-05,2.618897371e-05,0.0001268918935,0.0001007029198,-0.001218685526
jpeg_q95,2,all,10,noise_coef_variation,136,0.0253889414,-2.036738051e-05,0.0001562075937,-1.342598725e-05,-0.00010461624,3.594954876e-05,0.0001405657887,0.0003039616347
jpeg_q95,2,all,11,noise_inconsistency_score,136,0.1155871938,-9.627274714e-05,0.0008079419681,0,-0.0003802686696,0.0001722008788,0.0005524695484,0.001436769033
jpeg_q95,2,all,12,jpeg_boundary_difference_ratio,136,3.092203059,0.03713726316,0.02684547805,0.0434281491,0.02777058229,0.05232302569,0.02455244339,-0.5542344149
jpeg_q95,2,all,13,jpeg_periodic_grid_strength,136,2.879661508,0.03476375504,0.02314352844,0.03755044578,0.02543069294,0.04872651261,0.02329581968,-0.518812314
jpeg_q95,2,all,14,jpeg_artifact_score,136,-4.384619048,-0.1045016002,0.07161355997,-0.1143498285,-0.1483835477,-0.07660968455,0.07177386312,1.559575971
jpeg_q95,2,all,15,laplacian_variance,136,-3.885936169,0.003319528821,0.004193552945,0.001765809984,0.0006167674566,0.005034501617,0.004417734161,-0.04954046038
jpeg_q95,2,authentic,0,fft_high_freq_energy_ratio,68,-0.06607959225,2.714917667e-06,1.058242502e-05,2.423254796e-06,-4.669516479e-06,7.915210758e-06,1.258472724e-05,-5.181962796e-05
jpeg_q95,2,authentic,1,fft_spectral_peak_count,68,0.7615752244,0,0,0,0,0,0,-0
jpeg_q95,2,authentic,2,fft_radial_anomaly_score,68,0.2364869999,0,0,0,0,0,0,-0
jpeg_q95,2,authentic,3,fft_spectral_decay_slope,68,1.878078942,-0.0001919776289,0.0007498227945,-7.242662164e-05,-0.000509225196,0.0002728032101,0.0007820284061,0.003664276612
jpeg_q95,2,authentic,4,dct_mean_high_freq_energy,68,4.015957365,-0.09134121167,0.09623949417,-0.06923966405,-0.1374870808,-0.03309274302,0.1043943378,1.743429521
jpeg_q95,2,authentic,5,dct_ac_energy_variance,68,-0.2192864543,0.006754658235,0.007897483104,0.004242057332,0.001525535452,0.01019117637,0.008665640913,-0.128926148
jpeg_q95,2,authentic,6,dct_anomaly_score,68,0.03006009225,6.178822743e-05,0.0002601958398,0,0,0.0002163624194,0.0002163624194,-0.001179351771
jpeg_q95,2,authentic,7,noise_global_level,68,-38.31814062,0.06064007959,0.0682149445,0.05283993169,0.01678666733,0.0963096461,0.07952297877,-1.157437075
jpeg_q95,2,authentic,8,noise_max_to_min_ratio,68,-0.1945833443,0.0005443370473,0.002149898939,0.0003145788321,0,0.001209728109,0.001209728109,-0.01038976011
jpeg_q95,2,authentic,9,noise_std_of_variances,68,-0.1116603057,8.893440596e-05,8.995684837e-05,8.257434771e-05,3.149161771e-05,0.0001360174828,0.000104525865,-0.001697490825
jpeg_q95,2,authentic,10,noise_coef_variation,68,0.0253889414,-3.64638812e-05,0.0001360103822,-1.342598725e-05,-9.194160559e-05,3.278798375e-05,0.0001247295893,0.000695986026
jpeg_q95,2,authentic,11,noise_inconsistency_score,68,0.1155871938,-0.0001589617028,0.0007661055553,-3.42840417e-05,-0.0003545121482,0.0001291908122,0.0004837029603,0.003034101696
jpeg_q95,2,authentic,12,jpeg_boundary_difference_ratio,68,3.092203059,0.0367542338,0.0289106665,0.04387657452,0.02708660913,0.05390753587,0.02682092675,-0.7015279855
jpeg_q95,2,authentic,13,jpeg_periodic_grid_strength,68,2.879661508,0.0344860157,0.02499325342,0.03883654391,0.02522471009,0.05020204765,0.02497733757,-0.6582345114
jpeg_q95,2,authentic,14,jpeg_artifact_score,68,-4.384619048,-0.103612275,0.07716246966,-0.118266296,-0.1528768946,-0.07491570598,0.07796118858,1.977647281
jpeg_q95,2,authentic,15,laplacian_variance,68,-3.885936169,0.003616403973,0.004456464392,0.001815257202,0.0007299286795,0.00515728004,0.004427351361,-0.06902629526
jpeg_q95,2,ai_edited,0,fft_high_freq_energy_ratio,68,-0.06607959225,2.479366087e-06,1.281025265e-05,2.682221074e-06,-5.70612009e-06,7.665106444e-06,1.337122653e-05,-3.037651454e-05
jpeg_q95,2,ai_edited,1,fft_spectral_peak_count,68,0.7615752244,0,0,0,0,0,0,-0
jpeg_q95,2,ai_edited,2,fft_radial_anomaly_score,68,0.2364869999,0,0,0,0,0,0,-0
jpeg_q95,2,ai_edited,3,fft_spectral_decay_slope,68,1.878078942,-0.0001904301922,0.0009620725625,-0.0001427263409,-0.0006557016016,0.0003343714356,0.0009900730372,0.002333098583
jpeg_q95,2,ai_edited,4,dct_mean_high_freq_energy,68,4.015957365,-0.1055515526,0.0847214253,-0.09753325379,-0.1572678159,-0.05437259075,0.1028952251,1.293188726
jpeg_q95,2,ai_edited,5,dct_ac_energy_variance,68,-0.2192864543,0.005937427647,0.007385402666,0.003845563981,0.001368439585,0.008692306349,0.007323866764,-0.07274373809
jpeg_q95,2,ai_edited,6,dct_anomaly_score,68,0.03006009225,0.0002353487743,0.0004024163768,0,0,0.0003739662405,0.0003739662405,-0.002883428753
jpeg_q95,2,ai_edited,7,noise_global_level,68,-38.31814062,0.04739566361,0.06020699655,0.04364357929,0.01097969849,0.08494554995,0.07396585146,-0.5806786954
jpeg_q95,2,ai_edited,8,noise_max_to_min_ratio,68,-0.1945833443,0.0003198500915,0.002184096262,0.0002836714224,0,0.0008778268328,0.0008778268328,-0.003918715758
jpeg_q95,2,ai_edited,9,noise_std_of_variances,68,-0.1116603057,7.438509881e-05,8.817393711e-05,7.176315601e-05,2.386486179e-05,0.0001224198318,9.855496997e-05,-0.0009113458667
jpeg_q95,2,ai_edited,10,noise_coef_variation,68,0.0253889414,-4.270879814e-06,0.0001736118167,-1.683734114e-05,-0.0001090689326,5.704796109e-05,0.0001661168937,5.232565027e-05
jpeg_q95,2,ai_edited,11,noise_inconsistency_score,68,0.1155871938,-3.358379153e-05,0.0008487569995,0,-0.0004229674155,0.0001824774794,0.0006054448949,0.0004114594198
jpeg_q95,2,ai_edited,12,jpeg_boundary_difference_ratio,68,3.092203059,0.03752029252,0.02481917316,0.04204711678,0.02901623917,0.05024908118,0.02123284202,-0.4596883523
jpeg_q95,2,ai_edited,13,jpeg_periodic_grid_strength,68,2.879661508,0.03504149438,0.02131715019,0.03730724495,0.02661866996,0.04679509854,0.02017642857,-0.4293187961
jpeg_q95,2,ai_edited,14,jpeg_artifact_score,68,-4.384619048,-0.1053909255,0.06616567553,-0.1136092255,-0.1425019432,-0.07854714761,0.06395479563,1.291220767
jpeg_q95,2,ai_edited,15,laplacian_variance,68,-3.885936169,0.00302265367,0.003923681057,0.001709990506,0.0004597199279,0.004290688866,0.003830968938,-0.03703272527
jpeg_q95,3,all,0,fft_high_freq_energy_ratio,136,-0.09029054149,-1.135625366e-06,1.131692484e-05,-3.161769696e-07,-7.637355607e-06,6.967329519e-06,1.460468513e-05,7.139478393e-05
jpeg_q95,3,all,1,fft_spectral_peak_count,136,0.9607197413,0,0,0,0,0,0,-0
jpeg_q95,3,all,2,fft_radial_anomaly_score,136,-0.0266916005,0,0,0,0,0,0,-0
jpeg_q95,3,all,3,fft_spectral_decay_slope,136,0.4199470982,1.922917407e-05,0.0001257741375,5.056221118e-06,-6.309012539e-05,8.529244287e-05,0.0001483825683,-0.001208904599
jpeg_q95,3,all,4,dct_mean_high_freq_energy,136,1.172361889,-0.0291340126,0.02322301698,-0.02616189668,-0.04502536331,-0.01060263887,0.03442272444,1.831604503
jpeg_q95,3,all,5,dct_ac_energy_variance,136,-0.08288788456,0.002354494028,0.002292567621,0.001795449779,0.0004621219055,0.004416792315,0.003954670409,-0.1480229286
jpeg_q95,3,all,6,dct_anomaly_score,136,-0.01313536351,-6.175258398e-05,0.0001285448435,0,-0.0001194451647,0,0.0001194451647,0.003882277134
jpeg_q95,3,all,7,noise_global_level,136,-11.12595487,0.01664269406,0.01695863597,0.01375585714,0.003930680836,0.02878732055,0.02485663972,-1.046297117
jpeg_q95,3,all,8,noise_max_to_min_ratio,136,-0.056990918,0.0001423568774,0.0004528853557,4.755395561e-05,-3.241110792e-05,0.0002461257851,0.000278536893,-0.008949728327
jpeg_q95,3,all,9,noise_std_of_variances,136,1.334978076,-0.001107996908,0.001147722398,-0.0008116753373,-0.001907114159,-0.0003087052297,0.001598408929,0.06965783101
jpeg_q95,3,all,10,noise_coef_variation,136,-0.04239134037,-1.917572064e-06,0.0002076263121,2.665690428e-05,-0.0001148754654,0.000159026121,0.0002739015865,0.0001205544075
jpeg_q95,3,all,11,noise_inconsistency_score,136,-0.005155488839,3.88042545e-08,3.124279013e-05,2.51471656e-06,-1.853151513e-05,2.445301426e-05,4.298452938e-05,-2.439555727e-06
jpeg_q95,3,all,12,jpeg_boundary_difference_ratio,136,0.4911208472,0.006156887791,0.003296151719,0.006441161505,0.004434608713,0.008542017535,0.004107408821,-0.3870727854
jpeg_q95,3,all,13,jpeg_periodic_grid_strength,136,-1.7588845,-0.02078419767,0.01236764205,-0.02205161781,-0.0298604037,-0.01284436272,0.01701604098,1.306666218
jpeg_q95,3,all,14,jpeg_artifact_score,136,0.3704818672,0.008755740767,0.005210105746,0.00928966574,0.005410933443,0.01257926614,0.007168332694,-0.5504581344
jpeg_q95,3,all,15,laplacian_variance,136,-1.342759962,0.0011132944,0.001361491922,0.0006937891902,0.0001583262828,0.001696896982,0.001538570699,-0.06999087512
jpeg_q95,3,authentic,0,fft_high_freq_energy_ratio,68,-0.09029054149,-4.917165236e-07,1.177073585e-05,-7.857334052e-07,-7.541157083e-06,9.364220035e-06,1.690537712e-05,4.290319891e-05
jpeg_q95,3,authentic,1,fft_spectral_peak_count,68,0.9607197413,0,0,0,0,0,0,-0
jpeg_q95,3,authentic,2,fft_radial_anomaly_score,68,-0.0266916005,0,0,0,0,0,0,-0
jpeg_q95,3,authentic,3,fft_spectral_decay_slope,68,0.4199470982,1.082802857e-05,0.0001284229899,-1.326632274e-06,-6.558068975e-05,8.529244287e-05,0.0001508731326,-0.0009447660208
jpeg_q95,3,authentic,4,dct_mean_high_freq_energy,68,1.172361889,-0.02691853272,0.02430687889,-0.02225563465,-0.04444462295,-0.008147020167,0.03629760278,2.348693013
jpeg_q95,3,authentic,5,dct_ac_energy_variance,68,-0.08288788456,0.002512507451,0.002448741194,0.001853962008,0.0004536883126,0.004762453366,0.004308765053,-0.2192210385
jpeg_q95,3,authentic,6,dct_anomaly_score,68,-0.01313536351,-3.372355316e-05,7.465236754e-05,0,-9.224211208e-05,0,9.224211208e-05,0.002942443948
jpeg_q95,3,authentic,7,noise_global_level,68,-11.12595487,0.01871313963,0.01751092944,0.01517074744,0.005523893439,0.03159871922,0.02607482578,-1.63275691
jpeg_q95,3,authentic,8,noise_max_to_min_ratio,68,-0.056990918,0.0001656066577,0.0004342083878,7.184386886e-05,-1.650766784e-05,0.0002400164183,0.0002565240861,-0.01444949485
jpeg_q95,3,authentic,9,noise_std_of_variances,68,1.334978076,-0.00121102796,0.001090800326,-0.0009299860671,-0.001899538761,-0.0004344067278,0.001465132033,0.1056644854
jpeg_q95,3,authentic,10,noise_coef_variation,68,-0.04239134037,2.110016222e-05,0.0001840178665,4.090255606e-05,-4.335663362e-05,0.0001711196384,0.000214476272,-0.001841029156
jpeg_q95,3,authentic,11,noise_inconsistency_score,68,-0.005155488839,2.996348445e-06,2.964955737e-05,5.249146243e-06,-7.030560653e-06,2.716487725e-05,3.41954379e-05,-0.0002614370824
jpeg_q95,3,authentic,12,jpeg_boundary_difference_ratio,68,0.4911208472,0.006157088613,0.003548038923,0.006562556982,0.00427485086,0.008686582658,0.004411731799,-0.5372176544
jpeg_q95,3,authentic,13,jpeg_periodic_grid_strength,68,-1.7588845,-0.02090199333,0.01310493826,-0.02242359666,-0.03110981992,-0.01298087613,0.01812894379,1.823738545
jpeg_q95,3,authentic,14,jpeg_artifact_score,68,0.3704818672,0.008805364441,0.005520705874,0.009446368945,0.005468442328,0.01310560662,0.00763716429,-0.7682847411
jpeg_q95,3,authentic,15,laplacian_variance,68,-1.342759962,0.00121606984,0.001423833991,0.0007227898999,0.0001883643176,0.00188734275,0.001698978432,-0.106104399
jpeg_q95,3,ai_edited,0,fft_high_freq_energy_ratio,68,-0.09029054149,-1.779534208e-06,1.089335913e-05,-1.8566988e-07,-7.723463378e-06,5.98785363e-06,1.371131701e-05,8.743999892e-05
jpeg_q95,3,ai_edited,1,fft_spectral_peak_count,68,0.9607197413,0,0,0,0,0,0,-0
jpeg_q95,3,ai_edited,2,fft_radial_anomaly_score,68,-0.0266916005,0,0,0,0,0,0,-0
jpeg_q95,3,ai_edited,3,fft_spectral_decay_slope,68,0.4199470982,2.763031957e-05,0.0001234449033,1.807223588e-05,-5.889746679e-05,8.566790483e-05,0.0001445653716,-0.001357655898
jpeg_q95,3,ai_edited,4,dct_mean_high_freq_energy,68,1.172361889,-0.03134949247,0.02204265943,-0.0265890098,-0.04543406352,-0.01469496912,0.03073909439,1.540402863
jpeg_q95,3,ai_edited,5,dct_ac_energy_variance,68,-0.08288788456,0.002196480605,0.00213146971,0.0015936747,0.0005736592397,0.003856489879,0.003282830639,-0.107927266
jpeg_q95,3,ai_edited,6,dct_anomaly_score,68,-0.01313536351,-8.97816148e-05,0.0001616369278,0,-0.0001453953356,0,0.0001453953356,0.004411550093
jpeg_q95,3,ai_edited,7,noise_global_level,68,-11.12595487,0.01457224849,0.01625266235,0.01240226757,0.002913494,0.02612761942,0.02321412542,-0.7160286025
jpeg_q95,3,ai_edited,8,noise_max_to_min_ratio,68,-0.056990918,0.0001191070972,0.0004729031584,3.632415139e-05,-5.644168729e-05,0.0002675945534,0.0003240362407,-0.005852500278
jpeg_q95,3,ai_edited,9,noise_std_of_variances,68,1.334978076,-0.001004965856,0.00120116655,-0.0006280605262,-0.001907114159,-8.715033249e-05,0.001819963826,0.04938045751
jpeg_q95,3,ai_edited,10,noise_coef_variation,68,-0.04239134037,-2.493530635e-05,0.0002278656652,7.655332297e-06,-0.0001643224437,0.0001336324192,0.0002979548629,0.001225232508
jpeg_q95,3,ai_edited,11,noise_inconsistency_score,68,-0.005155488839,-2.918739936e-06,3.270995584e-05,0,-2.357744594e-05,1.550535098e-05,3.908279691e-05,0.0001434165276
jpeg_q95,3,ai_edited,12,jpeg_boundary_difference_ratio,68,0.4911208472,0.006156686969,0.003050050899,0.006403691957,0.004570699279,0.008148323833,0.003577624553,-0.3025177597
jpeg_q95,3,ai_edited,13,jpeg_periodic_grid_strength,68,-1.7588845,-0.02066640201,0.01168043368,-0.02111041783,-0.02877307022,-0.01284436272,0.0159287075,1.015473691
jpeg_q95,3,ai_edited,14,jpeg_artifact_score,68,0.3704818672,0.008706117093,0.004920606077,0.008893167247,0.005410933443,0.01212120611,0.006710272672,-0.4277877131
jpeg_q95,3,ai_edited,15,laplacian_variance,68,-1.342759962,0.001010518961,0.001298554178,0.0006275704551,9.070983168e-05,0.001553357819,0.001462647988,-0.04965331739
jpeg_q95,4,all,0,fft_high_freq_energy_ratio,136,-0.645202225,3.032889754e-05,0.000156359267,1.637308879e-05,-2.439619073e-05,5.590693561e-05,8.030312634e-05,-0.0007377746811
jpeg_q95,4,all,1,fft_spectral_peak_count,136,-2.662997359,0,0,0,0,0,0,-0
jpeg_q95,4,all,2,fft_radial_anomaly_score,136,0.329309408,0,0,0,0,0,0,-0
jpeg_q95,4,all,3,fft_spectral_decay_slope,136,1.313219375,-0.0001382928464,0.0008709476987,-5.064326142e-05,-0.0002724325678,0.0001950587442,0.000467491312,0.003364084057
jpeg_q95,4,all,4,dct_mean_high_freq_energy,136,3.358989033,-0.0825676811,0.06537926259,-0.06886274323,-0.1105092063,-0.03389828388,0.07661092241,2.008524857
jpeg_q95,4,all,5,dct_ac_energy_variance,136,-0.2199846787,0.006794293317,0.006498414211,0.005205667749,0.001568296699,0.01051897935,0.008950682655,-0.1652766171
jpeg_q95,4,all,6,dct_anomaly_score,136,-0.002600367258,-9.704854912e-06,1.880293719e-05,0,-1.944821671e-05,0,1.944821671e-05,0.0002360783549
jpeg_q95,4,all,7,noise_global_level,136,-29.38843802,0.04130915905,0.0434781705,0.03472638177,0.01211439642,0.05999168089,0.04787728447,-1.004878321
jpeg_q95,4,all,8,noise_max_to_min_ratio,136,-0.1329643043,0.0003126346304,0.001326819595,5.889283091e-05,-2.480652958e-05,0.0004822162589,0.0005070227884,-0.00760508734
jpeg_q95,4,all,9,noise_std_of_variances,136,2.640073482,-0.001913201746,0.001900445078,-0.001892682169,-0.003094980173,-0.0005577967598,0.002537183413,0.04654016212
jpeg_q95,4,all,10,noise_coef_variation,136,0.4284669265,-0.0001560168081,0.00194773158,-0.0001265039528,-0.001326712101,0.0009883190149,0.002315031116,0.003795233595
jpeg_q95,4,all,11,noise_inconsistency_score,136,-0.3675898719,0.0001253358085,0.002146942185,0,-0.001038808158,0.00104544143,0.002084249588,-0.00304889375
jpeg_q95,4,all,12,jpeg_boundary_difference_ratio,136,-1.050440011,-0.01288999561,0.007262940489,-0.01366556211,-0.01790533561,-0.008915852478,0.008989483136,0.313559449
jpeg_q95,4,all,13,jpeg_periodic_grid_strength,136,-3.154601932,-0.03748077726,0.0229446793,-0.04067012086,-0.05377195744,-0.02382455782,0.02994739962,0.9117498733
jpeg_q95,4,all,14,jpeg_artifact_score,136,1.701807815,0.04043938411,0.02475585534,0.04388048381,0.02570518852,0.05801653543,0.03231134691,-0.9837203506
jpeg_q95,4,all,15,laplacian_variance,136,-6.035677974,0.005035914829,0.006366551801,0.003280106091,0.0007845302826,0.006495492919,0.005710962637,-0.1225026545
jpeg_q95,4,authentic,0,fft_high_freq_energy_ratio,68,-0.645202225,2.997359399e-05,0.0001623941949,1.692110175e-05,-2.354532851e-05,5.775047042e-05,8.129579893e-05,-0.001011505511
jpeg_q95,4,authentic,1,fft_spectral_peak_count,68,-2.662997359,0,0,0,0,0,0,-0
jpeg_q95,4,authentic,2,fft_radial_anomaly_score,68,0.329309408,0,0,0,0,0,0,-0
jpeg_q95,4,authentic,3,fft_spectral_decay_slope,68,1.313219375,-0.0001441231064,0.0009374506022,-9.674663234e-05,-0.0002588911703,0.0001851962234,0.0004440873937,0.004863658208
jpeg_q95,4,authentic,4,dct_mean_high_freq_energy,68,3.358989033,-0.07675906924,0.06904501614,-0.06188162379,-0.10778448,-0.02566417925,0.08212030074,2.590354083
jpeg_q95,4,authentic,5,dct_ac_energy_variance,68,-0.2199846787,0.007220730981,0.00670443245,0.005403119715,0.001515244288,0.01171206979,0.0101968255,-0.2436747887
jpeg_q95,4,authentic,6,dct_anomaly_score,68,-0.002600367258,-6.108746438e-06,1.431402812e-05,0,-4.12473819e-06,0,4.12473819e-06,0.0002061491422
jpeg_q95,4,authentic,7,noise_global_level,68,-29.38843802,0.04608057564,0.04387038291,0.04246478934,0.01352085087,0.06301405329,0.04949320242,-1.555060639
jpeg_q95,4,authentic,8,noise_max_to_min_ratio,68,-0.1329643043,0.000432329657,0.001247494712,0.0001635445533,0,0.0006084284854,0.0006084284854,-0.01458963616
jpeg_q95,4,authentic,9,noise_std_of_variances,68,2.640073482,-0.002144861267,0.001929792451,-0.002064591294,-0.003290942118,-0.0006067359195,0.002684206199,0.07238167679
jpeg_q95,4,authentic,10,noise_coef_variation,68,0.4284669265,-0.000359584506,0.001905199966,-0.0005169782635,-0.001478989308,0.0007298362678,0.002208825576,0.01213473799
jpeg_q95,4,authentic,11,noise_inconsistency_score,68,-0.3675898719,0.0003689845578,0.002112153527,0.0002021915457,-0.0005571701821,0.001376549052,0.001933719234,-0.01245195734
jpeg_q95,4,authentic,12,jpeg_boundary_difference_ratio,68,-1.050440011,-0.01275791196,0.007850674946,-0.01402113057,-0.01809927351,-0.008163861816,0.009935411691,0.4305355662
jpeg_q95,4,authentic,13,jpeg_periodic_grid_strength,68,-3.154601932,-0.0372079168,0.02452131847,-0.04138936236,-0.05435429772,-0.02250069756,0.03185360016,1.255638977
jpeg_q95,4,authentic,14,jpeg_artifact_score,68,1.701807815,0.04014498497,0.02645694911,0.04465649982,0.02427682717,0.05864484369,0.03436801653,-1.354754907
jpeg_q95,4,authentic,15,laplacian_variance,68,-6.035677974,0.005469323485,0.006491581377,0.003465865859,0.001057954901,0.007527822342,0.006469867442,-0.1845708209
jpeg_q95,4,ai_edited,0,fft_high_freq_energy_ratio,68,-0.645202225,3.068420109e-05,0.0001512918,1.527706289e-05,-2.439619073e-05,5.549832946e-05,7.989452019e-05,-0.0005835208836
jpeg_q95,4,ai_edited,1,fft_spectral_peak_count,68,-2.662997359,0,0,0,0,0,0,-0
jpeg_q95,4,ai_edited,2,fft_radial_anomaly_score,68,0.329309408,0,0,0,0,0,0,-0
jpeg_q95,4,ai_edited,3,fft_spectral_decay_slope,68,1.313219375,-0.0001324625864,0.0008059396986,-2.47345759e-05,-0.0002747416501,0.0001950587442,0.0004698003942,0.002519038552
jpeg_q95,4,ai_edited,4,dct_mean_high_freq_energy,68,3.358989033,-0.08837629296,0.0614572398,-0.07314916809,-0.1150121097,-0.04548977014,0.06952233952,1.680650326
jpeg_q95,4,ai_edited,5,dct_ac_energy_variance,68,-0.2199846787,0.006367855653,0.006306387468,0.004665875017,0.001950635952,0.009617757903,0.007667121951,-0.121097393
jpeg_q95,4,ai_edited,6,dct_anomaly_score,68,-0.002600367258,-1.330096339e-05,2.193709969e-05,0,-2.565785624e-05,0,2.565785624e-05,0.0002529441743
jpeg_q95,4,ai_edited,7,noise_global_level,68,-29.38843802,0.03653774247,0.04287299727,0.02813784751,0.009992199751,0.05473215733,0.04473995758,-0.6948375716
jpeg_q95,4,ai_edited,8,noise_max_to_min_ratio,68,-0.1329643043,0.0001929396037,0.001400661033,1.215900487e-05,-0.0001887489572,0.0004163501633,0.0006050991206,-0.003669128869
jpeg_q95,4,ai_edited,9,noise_std_of_variances,68,2.640073482,-0.001681542226,0.001855870602,-0.001602550944,-0.002964900703,-0.0003365058981,0.002628394805,0.03197785735
jpeg_q95,4,ai_edited,10,noise_coef_variation,68,0.4284669265,4.755088981e-05,0.001982431549,0.0002009761619,-0.001261001234,0.001306306744,0.002567307978,-0.0009042743906
jpeg_q95,4,ai_edited,11,noise_inconsistency_score,68,-0.3675898719,-0.0001183129408,0.002169291104,-7.784645646e-05,-0.001321891659,0.0008233596545,0.002145251314,0.002249955003
jpeg_q95,4,ai_edited,12,jpeg_boundary_difference_ratio,68,-1.050440011,-0.01302207926,0.006679776717,-0.01354259391,-0.0174738825,-0.009278527296,0.008195355202,0.24764064
jpeg_q95,4,ai_edited,13,jpeg_periodic_grid_strength,68,-3.154601932,-0.03775363771,0.02143193916,-0.03971283768,-0.0524763353,-0.02477060187,0.02770573343,0.7179602289
jpeg_q95,4,ai_edited,14,jpeg_artifact_score,68,1.701807815,0.04073378326,0.02312370456,0.0428476359,0.02672591011,0.05661864122,0.02989273111,-0.7746336016
jpeg_q95,4,ai_edited,15,laplacian_variance,68,-6.035677974,0.004602506173,0.006256917084,0.003015537615,0.0007578712138,0.005698080336,0.004940209122,-0.08752577462
jpeg_q95,all,all,0,fft_high_freq_energy_ratio,682,,2.268220811e-05,0.0002150871177,4.276450216e-06,-1.600737123e-05,5.232787943e-05,6.833525066e-05,-0.0005367162032
jpeg_q95,all,all,1,fft_spectral_peak_count,682,,0,0,0,0,0,0,-0
jpeg_q95,all,all,2,fft_radial_anomaly_score,682,,0,0,0,0,0,0,-0
jpeg_q95,all,all,3,fft_spectral_decay_slope,682,,-0.0001000456793,0.0006809761459,-3.352762808e-05,-0.0003318307088,0.0002223739845,0.0005542046933,0.002367324066
jpeg_q95,all,all,4,dct_mean_high_freq_energy,682,,-0.07318365561,0.07023726757,-0.05549597872,-0.110539882,-0.02330134372,0.08723853828,1.731703262
jpeg_q95,all,all,5,dct_ac_energy_variance,682,,0.004493075748,0.006094632739,0.002152946381,0.000504921504,0.006378274375,0.005873352871,-0.1063170986
jpeg_q95,all,all,6,dct_anomaly_score,682,,0.0001534613116,0.0005785867645,0,0,3.623765106e-05,3.623765106e-05,-0.003631267824
jpeg_q95,all,all,7,noise_global_level,682,,0.0385404826,0.04639572751,0.0291877109,0.006749536061,0.05892696701,0.05217743095,-0.9119615422
jpeg_q95,all,all,8,noise_max_to_min_ratio,682,,0.0002767558505,0.001364078987,6.720646024e-05,-2.688117845e-05,0.0004595547833,0.0004864359618,-0.006548716445
jpeg_q95,all,all,9,noise_std_of_variances,682,,-0.0008482586457,0.001852121746,-0.0001744160375,-0.001890073221,0.0001929438219,0.002083017043,0.02007186238
jpeg_q95,all,all,10,noise_coef_variation,682,,-9.964109231e-05,0.002294595426,-1.159311767e-05,-0.0005351489909,0.0004119145621,0.000947063553,0.002357750554
jpeg_q95,all,all,11,noise_inconsistency_score,682,,1.889853792e-05,0.001895152705,0,-0.0004676502209,0.0004982748981,0.000965925119,-0.0004471853651
jpeg_q95,all,all,12,jpeg_boundary_difference_ratio,682,,0.008819007465,0.02169086499,0.003306239794,-0.002862563644,0.01944689586,0.02230945951,-0.2086791629
jpeg_q95,all,all,13,jpeg_periodic_grid_strength,682,,-0.028680648,0.04760589005,-0.02953654714,-0.05755409762,0,0.05755409762,0.678653878
jpeg_q95,all,all,14,jpeg_artifact_score,682,,0.003980183038,0.06674360319,0.01607341204,0,0.046221999,0.046221999,-0.09418080979
jpeg_q95,all,all,15,laplacian_variance,682,,0.004346598453,0.005981027597,0.002166950723,0.0004606083558,0.006054413284,0.005593804929,-0.1028510896
jpeg_q95,all,authentic,0,fft_high_freq_energy_ratio,341,,3.070283137e-05,0.0002100072309,4.978105478e-06,-1.681803816e-05,5.141707509e-05,6.823511325e-05,-0.0009656391793
jpeg_q95,all,authentic,1,fft_spectral_peak_count,341,,0,0,0,0,0,0,-0
jpeg_q95,all,authentic,2,fft_radial_anomaly_score,341,,0,0,0,0,0,0,-0
jpeg_q95,all,authentic,3,fft_spectral_decay_slope,341,,-0.0001191159081,0.0006635050408,-4.649474078e-05,-0.0003276275147,0.0001964041794,0.0005240316941,0.00374633161
jpeg_q95,all,authentic,4,dct_mean_high_freq_energy,341,,-0.06821367599,0.07259879335,-0.04884165715,-0.1061643323,-0.01458514645,0.09157918581,2.145398165
jpeg_q95,all,authentic,5,dct_ac_energy_variance,341,,0.004778718248,0.006347564924,0.002201688189,0.0004562425416,0.007154757274,0.006698514732,-0.1502961571
jpeg_q95,all,authentic,6,dct_anomaly_score,341,,8.265564246e-05,0.0003075960256,0,0,1.144010468e-06,1.144010468e-06,-0.002599614536
jpeg_q95,all,authentic,7,noise_global_level,341,,0.04328299497,0.04844689495,0.03434716898,0.009600712668,0.06413715862,0.05453644595,-1.36129972
jpeg_q95,all,authentic,8,noise_max_to_min_ratio,341,,0.0003758133274,0.001341922513,0.0001136841621,0,0.0004839308062,0.0004839308062,-0.01181975918
jpeg_q95,all,authentic,9,noise_std_of_variances,341,,-0.0009453137802,0.001920627545,-0.0002301682976,-0.001993626137,0.000153159901,0.002146786038,0.02973120009
jpeg_q95,all,authentic,10,noise_coef_variation,341,,9.858005029e-06,0.002089693185,-2.377695127e-05,-0.0005816565418,0.0002918741514,0.0008735306932,-0.0003100455385
jpeg_q95,all,authentic,11,noise_inconsistency_score,341,,-1.630485844e-05,0.00182414129,0,-0.0003821881968,0.0005885700422,0.000970758239,0.0005128064552
jpeg_q95,all,authentic,12,jpeg_boundary_difference_ratio,341,,0.008760425789,0.02215278544,0.002470759376,-0.002865345845,0.01896135574,0.02182670159,-0.2755254154
jpeg_q95,all,authentic,13,jpeg_periodic_grid_strength,341,,-0.02862978499,0.04832256716,-0.02940233868,-0.05715388393,0.0002542313881,0.05740811531,0.9004394984
jpeg_q95,all,authentic,14,jpeg_artifact_score,341,,0.0040595242,0.0678421548,0.015648608,0,0.04687248292,0.04687248292,-0.1276766813
jpeg_q95,all,authentic,15,laplacian_variance,341,,0.00474813005,0.006257989795,0.002342156253,0.0006281874384,0.006784417895,0.006156230456,-0.1493341233
jpeg_q95,all,ai_edited,0,fft_high_freq_energy_ratio,341,,1.466158485e-05,0.0002200657317,3.508891645e-06,-1.40840022e-05,5.259302382e-05,6.667702602e-05,-0.0002780669234
jpeg_q95,all,ai_edited,1,fft_spectral_peak_count,341,,0,0,0,0,0,0,-0
jpeg_q95,all,ai_edited,2,fft_radial_anomaly_score,341,,0,0,0,0,0,0,-0
jpeg_q95,all,ai_edited,3,fft_spectral_decay_slope,341,,-8.097545051e-05,0.0006984643901,-1.226509083e-05,-0.0003322311892,0.0002326862946,0.0005649174838,0.001535754465
jpeg_q95,all,ai_edited,4,dct_mean_high_freq_energy,341,,-0.07815363523,0.06753462557,-0.06046753104,-0.1152724845,-0.03190100751,0.08337147701,1.48223682
jpeg_q95,all,ai_edited,5,dct_ac_energy_variance,341,,0.004207433248,0.00582607084,0.002095024853,0.0005910750083,0.005901978846,0.005310903837,-0.07979683169
jpeg_q95,all,ai_edited,6,dct_anomaly_score,341,,0.0002242669807,0.0007522221698,0,0,0.0001667908642,0.0001667908642,-0.004253375742
jpeg_q95,all,ai_edited,7,noise_global_level,341,,0.03379797023,0.0438091469,0.0257111596,0.005357011988,0.05424086588,0.04888385389,-0.6410014807
jpeg_q95,all,ai_edited,8,noise_max_to_min_ratio,341,,0.0001776983736,0.001380745136,1.061295995e-05,-9.408373882e-05,0.0004282297807,0.0005223135195,-0.003370170451
jpeg_q95,all,ai_edited,9,noise_std_of_variances,341,,-0.0007512035112,0.001778508991,-4.363972752e-05,-0.001729314776,0.0002073574963,0.001936672273,0.01424708525
jpeg_q95,all,ai_edited,10,noise_coef_variation,341,,-0.0002091401897,0.002480917953,5.964324412e-06,-0.0004065999086,0.0005057197424,0.0009123196511,0.003966485867
jpeg_q95,all,ai_edited,11,noise_inconsistency_score,341,,5.410193427e-05,0.001965653529,0,-0.0006616880332,0.0003788677637,0.001040555797,-0.001026079961
jpeg_q95,all,ai_edited,12,jpeg_boundary_difference_ratio,341,,0.008877589142,0.0212513121,0.003709660797,-0.002854217039,0.01960874257,0.02246295961,-0.1683695129
jpeg_q95,all,ai_edited,13,jpeg_periodic_grid_strength,341,,-0.028731511,0.04694924386,-0.0296707556,-0.05778815251,0,0.05778815251,0.5449126373
jpeg_q95,all,ai_edited,14,jpeg_artifact_score,341,,0.003900841875,0.06572631607,0.01641257791,0,0.04606397557,0.04606397557,-0.07398211789
jpeg_q95,all,ai_edited,15,laplacian_variance,341,,0.003945066856,0.005671398075,0.001917400682,0.0002944251807,0.005477584952,0.005183159772,-0.07482087472
jpeg_q75,0,all,0,fft_high_freq_energy_ratio,138,-2.633923943,0.0001763112012,0.0007497512087,0.0001341907078,-0.0002524563265,0.0006518100708,0.0009042663973,-0.0002578922764
jpeg_q75,0,all,1,fft_spectral_peak_count,138,-1.798233879,0,0,0,0,0,0,-0
jpeg_q75,0,all,2,fft_radial_anomaly_score,138,0.6410692307,0,0,0,0,0,0,-0
jpeg_q75,0,all,3,fft_spectral_decay_slope,138,1.758332626,-0.0003225921862,0.001440790958,-0.0003510960517,-0.001097515777,0.0004803203596,0.001577836137,0.0004718590349
jpeg_q75,0,all,4,dct_mean_high_freq_energy,138,2.907659274,-0.7065103694,0.5537291509,-0.5956978977,-1.085754166,-0.26498562,0.8207685462,1.03342026
jpeg_q75,0,all,5,dct_ac_energy_variance,138,-0.02645425675,0.005956414463,0.006200367918,0.004187653884,0.00153133014,0.009093138299,0.007561808159,-0.008712511029
jpeg_q75,0,all,6,dct_anomaly_score,138,0.09851340229,0.007263989773,0.009782630039,0,0,0.01605878873,0.01605878873,-0.01062511539
jpeg_q75,0,all,7,noise_global_level,138,-23.34093973,0.1771042304,0.1986764236,0.1472034881,0.04447298592,0.2900323888,0.2455594029,-0.2590522486
jpeg_q75,0,all,8,noise_max_to_min_ratio,138,-0.1479342536,0.001163572951,0.008124801923,6.028737007e-05,-0.0002939799428,0.003399967669,0.003693947612,-0.001701970578
jpeg_q75,0,all,9,noise_std_of_variances,138,-1.107003458,0.004022874881,0.00520472627,0.00402996556,0.001304202794,0.007232349136,0.005928146342,-0.005884302038
jpeg_q75,0,all,10,noise_coef_variation,138,0.3527154169,-0.004199581618,0.01828690994,-0.003223860869,-0.01253242847,0.004532729996,0.01706515846,0.006142772869
jpeg_q75,0,all,11,noise_inconsistency_score,138,-0.2405656659,0.002726266017,0.01394924267,0.001934263501,-0.002753657795,0.01026887216,0.01302252995,-0.003987738409
jpeg_q75,0,all,12,jpeg_boundary_difference_ratio,138,-0.1587673346,-0.02859948915,0.01086387858,-0.0302286577,-0.03412084884,-0.02469203403,0.009428814811,0.04183277812
jpeg_q75,0,all,13,jpeg_periodic_grid_strength,138,-3.782502478,-0.6750379074,0.26068633,-0.7150338079,-0.8129014388,-0.5601689843,0.2527324545,0.9873851541
jpeg_q75,0,all,14,jpeg_artifact_score,138,1.422526592,0.4922184963,0.1727541537,0.5295642753,0.419860044,0.6052186668,0.1853586228,-0.7199732496
jpeg_q75,0,all,15,laplacian_variance,138,-9.608249511,0.04037557393,0.05109401306,0.02604986967,0.008334917351,0.06746700651,0.05913208916,-0.05905778306
jpeg_q75,0,authentic,0,fft_high_freq_energy_ratio,69,-2.633923943,0.0001746007619,0.0007201945516,0.0001674342087,-0.0003573185738,0.0005151761423,0.0008724947161,-0.0002627056162
jpeg_q75,0,authentic,1,fft_spectral_peak_count,69,-1.798233879,0,0,0,0,0,0,-0
jpeg_q75,0,authentic,2,fft_radial_anomaly_score,69,0.6410692307,0,0,0,0,0,0,-0
jpeg_q75,0,authentic,3,fft_spectral_decay_slope,69,1.758332626,-0.0003413811032,0.001451376259,-0.0003905026533,-0.0009795055818,0.0004123020499,0.001391807632,0.000513644569
jpeg_q75,0,authentic,4,dct_mean_high_freq_energy,69,2.907659274,-0.6963841396,0.5628215758,-0.5921353591,-1.082952393,-0.2491916794,0.8337607139,1.047784801
jpeg_q75,0,authentic,5,dct_ac_energy_variance,69,-0.02645425675,0.006090375168,0.006444992773,0.004243501949,0.001397158597,0.009516344981,0.008119186384,-0.009163624169
jpeg_q75,0,authentic,6,dct_anomaly_score,69,0.09851340229,0.006867293179,0.0097471046,0,0,0.01387782127,0.01387782127,-0.01033258084
jpeg_q75,0,authentic,7,noise_global_level,69,-23.34093973,0.1857149503,0.2042277517,0.1648006581,0.04528196351,0.2922494417,0.2469674782,-0.2794281075
jpeg_q75,0,authentic,8,noise_max_to_min_ratio,69,-0.1479342536,0.001573565353,0.008270694977,0.0004040893312,-0.0001549704221,0.003795980934,0.003950951356,-0.002367598235
jpeg_q75,0,authentic,9,noise_std_of_variances,69,-1.107003458,0.004336061662,0.005320424389,0.00448109958,0.001915240364,0.007436365112,0.005521124748,-0.006524070908
jpeg_q75,0,authentic,10,noise_coef_variation,69,0.3527154169,-0.005311535261,0.01909653255,-0.004646671986,-0.01317240676,0.003657979904,0.01683038667,0.007991775803
jpeg_q75,0,authentic,11,noise_inconsistency_score,69,-0.2405656659,0.003631501274,0.01439788868,0.003683444956,-0.0009316633078,0.01162965232,0.01256131563,-0.005463984062
jpeg_q75,0,authentic,12,jpeg_boundary_difference_ratio,69,-0.1587673346,-0.02881271131,0.01096746741,-0.03026418281,-0.03429731518,-0.02507402367,0.0092232915,0.0433518216
jpeg_q75,0,authentic,13,jpeg_periodic_grid_strength,69,-3.782502478,-0.6799929183,0.2626360151,-0.7102364099,-0.8171052287,-0.5603109679,0.2567942608,1.023122446
jpeg_q75,0,authentic,14,jpeg_artifact_score,69,1.422526592,0.4949239349,0.1743395921,0.524735976,0.4196938466,0.6061070191,0.1864131725,-0.7446662655
jpeg_q75,0,authentic,15,laplacian_variance,69,-9.608249511,0.04290521265,0.05314809448,0.02806940263,0.009723369753,0.06925714776,0.05953377801,-0.06455550484
jpeg_q75,0,ai_edited,0,fft_high_freq_energy_ratio,69,-2.633923943,0.0001780216406,0.0007834757126,0.0001164503744,-0.0002005207155,0.0007031765782,0.0009036972937,-0.0002533397359
jpeg_q75,0,ai_edited,1,fft_spectral_peak_count,69,-1.798233879,0,0,0,0,0,0,-0
jpeg_q75,0,ai_edited,2,fft_radial_anomaly_score,69,0.6410692307,0,0,0,0,0,0,-0
jpeg_q75,0,ai_edited,3,fft_spectral_decay_slope,69,1.758332626,-0.0003038032692,0.001440512173,-0.000280038403,-0.001123926585,0.0004869230615,0.001610849646,0.0004323375504
jpeg_q75,0,ai_edited,4,dct_mean_high_freq_energy,69,2.907659274,-0.7166365992,0.548420259,-0.5958775552,-1.08668809,-0.2949126117,0.7917754787,1.019834028
jpeg_q75,0,ai_edited,5,dct_ac_energy_variance,69,-0.02645425675,0.005822453759,0.005990002943,0.004131805819,0.001723000111,0.008966634275,0.007243634163,-0.008285840379
jpeg_q75,0,ai_edited,6,dct_anomaly_score,69,0.09851340229,0.007660686367,0.009873279028,0,0,0.01695115089,0.01695115089,-0.01090179966
jpeg_q75,0,ai_edited,7,noise_global_level,69,-23.34093973,0.1684935105,0.1940764633,0.1304161434,0.04422967311,0.2736636735,0.2294340003,-0.2397804071
jpeg_q75,0,ai_edited,8,noise_max_to_min_ratio,69,-0.1479342536,0.0007535805489,0.008015613287,0,-0.0003218192114,0.003301079463,0.003622898675,-0.001072408369
jpeg_q75,0,ai_edited,9,noise_std_of_variances,69,-1.107003458,0.003709688099,0.005105952295,0.003548929073,0.001208103337,0.006399185442,0.005191082105,-0.00527919752
jpeg_q75,0,ai_edited,10,noise_coef_variation,69,0.3527154169,-0.003087627975,0.01750865948,-0.00180358308,-0.01021799854,0.005281948907,0.01549994745,0.004393953754
jpeg_q75,0,ai_edited,11,noise_inconsistency_score,69,-0.2405656659,0.001821030759,0.0135300418,0.001144439462,-0.003606509958,0.008723988578,0.01233049854,-0.00259147961
jpeg_q75,0,ai_edited,12,jpeg_boundary_difference_ratio,69,-0.1587673346,-0.02838626699,0.0108353936,-0.03019313258,-0.03397096483,-0.02419915377,0.009771811053,0.04039604039
jpeg_q75,0,ai_edited,13,jpeg_periodic_grid_strength,69,-3.782502478,-0.6700828965,0.2605505622,-0.7157568941,-0.8093303101,-0.5601216564,0.2492086537,0.953584202
jpeg_q75,0,ai_edited,14,jpeg_artifact_score,69,1.422526592,0.4895130576,0.172388312,0.5317517305,0.4203586362,0.5989724749,0.1786138387,-0.696618166
jpeg_q75,0,ai_edited,15,laplacian_variance,69,-9.608249511,0.03784593521,0.04921261212,0.0247101988,0.006220743529,0.06349559033,0.0572748468,-0.05385794223
jpeg_q75,1,all,0,fft_high_freq_energy_ratio,136,-1.950595988,0.000176079502,0.0006688874383,0.0001073412744,-0.0001940746517,0.0004903022709,0.0006843769226,-0.0002012287989
jpeg_q75,1,all,1,fft_spectral_peak_count,136,-3.101221105,0,0,0,0,0,0,-0
jpeg_q75,1,all,2,fft_radial_anomaly_score,136,0.03782896903,0,0,0,0,0,0,-0
jpeg_q75,1,all,3,fft_spectral_decay_slope,136,1.820091914,-0.0003066498453,0.001726221127,-0.0004057373858,-0.001128090964,0.0003794837902,0.001507574754,0.0003504484018
jpeg_q75,1,all,4,dct_mean_high_freq_energy,136,3.74959782,-0.9270763218,0.7784872227,-0.8040235949,-1.38721488,-0.3483760383,1.038838842,1.059489904
jpeg_q75,1,all,5,dct_ac_energy_variance,136,-0.199590562,0.05321630839,0.06381531119,0.03799763027,0.01346618174,0.07856293056,0.06509674882,-0.06081715191
jpeg_q75,1,all,6,dct_anomaly_score,136,0.0549254393,0.003782379288,0.006251034927,0,0,0.00827069005,0.00827069005,-0.00432261355
jpeg_q75,1,all,7,noise_global_level,136,-35.02480908,0.2973995057,0.3622786299,0.2581223642,0.08338256285,0.4963775594,0.4129949965,-0.3398768435
jpeg_q75,1,all,8,noise_max_to_min_ratio,136,-0.151214298,0.003016321731,0.008221322149,0.0005876299258,-5.114807124e-05,0.004576221844,0.004627369915,-0.003447140593
jpeg_q75,1,all,9,noise_std_of_variances,136,2.828929669,-0.01262941133,0.01566898847,-0.01026962904,-0.01995431396,-0.002742479491,0.01721183447,0.01443326023
jpeg_q75,1,all,10,noise_coef_variation,136,-0.6987877476,0.004847610713,0.02957521067,0.003181219732,-0.007314935254,0.02153543895,0.02885037421,-0.005539991143
jpeg_q75,1,all,11,noise_inconsistency_score,136,0.4360108967,-0.00371773905,0.0234066821,-0.00103477513,-0.01610346869,0.005106052752,0.02120952144,0.004248740798
jpeg_q75,1,all,12,jpeg_boundary_difference_ratio,136,1.400380167,0.2513848546,0.1127586806,0.2528298457,0.2024667651,0.3004056407,0.09793887557,-0.2872899559
jpeg_q75,1,all,13,jpeg_periodic_grid_strength,136,-6.655722917,-1.190798128,0.5399027345,-1.201649327,-1.427767034,-0.9622832235,0.4654838106,1.360878889
jpeg_q75,1,all,14,jpeg_artifact_score,136,1.796066194,0.6192762497,0.2787899277,0.6462589605,0.5131856992,0.7685462616,0.2553605624,-0.7077269899
jpeg_q75,1,all,15,laplacian_variance,136,-5.488169012,0.02640755843,0.04186028048,0.01812862725,0.004279621169,0.04670376923,0.04242414806,-0.03017932926
jpeg_q75,1,authentic,0,fft_high_freq_energy_ratio,68,-1.950595988,0.0001909684212,0.0006373974841,0.000134082128,-0.0001940746517,0.0004952653152,0.0006893399669,-0.0002243080439
jpeg_q75,1,authentic,1,fft_spectral_peak_count,68,-3.101221105,0,0,0,0,0,0,-0
jpeg_q75,1,authentic,2,fft_radial_anomaly_score,68,0.03782896903,0,0,0,0,0,0,-0
jpeg_q75,1,authentic,3,fft_spectral_decay_slope,68,1.820091914,-0.000321679933,0.001663198403,-0.0003627769567,-0.001134871335,0.000410131066,0.001545002401,0.000377839415
jpeg_q75,1,authentic,4,dct_mean_high_freq_energy,68,3.74959782,-0.9130212344,0.7961044022,-0.7849077675,-1.370929416,-0.2993944185,1.071534997,1.072418182
jpeg_q75,1,authentic,5,dct_ac_energy_variance,68,-0.199590562,0.0541556994,0.06555086794,0.03799763027,0.01271846449,0.08242178838,0.06970332389,-0.06361030229
jpeg_q75,1,authentic,6,dct_anomaly_score,68,0.0549254393,0.003444725697,0.006240808288,0,0,0.007917508832,0.007917508832,-0.004046112326
jpeg_q75,1,authentic,7,noise_global_level,68,-35.02480908,0.3103809736,0.3757443949,0.2643482977,0.08907063515,0.5178158089,0.4287451737,-0.3645678622
jpeg_q75,1,authentic,8,noise_max_to_min_ratio,68,-0.151214298,0.003415095305,0.007628103694,0.00100536565,0,0.005299174634,0.005299174634,-0.004011309005
jpeg_q75,1,authentic,9,noise_std_of_variances,68,2.828929669,-0.0133914734,0.01594487971,-0.01063178485,-0.02053580933,-0.003259132267,0.01727667706,0.01572938177
jpeg_q75,1,authentic,10,noise_coef_variation,68,-0.6987877476,0.006957273256,0.03144498133,0.006226594742,-0.007314935254,0.02185259046,0.02916752571,-0.008171886982
jpeg_q75,1,authentic,11,noise_inconsistency_score,68,0.4360108967,-0.005367130323,0.02585959104,-0.002302450275,-0.01781865258,0.004419705668,0.02223835825,0.006304133934
jpeg_q75,1,authentic,12,jpeg_boundary_difference_ratio,68,1.400380167,0.2539662244,0.1148026309,0.2597551152,0.2021425709,0.3077486316,0.1056060607,-0.298304121
jpeg_q75,1,authentic,13,jpeg_periodic_grid_strength,68,-6.655722917,-1.203370604,0.5493206051,-1.234563505,-1.462666564,-0.9607426668,0.5019238968,1.413457286
jpeg_q75,1,authentic,14,jpeg_artifact_score,68,1.796066194,0.6238598257,0.2849310814,0.6590088911,0.5111348344,0.7769156609,0.2657808265,-0.7327744363
jpeg_q75,1,authentic,15,laplacian_variance,68,-5.488169012,0.02773456222,0.0432590638,0.0188405255,0.004823174142,0.04846398091,0.04364080676,-0.03257651377
jpeg_q75,1,ai_edited,0,fft_high_freq_energy_ratio,68,-1.950595988,0.0001611905828,0.0007034010574,8.610845526e-05,-0.0001810530187,0.000473015181,0.0006540681997,-0.000179364519
jpeg_q75,1,ai_edited,1,fft_spectral_peak_count,68,-3.101221105,0,0,0,0,0,0,-0
jpeg_q75,1,ai_edited,2,fft_radial_anomaly_score,68,0.03782896903,0,0,0,0,0,0,-0
jpeg_q75,1,ai_edited,3,fft_spectral_decay_slope,68,1.820091914,-0.0002916197576,0.001799296111,-0.0004057373858,-0.001111818074,0.0002550504262,0.0013668685,0.0003244993388
jpeg_q75,1,ai_edited,4,dct_mean_high_freq_energy,68,3.74959782,-0.9411314093,0.7661246068,-0.8188271862,-1.390057884,-0.3724777427,1.017580142,1.047242212
jpeg_q75,1,ai_edited,5,dct_ac_energy_variance,68,-0.199590562,0.05227691739,0.06250489856,0.03742548402,0.01381423966,0.07646140281,0.06264716315,-0.05817104187
jpeg_q75,1,ai_edited,6,dct_anomaly_score,68,0.0549254393,0.00412003288,0.00628927496,0.0001677861029,0,0.00844626455,0.00844626455,-0.004584558868
jpeg_q75,1,ai_edited,7,noise_global_level,68,-35.02480908,0.2844180379,0.3506060272,0.2518243418,0.06846158699,0.462074938,0.393613351,-0.3164856387
jpeg_q75,1,ai_edited,8,noise_max_to_min_ratio,68,-0.151214298,0.002617548156,0.008813531086,0.000460514311,-0.0002086202843,0.003355069388,0.003563689673,-0.002912671807
jpeg_q75,1,ai_edited,9,noise_std_of_variances,68,2.828929669,-0.01186734927,0.01546870496,-0.009472040004,-0.01901349239,-0.002709742038,0.01630375035,0.01320537066
jpeg_q75,1,ai_edited,10,noise_coef_variation,68,-0.6987877476,0.002737948171,0.0276517673,0.002342858082,-0.008064049233,0.02137067803,0.02943472726,-0.003046646697
jpeg_q75,1,ai_edited,11,noise_inconsistency_score,68,0.4360108967,-0.002068347778,0.02072877466,0,-0.01506155653,0.005316070497,0.02037762703,0.002301550114
jpeg_q75,1,ai_edited,12,jpeg_boundary_difference_ratio,68,1.400380167,0.2488034848,0.1114703511,0.2463528892,0.2070876597,0.2965558342,0.08946817457,-0.2768556116
jpeg_q75,1,ai_edited,13,jpeg_periodic_grid_strength,68,-6.655722917,-1.178225652,0.5341035635,-1.170865666,-1.409469703,-0.9842453238,0.4252243797,1.311068387
jpeg_q75,1,ai_edited,14,jpeg_artifact_score,68,1.796066194,0.6146926737,0.2745529786,0.6319230131,0.5291136316,0.7606990009,0.2315853693,-0.6839981209
jpeg_q75,1,ai_edited,15,laplacian_variance,68,-5.488169012,0.02508055464,0.04069150524,0.01749369173,0.003330080837,0.04340363587,0.04007355504,-0.02790834019
jpeg_q75,2,all,0,fft_high_freq_energy_ratio,136,-0.06607959225,6.932792554e-06,2.644747702e-05,4.634314789e-06,-4.590497301e-06,1.619179271e-05,2.078229001e-05,-6.489072093e-06
jpeg_q75,2,all,1,fft_spectral_peak_count,136,0.7615752244,0,0,0,0,0,0,-0
jpeg_q75,2,all,2,fft_radial_anomaly_score,136,0.2364869999,0.00069555001,0.008111437298,0,0,0,0,-0.0006510326285
jpeg_q75,2,all,3,fft_spectral_decay_slope,136,1.878078942,-0.0005330491361,0.001867571585,-0.0003667227395,-0.001282410166,0.0004253804671,0.001707790633,0.00049893232
jpeg_q75,2,all,4,dct_mean_high_freq_energy,136,4.015957365,-1.05517732,0.8301149753,-0.8817549584,-1.442262059,-0.4782335913,0.9640284678,0.9876426635
jpeg_q75,2,all,5,dct_ac_energy_variance,136,-0.2192864543,0.05912063865,0.06887481886,0.03907204581,0.01942621505,0.0789702406,0.05954402555,-0.0553367324
jpeg_q75,2,all,6,dct_anomaly_score,136,0.03006009225,0.002066092468,0.002851193387,0,0,0.003820563541,0.003820563541,-0.001933856071
jpeg_q75,2,all,7,noise_global_level,136,-38.31814062,0.3622254853,0.3838741365,0.275091336,0.1120754283,0.5323942119,0.4203187836,-0.3390419185
jpeg_q75,2,all,8,noise_max_to_min_ratio,136,-0.1945833443,0.0004101795204,0.02189552258,0.002000931123,-0.0008176647385,0.006502171518,0.007319836257,-0.000383926745
jpeg_q75,2,all,9,noise_std_of_variances,136,-0.1116603057,0.0005446341414,0.0005752603479,0.0004742801227,0.000224557292,0.0008480835597,0.0006235262677,-0.0005097758487
jpeg_q75,2,all,10,noise_coef_variation,136,0.0253889414,-0.0001236305894,0.001412763056,-0.0002388908671,-0.0009197300654,0.0003849578754,0.001304687941,0.0001157178441
jpeg_q75,2,all,11,noise_inconsistency_score,136,0.1155871938,-0.0008290047559,0.007962957708,-0.0007954379942,-0.004215113125,0.001089347221,0.005304460346,0.0007759458522
jpeg_q75,2,all,12,jpeg_boundary_difference_ratio,136,3.092203059,0.5965018472,0.2503432359,0.5894682015,0.4720828504,0.6864995912,0.2144167408,-0.5583238587
jpeg_q75,2,all,13,jpeg_periodic_grid_strength,136,2.879661508,0.5565786313,0.2294892519,0.5489513594,0.4396344641,0.6393132355,0.1996787714,-0.5209558538
jpeg_q75,2,all,14,jpeg_artifact_score,136,-4.384619048,-1.610107655,0.5911371904,-1.647689826,-1.871567149,-1.327141895,0.5444252544,1.507055717
jpeg_q75,2,all,15,laplacian_variance,136,-3.885936169,0.02024099063,0.03079895708,0.0135895335,0.00508152316,0.02861169002,0.02353016686,-0.01894550377
jpeg_q75,2,authentic,0,fft_high_freq_energy_ratio,68,-0.06607959225,6.222300527e-06,2.502276719e-05,4.622006506e-06,-5.209850111e-06,1.628632033e-05,2.149617044e-05,-6.053812274e-06
jpeg_q75,2,authentic,1,fft_spectral_peak_count,68,0.7615752244,0,0,0,0,0,0,-0
jpeg_q75,2,authentic,2,fft_radial_anomaly_score,68,0.2364869999,0.00139110002,0.01147130464,0,0,0,0,-0.001353431635
jpeg_q75,2,authentic,3,fft_spectral_decay_slope,68,1.878078942,-0.0004382702854,0.001727942617,-0.0003634764149,-0.001191233221,0.0006217831065,0.001813016328,0.0004264027464
jpeg_q75,2,authentic,4,dct_mean_high_freq_energy,68,4.015957365,-1.042811501,0.8597262956,-0.8318913749,-1.452333719,-0.460688128,0.9916455913,1.014574117
jpeg_q75,2,authentic,5,dct_ac_energy_variance,68,-0.2192864543,0.06067893002,0.07005785608,0.04126357507,0.01948786223,0.08001245216,0.06052458993,-0.05903585816
jpeg_q75,2,authentic,6,dct_anomaly_score,68,0.03006009225,0.001872881608,0.002749358768,0,0,0.00337579968,0.00337579968,-0.001822167479
jpeg_q75,2,authentic,7,noise_global_level,68,-38.31814062,0.3760633445,0.4039954581,0.2810317547,0.1174302129,0.5454394301,0.4280092172,-0.365880253
jpeg_q75,2,authentic,8,noise_max_to_min_ratio,68,-0.1945833443,0.0006938542953,0.02210843282,0.002446994388,-0.0004135799672,0.006633074598,0.007046654565,-0.0006750660196
jpeg_q75,2,authentic,9,noise_std_of_variances,68,-0.1116603057,0.0005690162314,0.0005861116941,0.0004662910595,0.0002343863335,0.0008840894078,0.0006497030744,-0.0005536083369
jpeg_q75,2,authentic,10,noise_coef_variation,68,0.0253889414,-0.0001709698205,0.001457274113,-0.0002388908671,-0.0009123775138,0.000286942645,0.001199320159,0.0001663402778
jpeg_q75,2,authentic,11,noise_inconsistency_score,68,0.1155871938,-0.001231915765,0.008183226772,-0.001086234013,-0.004549891927,0.0007915230168,0.005341414944,0.001198557791
jpeg_q75,2,authentic,12,jpeg_boundary_difference_ratio,68,3.092203059,0.6011907271,0.2766665419,0.5931490498,0.4751146522,0.690377743,0.2152630908,-0.5849116074
jpeg_q75,2,authentic,13,jpeg_periodic_grid_strength,68,2.879661508,0.5612170913,0.2536588858,0.5523791736,0.4424577976,0.6429246757,0.2004668781,-0.5460203829
jpeg_q75,2,authentic,14,jpeg_artifact_score,68,-4.384619048,-1.608138716,0.6125368472,-1.672524277,-1.865264459,-1.336465254,0.5287992046,1.56459333
jpeg_q75,2,authentic,15,laplacian_variance,68,-3.885936169,0.02127641418,0.03237764266,0.01490712199,0.005092982914,0.02875751281,0.0236645299,-0.0207002887
jpeg_q75,2,ai_edited,0,fft_high_freq_energy_ratio,68,-0.06607959225,7.643284581e-06,2.796809563e-05,5.147324033e-06,-3.713162875e-06,1.528344141e-05,1.899660429e-05,-6.892501399e-06
jpeg_q75,2,ai_edited,1,fft_spectral_peak_count,68,0.7615752244,0,0,0,0,0,0,-0
jpeg_q75,2,ai_edited,2,fft_radial_anomaly_score,68,0.2364869999,0,0,0,0,0,0,-0
jpeg_q75,2,ai_edited,3,fft_spectral_decay_slope,68,1.878078942,-0.0006278279868,0.002005912365,-0.0004083652484,-0.001326235548,0.0003847454383,0.001710980987,0.0005661578123
jpeg_q75,2,ai_edited,4,dct_mean_high_freq_energy,68,4.015957365,-1.06754314,0.8056221123,-0.9280598623,-1.440491741,-0.4966499489,0.9438417916,0.9626807049
jpeg_q75,2,ai_edited,5,dct_ac_energy_variance,68,-0.2192864543,0.05756234728,0.06815607982,0.03868615344,0.01941343854,0.07728712894,0.0578736904,-0.05190812339
jpeg_q75,2,ai_edited,6,dct_anomaly_score,68,0.03006009225,0.002259303327,0.002957226996,0,0,0.004307786266,0.004307786266,-0.002037376887
jpeg_q75,2,ai_edited,7,noise_global_level,68,-38.31814062,0.348387626,0.3651261149,0.265804768,0.1074841932,0.5110833466,0.4035991535,-0.3141662689
jpeg_q75,2,ai_edited,8,noise_max_to_min_ratio,68,-0.1945833443,0.0001265047454,0.02184117906,0.001777642159,-0.001179006993,0.006392706748,0.007571713742,-0.0001140784601
jpeg_q75,2,ai_edited,9,noise_std_of_variances,68,-0.1116603057,0.0005202520513,0.0005674984322,0.0004814991269,0.0002199281766,0.0007188005315,0.0004988723549,-0.0004691488265
jpeg_q75,2,ai_edited,10,noise_coef_variation,68,0.0253889414,-7.629135836e-05,0.001376005708,-0.000204563953,-0.0009197300654,0.0004000382766,0.001319768342,6.879742454e-05
jpeg_q75,2,ai_edited,11,noise_inconsistency_score,68,0.1155871938,-0.0004260937472,0.007776185987,-0.0004028887309,-0.004045120342,0.001105582407,0.005150702749,0.0003842394872
jpeg_q75,2,ai_edited,12,jpeg_boundary_difference_ratio,68,3.092203059,0.5918129673,0.222912242,0.581007282,0.4700164626,0.6864995912,0.2164831286,-0.5336804697
jpeg_q75,2,ai_edited,13,jpeg_periodic_grid_strength,68,2.879661508,0.5519401714,0.2042796608,0.5410719742,0.4377099834,0.6393132355,0.2016032521,-0.4977242915
jpeg_q75,2,ai_edited,14,jpeg_artifact_score,68,-4.384619048,-1.612076594,0.5734916452,-1.626581539,-1.875694778,-1.322291708,0.5534030707,1.453725825
jpeg_q75,2,ai_edited,15,laplacian_variance,68,-3.885936169,0.01920556709,0.02933975819,0.01308585534,0.004971770187,0.02800787699,0.0230361068,-0.0173190461
jpeg_q75,3,all,0,fft_high_freq_energy_ratio,136,-0.09029054149,2.735415539e-06,2.572344954e-05,4.614165605e-06,-1.067265452e-05,1.64543204e-05,2.712697491e-05,-9.761517011e-06
jpeg_q75,3,all,1,fft_spectral_peak_count,136,0.9607197413,0,0,0,0,0,0,-0
jpeg_q75,3,all,2,fft_radial_anomaly_score,136,-0.0266916005,0,0,0,0,0,0,-0
jpeg_q75,3,all,3,fft_spectral_decay_slope,136,0.4199470982,-1.854266763e-05,0.00028782298,-2.260281025e-05,-0.0001637765088,0.0001164432705,0.0002802197793,6.617077477e-05
jpeg_q75,3,all,4,dct_mean_high_freq_energy,136,1.172361889,-0.3067112493,0.2274241299,-0.2907670217,-0.4496658263,-0.1175305963,0.33213523,1.094520023
jpeg_q75,3,all,5,dct_ac_energy_variance,136,-0.08288788456,0.02110234451,0.01877871277,0.01561952873,0.005688365832,0.03673087789,0.03104251205,-0.07530515637
jpeg_q75,3,all,6,dct_anomaly_score,136,-0.01313536351,-0.0009784933759,0.001294348247,0,-0.00203844093,0,0.00203844093,0.003491820383
jpeg_q75,3,all,7,noise_global_level,136,-11.12595487,0.1037018327,0.111128294,0.08335721082,0.0250909782,0.1763459297,0.1512549515,-0.3700670666
jpeg_q75,3,all,8,noise_max_to_min_ratio,136,-0.056990918,0.001416280301,0.003658747182,0.0008068219653,0,0.002877603256,0.002877603256,-0.005054092898
jpeg_q75,3,all,9,noise_std_of_variances,136,1.334978076,-0.007340351994,0.007041587009,-0.00597366862,-0.0112126169,-0.002144568315,0.009068048588,0.02619454699
jpeg_q75,3,all,10,noise_coef_variation,136,-0.04239134037,0.000509945608,0.001444991107,0.0004931849448,-0.0004856594228,0.00145579292,0.001941452343,-0.0018197757
jpeg_q75,3,all,11,noise_inconsistency_score,136,-0.005155488839,7.390821133e-05,0.0002300101027,7.486786118e-05,-7.875230853e-05,0.000231577497,0.0003103298055,-0.0002637464955
jpeg_q75,3,all,12,jpeg_boundary_difference_ratio,136,0.4911208472,0.09159968542,0.0305517091,0.09305067297,0.0780097235,0.1063967987,0.02838707522,-0.3268797281
jpeg_q75,3,all,13,jpeg_periodic_grid_strength,136,-1.7588845,-0.3250580108,0.1102542852,-0.3332487387,-0.3810460736,-0.2700693795,0.110976694,1.159991693
jpeg_q75,3,all,14,jpeg_artifact_score,136,0.3704818672,0.134695881,0.04511557287,0.1380580463,0.1111927968,0.15918616,0.04799336319,-0.4806714428
jpeg_q75,3,all,15,laplacian_variance,136,-1.342759962,0.00677958741,0.009034270467,0.004360903635,0.001138567668,0.01031859956,0.009180031896,-0.0241934203
jpeg_q75,3,authentic,0,fft_high_freq_energy_ratio,68,-0.09029054149,2.41370844e-06,2.568439127e-05,5.111976153e-06,-9.344711243e-06,1.64543204e-05,2.579903164e-05,-8.848798684e-06
jpeg_q75,3,authentic,1,fft_spectral_peak_count,68,0.9607197413,0,0,0,0,0,0,-0
jpeg_q75,3,authentic,2,fft_radial_anomaly_score,68,-0.0266916005,0,0,0,0,0,0,-0
jpeg_q75,3,authentic,3,fft_spectral_decay_slope,68,0.4199470982,-5.994876029e-06,0.0002897846174,-2.082562361e-05,-0.0001574312016,0.0001197097896,0.0002771409912,2.197757203e-05
jpeg_q75,3,authentic,4,dct_mean_high_freq_energy,68,1.172361889,-0.3029151671,0.2331143805,-0.2906666067,-0.4464728986,-0.1059647605,0.3405081381,1.110505017
jpeg_q75,3,authentic,5,dct_ac_energy_variance,68,-0.08288788456,0.02142061905,0.01961820186,0.01606821995,0.005398701019,0.03792356593,0.03252486491,-0.07852926332
jpeg_q75,3,authentic,6,dct_anomaly_score,68,-0.01313536351,-0.0009642949903,0.001266212806,0,-0.002010263914,0,0.002010263914,0.003535162781
jpeg_q75,3,authentic,7,noise_global_level,68,-11.12595487,0.1087465465,0.1162931175,0.0937709352,0.02645599172,0.1800493389,0.1535933472,-0.3986713068
jpeg_q75,3,authentic,8,noise_max_to_min_ratio,68,-0.056990918,0.001491102675,0.003547205588,0.0008891831337,0,0.002877603256,0.002877603256,-0.005466471082
jpeg_q75,3,authentic,9,noise_std_of_variances,68,1.334978076,-0.007640362668,0.007114596143,-0.006262754029,-0.01124231798,-0.002970068785,0.008272249198,0.02801002391
jpeg_q75,3,authentic,10,noise_coef_variation,68,-0.04239134037,0.0005888648474,0.001490960417,0.0006545925002,-0.0004293426066,0.001549050394,0.001978393001,-0.00215881355
jpeg_q75,3,authentic,11,noise_inconsistency_score,68,-0.005155488839,8.818045813e-05,0.000238006465,0.0001021757632,-6.96199249e-05,0.0002396056301,0.000309225555,-0.0003232748036
jpeg_q75,3,authentic,12,jpeg_boundary_difference_ratio,68,0.4911208472,0.09255727643,0.0316133525,0.09405509101,0.0780097235,0.1076744956,0.02966477213,-0.3393204798
jpeg_q75,3,authentic,13,jpeg_periodic_grid_strength,68,-1.7588845,-0.3284949289,0.1139218801,-0.3368458041,-0.3856219158,-0.2770769794,0.1085449364,1.204281945
jpeg_q75,3,authentic,14,jpeg_artifact_score,68,0.3704818672,0.1352021006,0.0460509733,0.1399159559,0.1140756365,0.1602675377,0.04619190119,-0.4956589414
jpeg_q75,3,authentic,15,laplacian_variance,68,-1.342759962,0.007151188934,0.009449630605,0.004692603199,0.001349834267,0.01071523981,0.00936540554,-0.02621668391
jpeg_q75,3,ai_edited,0,fft_high_freq_energy_ratio,68,-0.09029054149,3.057122637e-06,2.594936868e-05,4.44934995e-06,-1.101035843e-05,1.616538847e-05,2.717574689e-05,-1.062694912e-05
jpeg_q75,3,ai_edited,1,fft_spectral_peak_count,68,0.9607197413,0,0,0,0,0,0,-0
jpeg_q75,3,ai_edited,2,fft_radial_anomaly_score,68,-0.0266916005,0,0,0,0,0,0,-0
jpeg_q75,3,ai_edited,3,fft_spectral_decay_slope,68,0.4199470982,-3.109045924e-05,0.0002874471533,-3.344114561e-05,-0.000201723198,0.0001046412494,0.0003063644474,0.000108074411
jpeg_q75,3,ai_edited,4,dct_mean_high_freq_energy,68,1.172361889,-0.3105073316,0.2232574094,-0.2918247332,-0.4510410296,-0.1293610762,0.3216799534,1.079363181
jpeg_q75,3,ai_edited,5,dct_ac_energy_variance,68,-0.08288788456,0.02078406996,0.01804061877,0.01551473078,0.005858877718,0.03566914281,0.0298102651,-0.07224808432
jpeg_q75,3,ai_edited,6,dct_anomaly_score,68,-0.01313536351,-0.0009926917616,0.001331155787,-8.19843763e-06,-0.002151452965,0,0.002151452965,0.003450723473
jpeg_q75,3,ai_edited,7,noise_global_level,68,-11.12595487,0.09865711891,0.1063370546,0.07631369984,0.02197657824,0.1686021855,0.1466256072,-0.3429447581
jpeg_q75,3,ai_edited,8,noise_max_to_min_ratio,68,-0.056990918,0.001341457926,0.003791916136,0.0007553031631,-2.861281676e-05,0.002877603256,0.002906216073,-0.004663079249
jpeg_q75,3,ai_edited,9,noise_std_of_variances,68,1.334978076,-0.00704034132,0.007007694078,-0.005357504564,-0.01102298206,-0.001801785296,0.00922119676,0.0244731265
jpeg_q75,3,ai_edited,10,noise_coef_variation,68,-0.04239134037,0.0004310263687,0.001404121573,0.0004639596288,-0.0005494493315,0.001336006773,0.001885456105,-0.001498302762
jpeg_q75,3,ai_edited,11,noise_inconsistency_score,68,-0.005155488839,5.963596453e-05,0.0002225721555,5.20453334e-05,-8.909622566e-05,0.0002087132929,0.0002978095185,-0.0002073022368
jpeg_q75,3,ai_edited,12,jpeg_boundary_difference_ratio,68,0.4911208472,0.09064209441,0.02965602662,0.09088753845,0.07743989365,0.1055597642,0.02811987051,-0.3150835082
jpeg_q75,3,ai_edited,13,jpeg_periodic_grid_strength,68,-1.7588845,-0.3216210926,0.1071973674,-0.3255016195,-0.3780483038,-0.2605205665,0.1175277373,1.117996035
jpeg_q75,3,ai_edited,14,jpeg_artifact_score,68,0.3704818672,0.1341896613,0.04449715552,0.1353717934,0.1097492711,0.158345781,0.04859650985,-0.4664604182
jpeg_q75,3,ai_edited,15,laplacian_variance,68,-1.342759962,0.006407985886,0.008653233472,0.004097338638,0.001055922429,0.009350623266,0.008294700837,-0.02227497816
jpeg_q75,4,all,0,fft_high_freq_energy_ratio,136,-0.645202225,3.857546038e-05,0.0002883321687,2.689109181e-05,-8.532177129e-05,0.0001052184872,0.0001905402585,-5.823161519e-05
jpeg_q75,4,all,1,fft_spectral_peak_count,136,-2.662997359,0,0,0,0,0,0,-0
jpeg_q75,4,all,2,fft_radial_anomaly_score,136,0.329309408,0,0,0,0,0,0,-0
jpeg_q75,4,all,3,fft_spectral_decay_slope,136,1.313219375,-0.0002413382315,0.001637984558,-9.580734464e-05,-0.0006119850687,0.0004788019013,0.00109078697,0.0003643123086
jpeg_q75,4,all,4,dct_mean_high_freq_energy,136,3.358989033,-0.8288486819,0.6637087506,-0.6446046108,-1.072438993,-0.3411595428,0.7312794506,1.25118915
jpeg_q75,4,all,5,dct_ac_energy_variance,136,-0.2199846787,0.05938972508,0.05464319912,0.04258924991,0.0174224649,0.08914667626,0.07172421136,-0.08965180411
jpeg_q75,4,all,6,dct_anomaly_score,136,-0.002600367258,-0.0001261111424,0.0002211672972,0,-0.0001903208116,0,0.0001903208116,0.0001903711698
jpeg_q75,4,all,7,noise_global_level,136,-29.38843802,0.2340856295,0.2929608736,0.2276578351,0.06866885606,0.3523895288,0.2837206727,-0.3533641378
jpeg_q75,4,all,8,noise_max_to_min_ratio,136,-0.1329643043,0.003157728748,0.007718820279,0.001257892142,-9.857921653e-05,0.005206753142,0.005305332359,-0.004766751803
jpeg_q75,4,all,9,noise_std_of_variances,136,2.640073482,-0.01197595567,0.0119397019,-0.01002118302,-0.01801622729,-0.003716501078,0.01429972621,0.01807831287
jpeg_q75,4,all,10,noise_coef_variation,136,0.4284669265,-0.004861882566,0.01892029218,-0.004854227459,-0.01230303176,0.00222068188,0.01452371364,0.007339258479
jpeg_q75,4,all,11,noise_inconsistency_score,136,-0.3675898719,0.004442622102,0.02126327262,0.00390335454,-0.001574536604,0.01291272893,0.01448726553,-0.006706363531
jpeg_q75,4,all,12,jpeg_boundary_difference_ratio,136,-1.050440011,-0.1825650357,0.07358842315,-0.1914968121,-0.2226230458,-0.1373642223,0.08525882349,0.2755911868
jpeg_q75,4,all,13,jpeg_periodic_grid_strength,136,-3.154601932,-0.5384627027,0.2293605467,-0.5750887549,-0.6685648684,-0.4058953725,0.2626694959,0.8128367774
jpeg_q75,4,all,14,jpeg_artifact_score,136,1.701807815,0.5739752773,0.2368281366,0.6204843326,0.4379353919,0.7117277921,0.2737924002,-0.8664448109
jpeg_q75,4,all,15,laplacian_variance,136,-6.035677974,0.02954343469,0.04215501919,0.01826378583,0.005067017293,0.04193321099,0.0368661937,-0.04459731402
jpeg_q75,4,authentic,0,fft_high_freq_energy_ratio,68,-0.645202225,2.638719136e-05,0.0002932464833,-9.902690228e-06,-0.0001079970091,0.0001023967012,0.0002103937103,-4.130487073e-05
jpeg_q75,4,authentic,1,fft_spectral_peak_count,68,-2.662997359,0,0,0,0,0,0,-0
jpeg_q75,4,authentic,2,fft_radial_anomaly_score,68,0.329309408,0,0,0,0,0,0,-0
jpeg_q75,4,authentic,3,fft_spectral_decay_slope,68,1.313219375,-0.0001771754432,0.001703029939,1.095835641e-05,-0.000507058806,0.0005487788344,0.00105583764,0.0002773394363
jpeg_q75,4,authentic,4,dct_mean_high_freq_energy,68,3.358989033,-0.8160551287,0.6817086762,-0.6270966789,-1.055768245,-0.3297617297,0.7260065156,1.277402022
jpeg_q75,4,authentic,5,dct_ac_energy_variance,68,-0.2199846787,0.05990946269,0.05620492346,0.04258924991,0.01563312274,0.09421175762,0.07857863488,-0.09377855258
jpeg_q75,4,authentic,6,dct_anomaly_score,68,-0.002600367258,-0.0001158040921,0.0002201133215,0,-0.000164465338,0,0.000164465338,0.0001812725344
jpeg_q75,4,authentic,7,noise_global_level,68,-29.38843802,0.2446756055,0.3003163815,0.2470748521,0.07166539107,0.3771543927,0.3054890016,-0.3829999987
jpeg_q75,4,authentic,8,noise_max_to_min_ratio,68,-0.1329643043,0.003238249732,0.007721214977,0.001288515463,-2.327261445e-05,0.005221112778,0.005244385392,-0.005068955038
jpeg_q75,4,authentic,9,noise_std_of_variances,68,2.640073482,-0.01247867067,0.01264568084,-0.01068286485,-0.01844145508,-0.003759912945,0.01468154214,0.01953333615
jpeg_q75,4,authentic,10,noise_coef_variation,68,0.4284669265,-0.005252645219,0.01901486148,-0.005442764933,-0.01212683763,0.0006862801532,0.01281311779,0.008222164642
jpeg_q75,4,authentic,11,noise_inconsistency_score,68,-0.3675898719,0.004812393252,0.02137447865,0.005177687667,-0.0003417942555,0.0127006176,0.01304241186,-0.007533021552
jpeg_q75,4,authentic,12,jpeg_boundary_difference_ratio,68,-1.050440011,-0.1828825831,0.07761448266,-0.1922747551,-0.2264793889,-0.13791448,0.0885649089,0.2862730388
jpeg_q75,4,authentic,13,jpeg_periodic_grid_strength,68,-3.154601932,-0.5394067064,0.2408891562,-0.5774249673,-0.680145664,-0.4075472653,0.2725983987,0.8443537615
jpeg_q75,4,authentic,14,jpeg_artifact_score,68,1.701807815,0.5737825916,0.2481470005,0.6230049577,0.4397176797,0.7192517941,0.2795341144,-0.8981636375
jpeg_q75,4,authentic,15,laplacian_variance,68,-6.035677974,0.0310843155,0.04322100415,0.01943862861,0.00534335543,0.0461892831,0.04084592767,-0.04865745717
jpeg_q75,4,ai_edited,0,fft_high_freq_energy_ratio,68,-0.645202225,5.076372941e-05,0.0002849853756,3.801479336e-05,-7.434709081e-05,0.0001052184872,0.0001795655781,-7.399337262e-05
jpeg_q75,4,ai_edited,1,fft_spectral_peak_count,68,-2.662997359,0,0,0,0,0,0,-0
jpeg_q75,4,ai_edited,2,fft_radial_anomaly_score,68,0.329309408,0,0,0,0,0,0,-0
jpeg_q75,4,ai_edited,3,fft_spectral_decay_slope,68,1.313219375,-0.0003055010198,0.001580305005,-0.0001708720861,-0.000635428124,0.0003609604329,0.0009963885569,0.0004452992533
jpeg_q75,4,ai_edited,4,dct_mean_high_freq_energy,68,3.358989033,-0.8416422351,0.6500264778,-0.6608281367,-1.09545524,-0.3829516346,0.7125036054,1.226780385
jpeg_q75,4,ai_edited,5,dct_ac_energy_variance,68,-0.2199846787,0.05886998747,0.05344887316,0.04260992771,0.01992107257,0.08807841802,0.06815734545,-0.08580908003
jpeg_q75,4,ai_edited,6,dct_anomaly_score,68,-0.002600367258,-0.0001364181928,0.000223370779,0,-0.0002283099684,0,0.0002283099684,0.0001988435895
jpeg_q75,4,ai_edited,7,noise_global_level,68,-29.38843802,0.2234956535,0.2872552196,0.2140876222,0.06824908059,0.3203461026,0.252097022,-0.3257679718
jpeg_q75,4,ai_edited,8,noise_max_to_min_ratio,68,-0.1329643043,0.003077207764,0.007772985785,0.001249254071,-0.0001358365007,0.004871489594,0.005007326095,-0.004485347774
jpeg_q75,4,ai_edited,9,noise_std_of_variances,68,2.640073482,-0.01147324066,0.01126119173,-0.00890197758,-0.01766753332,-0.003716501078,0.01395103224,0.0167234319
jpeg_q75,4,ai_edited,10,noise_coef_variation,68,0.4284669265,-0.004471119913,0.01895845334,-0.004075998701,-0.01230303176,0.003181364917,0.01548439667,0.006517118534
jpeg_q75,4,ai_edited,11,noise_inconsistency_score,68,-0.3675898719,0.004072850952,0.02130389178,0.002985191409,-0.002540211708,0.01300210829,0.01554232,-0.005936600435
jpeg_q75,4,ai_edited,12,jpeg_boundary_difference_ratio,68,-1.050440011,-0.1822474883,0.0699079692,-0.1862670945,-0.2187767831,-0.1369348353,0.08184194772,0.2656445157
jpeg_q75,4,ai_edited,13,jpeg_periodic_grid_strength,68,-3.154601932,-0.5375186991,0.2190166532,-0.5593833141,-0.6570136931,-0.4058953725,0.2511183207,0.7834889568
jpeg_q75,4,ai_edited,14,jpeg_artifact_score,68,1.701807815,0.574167963,0.2267934109,0.6035391569,0.4379353919,0.7088761507,0.2709407587,-0.8369090398
jpeg_q75,4,ai_edited,15,laplacian_variance,68,-6.035677974,0.02800255388,0.04132480675,0.01690402366,0.004712381272,0.03528500793,0.03057262666,-0.04081661114
jpeg_q75,all,all,0,fft_high_freq_energy_ratio,682,,8.040893981e-05,0.0004741877403,8.299919224e-06,-3.205950015e-05,0.0001176190058,0.000149678506,-0.0001126398906
jpeg_q75,all,all,1,fft_spectral_peak_count,682,,0,0,0,0,0,0,-0
jpeg_q75,all,all,2,fft_radial_anomaly_score,682,,0.0001387020548,0.003622222152,0,0,0,0,-0.0001942990955
jpeg_q75,all,all,3,fft_spectral_decay_slope,682,,-0.000284546313,0.001508400043,-0.0001429008236,-0.0007991767323,0.0003377329004,0.001136909633,0.0003986032603
jpeg_q75,all,all,4,dct_mean_high_freq_energy,682,,-0.7646936613,0.6939163521,-0.557459807,-1.140090913,-0.2726347651,0.8674561483,1.071211865
jpeg_q75,all,all,5,dct_ac_energy_variance,682,,0.03965796401,0.05390995095,0.01999449588,0.006291608964,0.05724581693,0.05095420797,-0.05555437914
jpeg_q75,all,all,6,dct_anomaly_score,682,,0.002415830694,0.006140333763,0,0,0.001780155355,0.001780155355,-0.003384187202
jpeg_q75,all,all,7,noise_global_level,682,,0.2347338379,0.3012727586,0.178753992,0.04974482409,0.3633268701,0.313582046,-0.3288240571
jpeg_q75,all,all,8,noise_max_to_min_ratio,682,,0.001830854059,0.01171928251,0.0009025604445,-0.0001057396446,0.004200555614,0.004306295259,-0.00256472976
jpeg_q75,all,all,9,noise_std_of_variances,682,,-0.005447787106,0.01171105501,-0.001769462729,-0.01056281114,0.0008708735106,0.01143368465,0.007631466664
jpeg_q75,all,all,10,noise_coef_variation,682,,-0.0007755782885,0.01802461494,-0.0003155625308,-0.004861103732,0.002311109769,0.007172213501,0.001086459463
jpeg_q75,all,all,11,noise_inconsistency_score,682,,0.0005456241572,0.01606273105,1.60889333e-05,-0.002828316616,0.005087372091,0.007915688707,-0.0007643310001
jpeg_q75,all,all,12,jpeg_boundary_difference_ratio,682,,0.1451533348,0.2954700804,0.08652420969,-0.03445561677,0.2882009049,0.3226565217,-0.203336293
jpeg_q75,all,all,13,jpeg_periodic_grid_strength,682,,-0.4352608502,0.6491517919,-0.4726866838,-0.8002419698,-0.2172474271,0.5829945427,0.6097298965
jpeg_q75,all,all,14,jpeg_artifact_score,682,,0.04333190447,0.901750793,0.4018214539,0.09705815025,0.6199150102,0.5228568599,-0.06070097418
jpeg_q75,all,all,15,laplacian_variance,682,,0.02471548809,0.03939825259,0.01360982108,0.003871149202,0.03616248074,0.03229133154,-0.03462239251
jpeg_q75,all,authentic,0,fft_high_freq_energy_ratio,341,,8.039555082e-05,0.0004562254144,7.660900701e-06,-4.185524914e-05,0.0001205663704,0.0001624216196,-0.0001163450611
jpeg_q75,all,authentic,1,fft_spectral_peak_count,341,,0,0,0,0,0,0,-0
jpeg_q75,all,authentic,2,fft_radial_anomaly_score,341,,0.0002774041096,0.005122595694,0,0,0,0,-0.0004014475645
jpeg_q75,all,authentic,3,fft_spectral_decay_slope,341,,-0.0002571480724,0.001471595152,-0.0001389711536,-0.0007653629215,0.0003678876796,0.001133250601,0.0003721338791
jpeg_q75,all,authentic,4,dct_mean_high_freq_energy,341,,-0.7540677763,0.7071523205,-0.5508748037,-1.137463301,-0.2505755138,0.8868877871,1.091255183
jpeg_q75,all,authentic,5,dct_ac_energy_variance,341,,0.04035025292,0.05502486772,0.01978327085,0.005888574,0.05829988812,0.05241131412,-0.05839318958
jpeg_q75,all,authentic,6,dct_anomaly_score,341,,0.00223458589,0.00602637996,0,0,0.000965531636,0.000965531636,-0.003233798752
jpeg_q75,all,authentic,7,noise_global_level,341,,0.2449420866,0.3122182957,0.1840011333,0.05562948575,0.3829279547,0.3272984689,-0.3544698897
jpeg_q75,all,authentic,8,noise_max_to_min_ratio,341,,0.002080881366,0.01169719631,0.001097148041,-2.014584953e-05,0.004451029524,0.004471175374,-0.003011364027
jpeg_q75,all,authentic,9,noise_std_of_variances,341,,-0.005691592667,0.01214049879,-0.002087295708,-0.0110019741,0.0009065090441,0.01190848314,0.008236633617
jpeg_q75,all,authentic,10,noise_coef_variation,341,,-0.0006515084009,0.0189859032,-0.0003156302509,-0.005434538587,0.002311720522,0.007746259109,0.0009428355665
jpeg_q75,all,authentic,11,noise_inconsistency_score,341,,0.0003961216019,0.0170203111,2.654437974e-05,-0.003274721066,0.005267814714,0.00854253578,-0.0005732505282
jpeg_q75,all,authentic,12,jpeg_boundary_difference_ratio,341,,0.1466876093,0.3021015258,0.0868434034,-0.03429731518,0.2890261645,0.3233234797,-0.212280141
jpeg_q75,all,authentic,13,jpeg_periodic_grid_strength,341,,-0.4387192417,0.6581143135,-0.4728063279,-0.8058201915,-0.2204992861,0.5853209054,0.6348960416
jpeg_q75,all,authentic,14,jpeg_artifact_score,341,,0.04524852205,0.9059726992,0.3993436092,0.09626776687,0.6245973326,0.5283295657,-0.06548175873
jpeg_q75,all,authentic,15,laplacian_variance,341,,0.02607982513,0.04080787718,0.01447532146,0.004320544302,0.04004210197,0.03572155767,-0.03774162646
jpeg_q75,all,ai_edited,0,fft_high_freq_energy_ratio,341,,8.04223288e-05,0.0004921663666,8.322854186e-06,-2.284546784e-05,0.0001096603795,0.0001325058474,-0.000109164551
jpeg_q75,all,ai_edited,1,fft_spectral_peak_count,341,,0,0,0,0,0,0,-0
jpeg_q75,all,ai_edited,2,fft_radial_anomaly_score,341,,0,0,0,0,0,0,-0
jpeg_q75,all,ai_edited,3,fft_spectral_decay_slope,341,,-0.0003119445536,0.001546006248,-0.0001477637412,-0.0008262809765,0.000259915883,0.00108619686,0.0004234307517
jpeg_q75,all,ai_edited,4,dct_mean_high_freq_energy,341,,-0.7753195462,0.6812966718,-0.5640151558,-1.143448008,-0.2978520087,0.8455959996,1.052411829
jpeg_q75,all,ai_edited,5,dct_ac_energy_variance,341,,0.03896567511,0.0528433165,0.02015709588,0.007230127915,0.05673559095,0.04950546304,-0.05289165947
jpeg_q75,all,ai_edited,6,dct_anomaly_score,341,,0.002597075497,0.006255808713,0,0,0.002642073754,0.002642073754,-0.003525247091
jpeg_q75,all,ai_edited,7,noise_global_level,341,,0.2245255891,0.2900141599,0.1663316181,0.04568655013,0.3512641329,0.3055775828,-0.3047690299
jpeg_q75,all,ai_edited,8,noise_max_to_min_ratio,341,,0.001580826751,0.01175318317,0.0007829866028,-0.000204592285,0.004096269416,0.004300861701,-0.002145800117
jpeg_q75,all,ai_edited,9,noise_std_of_variances,341,,-0.005203981545,0.01127785685,-0.0014215937,-0.00993535754,0.000747555606,0.01068291315,0.007063838083
jpeg_q75,all,ai_edited,10,noise_coef_variation,341,,-0.0008996481762,0.01703624486,-0.0003154948107,-0.004213167888,0.002284264238,0.006497432126,0.001221174401
jpeg_q75,all,ai_edited,11,noise_inconsistency_score,341,,0.0006951267126,0.01506803541,0,-0.002674603072,0.004199227048,0.006873830121,-0.0009435587929
jpeg_q75,all,ai_edited,12,jpeg_boundary_difference_ratio,341,,0.1436190602,0.2891225611,0.08620501599,-0.03447933172,0.2839176849,0.3183970166,-0.19494723
jpeg_q75,all,ai_edited,13,jpeg_periodic_grid_strength,341,,-0.4318024587,0.6410125294,-0.4692426215,-0.7838208275,-0.2107527755,0.5730680521,0.5861248018
jpeg_q75,all,ai_edited,14,jpeg_artifact_score,341,,0.0414152869,0.8988363121,0.4070827897,0.09965796103,0.6123589285,0.5127009675,-0.05621674064
jpeg_q75,all,ai_edited,15,laplacian_variance,341,,0.02335115106,0.03794724434,0.01274535053,0.003755035403,0.03293094912,0.02917591372,-0.03169664395
jpeg_q50,0,all,0,fft_high_freq_energy_ratio,138,-2.633923943,0.0002152528485,0.001291929949,5.832330851e-05,-0.0005592522362,0.0008196269526,0.001378879189,-0.000179291494
jpeg_q50,0,all,1,fft_spectral_peak_count,138,-1.798233879,0,0,0,0,0,0,-0
jpeg_q50,0,all,2,fft_radial_anomaly_score,138,0.6410692307,0,0,0,0,0,0,-0
jpeg_q50,0,all,3,fft_spectral_decay_slope,138,1.758332626,-0.0005716296356,0.002339018391,-0.0004908008388,-0.001650203845,0.0009257931261,0.002575996971,0.0004761299658
jpeg_q50,0,all,4,dct_mean_high_freq_energy,138,2.907659274,-1.053482431,0.7603137011,-0.8447879958,-1.475214184,-0.4514982925,1.023715892,0.8774817164
jpeg_q50,0,all,5,dct_ac_energy_variance,138,-0.02645425675,0.00945927033,0.009047293043,0.005507623755,0.002728950058,0.0140769289,0.01134797884,-0.007878951295
jpeg_q50,0,all,6,dct_anomaly_score,138,0.09851340229,0.009906656677,0.01363899337,0,0,0.02174463641,0.02174463641,-0.008251594757
jpeg_q50,0,all,7,noise_global_level,138,-23.34093973,0.2827735222,0.2259214828,0.2344076854,0.112928,0.3874284212,0.2745004213,-0.2355317833
jpeg_q50,0,all,8,noise_max_to_min_ratio,138,-0.1479342536,-0.01214591517,0.02629407998,-0.0006314134149,-0.01361438329,0,0.01361438329,0.01011675011
jpeg_q50,0,all,9,noise_std_of_variances,138,-1.107003458,0.005322810175,0.006235261412,0.004626006534,0.001882479772,0.008508075306,0.006625595534,-0.004433551497
jpeg_q50,0,all,10,noise_coef_variation,138,0.3527154169,0.007370396026,0.02167227932,0.005639941931,-0.002758348526,0.01727989489,0.02003824341,-0.006139056111
jpeg_q50,0,all,11,noise_inconsistency_score,138,-0.2405656659,-0.006867723512,0.01772652976,-0.003501471971,-0.01431326313,0.001410880036,0.01572414317,0.005720362901
jpeg_q50,0,all,12,jpeg_boundary_difference_ratio,138,-0.1587673346,-0.05414677873,0.018907014,-0.05263867607,-0.06245534303,-0.04340522575,0.01905011728,0.04510071259
jpeg_q50,0,all,13,jpeg_periodic_grid_strength,138,-3.782502478,-1.283249539,0.4528654689,-1.25407365,-1.41984322,-1.034094487,0.3857487328,1.068862636
jpeg_q50,0,all,14,jpeg_artifact_score,138,1.422526592,0.8380597206,0.1934647599,0.8609395001,0.7408779934,0.9929802743,0.252102281,-0.6980487385
jpeg_q50,0,all,15,laplacian_variance,138,-9.608249511,0.0567815615,0.05982959362,0.03662497081,0.01209235484,0.08411602169,0.07202366685,-0.0472953137
jpeg_q50,0,authentic,0,fft_high_freq_energy_ratio,69,-2.633923943,0.000155213128,0.001289518423,-3.383222876e-05,-0.0006261709717,0.0008016118795,0.001427782851,-0.0001305146993
jpeg_q50,0,authentic,1,fft_spectral_peak_count,69,-1.798233879,0,0,0,0,0,0,-0
jpeg_q50,0,authentic,2,fft_radial_anomaly_score,69,0.6410692307,0,0,0,0,0,0,-0
jpeg_q50,0,authentic,3,fft_spectral_decay_slope,69,1.758332626,-0.000536460793,0.00235942198,-0.0003104317925,-0.001679811199,0.0009851650405,0.002664976239,0.0004510959862
jpeg_q50,0,authentic,4,dct_mean_high_freq_energy,69,2.907659274,-1.036513406,0.7677195784,-0.8067721445,-1.465981961,-0.3883047553,1.077677205,0.8715772768
jpeg_q50,0,authentic,5,dct_ac_energy_variance,69,-0.02645425675,0.009550384846,0.009340424283,0.005470258653,0.002326118889,0.01353441291,0.01120829403,-0.008030671257
jpeg_q50,0,authentic,6,dct_anomaly_score,69,0.09851340229,0.009477427105,0.01363171815,0,0,0.02070716013,0.02070716013,-0.007969322983
jpeg_q50,0,authentic,7,noise_global_level,69,-23.34093973,0.2882395916,0.2297157,0.2402183683,0.116636765,0.3883203726,0.2716836076,-0.242373207
jpeg_q50,0,authentic,8,noise_max_to_min_ratio,69,-0.1479342536,-0.01200404508,0.02662860786,-0.0007230450371,-0.01141985358,0,0.01141985358,0.0100938906
jpeg_q50,0,authentic,9,noise_std_of_variances,69,-1.107003458,0.005551758573,0.006300543055,0.004653866634,0.002102267896,0.008527815428,0.006425547532,-0.004668329991
jpeg_q50,0,authentic,10,noise_coef_variation,69,0.3527154169,0.006572030663,0.02185615575,0.005193555697,-0.00307794217,0.01583289626,0.01891083843,-0.005526250366
jpeg_q50,0,authentic,11,noise_inconsistency_score,69,-0.2405656659,-0.006232191478,0.01754917675,-0.003211787032,-0.01393730078,0.002652597713,0.01658989849,0.005240488397
jpeg_q50,0,authentic,12,jpeg_boundary_difference_ratio,69,-0.1587673346,-0.05435636446,0.01916837922,-0.05276638291,-0.06308799105,-0.04332048689,0.01976750416,0.04570685902
jpeg_q50,0,authentic,13,jpeg_periodic_grid_strength,69,-3.782502478,-1.287970315,0.4588845689,-1.257116128,-1.468034803,-1.03207523,0.4359595731,1.083020879
jpeg_q50,0,authentic,14,jpeg_artifact_score,69,1.422526592,0.8302274833,0.1930381106,0.8603390602,0.7383852812,0.9824297101,0.2440444288,-0.6981167874
jpeg_q50,0,authentic,15,laplacian_variance,69,-9.608249511,0.05860016543,0.06166643126,0.03706680153,0.0130583973,0.08515091969,0.07209252239,-0.04927536134
jpeg_q50,0,ai_edited,0,fft_high_freq_energy_ratio,69,-2.633923943,0.000275292569,0.001300975789,6.162018463e-05,-0.0004320477658,0.000878538989,0.001310586755,-0.0002271557801
jpeg_q50,0,ai_edited,1,fft_spectral_peak_count,69,-1.798233879,0,0,0,0,0,0,-0
jpeg_q50,0,ai_edited,2,fft_radial_anomaly_score,69,0.6410692307,0,0,0,0,0,0,-0
jpeg_q50,0,ai_edited,3,fft_spectral_decay_slope,69,1.758332626,-0.0006067984783,0.002335184767,-0.0006321825026,-0.001638727721,0.0008847620502,0.002523489771,0.0005006956136
jpeg_q50,0,ai_edited,4,dct_mean_high_freq_energy,69,2.907659274,-1.070451456,0.7580747085,-0.9070075633,-1.477142171,-0.4576048595,1.019537312,0.8832756967
jpeg_q50,0,ai_edited,5,dct_ac_energy_variance,69,-0.02645425675,0.009368155814,0.008811945146,0.005544988857,0.002827067408,0.01425776756,0.01143070015,-0.007730069687
jpeg_q50,0,ai_edited,6,dct_anomaly_score,69,0.09851340229,0.01033588625,0.01373252583,0,0,0.02292123165,0.02292123165,-0.008528585836
jpeg_q50,0,ai_edited,7,noise_global_level,69,-23.34093973,0.2773074529,0.2236105793,0.2283261478,0.1120936651,0.3753817743,0.2632881093,-0.2288183478
jpeg_q50,0,ai_edited,8,noise_max_to_min_ratio,69,-0.1479342536,-0.01228778527,0.02614958917,-0.0005397817927,-0.0144638921,0,0.0144638921,0.01013918196
jpeg_q50,0,ai_edited,9,noise_std_of_variances,69,-1.107003458,0.005093861778,0.006206890765,0.004501537674,0.001741316554,0.008159929732,0.006418613178,-0.004203165202
jpeg_q50,0,ai_edited,10,noise_coef_variation,69,0.3527154169,0.00816876139,0.02161706476,0.006060458777,-0.0009806926496,0.0194229388,0.02040363144,-0.006740397582
jpeg_q50,0,ai_edited,11,noise_inconsistency_score,69,-0.2405656659,-0.007503255546,0.01800798312,-0.004080885091,-0.01559502737,0.0007811938551,0.01637622123,0.006191259988
jpeg_q50,0,ai_edited,12,jpeg_boundary_difference_ratio,69,-0.1587673346,-0.05393719301,0.0187800809,-0.05251096923,-0.05979511357,-0.04370297336,0.01609214021,0.04450590585
jpeg_q50,0,ai_edited,13,jpeg_periodic_grid_strength,69,-3.782502478,-1.278528762,0.4500777472,-1.251031172,-1.404719946,-1.041187476,0.3635324709,1.054969262
jpeg_q50,0,ai_edited,14,jpeg_artifact_score,69,1.422526592,0.8458919578,0.1949857512,0.8742379589,0.7471588588,0.9986597181,0.2515008593,-0.6979819627
jpeg_q50,0,ai_edited,15,laplacian_variance,69,-9.608249511,0.05496295758,0.05832958745,0.03656835888,0.009721707591,0.08101132767,0.07128962008,-0.04535230847
jpeg_q50,1,all,0,fft_high_freq_energy_ratio,136,-1.950595988,-1.269720359e-06,0.001026613851,3.47631097e-05,-0.0004100506439,0.0005644354743,0.0009744861182,7.758001867e-07
jpeg_q50,1,all,1,fft_spectral_peak_count,136,-3.101221105,0,0,0,0,0,0,-0
jpeg_q50,1,all,2,fft_radial_anomaly_score,136,0.03782896903,0,0,0,0,0,0,-0
jpeg_q50,1,all,3,fft_spectral_decay_slope,136,1.820091914,3.995473061e-05,0.00264281238,-0.0002533146513,-0.001467380717,0.0009241374119,0.002391518128,-2.441237336e-05
jpeg_q50,1,all,4,dct_mean_high_freq_energy,136,3.74959782,-1.419170645,1.078507647,-1.234171541,-2.041831081,-0.5219252644,1.519905817,0.8671144349
jpeg_q50,1,all,5,dct_ac_energy_variance,136,-0.199590562,0.08235036808,0.08842272812,0.05724970977,0.01865095565,0.1081051045,0.08945414887,-0.05031614282
jpeg_q50,1,all,6,dct_anomaly_score,136,0.0549254393,0.005362052987,0.007509153681,1.82547718e-05,0,0.01053543741,0.01053543741,-0.003276218798
jpeg_q50,1,all,7,noise_global_level,136,-35.02480908,0.493566599,0.4318593589,0.4183396681,0.2168127867,0.6814156789,0.4646028922,-0.3015695991
jpeg_q50,1,all,8,noise_max_to_min_ratio,136,-0.151214298,-0.006497956472,0.01748087603,-0.001149803549,-0.006541376843,0,0.006541376843,0.003970256764
jpeg_q50,1,all,9,noise_std_of_variances,136,2.828929669,-0.01605487157,0.02074790793,-0.01326974267,-0.0287433773,-0.00336420294,0.02537917436,0.009809539769
jpeg_q50,1,all,10,noise_coef_variation,136,-0.6987877476,-0.02136173589,0.04072277559,-0.01573560031,-0.03783682639,-0.001670444412,0.03616638197,0.01305203825
jpeg_q50,1,all,11,noise_inconsistency_score,136,0.4360108967,0.01528863467,0.03318275461,0.008922229471,0,0.02838545093,0.02838545093,-0.009341368394
jpeg_q50,1,all,12,jpeg_boundary_difference_ratio,136,1.400380167,0.4962251451,0.1953058049,0.4679320474,0.3866314139,0.551624782,0.1649933681,-0.3031939729
jpeg_q50,1,all,13,jpeg_periodic_grid_strength,136,-6.655722917,-2.354474399,0.9335795105,-2.223985778,-2.621760873,-1.837580733,0.7841801397,1.4385858
jpeg_q50,1,all,14,jpeg_artifact_score,136,1.796066194,1.047874918,0.297732784,1.092994592,0.922474321,1.23784637,0.3153720495,-0.640252439
jpeg_q50,1,all,15,laplacian_variance,136,-5.488169012,0.04019418478,0.04950628353,0.02348739295,0.007478907529,0.0619478721,0.05446896457,-0.02455868006
jpeg_q50,1,authentic,0,fft_high_freq_energy_ratio,68,-1.950595988,-7.001094012e-06,0.00103001774,8.234438945e-05,-0.0004385209332,0.0005987262592,0.001037247192,4.298218854e-06
jpeg_q50,1,authentic,1,fft_spectral_peak_count,68,-3.101221105,0,0,0,0,0,0,-0
jpeg_q50,1,authentic,2,fft_radial_anomaly_score,68,0.03782896903,0,0,0,0,0,0,-0
jpeg_q50,1,authentic,3,fft_spectral_decay_slope,68,1.820091914,9.778092314e-05,0.002645583107,-0.0002645971882,-0.001346581631,0.0009648196364,0.002311401268,-6.00311618e-05
jpeg_q50,1,authentic,4,dct_mean_high_freq_energy,68,3.74959782,-1.397440944,1.091654124,-1.2157668,-2.039612881,-0.5157246517,1.523888229,0.8579383454
jpeg_q50,1,authentic,5,dct_ac_energy_variance,68,-0.199590562,0.08262916721,0.09098895204,0.05706286147,0.01685803368,0.1042147298,0.08735669614,-0.05072896376
jpeg_q50,1,authentic,6,dct_anomaly_score,68,0.0549254393,0.005070561676,0.00733163566,0,0,0.01022143225,0.01022143225,-0.003112996877
jpeg_q50,1,authentic,7,noise_global_level,68,-35.02480908,0.503721137,0.4407055382,0.4201450864,0.2299696241,0.7019399982,0.4719703741,-0.3092521947
jpeg_q50,1,authentic,8,noise_max_to_min_ratio,68,-0.151214298,-0.005970693957,0.01736503201,-0.001037951294,-0.006190843729,0,0.006190843729,0.003665619873
jpeg_q50,1,authentic,9,noise_std_of_variances,68,2.828929669,-0.01650285333,0.02105318604,-0.01356073932,-0.02933487115,-0.004070683611,0.02526418754,0.01013168445
jpeg_q50,1,authentic,10,noise_coef_variation,68,-0.6987877476,-0.01907315897,0.04157277331,-0.0146920971,-0.03511454856,-0.001412260303,0.03370228826,0.01170968585
jpeg_q50,1,authentic,11,noise_inconsistency_score,68,0.4360108967,0.01417611005,0.03418119911,0.008821908233,0,0.02746354288,0.02746354288,-0.008703214584
jpeg_q50,1,authentic,12,jpeg_boundary_difference_ratio,68,1.400380167,0.5001230101,0.1994259459,0.4644414505,0.3880002247,0.5695482404,0.1815480158,-0.3070431775
jpeg_q50,1,authentic,13,jpeg_periodic_grid_strength,68,-6.655722917,-2.373303905,0.9527915368,-2.20739574,-2.706947473,-1.844086599,0.8628608737,1.457055079
jpeg_q50,1,authentic,14,jpeg_artifact_score,68,1.796066194,1.036358149,0.3033567779,1.075804769,0.9134155649,1.235345725,0.3219301606,-0.636256866
jpeg_q50,1,authentic,15,laplacian_variance,68,-5.488169012,0.04128651679,0.05075820923,0.02348739295,0.007570713348,0.0655171514,0.05794643805,-0.02534725067
jpeg_q50,1,ai_edited,0,fft_high_freq_energy_ratio,68,-1.950595988,4.461653294e-06,0.001030824506,-3.316447171e-05,-0.0003387368566,0.000517348319,0.0008560851756,-2.713105732e-06
jpeg_q50,1,ai_edited,1,fft_spectral_peak_count,68,-3.101221105,0,0,0,0,0,0,-0
jpeg_q50,1,ai_edited,2,fft_radial_anomaly_score,68,0.03782896903,0,0,0,0,0,0,-0
jpeg_q50,1,ai_edited,3,fft_spectral_decay_slope,68,1.820091914,-1.787146192e-05,0.002658432367,-0.0002533146513,-0.001495478573,0.0006889399113,0.002184418484,1.086753331e-05
jpeg_q50,1,ai_edited,4,dct_mean_high_freq_energy,68,3.74959782,-1.440900347,1.072870536,-1.242522709,-2.050423175,-0.5482689467,1.502154228,0.8762032219
jpeg_q50,1,ai_edited,5,dct_ac_energy_variance,68,-0.199590562,0.08207156894,0.08645638052,0.05758147484,0.01900238353,0.1094857378,0.0904833543,-0.04990724951
jpeg_q50,1,ai_edited,6,dct_anomaly_score,68,0.0549254393,0.005653544299,0.007725996937,0.0005025349451,0,0.01133601604,0.01133601604,-0.003437887804
jpeg_q50,1,ai_edited,7,noise_global_level,68,-35.02480908,0.4834120611,0.4258614241,0.4137837824,0.2134574742,0.6683958104,0.4549383362,-0.2939600968
jpeg_q50,1,ai_edited,8,noise_max_to_min_ratio,68,-0.151214298,-0.007025218987,0.01770915915,-0.001470132724,-0.006980360609,0,0.006980360609,0.004271995301
jpeg_q50,1,ai_edited,9,noise_std_of_variances,68,2.828929669,-0.0156068898,0.02058476059,-0.01294887966,-0.02857733927,-0.003103727998,0.02547361128,0.009490460016
jpeg_q50,1,ai_edited,10,noise_coef_variation,68,-0.6987877476,-0.02365031281,0.04003140414,-0.01802782119,-0.03850654836,-0.00171608349,0.03679046487,0.01438161933
jpeg_q50,1,ai_edited,11,noise_inconsistency_score,68,0.4360108967,0.01640115929,0.032369089,0.009310071984,0,0.02961583859,0.02961583859,-0.009973450727
jpeg_q50,1,ai_edited,12,jpeg_boundary_difference_ratio,68,1.400380167,0.49232728,0.1925006117,0.4703986447,0.3840856879,0.5443895498,0.1603038619,-0.2993813902
jpeg_q50,1,ai_edited,13,jpeg_periodic_grid_strength,68,-6.655722917,-2.335644892,0.9206620042,-2.23570915,-2.58737291,-1.825481408,0.761891502,1.420292239
jpeg_q50,1,ai_edited,14,jpeg_artifact_score,68,1.796066194,1.059391687,0.2937994423,1.107399256,0.9334893681,1.238855634,0.3053662662,-0.6442099976
jpeg_q50,1,ai_edited,15,laplacian_variance,68,-5.488169012,0.03910185278,0.04857475268,0.02331554231,0.007430930408,0.06135202747,0.05392109706,-0.02377761201
jpeg_q50,2,all,0,fft_high_freq_energy_ratio,136,-0.06607959225,8.820303983e-06,4.280847753e-05,6.555883962e-06,-1.107597788e-05,2.226469964e-05,3.334067752e-05,-6.144256872e-06
jpeg_q50,2,all,1,fft_spectral_peak_count,136,0.7615752244,0,0,0,0,0,0,-0
jpeg_q50,2,all,2,fft_radial_anomaly_score,136,0.2364869999,0,0,0,0,0,0,-0
jpeg_q50,2,all,3,fft_spectral_decay_slope,136,1.878078942,-0.0006740502498,0.003082979711,-0.0005853459112,-0.001636091636,0.0004450263282,0.002081117964,0.0004695459348
jpeg_q50,2,all,4,dct_mean_high_freq_energy,136,4.015957365,-1.547798676,1.178205548,-1.21754294,-2.090715148,-0.6837676765,1.406947471,1.078202369
jpeg_q50,2,all,5,dct_ac_energy_variance,136,-0.2192864543,0.09054132478,0.09805728305,0.05211106042,0.02485008904,0.1115868223,0.08673673322,-0.06307142679
jpeg_q50,2,all,6,dct_anomaly_score,136,0.03006009225,0.002698713875,0.003843017219,0,0,0.004572669837,0.004572669837,-0.001879934218
jpeg_q50,2,all,7,noise_global_level,136,-38.31814062,0.5410583543,0.439217142,0.4478828959,0.2150092117,0.7657064838,0.5506972721,-0.3769032811
jpeg_q50,2,all,8,noise_max_to_min_ratio,136,-0.1945833443,-0.01701217318,0.03197249949,-0.003661969537,-0.01944690047,0,0.01944690047,0.01185074371
jpeg_q50,2,all,9,noise_std_of_variances,136,-0.1116603057,0.0006869379167,0.0006629845502,0.0005325332928,0.0002513823443,0.0009970445332,0.0007456621889,-0.000478523532
jpeg_q50,2,all,10,noise_coef_variation,136,0.0253889414,0.0006057295093,0.001658191768,0.0003906130732,-0.0001984362277,0.001042936047,0.001241372274,-0.0004219534505
jpeg_q50,2,all,11,noise_inconsistency_score,136,0.1155871938,0.002759458973,0.009132601793,0.0006332635398,-0.00102384498,0.005320378614,0.006344223594,-0.001922249481
jpeg_q50,2,all,12,jpeg_boundary_difference_ratio,136,3.092203059,1.073854747,0.4737218427,1.014557985,0.8578088817,1.218368258,0.360559376,-0.7480512484
jpeg_q50,2,all,13,jpeg_periodic_grid_strength,136,2.879661508,0.9984638758,0.4429556885,0.9448227916,0.798847657,1.134623916,0.3357762593,-0.6955336847
jpeg_q50,2,all,14,jpeg_artifact_score,136,-4.384619048,-2.609636932,0.73534694,-2.817104206,-3.05971575,-2.244254819,0.8154609307,1.817882885
jpeg_q50,2,all,15,laplacian_variance,136,-3.885936169,0.02890754581,0.03364738904,0.01671264753,0.006859658306,0.03519633641,0.0283366781,-0.02013710495
jpeg_q50,2,authentic,0,fft_high_freq_energy_ratio,68,-0.06607959225,6.468915081e-06,4.368146427e-05,5.208865449e-06,-1.022522935e-05,2.226469964e-05,3.248992899e-05,-4.784794873e-06
jpeg_q50,2,authentic,1,fft_spectral_peak_count,68,0.7615752244,0,0,0,0,0,0,-0
jpeg_q50,2,authentic,2,fft_radial_anomaly_score,68,0.2364869999,0,0,0,0,0,0,-0
jpeg_q50,2,authentic,3,fft_spectral_decay_slope,68,1.878078942,-0.0004992590453,0.00314413651,-0.0003952680077,-0.00152728379,0.0005296546527,0.002056938443,0.000369281725
jpeg_q50,2,authentic,4,dct_mean_high_freq_energy,68,4.015957365,-1.531054983,1.200319311,-1.140229396,-2.059341626,-0.6606605552,1.39868107,1.132459453
jpeg_q50,2,authentic,5,dct_ac_energy_variance,68,-0.2192864543,0.09200830553,0.1010936806,0.05433658112,0.0245605362,0.1197360489,0.09517551268,-0.06805482265
jpeg_q50,2,authentic,6,dct_anomaly_score,68,0.03006009225,0.002511337504,0.003704834784,0,0,0.004338602525,0.004338602525,-0.00185753479
jpeg_q50,2,authentic,7,noise_global_level,68,-38.31814062,0.5516793245,0.4531665946,0.4496126943,0.2190630253,0.8260626809,0.6069996556,-0.4080548856
jpeg_q50,2,authentic,8,noise_max_to_min_ratio,68,-0.1945833443,-0.01646845741,0.03131985358,-0.00380686279,-0.01792624982,0,0.01792624982,0.01218105194
jpeg_q50,2,authentic,9,noise_std_of_variances,68,-0.1116603057,0.0006943555723,0.000679758028,0.0005172562788,0.0002503735852,0.000976480916,0.0007261073308,-0.0005135867361
jpeg_q50,2,authentic,10,noise_coef_variation,68,0.0253889414,0.0005919304995,0.001717360322,0.0003772812888,-0.0002134239394,0.0009644015119,0.001177825451,-0.0004378270519
jpeg_q50,2,authentic,11,noise_inconsistency_score,68,0.1155871938,0.002858281287,0.0098601956,0.0005727320974,-0.000861184383,0.005304804823,0.006165989206,-0.002114155075
jpeg_q50,2,authentic,12,jpeg_boundary_difference_ratio,68,3.092203059,1.084700755,0.5670296343,1.012195688,0.8539235418,1.213781988,0.3598584464,-0.8023092816
jpeg_q50,2,authentic,13,jpeg_periodic_grid_strength,68,2.879661508,1.008675134,0.5294753302,0.9426227322,0.7952294175,1.130352979,0.3351235614,-0.7460762044
jpeg_q50,2,authentic,14,jpeg_artifact_score,68,-4.384619048,-2.577541072,0.7638524487,-2.817104206,-3.04740095,-2.243827261,0.8035736898,1.906502891
jpeg_q50,2,authentic,15,laplacian_variance,68,-3.885936169,0.02986453815,0.0349719814,0.01786366607,0.006847172548,0.03723298983,0.03038581728,-0.0220895911
jpeg_q50,2,ai_edited,0,fft_high_freq_energy_ratio,68,-0.06607959225,1.117169289e-05,4.210926024e-05,1.003174314e-05,-1.115918188e-05,2.190751326e-05,3.306669514e-05,-7.354155614e-06
jpeg_q50,2,ai_edited,1,fft_spectral_peak_count,68,0.7615752244,0,0,0,0,0,0,-0
jpeg_q50,2,ai_edited,2,fft_radial_anomaly_score,68,0.2364869999,0,0,0,0,0,0,-0
jpeg_q50,2,ai_edited,3,fft_spectral_decay_slope,68,1.878078942,-0.0008488414543,0.003033773165,-0.0006653846044,-0.001675775156,0.0004227498248,0.002098524981,0.0005587794268
jpeg_q50,2,ai_edited,4,dct_mean_high_freq_energy,68,4.015957365,-1.564542369,1.164353914,-1.267119714,-2.090715148,-0.7141582571,1.376556891,1.02991446
jpeg_q50,2,ai_edited,5,dct_ac_energy_variance,68,-0.2192864543,0.08907434404,0.09565391713,0.05137831888,0.02509455134,0.1053430543,0.08024850299,-0.05863628673
jpeg_q50,2,ai_edited,6,dct_anomaly_score,68,0.03006009225,0.002886090245,0.003995112467,0,0,0.005351503684,0.005351503684,-0.001899869339
jpeg_q50,2,ai_edited,7,noise_global_level,68,-38.31814062,0.5304373841,0.4279179067,0.445265573,0.2150092117,0.724238999,0.5092297873,-0.3491788672
jpeg_q50,2,ai_edited,8,noise_max_to_min_ratio,68,-0.1945833443,-0.01755588896,0.03283603912,-0.002929205216,-0.02030975709,0,0.02030975709,0.01155677485
jpeg_q50,2,ai_edited,9,noise_std_of_variances,68,-0.1116603057,0.000679520261,0.0006507494072,0.0005595164516,0.0002513823443,0.001003000349,0.0007516180052,-0.000447317859
jpeg_q50,2,ai_edited,10,noise_coef_variation,68,0.0253889414,0.0006195285191,0.001609511014,0.000403019097,-0.0001932335063,0.001043787277,0.001237020783,-0.0004078262072
jpeg_q50,2,ai_edited,11,noise_inconsistency_score,68,0.1155871938,0.002660636658,0.00841489112,0.000685918523,-0.00102384498,0.005420834904,0.006444679884,-0.00175145667
jpeg_q50,2,ai_edited,12,jpeg_boundary_difference_ratio,68,3.092203059,1.063008738,0.3611271489,1.016357032,0.8770083274,1.221880278,0.344871951,-0.6997624943
jpeg_q50,2,ai_edited,13,jpeg_periodic_grid_strength,68,2.879661508,0.9882526174,0.3388099913,0.9464981062,0.8167272527,1.137894614,0.3211673617,-0.6505516764
jpeg_q50,2,ai_edited,14,jpeg_artifact_score,68,-4.384619048,-2.641732792,0.7099150057,-2.818033699,-3.061104726,-2.244831572,0.8162731541,1.739012542
jpeg_q50,2,ai_edited,15,laplacian_variance,68,-3.885936169,0.02795055346,0.03250065849,0.01638918499,0.007001564365,0.03426551393,0.02726394956,-0.01839942449
jpeg_q50,3,all,0,fft_high_freq_energy_ratio,136,-0.09029054149,-2.176071175e-06,4.151252669e-05,3.87484967e-07,-1.763325686e-05,2.207520693e-05,3.970846379e-05,4.69628547e-06
jpeg_q50,3,all,1,fft_spectral_peak_count,136,0.9607197413,0,0,0,0,0,0,-0
jpeg_q50,3,all,2,fft_radial_anomaly_score,136,-0.0266916005,0,0,0,0,0,0,-0
jpeg_q50,3,all,3,fft_spectral_decay_slope,136,0.4199470982,1.881947881e-05,0.0004508671579,6.858438546e-06,-0.0002268666342,0.0002129620261,0.0004398286603,-4.061523625e-05
jpeg_q50,3,all,4,dct_mean_high_freq_energy,136,1.172361889,-0.4368136471,0.3124694774,-0.4144563693,-0.6022642584,-0.1811428941,0.4211213643,0.9427088632
jpeg_q50,3,all,5,dct_ac_energy_variance,136,-0.08288788456,0.02931551416,0.02532440044,0.02131255886,0.007801198459,0.04878806347,0.04098686501,-0.06326724271
jpeg_q50,3,all,6,dct_anomaly_score,136,-0.01313536351,-0.00137738206,0.001837153761,-2.472410466e-05,-0.002989463805,0,0.002989463805,0.002972595486
jpeg_q50,3,all,7,noise_global_level,136,-11.12595487,0.154039385,0.1335089367,0.1357134156,0.05016696799,0.2382820198,0.1881150518,-0.3324399192
jpeg_q50,3,all,8,noise_max_to_min_ratio,136,-0.056990918,-0.005435622059,0.0094684573,-0.0009266284821,-0.0087462099,0,0.0087462099,0.01173088141
jpeg_q50,3,all,9,noise_std_of_variances,136,1.334978076,-0.00863173118,0.008890333212,-0.007399864377,-0.01295907059,-0.002180443288,0.0107786273,0.01862856058
jpeg_q50,3,all,10,noise_coef_variation,136,-0.04239134037,-0.0007104602011,0.002155478346,-0.0006184869235,-0.001691611771,0.00063594688,0.002327558651,0.001533278855
jpeg_q50,3,all,11,noise_inconsistency_score,136,-0.005155488839,-0.0001092835682,0.0003320982145,-9.234027839e-05,-0.0002743040171,7.191972016e-05,0.0003462237373,0.0002358502053
jpeg_q50,3,all,12,jpeg_boundary_difference_ratio,136,0.4911208472,0.1689527745,0.05052405125,0.1602698109,0.1352493965,0.195644137,0.06039474055,-0.3646252333
jpeg_q50,3,all,13,jpeg_periodic_grid_strength,136,-1.7588845,-0.6020878956,0.1825010881,-0.5739852472,-0.7006736343,-0.4777452672,0.2229283671,1.29939529
jpeg_q50,3,all,14,jpeg_artifact_score,136,0.3704818672,0.2305996355,0.05857312487,0.2294756526,0.1962610263,0.2735747751,0.0773137488,-0.4976683346
jpeg_q50,3,all,15,laplacian_variance,136,-1.342759962,0.008881973534,0.01050928816,0.005782911019,0.001434144369,0.01244374988,0.01100960551,-0.01916862083
jpeg_q50,3,authentic,0,fft_high_freq_energy_ratio,68,-0.09029054149,-4.56189154e-06,4.166569359e-05,-4.028229136e-06,-1.945531074e-05,2.087844346e-05,4.03337542e-05,1.000842364e-05
jpeg_q50,3,authentic,1,fft_spectral_peak_count,68,0.9607197413,0,0,0,0,0,0,-0
jpeg_q50,3,authentic,2,fft_radial_anomaly_score,68,-0.0266916005,0,0,0,0,0,0,-0
jpeg_q50,3,authentic,3,fft_spectral_decay_slope,68,0.4199470982,5.376983427e-05,0.0004507159806,2.535619798e-05,-0.000239131725,0.0002255274865,0.0004646592115,-0.0001179666978
jpeg_q50,3,authentic,4,dct_mean_high_freq_energy,68,1.172361889,-0.4300208291,0.3162993382,-0.4082735799,-0.5980330932,-0.1538904027,0.4441426905,0.9434311611
jpeg_q50,3,authentic,5,dct_ac_energy_variance,68,-0.08288788456,0.02927499591,0.02615819841,0.02116928134,0.006718362864,0.04890979314,0.04219143028,-0.06422698976
jpeg_q50,3,authentic,6,dct_anomaly_score,68,-0.01313536351,-0.001358971213,0.001798574456,-4.603659761e-05,-0.002958051337,0,0.002958051337,0.002981473692
jpeg_q50,3,authentic,7,noise_global_level,68,-11.12595487,0.1578032975,0.1363880547,0.1363824597,0.05154150922,0.2428699374,0.1913284282,-0.3462077604
jpeg_q50,3,authentic,8,noise_max_to_min_ratio,68,-0.056990918,-0.00543291807,0.009498449987,-0.001162223805,-0.0087462099,1.219474278e-05,0.008758404643,0.01191938589
jpeg_q50,3,authentic,9,noise_std_of_variances,68,1.334978076,-0.008774075639,0.008968344657,-0.007740917661,-0.01264937134,-0.002249000762,0.01040037058,0.01924961725
jpeg_q50,3,authentic,10,noise_coef_variation,68,-0.04239134037,-0.0006998720798,0.002188573322,-0.0005532741551,-0.001730851429,0.0006554209488,0.002386272378,0.001535463132
jpeg_q50,3,authentic,11,noise_inconsistency_score,68,-0.005155488839,-0.0001087027314,0.0003372448044,-8.971631986e-05,-0.0002806668631,8.195452166e-05,0.0003626213847,0.0002384850621
jpeg_q50,3,authentic,12,jpeg_boundary_difference_ratio,68,0.4911208472,0.1696536823,0.05207739766,0.1608670696,0.1352493965,0.1962163233,0.06096692688,-0.372206553
jpeg_q50,3,authentic,13,jpeg_periodic_grid_strength,68,-1.7588845,-0.6046055379,0.187965054,-0.5761241423,-0.7027228474,-0.4813384855,0.2213843619,1.32645599
jpeg_q50,3,authentic,14,jpeg_artifact_score,68,0.3704818672,0.2292567601,0.05960635138,0.2289062824,0.1948398404,0.2655920944,0.07075225398,-0.5029709185
jpeg_q50,3,authentic,15,laplacian_variance,68,-1.342759962,0.009157733769,0.01084214688,0.005944588678,0.001611748236,0.01265121616,0.01103946793,-0.02009133237
jpeg_q50,3,ai_edited,0,fft_high_freq_energy_ratio,68,-0.09029054149,2.097491899e-07,4.152970351e-05,2.405635837e-06,-1.433290748e-05,2.809400554e-05,4.242691301e-05,-4.454078008e-07
jpeg_q50,3,ai_edited,1,fft_spectral_peak_count,68,0.9607197413,0,0,0,0,0,0,-0
jpeg_q50,3,ai_edited,2,fft_radial_anomaly_score,68,-0.0266916005,0,0,0,0,0,0,-0
jpeg_q50,3,ai_edited,3,fft_spectral_decay_slope,68,0.4199470982,-1.613087666e-05,0.0004516326189,-1.274067599e-05,-0.0001887071832,0.0002067043267,0.0003954115099,3.425433158e-05
jpeg_q50,3,ai_edited,4,dct_mean_high_freq_energy,68,1.172361889,-0.4436064651,0.3107936394,-0.4182050909,-0.6134929668,-0.1972689953,0.4162239715,0.9420097409
jpeg_q50,3,ai_edited,5,dct_ac_energy_variance,68,-0.08288788456,0.02935603241,0.02465700424,0.02134164314,0.008600562297,0.04842895499,0.03982839269,-0.06233829004
jpeg_q50,3,ai_edited,6,dct_anomaly_score,68,-0.01313536351,-0.001395792907,0.001888143243,-2.472410466e-05,-0.003031503748,0,0.003031503748,0.002964002146
jpeg_q50,3,ai_edited,7,noise_global_level,68,-11.12595487,0.1502754726,0.1314718726,0.1255666332,0.05016696799,0.2304910669,0.1803240989,-0.319113832
jpeg_q50,3,ai_edited,8,noise_max_to_min_ratio,68,-0.056990918,-0.005438326047,0.0095089897,-0.0008548888563,-0.0087462099,0,0.0087462099,0.01154842527
jpeg_q50,3,ai_edited,9,noise_std_of_variances,68,1.334978076,-0.008489386722,0.008876000599,-0.006541355352,-0.01295907059,-0.002146387567,0.01081268302,0.0180274311
jpeg_q50,3,ai_edited,10,noise_coef_variation,68,-0.04239134037,-0.0007210483223,0.002138092054,-0.0007195424896,-0.001691611771,0.00040335781,0.002094969581,0.001531164662
jpeg_q50,3,ai_edited,11,noise_inconsistency_score,68,-0.005155488839,-0.000109864405,0.0003293779184,-0.0001019023318,-0.0002743040171,4.561573807e-05,0.0003199197552,0.0002332998903
jpeg_q50,3,ai_edited,12,jpeg_boundary_difference_ratio,68,0.4911208472,0.1682518666,0.04929915468,0.1600941431,0.1385513637,0.1948722643,0.05632090064,-0.3572871673
jpeg_q50,3,ai_edited,13,jpeg_periodic_grid_strength,68,-1.7588845,-0.5995702533,0.1782320976,-0.573356167,-0.6979094282,-0.4758633848,0.2220460433,1.273202858
jpeg_q50,3,ai_edited,14,jpeg_artifact_score,68,0.3704818672,0.2319425109,0.05793315515,0.2297426227,0.1969947464,0.2735747751,0.07658002867,-0.492535889
jpeg_q50,3,ai_edited,15,laplacian_variance,68,-1.342759962,0.008606213299,0.01023875988,0.005668675197,0.001355298123,0.01207257069,0.01071727256,-0.01827551535
jpeg_q50,4,all,0,fft_high_freq_energy_ratio,136,-0.645202225,5.014247839e-05,0.0003939432175,1.972846636e-05,-0.0001367148107,0.0001893504936,0.0003260653043,-4.417448587e-05
jpeg_q50,4,all,1,fft_spectral_peak_count,136,-2.662997359,0,0,0,0,0,0,-0
jpeg_q50,4,all,2,fft_radial_anomaly_score,136,0.329309408,0,0,0,0,0,0,-0
jpeg_q50,4,all,3,fft_spectral_decay_slope,136,1.313219375,-0.0002730299824,0.002343337326,-7.936981002e-05,-0.0009617131862,0.0009615175013,0.001923230688,0.0002405337647
jpeg_q50,4,all,4,dct_mean_high_freq_energy,136,3.358989033,-1.199104491,0.9582021323,-0.9274217846,-1.563359559,-0.5304665488,1.03289301,1.056386244
jpeg_q50,4,all,5,dct_ac_energy_variance,136,-0.2199846787,0.08367244888,0.08346704519,0.05657442092,0.02420627429,0.1216942808,0.09748800655,-0.07371369603
jpeg_q50,4,all,6,dct_anomaly_score,136,-0.002600367258,-0.0001836642538,0.0003106794999,0,-0.0003590443763,0,0.0003590443763,0.000161804407
jpeg_q50,4,all,7,noise_global_level,136,-29.38843802,0.3523625479,0.3241288336,0.3295927951,0.1216221748,0.4478376072,0.3262154323,-0.3104241133
jpeg_q50,4,all,8,noise_max_to_min_ratio,136,-0.1329643043,-0.01259299958,0.02311529012,-0.002098278514,-0.02051681572,0,0.02051681572,0.01109417204
jpeg_q50,4,all,9,noise_std_of_variances,136,2.640073482,-0.01354796185,0.01565894714,-0.01119188718,-0.01929945661,-0.003950644646,0.01534881196,0.01193547404
jpeg_q50,4,all,10,noise_coef_variation,136,0.4284669265,0.009837040855,0.02511102513,0.01115202535,-0.00398701896,0.02109390006,0.02508091902,-0.008666229436
jpeg_q50,4,all,11,noise_inconsistency_score,136,-0.3675898719,-0.008599646678,0.0242951857,-0.008887466794,-0.01847033368,0,0.01847033368,0.007576110771
jpeg_q50,4,all,12,jpeg_boundary_difference_ratio,136,-1.050440011,-0.3443777527,0.117603105,-0.3359066932,-0.4054692887,-0.254895094,0.1505741947,0.303389674
jpeg_q50,4,all,13,jpeg_periodic_grid_strength,136,-3.154601932,-1.023445487,0.3633267078,-1.008769438,-1.2176747,-0.7577445326,0.4599301679,0.9016342957
jpeg_q50,4,all,14,jpeg_artifact_score,136,1.701807815,0.9830366894,0.2657948666,1.030129315,0.8023257445,1.186868291,0.3845425462,-0.8660349814
jpeg_q50,4,all,15,laplacian_variance,136,-6.035677974,0.03806579873,0.04788775015,0.02203682156,0.006049969365,0.04949504418,0.04344507482,-0.03353518099
jpeg_q50,4,authentic,0,fft_high_freq_energy_ratio,68,-0.645202225,3.101207571e-05,0.0003857293094,-3.461134449e-06,-0.0001519918736,0.0001985393248,0.0003505311984,-2.764268894e-05
jpeg_q50,4,authentic,1,fft_spectral_peak_count,68,-2.662997359,0,0,0,0,0,0,-0
jpeg_q50,4,authentic,2,fft_radial_anomaly_score,68,0.329309408,0,0,0,0,0,0,-0
jpeg_q50,4,authentic,3,fft_spectral_decay_slope,68,1.313219375,-0.0001917390068,0.002376604071,-7.936981002e-05,-0.0009738065153,0.001123192395,0.002096998911,0.000170907029
jpeg_q50,4,authentic,4,dct_mean_high_freq_energy,68,3.358989033,-1.17721942,0.979398022,-0.864167174,-1.546152995,-0.5125247058,1.03362829,1.049317387
jpeg_q50,4,authentic,5,dct_ac_energy_variance,68,-0.2199846787,0.08334455971,0.08555743827,0.05345109533,0.021566684,0.1241726284,0.1026059444,-0.07428937554
jpeg_q50,4,authentic,6,dct_anomaly_score,68,-0.002600367258,-0.0001744751732,0.0003088239357,0,-0.0002815001586,0,0.0002815001586,0.000155518869
jpeg_q50,4,authentic,7,noise_global_level,68,-29.38843802,0.3574020032,0.3343449153,0.3616242606,0.1175590196,0.4544321081,0.3368730885,-0.3185711428
jpeg_q50,4,authentic,8,noise_max_to_min_ratio,68,-0.1329643043,-0.01258954694,0.02311690888,-0.002098278514,-0.02012874597,0,0.02012874597,0.01122172321
jpeg_q50,4,authentic,9,noise_std_of_variances,68,2.640073482,-0.0136595986,0.01661359315,-0.01119188718,-0.01997018176,-0.003496515356,0.0164736664,0.01217551635
jpeg_q50,4,authentic,10,noise_coef_variation,68,0.4284669265,0.009943456548,0.0247286956,0.01034766101,-0.003993920772,0.0204130724,0.02440699317,-0.008863124122
jpeg_q50,4,authentic,11,noise_inconsistency_score,68,-0.3675898719,-0.009031011432,0.02359762084,-0.009081589959,-0.01853787932,0,0.01853787932,0.008049813955
jpeg_q50,4,authentic,12,jpeg_boundary_difference_ratio,68,-1.050440011,-0.3451421616,0.121564314,-0.3377199108,-0.4054692887,-0.2568245177,0.1486447709,0.3076433032
jpeg_q50,4,authentic,13,jpeg_periodic_grid_strength,68,-3.154601932,-1.025677313,0.3751999308,-1.014214909,-1.2176747,-0.7538220802,0.4638526203,0.9142399614
jpeg_q50,4,authentic,14,jpeg_artifact_score,68,1.701807815,0.9720981268,0.2711019524,1.014373138,0.7961047254,1.174606648,0.3785019225,-0.8664820241
jpeg_q50,4,authentic,15,laplacian_variance,68,-6.035677974,0.03897547824,0.04926439239,0.02368307756,0.005990166162,0.0544310297,0.04844086354,-0.0347408871
jpeg_q50,4,ai_edited,0,fft_high_freq_energy_ratio,68,-0.645202225,6.927288108e-05,0.0004039416237,4.180761986e-05,-0.0001016227531,0.0001823008357,0.0002839235888,-6.032593136e-05
jpeg_q50,4,ai_edited,1,fft_spectral_peak_count,68,-2.662997359,0,0,0,0,0,0,-0
jpeg_q50,4,ai_edited,2,fft_radial_anomaly_score,68,0.329309408,0,0,0,0,0,0,-0
jpeg_q50,4,ai_edited,3,fft_spectral_decay_slope,68,1.313219375,-0.0003543209581,0.002324383292,-9.338085144e-05,-0.0008716589787,0.0008085310184,0.001680189997,0.0003085585797
jpeg_q50,4,ai_edited,4,dct_mean_high_freq_energy,68,3.358989033,-1.220989562,0.9432993737,-1.005743663,-1.602076242,-0.5338041533,1.068272088,1.063292466
jpeg_q50,4,ai_edited,5,dct_ac_energy_variance,68,-0.2199846787,0.08400033805,0.08195842298,0.05724945522,0.02546116455,0.1185165671,0.0930554025,-0.07315126134
jpeg_q50,4,ai_edited,6,dct_anomaly_score,68,-0.002600367258,-0.0001928533343,0.0003145480954,0,-0.0003875132031,0,0.0003875132031,0.000167945332
jpeg_q50,4,ai_edited,7,noise_global_level,68,-29.38843802,0.3473230925,0.3159888939,0.320548833,0.123112286,0.4245023939,0.3013901078,-0.3024645245
jpeg_q50,4,ai_edited,8,noise_max_to_min_ratio,68,-0.1329643043,-0.01259645221,0.02328554593,-0.002059911194,-0.02128731936,0,0.02128731936,0.01096955547
jpeg_q50,4,ai_edited,9,noise_std_of_variances,68,2.640073482,-0.01343632511,0.01476577856,-0.01103988172,-0.01880793818,-0.004921842565,0.01388609562,0.01170095445
jpeg_q50,4,ai_edited,10,noise_coef_variation,68,0.4284669265,0.009730625162,0.02567113535,0.01174468731,-0.002956013739,0.02114482406,0.0241008378,-0.008473864757
jpeg_q50,4,ai_edited,11,noise_inconsistency_score,68,-0.3675898719,-0.008168281923,0.02514152886,-0.00854804978,-0.01839298567,0.0001945997086,0.01858758538,0.007113306202
jpeg_q50,4,ai_edited,12,jpeg_boundary_difference_ratio,68,-1.050440011,-0.3436133439,0.1144042714,-0.3359066932,-0.4029773667,-0.254895094,0.1480822728,0.2992339091
jpeg_q50,4,ai_edited,13,jpeg_periodic_grid_strength,68,-3.154601932,-1.021213661,0.3538329233,-1.008769438,-1.210190961,-0.7649939174,0.4451970438,0.889318652
jpeg_q50,4,ai_edited,14,jpeg_artifact_score,68,1.701807815,0.9939752521,0.261933406,1.037599455,0.8186782189,1.191173283,0.3724950642,-0.865598224
jpeg_q50,4,ai_edited,15,laplacian_variance,68,-6.035677974,0.03715611923,0.04681923267,0.02067739665,0.006199925837,0.04631391272,0.04011398688,-0.03235721488
jpeg_q50,all,all,0,fft_high_freq_energy_ratio,682,,5.46263986e-05,0.0007636077518,4.053856154e-06,-7.751501873e-05,0.0001441528417,0.0002216678605,-4.65173405e-05
jpeg_q50,all,all,1,fft_spectral_peak_count,682,,0,0,0,0,0,0,-0
jpeg_q50,all,all,2,fft_radial_anomaly_score,682,,0,0,0,0,0,0,-0
jpeg_q50,all,all,3,fft_spectral_decay_slope,682,,-0.0002928071977,0.002363186503,-0.0001548897662,-0.001101909772,0.0005509904325,0.001652900205,0.0002493412061
jpeg_q50,all,all,4,dct_mean_high_freq_energy,682,,-1.13104585,0.9864555445,-0.7978178191,-1.630986533,-0.4315244061,1.199462127,0.963146872
jpeg_q50,all,all,5,dct_ac_energy_variance,682,,0.05892230573,0.07799463644,0.02786873248,0.009646486428,0.08139055681,0.07174407038,-0.05017553836
jpeg_q50,all,all,6,dct_anomaly_score,682,,0.003300704716,0.008293136361,0,0,0.002859550178,0.002859550178,-0.002810729044
jpeg_q50,all,all,7,noise_global_level,682,,0.3645196519,0.3600325369,0.2775088276,0.1154396037,0.507767704,0.3923281004,-0.3104082495
jpeg_q50,all,all,8,noise_max_to_min_ratio,682,,-0.0107410652,0.02332728262,-0.00145043196,-0.01206041206,0,0.01206041206,0.00914659945
jpeg_q50,all,all,9,noise_std_of_variances,682,,-0.006410453701,0.01500714181,-0.001627912155,-0.01249829546,0.001000504963,0.01349880042,0.00545884893
jpeg_q50,all,all,10,noise_coef_variation,682,,-0.0008276939105,0.02589701935,6.316808686e-05,-0.003249391929,0.006236950931,0.00948634286,0.000704826246
jpeg_q50,all,all,11,noise_inconsistency_score,682,,0.0004726985006,0.02207638479,0,-0.005559876491,0.004794087999,0.01035396449,-0.0004025284051
jpeg_q50,all,all,12,jpeg_boundary_difference_ratio,682,,0.2671566169,0.5416084686,0.1585963565,-0.06116341733,0.5294995276,0.590662945,-0.2274983457
jpeg_q50,all,all,13,jpeg_periodic_grid_strength,682,,-0.8542205388,1.215067711,-0.9268098785,-1.424197338,-0.4505924294,0.9736049086,0.7274151084
jpeg_q50,all,all,14,jpeg_artifact_score,682,,0.100157108,1.436034666,0.7391758561,0.1850184427,1.021963164,0.8369447211,-0.08528920845
jpeg_q50,all,all,15,laplacian_variance,682,,0.03463136052,0.0464093191,0.01712229434,0.005519755259,0.04849017348,0.04297041822,-0.02949048135
jpeg_q50,all,authentic,0,fft_high_freq_energy_ratio,341,,3.657516185e-05,0.0007585766012,2.388791603e-06,-0.0001018891715,0.0001337197255,0.000235608897,-3.181375068e-05
jpeg_q50,all,authentic,1,fft_spectral_peak_count,341,,0,0,0,0,0,0,-0
jpeg_q50,all,authentic,2,fft_radial_anomaly_score,341,,0,0,0,0,0,0,-0
jpeg_q50,all,authentic,3,fft_spectral_decay_slope,341,,-0.0002161237852,0.002380120908,-0.000120097767,-0.00105601308,0.0006003613835,0.001656374463,0.0001879884564
jpeg_q50,all,authentic,4,dct_mean_high_freq_energy,341,,-1.114221364,0.9958949771,-0.7821640528,-1.609845083,-0.4018007085,1.208044374,0.9691703023
jpeg_q50,all,authentic,5,dct_ac_energy_variance,341,,0.05921540904,0.07975694185,0.02673930731,0.00904572511,0.08351634151,0.0744706164,-0.05150665546
jpeg_q50,all,authentic,6,dct_anomaly_score,341,,0.003123862933,0.008144844228,0,0,0.002248753344,0.002248753344,-0.002717193623
jpeg_q50,all,authentic,7,noise_global_level,341,,0.3715241163,0.3681824224,0.2806531024,0.1145882253,0.5077742542,0.3931860289,-0.3231585319
jpeg_q50,all,authentic,8,noise_max_to_min_ratio,341,,-0.01049756312,0.02313698739,-0.001387757051,-0.01141985358,0,0.01141985358,0.009130974111
jpeg_q50,all,authentic,9,noise_std_of_variances,341,,-0.006502628603,0.01538635342,-0.001813711606,-0.01307188602,0.001036801208,0.01410868722,0.005656106349
jpeg_q50,all,authentic,10,noise_coef_variation,341,,-0.0005122864407,0.02567769668,9.763501412e-05,-0.003776712659,0.006088504095,0.009865216754,0.0004455961991
jpeg_q50,all,authentic,11,noise_inconsistency_score,341,,0.0003132458535,0.02206052136,0,-0.005536796226,0.004828167375,0.0103649636,-0.0002724670236
jpeg_q50,all,authentic,12,jpeg_boundary_difference_ratio,341,,0.2700416724,0.5631159248,0.1590216652,-0.06308799105,0.5333499184,0.5964379094,-0.2348872296
jpeg_q50,all,authentic,13,jpeg_periodic_grid_strength,341,,-0.8578414721,1.23412427,-0.9169180944,-1.468034803,-0.4505052012,1.017529602,0.7461663418
jpeg_q50,all,authentic,14,jpeg_artifact_score,341,,0.1002269498,1.424294264,0.7348502714,0.1845115092,1.010229425,0.825717916,-0.08717925041
jpeg_q50,all,authentic,15,laplacian_variance,341,,0.03564440342,0.04767812797,0.0178069892,0.005541803595,0.05163511639,0.04609331279,-0.03100415983
jpeg_q50,all,ai_edited,0,fft_high_freq_energy_ratio,341,,7.267763536e-05,0.0007692961178,6.192543442e-06,-6.910731783e-05,0.0001624797519,0.0002315870697,-6.061614491e-05
jpeg_q50,all,ai_edited,1,fft_spectral_peak_count,341,,0,0,0,0,0,0,-0
jpeg_q50,all,ai_edited,2,fft_radial_anomaly_score,341,,0,0,0,0,0,0,-0
jpeg_q50,all,ai_edited,3,fft_spectral_decay_slope,341,,-0.0003694906102,0.002347116427,-0.0001830251922,-0.001163303635,0.0004839885273,0.001647292163,0.0003081704057
jpeg_q50,all,ai_edited,4,dct_mean_high_freq_energy,341,,-1.147870337,0.9780984245,-0.8040690704,-1.640351882,-0.450713841,1.189638041,0.9573711964
jpeg_q50,all,ai_edited,5,dct_ac_energy_variance,341,,0.05862920242,0.07630777278,0.02885494846,0.01047685518,0.08029636869,0.0698195135,-0.04889917253
jpeg_q50,all,ai_edited,6,dct_anomaly_score,341,,0.003477546498,0.008447087461,0,0,0.003258780582,0.003258780582,-0.002900417184
jpeg_q50,all,ai_edited,7,noise_global_level,341,,0.3575151875,0.3520957125,0.2695753375,0.1154654007,0.5077480535,0.3922826528,-0.2981824093
jpeg_q50,all,ai_edited,8,noise_max_to_min_ratio,341,,-0.01098456729,0.0235475176,-0.001454177754,-0.01309392654,0,0.01309392654,0.009161582092
jpeg_q50,all,ai_edited,9,noise_std_of_variances,341,,-0.006318278799,0.0146401534,-0.001465116137,-0.01220528972,0.0008712830492,0.01307657277,0.005269705067
jpeg_q50,all,ai_edited,10,noise_coef_variation,341,,-0.00114310138,0.02614842411,4.436669025e-05,-0.003039448183,0.006310743272,0.009350191455,0.0009533936895
jpeg_q50,all,ai_edited,11,noise_inconsistency_score,341,,0.0006321511477,0.02212350242,0,-0.005630359696,0.004701472862,0.01033183256,-0.0005272401254
jpeg_q50,all,ai_edited,12,jpeg_boundary_difference_ratio,341,,0.2642715615,0.5200249894,0.1582580768,-0.05915442845,0.5270747067,0.5862291352,-0.2204133801
jpeg_q50,all,ai_edited,13,jpeg_periodic_grid_strength,341,,-0.8505996054,1.197510917,-0.9282362126,-1.423080849,-0.4521649324,0.9709159164,0.7094351473
jpeg_q50,all,ai_edited,14,jpeg_artifact_score,341,,0.1000872662,1.44977317,0.7471588588,0.1896752421,1.026844449,0.8371692064,-0.08347690736
jpeg_q50,all,ai_edited,15,laplacian_variance,341,,0.03361831762,0.04515221083,0.01659732597,0.005436253477,0.0456904667,0.04025421323,-0.02803906323
resize_0.5,0,all,0,fft_high_freq_energy_ratio,138,-2.633923943,0.002544864138,0.007518863417,0.005856115457,0.003901234724,0.007170322888,0.003269088164,0.00428119135
resize_0.5,0,all,1,fft_spectral_peak_count,138,-1.798233879,0,0,0,0,0,0,0
resize_0.5,0,all,2,fft_radial_anomaly_score,138,0.6410692307,0,0,0,0,0,0,0
resize_0.5,0,all,3,fft_spectral_decay_slope,138,1.758332626,-0.003514824624,0.0109457692,-0.008576385701,-0.01036749959,-0.004711289794,0.005656209795,-0.005912943073
resize_0.5,0,all,4,dct_mean_high_freq_energy,138,2.907659274,0.4440959513,0.7448901952,0.4896640896,0.2746802509,0.7876161687,0.5129359178,0.7470967573
resize_0.5,0,all,5,dct_ac_energy_variance,138,-0.02645425675,0.005093821776,0.01641670967,-0.0003418094865,-0.002367156326,0.006394741877,0.008761898203,0.00856926914
resize_0.5,0,all,6,dct_anomaly_score,138,0.09851340229,-0.01626583806,0.01385076427,-0.0160583087,-0.02701823134,-0.005102897125,0.02191533421,-0.02736380468
resize_0.5,0,all,7,noise_global_level,138,-23.34093973,0.00534048548,0.5284737129,-0.1178870446,-0.2572429174,0.1707542897,0.4279972072,0.008984228234
resize_0.5,0,all,8,noise_max_to_min_ratio,138,-0.1479342536,0.007134987068,0.01440189432,0.003098478189,0,0.01234756431,0.01234756431,0.01200309457
resize_0.5,0,all,9,noise_std_of_variances,138,-1.107003458,0.004375631165,0.01569105218,0.002447479308,-0.006127868298,0.009949032085,0.01607690038,0.007361066556
resize_0.5,0,all,10,noise_coef_variation,138,0.3527154169,-0.02096810773,0.03373548532,-0.01554462234,-0.03657355244,-0.006937496486,0.02963605595,-0.03527437088
resize_0.5,0,all,11,noise_inconsistency_score,138,-0.2405656659,0.01589814281,0.02724920338,0.01359286413,0.002846855268,0.0261107909,0.02326393564,0.0267452358
resize_0.5,0,all,12,jpeg_boundary_difference_ratio,138,-0.1587673346,0.01353220153,0.0125410198,0.01020899523,0.004715815067,0.02143233004,0.01671651497,0.02276504403
resize_0.5,0,all,13,jpeg_periodic_grid_strength,138,-3.782502478,0.3040751378,0.2831882928,0.2337261499,0.09715944677,0.507772403,0.4106129563,0.5115415909
resize_0.5,0,all,14,jpeg_artifact_score,138,1.422526592,-0.2287136477,0.2130033645,-0.1757998391,-0.3819269123,-0.07307960669,0.3088473056,-0.3847619507
resize_0.5,0,all,15,laplacian_variance,138,-9.608249511,0.06180011557,0.2487587049,-0.003113603772,-0.0308674793,0.08510999875,0.1159774781,0.1039655187
resize_0.5,0,authentic,0,fft_high_freq_energy_ratio,69,-2.633923943,0.00249568346,0.007464583967,0.005554529789,0.003844353799,0.007072819739,0.003228465941,0.003972276139
resize_0.5,0,authentic,1,fft_spectral_peak_count,69,-1.798233879,0,0,0,0,0,0,0
resize_0.5,0,authentic,2,fft_radial_anomaly_score,69,0.6410692307,0,0,0,0,0,0,0
resize_0.5,0,authentic,3,fft_spectral_decay_slope,69,1.758332626,-0.00347053017,0.01093763007,-0.008569887804,-0.01029644194,-0.004740530331,0.005555911609,-0.005523899326
resize_0.5,0,authentic,4,dct_mean_high_freq_energy,69,2.907659274,0.4515501676,0.7594180266,0.5025958967,0.2735957419,0.822173879,0.5485781371,0.7187137251
resize_0.5,0,authentic,5,dct_ac_energy_variance,69,-0.02645425675,0.005321051632,0.01672811179,-0.0004594944874,-0.002262834355,0.006401081388,0.008663915743,0.008469297798
resize_0.5,0,authentic,6,dct_anomaly_score,69,0.09851340229,-0.01671667319,0.01443471651,-0.01606018476,-0.02733423703,-0.005121732572,0.02221250446,-0.0266072373
resize_0.5,0,authentic,7,noise_global_level,69,-23.34093973,0.02080652626,0.5379538112,-0.1133212937,-0.2494646898,0.1722330351,0.4216977249,0.03311688727
resize_0.5,0,authentic,8,noise_max_to_min_ratio,69,-0.1479342536,0.007469943762,0.01401812366,0.003701139717,0,0.0121155377,0.0121155377,0.01188960052
resize_0.5,0,authentic,9,noise_std_of_variances,69,-1.107003458,0.004967303161,0.01561341228,0.003338015859,-0.005279944102,0.01027335074,0.01555329484,0.007906250987
resize_0.5,0,authentic,10,noise_coef_variation,69,0.3527154169,-0.02239056057,0.03359281761,-0.01595757599,-0.03728784872,-0.00733919075,0.02994865797,-0.03563812916
resize_0.5,0,authentic,11,noise_inconsistency_score,69,-0.2405656659,0.01691034778,0.02685603487,0.01358774875,0.003931270143,0.02911023598,0.02517896584,0.02691550112
resize_0.5,0,authentic,12,jpeg_boundary_difference_ratio,69,-0.1587673346,0.01431064222,0.01310940891,0.01047055056,0.005356097588,0.02298210147,0.01762600388,0.02277765731
resize_0.5,0,authentic,13,jpeg_periodic_grid_strength,69,-3.782502478,0.3230678438,0.295906628,0.2440229979,0.09737065469,0.5290195724,0.4316489177,0.5142137245
resize_0.5,0,authentic,14,jpeg_artifact_score,69,1.422526592,-0.2429992321,0.2225696081,-0.1835447329,-0.3979082175,-0.07323846918,0.3246697483,-0.386771827
resize_0.5,0,authentic,15,laplacian_variance,69,-9.608249511,0.06695285117,0.2573694597,-0.001229829509,-0.02437019617,0.08418005629,0.1085502525,0.106566084
resize_0.5,0,ai_edited,0,fft_high_freq_energy_ratio,69,-2.633923943,0.002594044815,0.007627126845,0.005869538453,0.0040718775,0.007431629757,0.003359752258,0.004627409491
resize_0.5,0,ai_edited,1,fft_spectral_peak_count,69,-1.798233879,0,0,0,0,0,0,0
resize_0.5,0,ai_edited,2,fft_radial_anomaly_score,69,0.6410692307,0,0,0,0,0,0,0
resize_0.5,0,ai_edited,3,fft_spectral_decay_slope,69,1.758332626,-0.003559119078,0.0110338526,-0.00859210642,-0.01039118547,-0.004701542949,0.005689642523,-0.006348965639
resize_0.5,0,ai_edited,4,dct_mean_high_freq_energy,69,2.907659274,0.436641735,0.7355637486,0.4777145385,0.2779337778,0.772856526,0.4949227482,0.778907171
resize_0.5,0,ai_edited,5,dct_ac_energy_variance,69,-0.02645425675,0.004866591919,0.01621867941,-0.0003260519671,-0.002513259217,0.006375723345,0.008888982562,0.008681312482
resize_0.5,0,ai_edited,6,dct_anomaly_score,69,0.09851340229,-0.01581500293,0.0133317309,-0.01583020764,-0.02626913514,-0.005096618643,0.02117251649,-0.02821173105
resize_0.5,0,ai_edited,7,noise_global_level,69,-23.34093973,-0.0101255553,0.5222990713,-0.1200574478,-0.2927721089,0.170632079,0.4634041879,-0.01806256023
resize_0.5,0,ai_edited,8,noise_max_to_min_ratio,69,-0.1479342536,0.006800030375,0.0148709062,0.002967764347,0,0.01242490651,0.01242490651,0.01213029355
resize_0.5,0,ai_edited,9,noise_std_of_variances,69,-1.107003458,0.00378395917,0.01586032372,0.001645464531,-0.006417568798,0.009348712554,0.01576628135,0.006750048601
resize_0.5,0,ai_edited,10,noise_coef_variation,69,0.3527154169,-0.01954565489,0.0340634526,-0.01495719485,-0.03317235591,-0.00522664665,0.02794570926,-0.03486668711
resize_0.5,0,ai_edited,11,noise_inconsistency_score,69,-0.2405656659,0.01488593783,0.02779625349,0.01359797951,0.002461934277,0.02486327496,0.02240134068,0.02655441016
resize_0.5,0,ai_edited,12,jpeg_boundary_difference_ratio,69,-0.1587673346,0.01275376085,0.01199086696,0.009475563367,0.004714241798,0.02018710558,0.01547286378,0.02275090764
resize_0.5,0,ai_edited,13,jpeg_periodic_grid_strength,69,-3.782502478,0.2850824319,0.2706986846,0.2153344101,0.08914814151,0.4809415901,0.3917934486,0.5085467849
resize_0.5,0,ai_edited,14,jpeg_artifact_score,69,1.422526592,-0.2144280632,0.2036091606,-0.1619662783,-0.3617458046,-0.06705381037,0.2946919942,-0.3825093726
resize_0.5,0,ai_edited,15,laplacian_variance,69,-9.608249511,0.05664737997,0.2416172151,-0.006715920014,-0.04005724711,0.08541997957,0.1254772267,0.1010509233
resize_0.5,1,all,0,fft_high_freq_energy_ratio,136,-1.950595988,0.002293528947,0.005186507203,0.004449692575,0.001987266883,0.005551895335,0.003564628452,0.002855244785
resize_0.5,1,all,1,fft_spectral_peak_count,136,-3.101221105,0,0,0,0,0,0,0
resize_0.5,1,all,2,fft_radial_anomaly_score,136,0.03782896903,0,0.00184175822,0,0,0,0,0
resize_0.5,1,all,3,fft_spectral_decay_slope,136,1.820091914,-0.003979023084,0.01088753283,-0.008714349461,-0.01095062422,-0.003002293926,0.007948330295,-0.004953538922
resize_0.5,1,all,4,dct_mean_high_freq_energy,136,3.74959782,0.5559949343,0.9841233012,0.7025497481,0.332904509,1.029112714,0.6962082054,0.6921655113
resize_0.5,1,all,5,dct_ac_energy_variance,136,-0.199590562,0.03828775246,0.1033624376,-0.001061492125,-0.01632005472,0.05666151511,0.07298156983,0.04766493384
resize_0.5,1,all,6,dct_anomaly_score,136,0.0549254393,-0.009595551424,0.006174472595,-0.009588515318,-0.0136673695,-0.005576139147,0.008091230354,-0.01194562998
resize_0.5,1,all,7,noise_global_level,136,-35.02480908,0.05296428759,0.9407763742,-0.153821032,-0.4308671796,0.2369660767,0.6678332563,0.06593594822
resize_0.5,1,all,8,noise_max_to_min_ratio,136,-0.151214298,0.008237566228,0.01486730947,0.001106479953,-1.318612802e-05,0.01283725444,0.01285044056,0.0102550561
resize_0.5,1,all,9,noise_std_of_variances,136,2.828929669,-0.01437555297,0.04534588862,-0.00249085235,-0.02886616235,0.01532084097,0.04418700332,-0.01789631769
resize_0.5,1,all,10,noise_coef_variation,136,-0.6987877476,0.03535642619,0.05742145705,0.03329483739,0.006079551109,0.06420236468,0.05812281357,0.04401568666
resize_0.5,1,all,11,noise_inconsistency_score,136,0.4360108967,-0.02482559401,0.04395514396,-0.02300078033,-0.04306496521,0,0.04306496521,-0.03090571319
resize_0.5,1,all,12,jpeg_boundary_difference_ratio,136,1.400380167,-0.1216298033,0.1325391216,-0.08255267099,-0.1863940892,-0.03799372288,0.1484003664,-0.1514185649
resize_0.5,1,all,13,jpeg_periodic_grid_strength,136,-6.655722917,0.5378281506,0.6243464355,0.3252182867,0.09812604999,0.8258795422,0.7277534922,0.6695494399
resize_0.5,1,all,14,jpeg_artifact_score,136,1.796066194,-0.2886612048,0.3303280325,-0.1755222018,-0.4457319948,-0.05295920019,0.3927727946,-0.3593581849
resize_0.5,1,all,15,laplacian_variance,136,-5.488169012,0.03537281009,0.1201565687,0.001427065784,-0.01750959621,0.03893742065,0.05644701685,0.04403608319
resize_0.5,1,authentic,0,fft_high_freq_energy_ratio,68,-1.950595988,0.002364006869,0.005125710172,0.004450869754,0.001987266883,0.005477602268,0.003490335385,0.002785370174
resize_0.5,1,authentic,1,fft_spectral_peak_count,68,-3.101221105,0,0,0,0,0,0,0
resize_0.5,1,authentic,2,fft_radial_anomaly_score,68,0.03782896903,0,0,0,0,0,0,0
resize_0.5,1,authentic,3,fft_spectral_decay_slope,68,1.820091914,-0.004019349538,0.01081082568,-0.008886082692,-0.01050968315,-0.003397725148,0.007111958003,-0.004735763024
resize_0.5,1,authentic,4,dct_mean_high_freq_energy,68,3.74959782,0.5737378751,0.9989689201,0.7300342458,0.3405893591,1.05338976,0.7128004007,0.676001574
resize_0.5,1,authentic,5,dct_ac_energy_variance,68,-0.199590562,0.03946893271,0.1058133164,-0.001061492125,-0.01494360926,0.05792482936,0.07286843863,0.04650392069
resize_0.5,1,authentic,6,dct_anomaly_score,68,0.0549254393,-0.009944018487,0.006200916412,-0.009819851009,-0.01379032199,-0.007171271373,0.006619050613,-0.01171645178
resize_0.5,1,authentic,7,noise_global_level,68,-35.02480908,0.06951322191,0.9529064093,-0.153821032,-0.4202740064,0.2551726575,0.6754466639,0.08190333856
resize_0.5,1,authentic,8,noise_max_to_min_ratio,68,-0.151214298,0.008234743607,0.01473219447,0.001107816142,-3.08682311e-05,0.01269824522,0.01272911345,0.009702513782
resize_0.5,1,authentic,9,noise_std_of_variances,68,2.828929669,-0.01512228144,0.04522070573,-0.0022194074,-0.02871728113,0.01470996469,0.04342724582,-0.01781769429
resize_0.5,1,authentic,10,noise_coef_variation,68,-0.6987877476,0.03406425799,0.05597508665,0.03356285114,0.005172022775,0.06420236468,0.0590303419,0.04013591053
resize_0.5,1,authentic,11,noise_inconsistency_score,68,0.4360108967,-0.02540960141,0.04439912724,-0.02300078033,-0.04693302427,-0.002399338217,0.04453368605,-0.029938638
resize_0.5,1,authentic,12,jpeg_boundary_difference_ratio,68,1.400380167,-0.1309690212,0.1394529912,-0.0848373889,-0.2080386656,-0.04206570336,0.1659729622,-0.1543130903
resize_0.5,1,authentic,13,jpeg_periodic_grid_strength,68,-6.655722917,0.5822798797,0.6568231025,0.3389528312,0.1125227691,0.9137717343,0.8012489652,0.6860661154
resize_0.5,1,authentic,14,jpeg_artifact_score,68,1.796066194,-0.3128142782,0.3488826472,-0.1829348154,-0.4931679223,-0.06072919325,0.4324387291,-0.368570655
resize_0.5,1,authentic,15,laplacian_variance,68,-5.488169012,0.03733829572,0.1222217429,0.0001117192713,-0.0162311619,0.04190228885,0.05813345075,0.04399351651
resize_0.5,1,ai_edited,0,fft_high_freq_energy_ratio,68,-1.950595988,0.002223051026,0.005283769205,0.004449692575,0.001983946076,0.005563231132,0.003579285056,0.002933501591
resize_0.5,1,ai_edited,1,fft_spectral_peak_count,68,-3.101221105,0,0,0,0,0,0,0
resize_0.5,1,ai_edited,2,fft_radial_anomaly_score,68,0.03782896903,0,0.002614340192,0,0,0,0,0
resize_0.5,1,ai_edited,3,fft_spectral_decay_slope,68,1.820091914,-0.003938696629,0.01104394489,-0.008632117125,-0.010988974,-0.002798720074,0.008190253924,-0.005197439328
resize_0.5,1,ai_edited,4,dct_mean_high_freq_energy,68,3.74959782,0.5382519935,0.9761529713,0.6931195539,0.3271310866,1.019617009,0.692485922,0.7102684827
resize_0.5,1,ai_edited,5,dct_ac_energy_variance,68,-0.199590562,0.0371065722,0.1016255709,0.0003084832016,-0.01790485256,0.0519341991,0.06983905166,0.04896522272
resize_0.5,1,ai_edited,6,dct_anomaly_score,68,0.0549254393,-0.009247084362,0.006174090423,-0.009588515318,-0.01354029815,-0.005066274547,0.008474023605,-0.01220230052
resize_0.5,1,ai_edited,7,noise_global_level,68,-35.02480908,0.03641535326,0.935277334,-0.1535398202,-0.4395085141,0.2254540397,0.6649625538,0.04805310156
resize_0.5,1,ai_edited,8,noise_max_to_min_ratio,68,-0.151214298,0.008240388849,0.01511076668,0.001048594045,-1.318612802e-05,0.01337625882,0.01338944495,0.01087388167
resize_0.5,1,ai_edited,9,noise_std_of_variances,68,2.828929669,-0.01362882451,0.0457946006,-0.00249085235,-0.02918922265,0.01636155976,0.04555078241,-0.01798437279
resize_0.5,1,ai_edited,10,noise_coef_variation,68,-0.6987877476,0.03664859438,0.05922043727,0.03329129706,0.009555477666,0.06211132852,0.05255585085,0.04836088272
resize_0.5,1,ai_edited,11,noise_inconsistency_score,68,0.4360108967,-0.02424158662,0.04382888531,-0.02311113872,-0.04243011552,0,0.04243011552,-0.03198879921
resize_0.5,1,ai_edited,12,jpeg_boundary_difference_ratio,68,1.400380167,-0.1122905854,0.1255836116,-0.08027145878,-0.1494630331,-0.03118670835,0.1182763248,-0.1481768107
resize_0.5,1,ai_edited,13,jpeg_periodic_grid_strength,68,-6.655722917,0.4933764214,0.5916143133,0.3191375968,0.08907134033,0.675470483,0.5863991426,0.6510514156
resize_0.5,1,ai_edited,14,jpeg_artifact_score,68,1.796066194,-0.2645081313,0.3113817058,-0.1722404181,-0.3645553503,-0.0480723207,0.3164830296,-0.3490405821
resize_0.5,1,ai_edited,15,laplacian_variance,68,-5.488169012,0.03340732445,0.1189314617,0.001705116816,-0.01955577258,0.03674891896,0.05630469154,0.0440837562
resize_0.5,2,all,0,fft_high_freq_energy_ratio,136,-0.06607959225,3.208675307e-05,0.0002139476853,0.0001501423464,-0.0002031600301,0.0001803788749,0.000383538905,3.631243896e-05
resize_0.5,2,all,1,fft_spectral_peak_count,136,0.7615752244,0,0,0,0,0,0,0
resize_0.5,2,all,2,fft_radial_anomaly_score,136,0.2364869999,0.00069555001,0.008111437298,0,0,0,0,0.0007871509226
resize_0.5,2,all,3,fft_spectral_decay_slope,136,1.878078942,-0.001363000339,0.01336608056,-0.008919556742,-0.01055145054,0.01358206249,0.02413351303,-0.001542501559
resize_0.5,2,all,4,dct_mean_high_freq_energy,136,4.015957365,0.660541065,0.9607191652,0.7717299269,0.3364297021,1.211540161,0.8751104591,0.7475314516
resize_0.5,2,all,5,dct_ac_energy_variance,136,-0.2192864543,0.03988485698,0.1303237844,0.0005778455996,-0.02402499917,0.0327691821,0.05679418127,0.04513751925
resize_0.5,2,all,6,dct_anomaly_score,136,0.03006009225,-0.005475405606,0.003620273446,-0.005393482814,-0.008337681513,-0.003185646333,0.005152035179,-0.006196492721
resize_0.5,2,all,7,noise_global_level,136,-38.31814062,-0.02676796362,0.9234040683,-0.1961997951,-0.6391195842,0.125208471,0.7643280552,-0.03029318806
resize_0.5,2,all,8,noise_max_to_min_ratio,136,-0.1945833443,0.01094194743,0.02092158653,0.003702228979,-0.0002265355184,0.01816869155,0.01839522707,0.01238295434
resize_0.5,2,all,9,noise_std_of_variances,136,-0.1116603057,0.0004862601384,0.0019897395,0.0001282335953,-0.0005930872286,0.00106632434,0.001659411569,0.0005502984848
resize_0.5,2,all,10,noise_coef_variation,136,0.0253889414,-0.001488401682,0.002289464631,-0.001169053236,-0.002687883177,-0.0001464001232,0.002541483054,-0.001684417713
resize_0.5,2,all,11,noise_inconsistency_score,136,0.1155871938,-0.008076803368,0.01361907915,-0.005972720134,-0.01384216268,0,0.01384216268,-0.009140483259
resize_0.5,2,all,12,jpeg_boundary_difference_ratio,136,3.092203059,-0.3009278609,0.3724997845,-0.2302317081,-0.3615518836,-0.07513102418,0.2864208594,-0.340558752
resize_0.5,2,all,13,jpeg_periodic_grid_strength,136,2.879661508,-0.2535025653,0.3027797063,-0.1905541842,-0.3283206549,-0.05855834188,0.2697623131,-0.2868877511
resize_0.5,2,all,14,jpeg_artifact_score,136,-4.384619048,0.7483662459,0.799859337,0.5802817471,0.1783237512,0.999812647,0.8214888957,0.8469228272
resize_0.5,2,all,15,laplacian_variance,136,-3.885936169,0.02028374175,0.0825700557,-0.002280606012,-0.0206210587,0.02022282186,0.04084388056,0.02295502235
resize_0.5,2,authentic,0,fft_high_freq_energy_ratio,68,-0.06607959225,3.151317259e-05,0.000213948763,0.0001498380856,-0.00018989047,0.0001807510774,0.0003706415474,3.418527765e-05
resize_0.5,2,authentic,1,fft_spectral_peak_count,68,0.7615752244,0,0,0,0,0,0,0
resize_0.5,2,authentic,2,fft_radial_anomaly_score,68,0.2364869999,0.00139110002,0.01147130464,0,0,0,0,0.001509055944
resize_0.5,2,authentic,3,fft_spectral_decay_slope,68,1.878078942,-0.001308660619,0.01333909229,-0.008882951633,-0.01036691378,0.01309780041,0.02346471419,-0.001419626236
resize_0.5,2,authentic,4,dct_mean_high_freq_energy,68,4.015957365,0.6723796974,0.9715201069,0.7766325178,0.3642299509,1.226316379,0.8620864279,0.7293929728
resize_0.5,2,authentic,5,dct_ac_energy_variance,68,-0.2192864543,0.041784979,0.1323611885,0.002061522804,-0.02375321199,0.0327691821,0.05652239409,0.04532806414
resize_0.5,2,authentic,6,dct_anomaly_score,68,0.03006009225,-0.00565751429,0.003761434078,-0.005460710878,-0.008416554644,-0.003396274573,0.005020280071,-0.006137233444
resize_0.5,2,authentic,7,noise_global_level,68,-38.31814062,-0.0008816296422,0.9362164,-0.1792874397,-0.6394356242,0.148265729,0.7877013533,-0.0009563859053
resize_0.5,2,authentic,8,noise_max_to_min_ratio,68,-0.1945833443,0.01099140977,0.02102206334,0.003521591196,-0.0003181671666,0.0182160385,0.01853420567,0.01192340739
resize_0.5,2,authentic,9,noise_std_of_variances,68,-0.1116603057,0.0005178684871,0.001960159266,9.820763748e-05,-0.0005656258117,0.001064898808,0.00163052462,0.0005617802512
resize_0.5,2,authentic,10,noise_coef_variation,68,0.0253889414,-0.001515481906,0.00227628823,-0.001116278074,-0.002607980998,-0.000115454297,0.002492526701,-0.001643984577
resize_0.5,2,authentic,11,noise_inconsistency_score,68,0.1155871938,-0.008304242447,0.01350540792,-0.005656380308,-0.01372998298,0,0.01372998298,-0.009008386345
resize_0.5,2,authentic,12,jpeg_boundary_difference_ratio,68,3.092203059,-0.3244049889,0.4198620809,-0.2473819067,-0.3855666035,-0.09132396448,0.294242639,-0.3519123497
resize_0.5,2,authentic,13,jpeg_periodic_grid_strength,68,2.879661508,-0.2745781853,0.3525849443,-0.1914398422,-0.3467125708,-0.06668095733,0.2800316135,-0.2978605684
resize_0.5,2,authentic,14,jpeg_artifact_score,68,-4.384619048,0.788963136,0.8568055929,0.5829787815,0.2030590018,1.055820302,0.8527613006,0.8558619027
resize_0.5,2,authentic,15,laplacian_variance,68,-3.885936169,0.02242557741,0.08428806261,-0.001687626524,-0.02011386915,0.02202660935,0.0421404785,0.02432711552
resize_0.5,2,ai_edited,0,fft_high_freq_energy_ratio,68,-0.06607959225,3.266033355e-05,0.0002155357773,0.0001502043802,-0.0002086514937,0.0001797629684,0.0003884144622,3.863185349e-05
resize_0.5,2,ai_edited,1,fft_spectral_peak_count,68,0.7615752244,0,0,0,0,0,0,0
resize_0.5,2,ai_edited,2,fft_radial_anomaly_score,68,0.2364869999,0,0,0,0,0,0,0
resize_0.5,2,ai_edited,3,fft_spectral_decay_slope,68,1.878078942,-0.00141734006,0.01349197138,-0.008945527339,-0.01072759164,0.01395180767,0.02467939931,-0.001676482375
resize_0.5,2,ai_edited,4,dct_mean_high_freq_energy,68,4.015957365,0.6487024325,0.9568712875,0.7613777852,0.323922874,1.200746577,0.8768237029,0.7673092894
resize_0.5,2,ai_edited,5,dct_ac_energy_variance,68,-0.2192864543,0.03798473496,0.1292101446,-0.001074430322,-0.02449202008,0.03317719872,0.0576692188,0.04492975289
resize_0.5,2,ai_edited,6,dct_anomaly_score,68,0.03006009225,-0.005293296923,0.003491800943,-0.005367566912,-0.00780366396,-0.003145748959,0.004657915,-0.006261107862
resize_0.5,2,ai_edited,7,noise_global_level,68,-38.31814062,-0.0526542976,0.9166325792,-0.210718154,-0.6391195842,0.1205901319,0.7597097161,-0.06228145549
resize_0.5,2,ai_edited,8,noise_max_to_min_ratio,68,-0.1945833443,0.01089248509,0.02097680813,0.004185830126,0,0.01766272497,0.01766272497,0.01288403523
resize_0.5,2,ai_edited,9,noise_std_of_variances,68,-0.1116603057,0.0004546517898,0.002032969432,0.0001425895022,-0.0006781113623,0.001079177657,0.001757289019,0.0005377789943
resize_0.5,2,ai_edited,10,noise_coef_variation,68,0.0253889414,-0.001461321458,0.002319170861,-0.001218713272,-0.00269096501,-0.0002291473034,0.002461817706,-0.001728505203
resize_0.5,2,ai_edited,11,noise_inconsistency_score,68,0.1155871938,-0.007849364288,0.01382844667,-0.006222556583,-0.01411925068,0,0.01411925068,-0.009284519115
resize_0.5,2,ai_edited,12,jpeg_boundary_difference_ratio,68,3.092203059,-0.277450733,0.3196563691,-0.2242628396,-0.3429002062,-0.0675859855,0.2753142207,-0.3281790141
resize_0.5,2,ai_edited,13,jpeg_periodic_grid_strength,68,2.879661508,-0.2324269453,0.243929554,-0.1754660645,-0.3188969469,-0.05000615006,0.2688907968,-0.2749232087
resize_0.5,2,ai_edited,14,jpeg_artifact_score,68,-4.384619048,0.7077693558,0.742723072,0.5343349186,0.1522803409,0.9711152673,0.8188349264,0.8371758364
resize_0.5,2,ai_edited,15,laplacian_variance,68,-3.885936169,0.01814190608,0.08138548554,-0.002280606012,-0.02211220646,0.01751542835,0.0396276348,0.02145891917
resize_0.5,3,all,0,fft_high_freq_energy_ratio,136,-0.09029054149,0.0001169104213,0.0002538605273,0.0002225630233,0.0001559751445,0.0002557387328,9.976358829e-05,0.000482933118
resize_0.5,3,all,1,fft_spectral_peak_count,136,0.9607197413,0,0,0,0,0,0,0
resize_0.5,3,all,2,fft_radial_anomaly_score,136,-0.0266916005,0,0,0,0,0,0,0
resize_0.5,3,all,3,fft_spectral_decay_slope,136,0.4199470982,-0.001060514036,0.002567040769,-0.002133224696,-0.002413206683,-0.001696762678,0.0007164440047,-0.004380767293
resize_0.5,3,all,4,dct_mean_high_freq_energy,136,1.172361889,0.2253452676,0.2720692948,0.2415476291,0.1258450731,0.3449032463,0.2190581732,0.9308553631
resize_0.5,3,all,5,dct_ac_energy_variance,136,-0.08288788456,0.007976359585,0.03142061076,-0.001189849725,-0.00663217195,0.01680226259,0.02343443454,0.03294871544
resize_0.5,3,all,6,dct_anomaly_score,136,-0.01313536351,0.002583826536,0.001485366633,0.002410372372,0.001790531458,0.003618268078,0.00182773662,0.0106732607
resize_0.5,3,all,7,noise_global_level,136,-11.12595487,-0.03550724451,0.2639174168,-0.07234419832,-0.1608640573,0.09047669491,0.2513407522,-0.1466731888
resize_0.5,3,all,8,noise_max_to_min_ratio,136,-0.056990918,0.003975568698,0.00529062779,0.002447751471,0.0007217359335,0.006434817942,0.005713082008,0.01642226386
resize_0.5,3,all,9,noise_std_of_variances,136,1.334978076,-0.004190923549,0.0186955645,-0.0006661090898,-0.01250588078,0.007516302082,0.02002218286,-0.01731185085
resize_0.5,3,all,10,noise_coef_variation,136,-0.04239134037,0.002693398234,0.003484589743,0.002036593172,0.0004437730248,0.004251288575,0.00380751555,0.01112587905
resize_0.5,3,all,11,noise_inconsistency_score,136,-0.005155488839,0.0004303187067,0.0005575789343,0.0003302445771,7.195985045e-05,0.0006526765665,0.000580716716,0.001777558856
resize_0.5,3,all,12,jpeg_boundary_difference_ratio,136,0.4911208472,-0.0424489722,0.03631676315,-0.03576837107,-0.05866171546,-0.01669097074,0.04197074472,-0.1753480508
resize_0.5,3,all,13,jpeg_periodic_grid_strength,136,-1.7588845,0.1354997777,0.1311593345,0.09497323032,0.04192227881,0.1929856011,0.1510633223,0.5597219597
resize_0.5,3,all,14,jpeg_artifact_score,136,0.3704818672,-0.05708187279,0.05525337807,-0.04000928964,-0.08129887533,-0.01766056171,0.06363831361,-0.2357935802
resize_0.5,3,all,15,laplacian_variance,136,-1.342759962,0.003752176509,0.02461370094,-0.001263248491,-0.004733299296,0.005879480112,0.01061277941,0.01549947627
resize_0.5,3,authentic,0,fft_high_freq_energy_ratio,68,-0.09029054149,0.0001140147013,0.0002551451433,0.0002214691856,0.0001628143214,0.0002520387895,8.92244681e-05,0.0004455470271
resize_0.5,3,authentic,1,fft_spectral_peak_count,68,0.9607197413,0,0,0,0,0,0,0
resize_0.5,3,authentic,2,fft_radial_anomaly_score,68,-0.0266916005,0,0,0,0,0,0,0
resize_0.5,3,authentic,3,fft_spectral_decay_slope,68,0.4199470982,-0.001022405751,0.002581427123,-0.002113775766,-0.002364321535,-0.001595813471,0.0007685080637,-0.003995360577
resize_0.5,3,authentic,4,dct_mean_high_freq_energy,68,1.172361889,0.2307943884,0.2754158157,0.2463764582,0.1458144891,0.3533388438,0.2075243547,0.9018990749
resize_0.5,3,authentic,5,dct_ac_energy_variance,68,-0.08288788456,0.008369649508,0.03166913447,-0.002044356639,-0.006339282958,0.01777718747,0.02411647042,0.03270694405
resize_0.5,3,authentic,6,dct_anomaly_score,68,-0.01313536351,0.002660173762,0.001516599832,0.002572280065,0.001812996814,0.003629010447,0.001816013633,0.01039543583
resize_0.5,3,authentic,7,noise_global_level,68,-11.12595487,-0.03011327446,0.266942239,-0.07080683093,-0.1560629238,0.09203520049,0.2480981243,-0.1176767536
resize_0.5,3,authentic,8,noise_max_to_min_ratio,68,-0.056990918,0.004040652735,0.005133233426,0.003084728114,0.0007283424188,0.006434817942,0.005706475523,0.01579007613
resize_0.5,3,authentic,9,noise_std_of_variances,68,1.334978076,-0.004292413226,0.01843305746,-5.403671845e-05,-0.01251076755,0.006902778785,0.01941354634,-0.01677390661
resize_0.5,3,authentic,10,noise_coef_variation,68,-0.04239134037,0.002638730001,0.003405631923,0.002105956711,0.0005578873156,0.004115816703,0.003557929387,0.01031163783
resize_0.5,3,authentic,11,noise_inconsistency_score,68,-0.005155488839,0.0004226520986,0.0005449183168,0.0003414921965,9.04647849e-05,0.0006526765665,0.0005622117816,0.00165164127
resize_0.5,3,authentic,12,jpeg_boundary_difference_ratio,68,0.4911208472,-0.04417963952,0.03829370088,-0.03750520167,-0.06396865474,-0.01684658645,0.04712206829,-0.1726453415
resize_0.5,3,authentic,13,jpeg_periodic_grid_strength,68,-1.7588845,0.1421240526,0.1381347064,0.1033842162,0.05117624831,0.2147931321,0.1636168838,0.5553928433
resize_0.5,3,authentic,14,jpeg_artifact_score,68,0.3704818672,-0.05987247529,0.05819188689,-0.04355257828,-0.09048571481,-0.02155897335,0.06892674146,-0.2339698571
resize_0.5,3,authentic,15,laplacian_variance,68,-1.342759962,0.004214132356,0.02508495819,-0.001016757192,-0.004489754159,0.006360087418,0.01084984158,0.01646800037
resize_0.5,3,ai_edited,0,fft_high_freq_energy_ratio,68,-0.09029054149,0.0001198061414,0.0002544329734,0.0002245367749,0.0001559751445,0.0002595564015,0.000103581257,0.0005248441801
resize_0.5,3,ai_edited,1,fft_spectral_peak_count,68,0.9607197413,0,0,0,0,0,0,0
resize_0.5,3,ai_edited,2,fft_radial_anomaly_score,68,-0.0266916005,0,0,0,0,0,0,0
resize_0.5,3,ai_edited,3,fft_spectral_decay_slope,68,0.4199470982,-0.001098622321,0.002571193594,-0.002178154978,-0.002430590572,-0.001725485518,0.0007051050534,-0.004812821151
resize_0.5,3,ai_edited,4,dct_mean_high_freq_energy,68,1.172361889,0.2198961467,0.2706179228,0.2363991333,0.1258450731,0.3402242709,0.2143791979,0.9633163334
resize_0.5,3,ai_edited,5,dct_ac_energy_variance,68,-0.08288788456,0.007583069662,0.03140058371,-0.0006809075226,-0.007463065344,0.01633285799,0.02379592334,0.03321974929
resize_0.5,3,ai_edited,6,dct_anomaly_score,68,-0.01313536351,0.002507479309,0.001460702325,0.002346732993,0.001761099212,0.003446584542,0.00168548533,0.01098471169
resize_0.5,3,ai_edited,7,noise_global_level,68,-11.12595487,-0.04090121456,0.2627302355,-0.07397301943,-0.1659104351,0.09047669491,0.25638713,-0.1791791654
resize_0.5,3,ai_edited,8,noise_max_to_min_ratio,68,-0.056990918,0.003910484662,0.00548092815,0.002067951017,0.0007217359335,0.006368245355,0.005646509421,0.01713096752
resize_0.5,3,ai_edited,9,noise_std_of_variances,68,1.334978076,-0.004089433872,0.01909100645,-0.0008681339949,-0.01250588078,0.008297387073,0.02080326785,-0.01791490439
resize_0.5,3,ai_edited,10,noise_coef_variation,68,-0.04239134037,0.002748066467,0.003586302478,0.002036593172,0.0002042578973,0.004409967272,0.004205709374,0.01203867077
resize_0.5,3,ai_edited,11,noise_inconsistency_score,68,-0.005155488839,0.0004379853148,0.0005739106799,0.0003302445771,3.312144597e-05,0.0006503763487,0.0006172549027,0.001918716694
resize_0.5,3,ai_edited,12,jpeg_boundary_difference_ratio,68,0.4911208472,-0.04071830487,0.03442400905,-0.03428544057,-0.05712882311,-0.0159982964,0.04113052672,-0.1783778786
resize_0.5,3,ai_edited,13,jpeg_periodic_grid_strength,68,-1.7588845,0.1288755028,0.1244669867,0.09325312155,0.03679498692,0.1920249181,0.1552299312,0.5645750444
resize_0.5,3,ai_edited,14,jpeg_artifact_score,68,0.3704818672,-0.05429127029,0.05243409859,-0.03928466092,-0.08089416924,-0.01550059195,0.06539357729,-0.237838035
resize_0.5,3,ai_edited,15,laplacian_variance,68,-1.342759962,0.003290220661,0.02431095527,-0.001378366258,-0.004869285729,0.005330680557,0.01019996629,0.01441372826
resize_0.5,4,all,0,fft_high_freq_energy_ratio,136,-0.645202225,0.0002052926372,0.002177570106,0.001454969587,-0.002224663395,0.0017845465,0.004009209896,0.0003174410532
resize_0.5,4,all,1,fft_spectral_peak_count,136,-2.662997359,0,0,0,0,0,0,0
resize_0.5,4,all,2,fft_radial_anomaly_score,136,0.329309408,0.0009685570969,0.01129521968,0,0,0,0,0.001497665913
resize_0.5,4,all,3,fft_spectral_decay_slope,136,1.313219375,-0.0004920474693,0.00989434425,-0.006313657048,-0.007409570963,0.01040507683,0.01781464779,-0.0007608459272
resize_0.5,4,all,4,dct_mean_high_freq_energy,136,3.358989033,0.5858247694,0.6030314061,0.6403828542,0.3706707143,0.8712708103,0.500600096,0.9058524181
resize_0.5,4,all,5,dct_ac_energy_variance,136,-0.2199846787,0.0325862873,0.0974246725,-7.015633722e-05,-0.02196767922,0.0607968518,0.08276453102,0.05038770753
resize_0.5,4,all,6,dct_anomaly_score,136,-0.002600367258,0.0004188108112,0.0003117690469,0.0004149591473,0.0001541529307,0.0006117651001,0.0004576121695,0.0006476011357
resize_0.5,4,all,7,noise_global_level,136,-29.38843802,-0.06480624887,0.5443296306,-0.1575869996,-0.3981322042,0.1672819873,0.5654141915,-0.1002089709
resize_0.5,4,all,8,noise_max_to_min_ratio,136,-0.1329643043,0.007081886492,0.01573788132,0.001615126328,0,0.01135070503,0.01135070503,0.01095061926
resize_0.5,4,all,9,noise_std_of_variances,136,2.640073482,-0.007344346491,0.03384453273,-0.00119290677,-0.02598291714,0.01596261067,0.04194552781,-0.01135645738
resize_0.5,4,all,10,noise_coef_variation,136,0.4284669265,-0.02225771272,0.03985261206,-0.01684685646,-0.03589831504,-0.002468668255,0.03342964678,-0.03441678116
resize_0.5,4,all,11,noise_inconsistency_score,136,-0.3675898719,0.02144028,0.04042123603,0.01570101459,0,0.03533789895,0.03533789895,0.0331527967
resize_0.5,4,all,12,jpeg_boundary_difference_ratio,136,-1.050440011,0.08473875218,0.0721712178,0.07277463899,0.02792815241,0.1357587953,0.1078306429,0.1310303141
resize_0.5,4,all,13,jpeg_periodic_grid_strength,136,-3.154601932,0.2308720895,0.2048104035,0.1973276771,0.05772913272,0.3616773558,0.3039482231,0.3569941926
resize_0.5,4,all,14,jpeg_artifact_score,136,1.701807815,-0.249096358,0.2209774499,-0.2129040622,-0.3902269533,-0.06228607686,0.3279408765,-0.385174117
resize_0.5,4,all,15,laplacian_variance,136,-6.035677974,0.026570995,0.09049016299,-0.001299841983,-0.02427111727,0.04405325797,0.06832437524,0.04108634753
resize_0.5,4,authentic,0,fft_high_freq_energy_ratio,68,-0.645202225,0.0002023397862,0.00218559217,0.001426121993,-0.002185148777,0.001776739719,0.003961888496,0.0002968384015
resize_0.5,4,authentic,1,fft_spectral_peak_count,68,-2.662997359,0,0,0,0,0,0,0
resize_0.5,4,authentic,2,fft_radial_anomaly_score,68,0.329309408,0.001937114194,0.01597385286,0,0,0,0,0.002841803343
resize_0.5,4,authentic,3,fft_spectral_decay_slope,68,1.313219375,-0.0005182381713,0.009975354934,-0.006350915459,-0.007437632183,0.01056722136,0.01800485355,-0.0007602705987
resize_0.5,4,authentic,4,dct_mean_high_freq_energy,68,3.358989033,0.5958577593,0.6213737105,0.648583486,0.4030409726,0.8819757482,0.4789347755,0.8741408112
resize_0.5,4,authentic,5,dct_ac_energy_variance,68,-0.2199846787,0.03332278399,0.09782692707,-0.001291206702,-0.02059261372,0.06210526814,0.08269788186,0.04888550157
resize_0.5,4,authentic,6,dct_anomaly_score,68,-0.002600367258,0.0004290465785,0.0003172806557,0.0004069549488,0.0001609125276,0.000625611428,0.0004646989005,0.0006294239159
resize_0.5,4,authentic,7,noise_global_level,68,-29.38843802,-0.04739922998,0.5460046609,-0.1431340457,-0.3608980903,0.1672819873,0.5281800776,-0.06953606073
resize_0.5,4,authentic,8,noise_max_to_min_ratio,68,-0.1329643043,0.007449270436,0.01564086676,0.001728647688,0,0.01020979166,0.01020979166,0.01092829824
resize_0.5,4,authentic,9,noise_std_of_variances,68,2.640073482,-0.008005342788,0.03347989028,-0.001727455954,-0.02329199853,0.01138307791,0.03467507643,-0.01174407269
resize_0.5,4,authentic,10,noise_coef_variation,68,0.4284669265,-0.0228907871,0.04040336969,-0.01739492799,-0.03531749023,-0.001985764894,0.03333172533,-0.03358145613
resize_0.5,4,authentic,11,noise_inconsistency_score,68,-0.3675898719,0.02090033482,0.03964413729,0.01471468241,0,0.03502055359,0.03502055359,0.03066140425
resize_0.5,4,authentic,12,jpeg_boundary_difference_ratio,68,-1.050440011,0.09058002886,0.07629777991,0.07829959931,0.02855467042,0.1418785768,0.1133239064,0.1328835593
resize_0.5,4,authentic,13,jpeg_periodic_grid_strength,68,-3.154601932,0.2481302781,0.2172609204,0.2135053049,0.05954997474,0.3881832899,0.3286333151,0.3640143963
resize_0.5,4,authentic,14,jpeg_artifact_score,68,1.701807815,-0.2677168501,0.2344107688,-0.2303586976,-0.4188251769,-0.06425065004,0.3545745269,-0.3927484719
resize_0.5,4,authentic,15,laplacian_variance,68,-6.035677974,0.02937104437,0.09232355113,0.0005537716983,-0.02125039343,0.04405325797,0.0653036514,0.04308818362
resize_0.5,4,ai_edited,0,fft_high_freq_energy_ratio,68,-0.645202225,0.0002082454882,0.002185764307,0.001467131629,-0.002224663395,0.001805789213,0.004030452608,0.0003403969568
resize_0.5,4,ai_edited,1,fft_spectral_peak_count,68,-2.662997359,0,0,0,0,0,0,0
resize_0.5,4,ai_edited,2,fft_radial_anomaly_score,68,0.329309408,0,0,0,0,0,0,0
resize_0.5,4,ai_edited,3,fft_spectral_decay_slope,68,1.313219375,-0.0004658567672,0.009886767051,-0.006313657048,-0.007384210195,0.01021123133,0.01759544152,-0.0007614869702
resize_0.5,4,ai_edited,4,dct_mean_high_freq_energy,68,3.358989033,0.5757917794,0.5885675018,0.6211748777,0.3706707143,0.8550174528,0.4843467385,0.9411861508
resize_0.5,4,ai_edited,5,dct_ac_energy_variance,68,-0.2199846787,0.0318497906,0.09774246822,0.0006291910886,-0.02364742874,0.0568478846,0.08049531334,0.05206149669
resize_0.5,4,ai_edited,6,dct_anomaly_score,68,-0.002600367258,0.0004085750438,0.000308173553,0.0004316719917,0.0001271573603,0.0005903720579,0.0004632146976,0.0006678545727
resize_0.5,4,ai_edited,7,noise_global_level,68,-29.38843802,-0.08221326777,0.5461461891,-0.190977665,-0.4320070743,0.1230759112,0.5550829855,-0.134385366
resize_0.5,4,ai_edited,8,noise_max_to_min_ratio,68,-0.1329643043,0.006714502548,0.01594201565,0.00159826453,-0.0001025512729,0.01135070503,0.0114532563,0.01097548981
resize_0.5,4,ai_edited,9,noise_std_of_variances,68,2.640073482,-0.006683350194,0.03444141647,-0.0003087317447,-0.02598291714,0.01854437386,0.044527291,-0.01092456834
resize_0.5,4,ai_edited,10,noise_coef_variation,68,0.4284669265,-0.02162463833,0.03958434664,-0.01611177839,-0.03635781226,-0.002947024146,0.03341078811,-0.0353475177
resize_0.5,4,ai_edited,11,noise_inconsistency_score,68,-0.3675898719,0.02198022518,0.04147154992,0.01617274374,0,0.03678013916,0.03678013916,0.03592875804
resize_0.5,4,ai_edited,12,jpeg_boundary_difference_ratio,68,-1.050440011,0.0788974755,0.06785646728,0.06987417961,0.0247072807,0.1306719093,0.1059646285,0.1289653898
resize_0.5,4,ai_edited,13,jpeg_periodic_grid_strength,68,-3.154601932,0.213613901,0.1916084375,0.1718253173,0.05772913272,0.3582843062,0.3005551735,0.3491721355
resize_0.5,4,ai_edited,14,jpeg_artifact_score,68,1.701807815,-0.230475866,0.206733365,-0.1853886317,-0.3865660678,-0.06228607686,0.3242799909,-0.3767346129
resize_0.5,4,ai_edited,15,laplacian_variance,68,-6.035677974,0.02377094563,0.08921660427,-0.003381752179,-0.02645108585,0.03672730986,0.06317839571,0.03885586008
resize_0.5,all,all,0,fft_high_freq_energy_ratio,682,,0.001042953962,0.004353435081,0.0002529415757,-0.0001842190593,0.00438228575,0.00456650481,0.001645275463
resize_0.5,all,all,1,fft_spectral_peak_count,682,,0,0,0,0,0,0,0
resize_0.5,all,all,2,fft_radial_anomaly_score,682,,0.0003318454055,0.006259460257,0,0,0,0,0.0005234910868
resize_0.5,all,all,3,fft_spectral_decay_slope,682,,-0.002086084088,0.01028016139,-0.00639661837,-0.00952384265,0.003110427035,0.01263426969,-0.003290828827
resize_0.5,all,all,4,dct_mean_high_freq_energy,682,,0.4942129944,0.7721777964,0.508740177,0.2261051128,0.8674923207,0.6413872078,0.779628385
resize_0.5,all,all,5,dct_ac_energy_variance,682,,0.02470812649,0.08857465793,-0.0006031187775,-0.009610074975,0.02414601404,0.03375608901,0.03897743881
resize_0.5,all,all,6,dct_anomaly_score,682,,-0.00569791368,0.009800555352,-0.0003798104183,-0.009806514386,0.0005714342751,0.01037794866,-0.008988543989
resize_0.5,all,all,7,noise_global_level,682,,-0.01369933731,0.6890763368,-0.1272524963,-0.3461649303,0.1469471148,0.4931120451,-0.02161090935
resize_0.5,all,all,8,noise_max_to_min_ratio,682,,0.007473395864,0.01523091325,0.002535031597,0,0.01160036207,0.01160036207,0.01178939367
resize_0.5,all,all,9,noise_std_of_variances,682,,-0.004184609165,0.02821779774,7.232612857e-05,-0.008845983794,0.00790724847,0.01675323226,-0.006601283499
resize_0.5,all,all,10,noise_coef_variation,682,,-0.001390460855,0.04047857623,-0.000829846532,-0.0144345935,0.00519768132,0.01963227482,-0.002193472781
resize_0.5,all,all,11,noise_inconsistency_score,682,,0.001017036785,0.0342233787,0.0001797009912,-0.00911500714,0.01348451257,0.02259951971,0.001604390728
resize_0.5,all,all,12,jpeg_boundary_difference_ratio,682,,-0.07309235843,0.2232369209,-0.01678907948,-0.095173779,0.01701327976,0.1121870588,-0.1153042878
resize_0.5,all,all,13,jpeg_periodic_grid_strength,682,,0.1912862501,0.436247804,0.1185843397,0,0.3437521865,0.3437521865,0.3017569184
resize_0.5,all,all,14,jpeg_artifact_score,682,,-0.01566398412,0.5654686259,-0.07529067157,-0.2452340057,0,0.2452340057,-0.02471016906
resize_0.5,all,all,15,laplacian_variance,682,,0.0296505254,0.1370226968,-0.001390646587,-0.01810272492,0.02666706926,0.04476979418,0.04677414696
resize_0.5,all,authentic,0,fft_high_freq_energy_ratio,341,,0.001045776032,0.00431048798,0.0002507323732,-0.0001801410789,0.004385906919,0.004566047998,0.001567499983
resize_0.5,all,authentic,1,fft_spectral_peak_count,341,,0,0,0,0,0,0,0
resize_0.5,all,authentic,2,fft_radial_anomaly_score,341,,0.000663690811,0.008769787911,0,0,0,0,0.000994797455
resize_0.5,all,authentic,3,fft_spectral_decay_slope,341,,-0.00207195032,0.01024292118,-0.006464676689,-0.009390299713,0.003110977712,0.01250127742,-0.00310561917
resize_0.5,all,authentic,4,dct_mean_high_freq_energy,341,,0.5047076321,0.7828408577,0.530068586,0.2341680442,0.8782134641,0.6440454199,0.7564996526
resize_0.5,all,authentic,5,dct_ac_energy_variance,341,,0.02559385348,0.08968739578,-0.0007861691906,-0.008700019986,0.02459548352,0.03329550351,0.03836229143
resize_0.5,all,authentic,6,dct_anomaly_score,341,,-0.005877676528,0.01010957474,-0.0005094113986,-0.01029249278,0.0005963957047,0.01088888849,-0.008809972287
resize_0.5,all,authentic,7,noise_global_level,341,,0.00243914453,0.6957048177,-0.1252304533,-0.3196241465,0.152678081,0.4723022275,0.003656001757
resize_0.5,all,authentic,8,noise_max_to_min_ratio,341,,0.007636713564,0.01508237494,0.003018854763,0,0.01159736006,0.01159736006,0.01144656984
resize_0.5,all,authentic,9,noise_std_of_variances,341,,-0.004359541266,0.0280812955,0.0001201460518,-0.008255747745,0.007401229515,0.01565697726,-0.006534459247
resize_0.5,all,authentic,10,noise_coef_variation,341,,-0.002078509643,0.04005305664,-0.0007798846069,-0.01466366507,0.005086167656,0.01974983272,-0.003115450853
resize_0.5,all,authentic,11,noise_inconsistency_score,341,,0.0009508379022,0.03414478964,0.0002057614932,-0.008989803857,0.01333493365,0.02232473751,0.001425198465
resize_0.5,all,authentic,12,jpeg_boundary_difference_ratio,341,,-0.07865915513,0.2457372221,-0.01853881951,-0.09794639505,0.01748651527,0.1154329103,-0.1179011763
resize_0.5,all,authentic,13,jpeg_periodic_grid_strength,341,,0.2045533458,0.4674874619,0.1305739765,0,0.3587513906,0.3587513906,0.3066023282
resize_0.5,all,authentic,14,jpeg_artifact_score,341,,-0.0195451578,0.6006391799,-0.08336907133,-0.2563905501,0,0.2563905501,-0.02929598077
resize_0.5,all,authentic,15,laplacian_variance,341,,0.03216270417,0.1407938026,-0.0008394305935,-0.01619736995,0.02813587938,0.04433324933,0.0482082556
resize_0.5,all,ai_edited,0,fft_high_freq_energy_ratio,341,,0.001040131893,0.004402296419,0.0002563963089,-0.0001891064324,0.004371422244,0.004560528677,0.001731662521
resize_0.5,all,ai_edited,1,fft_spectral_peak_count,341,,0,0,0,0,0,0,0
resize_0.5,all,ai_edited,2,fft_radial_anomaly_score,341,,0,0.00116053981,0,0,0,0,0
resize_0.5,all,ai_edited,3,fft_spectral_decay_slope,341,,-0.002100217857,0.01033230032,-0.006391991115,-0.009624643227,0.003108775002,0.01273341823,-0.003496545558
resize_0.5,all,ai_edited,4,dct_mean_high_freq_energy,341,,0.4837183568,0.7623713458,0.5006121038,0.213247625,0.8548576091,0.6416099841,0.805318013
resize_0.5,all,ai_edited,5,dct_ac_energy_variance,341,,0.02382239949,0.08757061359,-0.000357567006,-0.01029628844,0.02264310158,0.03293939002,0.0396606975
resize_0.5,all,ai_edited,6,dct_anomaly_score,341,,-0.005518150832,0.009492942225,0,-0.009696230257,0.0005531926864,0.01024942294,-0.009186887786
resize_0.5,all,ai_edited,7,noise_global_level,341,,-0.02983781915,0.6830236576,-0.1314936933,-0.3598713004,0.1237258885,0.4835971889,-0.04967546278
resize_0.5,all,ai_edited,8,noise_max_to_min_ratio,341,,0.007310078165,0.01539844787,0.002193696449,0,0.01164319631,0.01164319631,0.01217017618
resize_0.5,all,ai_edited,9,noise_std_of_variances,341,,-0.004009677063,0.02839382985,6.128879363e-05,-0.00934074519,0.008376901708,0.0177176469,-0.006675506769
resize_0.5,all,ai_edited,10,noise_coef_variation,341,,-0.0007024120677,0.04094694708,-0.0009108364081,-0.01431020786,0.005316401191,0.01962660905,-0.001169410015
resize_0.5,all,ai_edited,11,noise_inconsistency_score,341,,0.001083235667,0.03435183651,0.0001725336861,-0.009248403151,0.0135827445,0.02283114765,0.001803423796
resize_0.5,all,ai_edited,12,jpeg_boundary_difference_ratio,341,,-0.06752556173,0.1984113791,-0.01616217987,-0.09258875267,0.01655226878,0.1091410214,-0.1124198626
resize_0.5,all,ai_edited,13,jpeg_periodic_grid_strength,341,,0.1780191543,0.4028479124,0.1038632405,0,0.331947498,0.331947498,0.2963750076
resize_0.5,all,ai_edited,14,jpeg_artifact_score,341,,-0.01178281044,0.5288216607,-0.06987490207,-0.2371068936,0,0.2371068936,-0.01961659995
resize_0.5,all,ai_edited,15,laplacian_variance,341,,0.02713834663,0.1333045612,-0.001695324928,-0.01980562311,0.02318920484,0.04299482795,0.04518124872
resize_0.5_jpeg_q75,0,all,0,fft_high_freq_energy_ratio,138,-2.633923943,0.002748778429,0.007832751789,0.006095884698,0.003284149786,0.007473547182,0.004189397396,-0.004739738534
resize_0.5_jpeg_q75,0,all,1,fft_spectral_peak_count,138,-1.798233879,0,0,0,0,0,0,-0
resize_0.5_jpeg_q75,0,all,2,fft_radial_anomaly_score,138,0.6410692307,0,0,0,0,0,0,-0
resize_0.5_jpeg_q75,0,all,3,fft_spectral_decay_slope,138,1.758332626,-0.004130232284,0.01157792387,-0.008767025617,-0.01158108667,-0.00499861213,0.006582474542,0.007121789412
resize_0.5_jpeg_q75,0,all,4,dct_mean_high_freq_energy,138,2.907659274,-0.5889079547,0.9047624936,-0.3309766567,-0.8320647673,-0.01835306032,0.813711707,1.015458247
resize_0.5_jpeg_q75,0,all,5,dct_ac_energy_variance,138,-0.02645425675,0.00845088424,0.01616618289,0.002775687245,-0.0003014141633,0.01035113499,0.01065254915,-0.01457192084
resize_0.5_jpeg_q75,0,all,6,dct_anomaly_score,138,0.09851340229,0.003831296275,0.009906398753,0,0,0.006049032275,0.006049032275,-0.006606331889
resize_0.5_jpeg_q75,0,all,7,noise_global_level,138,-23.34093973,0.05021765665,0.5311678738,-0.06599748513,-0.2442098896,0.2093766602,0.4535865498,-0.08659066872
resize_0.5_jpeg_q75,0,all,8,noise_max_to_min_ratio,138,-0.1479342536,-0.00880324187,0.02870066109,0,-0.01083295401,0.003574665748,0.01440761976,0.01517949365
resize_0.5_jpeg_q75,0,all,9,noise_std_of_variances,138,-1.107003458,0.001816727438,0.01496495907,0.0003670217368,-0.008292468309,0.00754506105,0.01583752936,-0.003132596267
resize_0.5_jpeg_q75,0,all,10,noise_coef_variation,138,0.3527154169,-0.004233828558,0.04166246632,-0.002224982911,-0.02916638227,0.01140299209,0.04056937436,0.007300421217
resize_0.5_jpeg_q75,0,all,11,noise_inconsistency_score,138,-0.2405656659,0.001161389889,0.03379823109,0.001397211546,-0.0103697064,0.0222086483,0.03257835471,-0.00200259299
resize_0.5_jpeg_q75,0,all,12,jpeg_boundary_difference_ratio,138,-0.1587673346,-0.01485754718,0.009041985501,-0.01604297852,-0.01985812917,-0.008761876622,0.01109625255,0.02561897611
resize_0.5_jpeg_q75,0,all,13,jpeg_periodic_grid_strength,138,-3.782502478,-0.3472155846,0.2127281366,-0.3822109573,-0.4731036956,-0.1983940421,0.2747096535,0.5987063448
resize_0.5_jpeg_q75,0,all,14,jpeg_artifact_score,138,1.422526592,0.2558806458,0.1490699352,0.2874844121,0.1492243837,0.3558504412,0.2066260574,-0.4412168491
resize_0.5_jpeg_q75,0,all,15,laplacian_variance,138,-9.608249511,0.06409794151,0.2370150529,0.005593802152,-0.02757448117,0.08320382834,0.1107783095,-0.1105245443
resize_0.5_jpeg_q75,0,authentic,0,fft_high_freq_energy_ratio,69,-2.633923943,0.002623621139,0.007799823994,0.005880920525,0.003022214941,0.007380135692,0.004357920752,-0.004794348121
resize_0.5_jpeg_q75,0,authentic,1,fft_spectral_peak_count,69,-1.798233879,0,0,0,0,0,0,-0
resize_0.5_jpeg_q75,0,authentic,2,fft_radial_anomaly_score,69,0.6410692307,0,0,0,0,0,0,-0
resize_0.5_jpeg_q75,0,authentic,3,fft_spectral_decay_slope,69,1.758332626,-0.00393185656,0.01162618249,-0.008621661371,-0.01112754394,-0.004983467838,0.006144076099,0.007184989033
resize_0.5_jpeg_q75,0,authentic,4,dct_mean_high_freq_energy,69,2.907659274,-0.5794626028,0.9175596073,-0.3097911018,-0.8189573321,-0.01733572251,0.8016216096,1.058897338
resize_0.5_jpeg_q75,0,authentic,5,dct_ac_energy_variance,69,-0.02645425675,0.008656614702,0.01648155347,0.002654438191,-0.0002644096179,0.01050060742,0.01076501704,-0.01581890915
resize_0.5_jpeg_q75,0,authentic,6,dct_anomaly_score,69,0.09851340229,0.003256537616,0.00997954169,0,0,0.004687708438,0.004687708438,-0.005950925905
resize_0.5_jpeg_q75,0,authentic,7,noise_global_level,69,-23.34093973,0.065787079,0.5381111381,-0.05990812181,-0.2385713278,0.2255713416,0.4641426693,-0.1202178752
resize_0.5_jpeg_q75,0,authentic,8,noise_max_to_min_ratio,69,-0.1479342536,-0.00866451357,0.02881032485,0,-0.01097562447,0.003592364537,0.01456798901,0.01583334337
resize_0.5_jpeg_q75,0,authentic,9,noise_std_of_variances,69,-1.107003458,0.002480960057,0.01486111957,0.002134819974,-0.008314919645,0.00765565811,0.01597057775,-0.004533652368
resize_0.5_jpeg_q75,0,authentic,10,noise_coef_variation,69,0.3527154169,-0.005851385552,0.04168088635,-0.00302340727,-0.03021534078,0.007128682673,0.03734402345,0.0106926945
resize_0.5_jpeg_q75,0,authentic,11,noise_inconsistency_score,69,-0.2405656659,0.002026906747,0.0336533994,0.001681873189,-0.006482728911,0.02474211184,0.03122484075,-0.00370392524
resize_0.5_jpeg_q75,0,authentic,12,jpeg_boundary_difference_ratio,69,-0.1587673346,-0.01444228001,0.009235962708,-0.01604287442,-0.01958915936,-0.007406088041,0.01218307132,0.02639150791
resize_0.5_jpeg_q75,0,authentic,13,jpeg_periodic_grid_strength,69,-3.782502478,-0.3370497254,0.2163578778,-0.38220859,-0.4666956032,-0.1718828432,0.2948127601,0.6159173265
resize_0.5_jpeg_q75,0,authentic,14,jpeg_artifact_score,69,1.422526592,0.2480522749,0.1514877991,0.2874826315,0.1292836774,0.3510305201,0.2217468426,-0.453285324
resize_0.5_jpeg_q75,0,authentic,15,laplacian_variance,69,-9.608249511,0.06928626006,0.2450979656,0.006433634429,-0.02475184903,0.08831361711,0.1130654661,-0.1266122024
resize_0.5_jpeg_q75,0,ai_edited,0,fft_high_freq_energy_ratio,69,-2.633923943,0.002873935719,0.007920681329,0.006192396821,0.003330041124,0.007625595969,0.004295554845,-0.004690960402
resize_0.5_jpeg_q75,0,ai_edited,1,fft_spectral_peak_count,69,-1.798233879,0,0,0,0,0,0,-0
resize_0.5_jpeg_q75,0,ai_edited,2,fft_radial_anomaly_score,69,0.6410692307,0,0,0,0,0,0,-0
resize_0.5_jpeg_q75,0,ai_edited,3,fft_spectral_decay_slope,69,1.758332626,-0.004328608009,0.0116111997,-0.009034382641,-0.01164674687,-0.005044045007,0.006602701867,0.007065338529
resize_0.5_jpeg_q75,0,ai_edited,4,dct_mean_high_freq_energy,69,2.907659274,-0.5983533066,0.8984051523,-0.3518478924,-0.8654197496,-0.02395234079,0.8414674088,0.976657776
resize_0.5_jpeg_q75,0,ai_edited,5,dct_ac_energy_variance,69,-0.02645425675,0.008245153779,0.01596266752,0.002896936299,-0.0003137490118,0.009902717695,0.01021646671,-0.01345809151
resize_0.5_jpeg_q75,0,ai_edited,6,dct_anomaly_score,69,0.09851340229,0.004406054935,0.009871929715,0,0,0.007544619042,0.007544619042,-0.007191750703
resize_0.5_jpeg_q75,0,ai_edited,7,noise_global_level,69,-23.34093973,0.0346482343,0.5276098819,-0.06854130282,-0.2616245914,0.1935776094,0.4552022007,-0.05655432515
resize_0.5_jpeg_q75,0,ai_edited,8,noise_max_to_min_ratio,69,-0.1479342536,-0.008941970171,0.0288009664,0,-0.01082154628,0.00352156938,0.01434311566,0.01459546493
resize_0.5_jpeg_q75,0,ai_edited,9,noise_std_of_variances,69,-1.107003458,0.001152494819,0.01514744601,-0.001263240003,-0.008225114304,0.007159786891,0.01538490119,-0.001881151176
resize_0.5_jpeg_q75,0,ai_edited,10,noise_coef_variation,69,0.3527154169,-0.002616271563,0.04188605823,-0.001474355428,-0.026507325,0.01145117264,0.03795849764,0.004270389982
resize_0.5_jpeg_q75,0,ai_edited,11,noise_inconsistency_score,69,-0.2405656659,0.0002958730315,0.0341667692,0.0007000342789,-0.0104135187,0.02098842812,0.03140194682,-0.0004829365757
resize_0.5_jpeg_q75,0,ai_edited,12,jpeg_boundary_difference_ratio,69,-0.1587673346,-0.01527281435,0.008891813484,-0.01625869377,-0.02004634889,-0.01007516565,0.009971183237,0.0249289387
resize_0.5_jpeg_q75,0,ai_edited,13,jpeg_periodic_grid_strength,69,-3.782502478,-0.3573814438,0.2101227002,-0.3873503103,-0.4775878913,-0.2391705924,0.2384172989,0.5833332285
resize_0.5_jpeg_q75,0,ai_edited,14,jpeg_artifact_score,69,1.422526592,0.2637090168,0.1473009183,0.2913500361,0.1798949398,0.3592232811,0.1793283413,-0.4304370997
resize_0.5_jpeg_q75,0,ai_edited,15,laplacian_variance,69,-9.608249511,0.05890962296,0.230327481,0.00359370507,-0.03592483168,0.07933347069,0.1152583024,-0.09615479803
resize_0.5_jpeg_q75,1,all,0,fft_high_freq_energy_ratio,136,-1.950595988,0.002319202261,0.005217475054,0.004459444267,0.001137045802,0.005493733979,0.004356688177,-0.003155130929
resize_0.5_jpeg_q75,1,all,1,fft_spectral_peak_count,136,-3.101221105,0,0,0,0,0,0,-0
resize_0.5_jpeg_q75,1,all,2,fft_radial_anomaly_score,136,0.03782896903,-0.0001112616753,0.001297522953,0,0,0,0,0.000151364613
resize_0.5_jpeg_q75,1,all,3,fft_spectral_decay_slope,136,1.820091914,-0.004109597071,0.01115328791,-0.008402235435,-0.01087956594,-0.0005317437958,0.01034782214,0.005590852095
resize_0.5_jpeg_q75,1,all,4,dct_mean_high_freq_energy,136,3.74959782,-0.793353292,1.165986219,-0.4496701545,-1.171614971,-0.0810168631,1.090598108,1.07930798
resize_0.5_jpeg_q75,1,all,5,dct_ac_energy_variance,136,-0.199590562,0.06523471199,0.1095939304,0.02646528808,0.0005452570344,0.08657121436,0.08602595732,-0.08874778231
resize_0.5_jpeg_q75,1,all,6,dct_anomaly_score,136,0.0549254393,0.002848432708,0.005550391587,0,0,0.00534036294,0.00534036294,-0.003875116149
resize_0.5_jpeg_q75,1,all,7,noise_global_level,136,-35.02480908,0.1477189689,0.9758869149,0.0007985880374,-0.4202879431,0.4422595686,0.8625475117,-0.2009625014
resize_0.5_jpeg_q75,1,all,8,noise_max_to_min_ratio,136,-0.151214298,-0.004471020675,0.02342596455,0,-0.007631978294,0.006668589066,0.01430056736,0.006082546507
resize_0.5_jpeg_q75,1,all,9,noise_std_of_variances,136,2.828929669,-0.007724921441,0.0440294731,0.0007580429997,-0.02768961899,0.02172865324,0.04941827223,0.01050927682
resize_0.5_jpeg_q75,1,all,10,noise_coef_variation,136,-0.6987877476,-0.005181450026,0.08115664111,-0.001517887228,-0.0375941755,0.02726849543,0.06486267093,0.007049041606
resize_0.5_jpeg_q75,1,all,11,noise_inconsistency_score,136,0.4360108967,0.00570348496,0.06275670718,0,-0.01934227691,0.02936471024,0.04870698714,-0.007759237777
resize_0.5_jpeg_q75,1,all,12,jpeg_boundary_difference_ratio,136,1.400380167,0.1453318982,0.09975980782,0.1407870189,0.07596983376,0.1892637382,0.1132939044,-0.1977150396
resize_0.5_jpeg_q75,1,all,13,jpeg_periodic_grid_strength,136,-6.655722917,-0.6870459133,0.4753449359,-0.6691320232,-0.8995323669,-0.3578244551,0.5417079118,0.9346833809
resize_0.5_jpeg_q75,1,all,14,jpeg_artifact_score,136,1.796066194,0.3609843734,0.2489895174,0.3546676609,0.1833726106,0.4854828529,0.3021102423,-0.4910968656
resize_0.5_jpeg_q75,1,all,15,laplacian_variance,136,-5.488169012,0.03679901295,0.1181518194,0.004888453502,-0.01483229779,0.04430042613,0.05913272392,-0.05006277625
resize_0.5_jpeg_q75,1,authentic,0,fft_high_freq_energy_ratio,68,-1.950595988,0.002352189772,0.005241226019,0.004482784381,0.002058101079,0.005506624814,0.003448523735,-0.003396832619
resize_0.5_jpeg_q75,1,authentic,1,fft_spectral_peak_count,68,-3.101221105,0,0,0,0,0,0,-0
resize_0.5_jpeg_q75,1,authentic,2,fft_radial_anomaly_score,68,0.03782896903,0,0,0,0,0,0,-0
resize_0.5_jpeg_q75,1,authentic,3,fft_spectral_decay_slope,68,1.820091914,-0.004109131219,0.01124674213,-0.008684190372,-0.01085043746,-0.0004592209502,0.01039121651,0.005934058183
resize_0.5_jpeg_q75,1,authentic,4,dct_mean_high_freq_energy,68,3.74959782,-0.7761920604,1.178346432,-0.4379784511,-1.152370705,-0.0676127005,1.084758004,1.120910626
resize_0.5_jpeg_q75,1,authentic,5,dct_ac_energy_variance,68,-0.199590562,0.06609477433,0.1123760038,0.02395036167,0.000463985834,0.08198803887,0.08152405303,-0.09544845749
resize_0.5_jpeg_q75,1,authentic,6,dct_anomaly_score,68,0.0549254393,0.002756546297,0.005803870611,0,0,0.004644913754,0.004644913754,-0.003980769958
resize_0.5_jpeg_q75,1,authentic,7,noise_global_level,68,-35.02480908,0.1669732749,0.9861523273,-0.004412751805,-0.4011543354,0.4492811544,0.8504354898,-0.241128617
resize_0.5_jpeg_q75,1,authentic,8,noise_max_to_min_ratio,68,-0.151214298,-0.004084926831,0.02415563263,0,-0.007422696393,0.007002186332,0.01442488273,0.005899104262
resize_0.5_jpeg_q75,1,authentic,9,noise_std_of_variances,68,2.828929669,-0.008782119798,0.04382826145,0.002047332079,-0.02822006282,0.02100108256,0.04922114538,0.01268239126
resize_0.5_jpeg_q75,1,authentic,10,noise_coef_variation,68,-0.6987877476,-0.005196253318,0.07947991071,-0.002613422949,-0.03399879128,0.0301419872,0.06414077848,0.007503987554
resize_0.5_jpeg_q75,1,authentic,11,noise_inconsistency_score,68,0.4360108967,0.004367174871,0.06300729915,4.003656131e-05,-0.02109210317,0.02828487794,0.0493769811,-0.0063067029
resize_0.5_jpeg_q75,1,authentic,12,jpeg_boundary_difference_ratio,68,1.400380167,0.140427786,0.1027160682,0.1394357366,0.07406419105,0.1857147129,0.1116505218,-0.2027938774
resize_0.5_jpeg_q75,1,authentic,13,jpeg_periodic_grid_strength,68,-6.655722917,-0.6639524046,0.4894342271,-0.6627098138,-0.8826643896,-0.3352844632,0.5473799264,0.9588236513
resize_0.5_jpeg_q75,1,authentic,14,jpeg_artifact_score,68,1.796066194,0.3480688939,0.2556602493,0.3546676609,0.1648579987,0.4763791074,0.3115211087,-0.5026515236
resize_0.5_jpeg_q75,1,authentic,15,laplacian_variance,68,-5.488169012,0.03881067248,0.1202297431,0.004236379946,-0.01288690037,0.04527815057,0.05816505093,-0.05604707573
resize_0.5_jpeg_q75,1,ai_edited,0,fft_high_freq_energy_ratio,68,-1.950595988,0.002286214751,0.005232373463,0.004440347809,0.001137045802,0.005458825538,0.004321779736,-0.002939905193
resize_0.5_jpeg_q75,1,ai_edited,1,fft_spectral_peak_count,68,-3.101221105,0,0,0,0,0,0,-0
resize_0.5_jpeg_q75,1,ai_edited,2,fft_radial_anomaly_score,68,0.03782896903,-0.0002225233505,0.001834974557,0,0,0,0,0.0002861487765
resize_0.5_jpeg_q75,1,ai_edited,3,fft_spectral_decay_slope,68,1.820091914,-0.004110062922,0.01114267058,-0.008368170852,-0.01088678025,-0.0007974800863,0.01008930016,0.005285240734
resize_0.5_jpeg_q75,1,ai_edited,4,dct_mean_high_freq_energy,68,3.74959782,-0.8105145235,1.161998712,-0.4601323856,-1.24096672,-0.1001912598,1.14077546,1.04226248
resize_0.5_jpeg_q75,1,ai_edited,5,dct_ac_energy_variance,68,-0.199590562,0.06437464965,0.1075688503,0.02745541202,0.0007463432453,0.08657121436,0.08582487111,-0.08278109776
resize_0.5_jpeg_q75,1,ai_edited,6,dct_anomaly_score,68,0.0549254393,0.002940319119,0.005326485229,0,0,0.00562098586,0.00562098586,-0.003781035637
resize_0.5_jpeg_q75,1,ai_edited,7,noise_global_level,68,-35.02480908,0.128464663,0.9724586692,0.003573389524,-0.4311434658,0.4310987446,0.8622422105,-0.1651961741
resize_0.5_jpeg_q75,1,ai_edited,8,noise_max_to_min_ratio,68,-0.151214298,-0.004857114518,0.02284611869,0,-0.008876138312,0.005191989461,0.01406812777,0.006245894524
resize_0.5_jpeg_q75,1,ai_edited,9,noise_std_of_variances,68,2.828929669,-0.006667723084,0.04453019254,0.0004897899243,-0.02602582947,0.0237710065,0.04979683596,0.0085742049
resize_0.5_jpeg_q75,1,ai_edited,10,noise_coef_variation,68,-0.6987877476,-0.005166646734,0.08339093851,-0.001517887228,-0.04373050993,0.02594141141,0.06967192134,0.006643930347
resize_0.5_jpeg_q75,1,ai_edited,11,noise_inconsistency_score,68,0.4360108967,0.00703979505,0.06294478728,0,-0.01828402137,0.03067544836,0.04895946973,-0.009052662273
resize_0.5_jpeg_q75,1,ai_edited,12,jpeg_boundary_difference_ratio,68,1.400380167,0.1502360104,0.09722739789,0.1433200575,0.08395428517,0.1930787797,0.1091244946,-0.1931925367
resize_0.5_jpeg_q75,1,ai_edited,13,jpeg_periodic_grid_strength,68,-6.655722917,-0.7101394221,0.4633029717,-0.6811710066,-0.9176643833,-0.3873353277,0.5303290556,0.9131874308
resize_0.5_jpeg_q75,1,ai_edited,14,jpeg_artifact_score,68,1.796066194,0.3738998529,0.2433436008,0.3559908001,0.1945226142,0.4952688077,0.3007461934,-0.4808079025
resize_0.5_jpeg_q75,1,ai_edited,15,laplacian_variance,68,-5.488169012,0.03478735341,0.116895917,0.004964751772,-0.01801483696,0.04391464388,0.06192948085,-0.04473399574
resize_0.5_jpeg_q75,2,all,0,fft_high_freq_energy_ratio,136,-0.06607959225,3.849112931e-05,0.0002221950715,0.0001392224376,-0.0001836624787,0.0001873369936,0.0003709994723,-4.335106654e-05
resize_0.5_jpeg_q75,2,all,1,fft_spectral_peak_count,136,0.7615752244,0,0,0,0,0,0,-0
resize_0.5_jpeg_q75,2,all,2,fft_radial_anomaly_score,136,0.2364869999,0.00069555001,0.008111437298,0,0,0,0,-0.000783371008
resize_0.5_jpeg_q75,2,all,3,fft_spectral_decay_slope,136,1.878078942,-0.001996069856,0.01414048875,-0.008706530682,-0.01149176526,0.01522901252,0.02672077778,0.002248096086
resize_0.5_jpeg_q75,2,all,4,dct_mean_high_freq_energy,136,4.015957365,-0.7977729008,1.197459789,-0.3805006283,-1.178500244,-0.06125160689,1.117248637,0.8985006864
resize_0.5_jpeg_q75,2,all,5,dct_ac_energy_variance,136,-0.2192864543,0.06962942939,0.1304352913,0.02289339995,0.0009393956049,0.07740489978,0.07646550418,-0.07842092661
resize_0.5_jpeg_q75,2,all,6,dct_anomaly_score,136,0.03006009225,0.001319878142,0.002801496248,0,0,0.002295222975,0.002295222975,-0.001486527576
resize_0.5_jpeg_q75,2,all,7,noise_global_level,136,-38.31814062,0.05766017925,0.9485431586,-0.07681015866,-0.5657503404,0.3680887708,0.9338391112,-0.06494042425
resize_0.5_jpeg_q75,2,all,8,noise_max_to_min_ratio,136,-0.1945833443,-0.01227756863,0.0374381361,-0.00142395898,-0.02696809011,0.006221248839,0.03318933895,0.01382774951
resize_0.5_jpeg_q75,2,all,9,noise_std_of_variances,136,-0.1116603057,0.0002204467283,0.001900449288,-4.28497021e-05,-0.0009067571424,0.0009828789832,0.001889636126,-0.0002482806028
resize_0.5_jpeg_q75,2,all,10,noise_coef_variation,136,0.0253889414,-0.0002835403236,0.002732612339,-0.0003376714484,-0.001655224888,0.001058658843,0.002713883731,0.0003193404728
resize_0.5_jpeg_q75,2,all,11,noise_inconsistency_score,136,0.1155871938,-0.002043898759,0.01566664242,-0.000639252267,-0.009943327155,0.005783782425,0.01572710958,0.002301963924
resize_0.5_jpeg_q75,2,all,12,jpeg_boundary_difference_ratio,136,3.092203059,0.249075245,0.3078853365,0.2819270672,0.1713114101,0.3758514567,0.2045400467,-0.2805237911
resize_0.5_jpeg_q75,2,all,13,jpeg_periodic_grid_strength,136,2.879661508,0.2362397555,0.2574523737,0.2595424057,0.1595365012,0.3465224487,0.1869859475,-0.266067677
resize_0.5_jpeg_q75,2,all,14,jpeg_artifact_score,136,-4.384619048,-0.7090976013,0.7883716949,-0.7780584305,-1.055241336,-0.4408319962,0.6144093402,0.7986291348
resize_0.5_jpeg_q75,2,all,15,laplacian_variance,136,-3.885936169,0.02069907722,0.07758259411,0.001183143121,-0.01912331001,0.02022934974,0.03935265975,-0.02331256811
resize_0.5_jpeg_q75,2,authentic,0,fft_high_freq_energy_ratio,68,-0.06607959225,3.522708845e-05,0.000219620055,0.0001382998086,-0.0001824173728,0.0001813123351,0.0003637297079,-4.211461424e-05
resize_0.5_jpeg_q75,2,authentic,1,fft_spectral_peak_count,68,0.7615752244,0,0,0,0,0,0,-0
resize_0.5_jpeg_q75,2,authentic,2,fft_radial_anomaly_score,68,0.2364869999,0.00139110002,0.01147130464,0,0,0,0,-0.001663084952
resize_0.5_jpeg_q75,2,authentic,3,fft_spectral_decay_slope,68,1.878078942,-0.001697442562,0.01397000465,-0.008694776748,-0.01098651401,0.01476282911,0.02574934313,0.00202932294
resize_0.5_jpeg_q75,2,authentic,4,dct_mean_high_freq_energy,68,4.015957365,-0.786598623,1.213541823,-0.3805006283,-1.20554214,-0.04910811584,1.156434024,0.9403927214
resize_0.5_jpeg_q75,2,authentic,5,dct_ac_energy_variance,68,-0.2192864543,0.0715466758,0.1325748886,0.02390671838,0.0009393956049,0.07740489978,0.07646550418,-0.08553533046
resize_0.5_jpeg_q75,2,authentic,6,dct_anomaly_score,68,0.03006009225,0.001176204432,0.002690527269,0,0,0.001825361132,0.001825361132,-0.001406173433
resize_0.5_jpeg_q75,2,authentic,7,noise_global_level,68,-38.31814062,0.08314878309,0.9591987126,-0.04412777439,-0.5549916309,0.3695746516,0.9245662825,-0.09940585722
resize_0.5_jpeg_q75,2,authentic,8,noise_max_to_min_ratio,68,-0.1945833443,-0.01128690022,0.03642522411,-0.001464214435,-0.02602625135,0.006151662587,0.03217791394,0.01349369107
resize_0.5_jpeg_q75,2,authentic,9,noise_std_of_variances,68,-0.1116603057,0.0002471923598,0.001868620857,-4.265606943e-05,-0.0009067571424,0.0009370800747,0.001843837217,-0.0002955228869
resize_0.5_jpeg_q75,2,authentic,10,noise_coef_variation,68,0.0253889414,-0.0003362102861,0.00267614569,-0.000254321597,-0.00157498165,0.001020218026,0.002595199676,0.0004019454098
resize_0.5_jpeg_q75,2,authentic,11,noise_inconsistency_score,68,0.1155871938,-0.002186668973,0.0155457994,0,-0.00928949319,0.00564125692,0.01493075011,0.002614201863
resize_0.5_jpeg_q75,2,authentic,12,jpeg_boundary_difference_ratio,68,3.092203059,0.2349772727,0.3217641042,0.2705769094,0.1535070965,0.3752788988,0.2217718023,-0.2809195318
resize_0.5_jpeg_q75,2,authentic,13,jpeg_periodic_grid_strength,68,2.879661508,0.2233039103,0.2710493827,0.2519788954,0.1429558211,0.3457692965,0.2028134754,-0.2669638183
resize_0.5_jpeg_q75,2,authentic,14,jpeg_artifact_score,68,-4.384619048,-0.6728667723,0.829208298,-0.7673342587,-1.052947813,-0.432083656,0.620864157,0.8044242598
resize_0.5_jpeg_q75,2,authentic,15,laplacian_variance,68,-3.885936169,0.02268862994,0.07908908448,0.001765492411,-0.01833666184,0.02261261118,0.04094927302,-0.02712466285
resize_0.5_jpeg_q75,2,ai_edited,0,fft_high_freq_energy_ratio,68,-0.06607959225,4.175517017e-05,0.0002263262699,0.0001469658247,-0.0001996039209,0.0001890601532,0.0003886640741,-4.445210727e-05
resize_0.5_jpeg_q75,2,ai_edited,1,fft_spectral_peak_count,68,0.7615752244,0,0,0,0,0,0,-0
resize_0.5_jpeg_q75,2,ai_edited,2,fft_radial_anomaly_score,68,0.2364869999,0,0,0,0,0,0,-0
resize_0.5_jpeg_q75,2,ai_edited,3,fft_spectral_decay_slope,68,1.878078942,-0.002294697151,0.01440656709,-0.008959184291,-0.01235439207,0.01522901252,0.02758340459,0.002442910027
resize_0.5_jpeg_q75,2,ai_edited,4,dct_mean_high_freq_energy,68,4.015957365,-0.8089471785,1.190077445,-0.3849518877,-1.138287269,-0.1229494775,1.015337792,0.8611965084
resize_0.5_jpeg_q75,2,ai_edited,5,dct_ac_energy_variance,68,-0.2192864543,0.06771218298,0.1292172541,0.02218661314,0.0009875556678,0.07584854411,0.07486098845,-0.07208566529
resize_0.5_jpeg_q75,2,ai_edited,6,dct_anomaly_score,68,0.03006009225,0.001463551851,0.00292114105,0,0,0.002477512682,0.002477512682,-0.001558081637
resize_0.5_jpeg_q75,2,ai_edited,7,noise_global_level,68,-38.31814062,0.0321715754,0.9442013628,-0.1052875968,-0.5827986972,0.3588826046,0.9416813018,-0.03424951485
resize_0.5_jpeg_q75,2,ai_edited,8,noise_max_to_min_ratio,68,-0.1945833443,-0.01326823704,0.03866986664,-0.00142395898,-0.02760050321,0.006225329185,0.0338258324,0.01412522315
resize_0.5_jpeg_q75,2,ai_edited,9,noise_std_of_variances,68,-0.1116603057,0.0001937010968,0.001945282795,-5.355700602e-05,-0.0009087174912,0.001021555899,0.00193027339,-0.0002062121145
resize_0.5_jpeg_q75,2,ai_edited,10,noise_coef_variation,68,0.0253889414,-0.000230870361,0.002806849458,-0.0003759522341,-0.001659676257,0.001121149005,0.002780825262,0.0002457821154
resize_0.5_jpeg_q75,2,ai_edited,11,noise_inconsistency_score,68,0.1155871938,-0.001901128544,0.01590086331,-0.001112769913,-0.01000446488,0.005831706021,0.0158361709,0.002023921101
resize_0.5_jpeg_q75,2,ai_edited,12,jpeg_boundary_difference_ratio,68,3.092203059,0.2631732173,0.2950695005,0.2962160426,0.1830829919,0.3797908915,0.1967078996,-0.2801713905
resize_0.5_jpeg_q75,2,ai_edited,13,jpeg_periodic_grid_strength,68,2.879661508,0.2491756007,0.2444285044,0.2721630143,0.1704988754,0.3536861014,0.183187226,-0.2652696776
resize_0.5_jpeg_q75,2,ai_edited,14,jpeg_artifact_score,68,-4.384619048,-0.7453284303,0.7497236111,-0.8020295693,-1.077056323,-0.5021454568,0.5749108659,0.7934686699
resize_0.5_jpeg_q75,2,ai_edited,15,laplacian_variance,68,-3.885936169,0.0187095245,0.07658222009,0.0008116918419,-0.01947810298,0.01863976084,0.03811786382,-0.01991795954
resize_0.5_jpeg_q75,3,all,0,fft_high_freq_energy_ratio,136,-0.09029054149,0.0001169638825,0.0002579947966,0.0002200309167,0.0001307465768,0.0002669145796,0.0001361680028,-0.0004747888584
resize_0.5_jpeg_q75,3,all,1,fft_spectral_peak_count,136,0.9607197413,0,0,0,0,0,0,-0
resize_0.5_jpeg_q75,3,all,2,fft_radial_anomaly_score,136,-0.0266916005,7.850470853e-05,0.000915514358,0,0,0,0,-0.0003186723981
resize_0.5_jpeg_q75,3,all,3,fft_spectral_decay_slope,136,0.4199470982,-0.001076161229,0.002651536563,-0.002156453276,-0.002508311198,-0.001343014931,0.001165296268,0.004368437079
resize_0.5_jpeg_q75,3,all,4,dct_mean_high_freq_energy,136,1.172361889,-0.2115863677,0.3325090523,-0.1290076213,-0.3694885944,-0.01432297245,0.3551656219,0.8588877845
resize_0.5_jpeg_q75,3,all,5,dct_ac_energy_variance,136,-0.08288788456,0.01875582929,0.03135089234,0.01118748261,0.0001955583154,0.03118701574,0.03099145743,-0.07613511608
resize_0.5_jpeg_q75,3,all,6,dct_anomaly_score,136,-0.01313536351,-0.0006258165911,0.001356526314,0,-0.0009281999174,0,0.0009281999174,0.002540363216
resize_0.5_jpeg_q75,3,all,7,noise_global_level,136,-11.12595487,-0.003637968852,0.2786466335,-0.0512437562,-0.1341928603,0.1334346576,0.2676275178,0.01476752516
resize_0.5_jpeg_q75,3,all,8,noise_max_to_min_ratio,136,-0.056990918,-0.003136251052,0.01142978338,0,-0.004619437098,0.002121695441,0.006741132539,0.01273091337
resize_0.5_jpeg_q75,3,all,9,noise_std_of_variances,136,1.334978076,-0.001685806102,0.01860048393,0.002079312412,-0.01121341945,0.01012335042,0.02133676987,0.006843154801
resize_0.5_jpeg_q75,3,all,10,noise_coef_variation,136,-0.04239134037,0.0008190696869,0.004262846475,8.1815219e-05,-0.001752696194,0.003332181888,0.005084878081,-0.003324831162
resize_0.5_jpeg_q75,3,all,11,noise_inconsistency_score,136,-0.005155488839,0.0001355783118,0.0006755761082,1.326652419e-05,-0.000270657874,0.0005206001927,0.0007912580667,-0.0005503499925
resize_0.5_jpeg_q75,3,all,12,jpeg_boundary_difference_ratio,136,0.4911208472,0.04637717292,0.02799465059,0.04277675712,0.03049169284,0.06109544304,0.0306037502,-0.1882578152
resize_0.5_jpeg_q75,3,all,13,jpeg_periodic_grid_strength,136,-1.7588845,-0.1630995556,0.1005158571,-0.153107882,-0.215575866,-0.1085328948,0.1070429711,0.6620663584
resize_0.5_jpeg_q75,3,all,14,jpeg_artifact_score,136,0.3704818672,0.0678650669,0.0408566228,0.06449962349,0.04572155764,0.09081545643,0.04509389878,-0.27548314
resize_0.5_jpeg_q75,3,all,15,laplacian_variance,136,-1.342759962,0.004350473834,0.02429243765,-0.0007267800689,-0.004413605255,0.008245338479,0.01265894373,-0.01765978061
resize_0.5_jpeg_q75,3,authentic,0,fft_high_freq_energy_ratio,68,-0.09029054149,0.0001117324892,0.0002570528128,0.0002163094465,0.0001293930703,0.0002560845093,0.000126691439,-0.000478643793
resize_0.5_jpeg_q75,3,authentic,1,fft_spectral_peak_count,68,0.9607197413,0,0,0,0,0,0,-0
resize_0.5_jpeg_q75,3,authentic,2,fft_radial_anomaly_score,68,-0.0266916005,0,0,0,0,0,0,-0
resize_0.5_jpeg_q75,3,authentic,3,fft_spectral_decay_slope,68,0.4199470982,-0.00101992034,0.002656886693,-0.002126316196,-0.002487735882,-0.001213305337,0.001274430545,0.004369172685
resize_0.5_jpeg_q75,3,authentic,4,dct_mean_high_freq_energy,68,1.172361889,-0.2061469454,0.3360015287,-0.1262590491,-0.3520629637,-0.01028630456,0.3417766591,0.8830999519
resize_0.5_jpeg_q75,3,authentic,5,dct_ac_energy_variance,68,-0.08288788456,0.01904220968,0.03161153999,0.01048152952,0.0001328489655,0.03118701574,0.03105416678,-0.08157372604
resize_0.5_jpeg_q75,3,authentic,6,dct_anomaly_score,68,-0.01313536351,-0.0005794074029,0.001356151635,0,-0.0009066225988,0,0.0009066225988,0.002482086982
resize_0.5_jpeg_q75,3,authentic,7,noise_global_level,68,-11.12595487,0.002233300373,0.2814649557,-0.04912629083,-0.1318979896,0.1417174876,0.2736154772,-0.009567095199
resize_0.5_jpeg_q75,3,authentic,8,noise_max_to_min_ratio,68,-0.056990918,-0.003095169492,0.01156143523,0,-0.004318087105,0.002436802974,0.006754890079,0.01325920219
resize_0.5_jpeg_q75,3,authentic,9,noise_std_of_variances,68,1.334978076,-0.001830424309,0.01833446394,0.001838579375,-0.01158315742,0.009731080211,0.02131423763,0.007841239733
resize_0.5_jpeg_q75,3,authentic,10,noise_coef_variation,68,-0.04239134037,0.0007604944282,0.004192668834,4.505648503e-05,-0.001592933218,0.0032105007,0.004803433917,-0.003257834316
resize_0.5_jpeg_q75,3,authentic,11,noise_inconsistency_score,68,-0.005155488839,0.000126673369,0.0006639196632,7.306018299e-06,-0.0002228051241,0.0005206001927,0.0007434053168,-0.0005426480894
resize_0.5_jpeg_q75,3,authentic,12,jpeg_boundary_difference_ratio,68,0.4911208472,0.04551438925,0.02849058808,0.04335700818,0.02891165619,0.06109544304,0.03218378685,-0.1949762334
resize_0.5_jpeg_q75,3,authentic,13,jpeg_periodic_grid_strength,68,-1.7588845,-0.1600170329,0.1021036321,-0.1552773243,-0.2156225089,-0.1008722495,0.1147502594,0.685486917
resize_0.5_jpeg_q75,3,authentic,14,jpeg_artifact_score,68,0.3704818672,0.06663969662,0.04171697625,0.06541354254,0.04249436429,0.09083510566,0.04834074137,-0.2854736109
resize_0.5_jpeg_q75,3,authentic,15,laplacian_variance,68,-1.342759962,0.004824823531,0.02473026693,-0.000495313649,-0.00397680735,0.008388963304,0.01236577065,-0.02066875849
resize_0.5_jpeg_q75,3,ai_edited,0,fft_high_freq_energy_ratio,68,-0.09029054149,0.0001221952759,0.0002607381486,0.0002269599014,0.0001592771756,0.0002703017094,0.0001110245338,-0.0004713179462
resize_0.5_jpeg_q75,3,ai_edited,1,fft_spectral_peak_count,68,0.9607197413,0,0,0,0,0,0,-0
resize_0.5_jpeg_q75,3,ai_edited,2,fft_radial_anomaly_score,68,-0.0266916005,0.0001570094171,0.001294732822,0,0,0,0,-0.0006055991566
resize_0.5_jpeg_q75,3,ai_edited,3,fft_spectral_decay_slope,68,0.4199470982,-0.001132402118,0.00266472511,-0.002223060228,-0.002582026897,-0.001623372379,0.0009586545178,0.004367774753
resize_0.5_jpeg_q75,3,ai_edited,4,dct_mean_high_freq_energy,68,1.172361889,-0.2170257899,0.3313874436,-0.1323162149,-0.3702299149,-0.01553629409,0.3546936208,0.8370875949
resize_0.5_jpeg_q75,3,ai_edited,5,dct_ac_energy_variance,68,-0.08288788456,0.01846944889,0.03132045326,0.01174695087,0.001033461193,0.02970009203,0.02866663084,-0.07123829183
resize_0.5_jpeg_q75,3,ai_edited,6,dct_anomaly_score,68,-0.01313536351,-0.0006722257792,0.001365383915,0,-0.0009281999174,0,0.0009281999174,0.002592834064
resize_0.5_jpeg_q75,3,ai_edited,7,noise_global_level,68,-11.12595487,-0.009509238078,0.2777665633,-0.05251557003,-0.1386425663,0.1302579622,0.2689005285,0.03667796918
resize_0.5_jpeg_q75,3,ai_edited,8,noise_max_to_min_ratio,68,-0.056990918,-0.003177332612,0.01138242224,0,-0.004765956596,0.001677345692,0.006443302289,0.01225525185
resize_0.5_jpeg_q75,3,ai_edited,9,noise_std_of_variances,68,1.334978076,-0.001541187894,0.01899802185,0.002118601162,-0.01059999686,0.01078503431,0.02138503117,0.00594449751
resize_0.5_jpeg_q75,3,ai_edited,10,noise_coef_variation,68,-0.04239134037,0.0008776449456,0.004362282136,0.000161295748,-0.001831481559,0.003495696728,0.005327178287,-0.003385153889
resize_0.5_jpeg_q75,3,ai_edited,11,noise_inconsistency_score,68,-0.005155488839,0.0001444832546,0.0006918582658,2.615484988e-05,-0.0002842091226,0.0005085918755,0.0007928009981,-0.0005572846442
resize_0.5_jpeg_q75,3,ai_edited,12,jpeg_boundary_difference_ratio,68,0.4911208472,0.0472399566,0.02767441642,0.04277675712,0.03217501224,0.06113680591,0.02896179367,-0.1822086752
resize_0.5_jpeg_q75,3,ai_edited,13,jpeg_periodic_grid_strength,68,-1.7588845,-0.1661820782,0.09956522186,-0.1525408707,-0.2152405164,-0.1146400172,0.1006004992,0.6409789188
resize_0.5_jpeg_q75,3,ai_edited,14,jpeg_artifact_score,68,0.3704818672,0.06909043718,0.04025031232,0.06426075912,0.04829429975,0.09067418401,0.04237988426,-0.2664879041
resize_0.5_jpeg_q75,3,ai_edited,15,laplacian_variance,68,-1.342759962,0.003876124136,0.02402103284,-0.0008764303212,-0.004593793993,0.007881985023,0.01247577902,-0.01495055234
resize_0.5_jpeg_q75,4,all,0,fft_high_freq_energy_ratio,136,-0.645202225,0.0003245383332,0.002359640639,0.001506083813,-0.002208655649,0.001833713838,0.004042369487,-0.0005560095397
resize_0.5_jpeg_q75,4,all,1,fft_spectral_peak_count,136,-2.662997359,0,0,0,0,0,0,-0
resize_0.5_jpeg_q75,4,all,2,fft_radial_anomaly_score,136,0.329309408,0.0009685570969,0.01129521968,0,0,0,0,-0.001659363257
resize_0.5_jpeg_q75,4,all,3,fft_spectral_decay_slope,136,1.313219375,-0.00123874435,0.01134532872,-0.006253542635,-0.008072708074,0.01095729971,0.01903000779,0.002122256773
resize_0.5_jpeg_q75,4,all,4,dct_mean_high_freq_energy,136,3.358989033,-0.568003312,0.81114701,-0.4152309031,-0.7549079998,0.006167498065,0.7610754978,0.9731215938
resize_0.5_jpeg_q75,4,all,5,dct_ac_energy_variance,136,-0.2199846787,0.06159126677,0.0954635622,0.02761300263,-0.0007398292173,0.09065641182,0.09139624104,-0.1055201447
resize_0.5_jpeg_q75,4,all,6,dct_anomaly_score,136,-0.002600367258,-7.01545385e-05,0.0002380851839,0,-3.964931661e-05,0,3.964931661e-05,0.000120191018
resize_0.5_jpeg_q75,4,all,7,noise_global_level,136,-29.38843802,-0.02106852174,0.5674270755,-0.08739568085,-0.3751880551,0.1398379722,0.5150260273,0.03609527096
resize_0.5_jpeg_q75,4,all,8,noise_max_to_min_ratio,136,-0.1329643043,-0.009666367321,0.03006376856,-0.002037842728,-0.01695873988,0.001998740337,0.01895748022,0.01656073226
resize_0.5_jpeg_q75,4,all,9,noise_std_of_variances,136,2.640073482,-0.0004306940435,0.03384853668,0.005797751239,-0.01875633127,0.02282671999,0.04158305126,0.0007378789264
resize_0.5_jpeg_q75,4,all,10,noise_coef_variation,136,0.4284669265,0.0004927797413,0.04908848639,0.006866274784,-0.02151350914,0.02700658516,0.0485200943,-0.0008442461463
resize_0.5_jpeg_q75,4,all,11,noise_inconsistency_score,136,-0.3675898719,0.0002035765681,0.04701740843,-0.00354765561,-0.02242940893,0.02192485508,0.04435426402,-0.0003487739423
resize_0.5_jpeg_q75,4,all,12,jpeg_boundary_difference_ratio,136,-1.050440011,-0.09404614089,0.05863487076,-0.08821384845,-0.123832554,-0.05959138586,0.06424116817,0.1611228818
resize_0.5_jpeg_q75,4,all,13,jpeg_periodic_grid_strength,136,-3.154601932,-0.2773879908,0.1766981704,-0.2610971686,-0.3685792866,-0.1763933935,0.1921858932,0.4752300524
resize_0.5_jpeg_q75,4,all,14,jpeg_artifact_score,136,1.701807815,0.2992840685,0.1906461314,0.2817073035,0.1903172964,0.3976736994,0.207356403,-0.512743119
resize_0.5_jpeg_q75,4,all,15,laplacian_variance,136,-6.035677974,0.02535514187,0.0864675007,0.001845914093,-0.01970042198,0.0358964345,0.05559685648,-0.04343924682
resize_0.5_jpeg_q75,4,authentic,0,fft_high_freq_energy_ratio,68,-0.645202225,0.0002831937532,0.002362513648,0.001475481615,-0.002125559579,0.001802255972,0.003927815551,-0.0005167702989
resize_0.5_jpeg_q75,4,authentic,1,fft_spectral_peak_count,68,-2.662997359,0,0,0,0,0,0,-0
resize_0.5_jpeg_q75,4,authentic,2,fft_radial_anomaly_score,68,0.329309408,0.001937114194,0.01597385286,0,0,0,0,-0.003534834613
resize_0.5_jpeg_q75,4,authentic,3,fft_spectral_decay_slope,68,1.313219375,-0.001086926221,0.01145075981,-0.006327120171,-0.007831193726,0.01027737284,0.01810856656,0.00198341659
resize_0.5_jpeg_q75,4,authentic,4,dct_mean_high_freq_energy,68,3.358989033,-0.5563425349,0.8302517393,-0.4150207563,-0.7490148038,0.008840648034,0.7578554518,1.015210593
resize_0.5_jpeg_q75,4,authentic,5,dct_ac_energy_variance,68,-0.2199846787,0.06218040401,0.09592291108,0.02634536986,-0.0007398292173,0.08924386321,0.08998369243,-0.1134664363
resize_0.5_jpeg_q75,4,authentic,6,dct_anomaly_score,68,-0.002600367258,-6.862483694e-05,0.0002392786922,0,-2.685258848e-05,0,2.685258848e-05,0.0001252261997
resize_0.5_jpeg_q75,4,authentic,7,noise_global_level,68,-29.38843802,-0.003095763758,0.5666019962,-0.08719680959,-0.3580176594,0.1409749268,0.4989925862,0.005649131538
resize_0.5_jpeg_q75,4,authentic,8,noise_max_to_min_ratio,68,-0.1329643043,-0.008811193443,0.02874846907,-0.002037842728,-0.01584851249,0.001560764781,0.01740927727,0.01607861409
resize_0.5_jpeg_q75,4,authentic,9,noise_std_of_variances,68,2.640073482,-0.001271123524,0.03343629049,0.005492437171,-0.01765098586,0.02089002294,0.0385410088,0.002319538748
resize_0.5_jpeg_q75,4,authentic,10,noise_coef_variation,68,0.4284669265,-0.0003759953221,0.04954579227,0.006754492249,-0.02281471455,0.02700658516,0.0498212997,0.0006861140572
resize_0.5_jpeg_q75,4,authentic,11,noise_inconsistency_score,68,-0.3675898719,-0.000184497241,0.04563223951,-0.003641293745,-0.02686379495,0.02460913231,0.05147292726,0.0003366694827
resize_0.5_jpeg_q75,4,authentic,12,jpeg_boundary_difference_ratio,68,-1.050440011,-0.09025181501,0.06145358765,-0.0854900776,-0.1232000254,-0.05755153175,0.0656484936,0.1646909824
resize_0.5_jpeg_q75,4,authentic,13,jpeg_periodic_grid_strength,68,-3.154601932,-0.2662813012,0.1839812971,-0.254882366,-0.3679376085,-0.1691233173,0.1988142912,0.4859085558
resize_0.5_jpeg_q75,4,authentic,14,jpeg_artifact_score,68,1.701807815,0.2873006541,0.1985041637,0.2750019252,0.1824733448,0.3969813694,0.2145080246,-0.5242645476
resize_0.5_jpeg_q75,4,authentic,15,laplacian_variance,68,-6.035677974,0.02806138189,0.08755665185,0.004669629515,-0.01828674547,0.03874449658,0.05703124206,-0.051206245
resize_0.5_jpeg_q75,4,ai_edited,0,fft_high_freq_energy_ratio,68,-0.645202225,0.0003658829132,0.002373598623,0.001585564919,-0.002208655649,0.001886428839,0.004095084487,-0.0005907272944
resize_0.5_jpeg_q75,4,ai_edited,1,fft_spectral_peak_count,68,-2.662997359,0,0,0,0,0,0,-0
resize_0.5_jpeg_q75,4,ai_edited,2,fft_radial_anomaly_score,68,0.329309408,0,0,0,0,0,0,-0
resize_0.5_jpeg_q75,4,ai_edited,3,fft_spectral_decay_slope,68,1.313219375,-0.001390562479,0.01132198848,-0.006253542635,-0.008257434653,0.01098078191,0.01923821656,0.002245098585
resize_0.5_jpeg_q75,4,ai_edited,4,dct_mean_high_freq_energy,68,3.358989033,-0.5796640892,0.7975871597,-0.4201684403,-0.7694116101,0.005965735079,0.7753773452,0.9358824549
resize_0.5_jpeg_q75,4,ai_edited,5,dct_ac_energy_variance,68,-0.2199846787,0.06100212953,0.0957115108,0.02890304727,-0.0005740190233,0.09065641182,0.09123043085,-0.09848949383
resize_0.5_jpeg_q75,4,ai_edited,6,dct_anomaly_score,68,-0.002600367258,-7.168424005e-05,0.0002386547827,0,-6.871680762e-05,0,6.871680762e-05,0.0001157360337
resize_0.5_jpeg_q75,4,ai_edited,7,noise_global_level,68,-29.38843802,-0.03904127972,0.5718907605,-0.09637855284,-0.3888513538,0.1177469222,0.506598276,0.06303314175
resize_0.5_jpeg_q75,4,ai_edited,8,noise_max_to_min_ratio,68,-0.1329643043,-0.0105215412,0.03151493953,-0.002037842728,-0.01898638474,0.003230478031,0.02221686277,0.01698729659
resize_0.5_jpeg_q75,4,ai_edited,9,noise_std_of_variances,68,2.640073482,0.0004097354374,0.03448373488,0.006185409181,-0.01875633127,0.02282671999,0.04158305126,-0.000661528313
resize_0.5_jpeg_q75,4,ai_edited,10,noise_coef_variation,68,0.4284669265,0.001361554805,0.04897965655,0.006866989865,-0.0166339378,0.02201560478,0.03864954257,-0.002198264955
resize_0.5_jpeg_q75,4,ai_edited,11,noise_inconsistency_score,68,-0.3675898719,0.0005916503771,0.04869970213,-0.003198847396,-0.01833180456,0.01902741485,0.03735921941,-0.0009552346225
resize_0.5_jpeg_q75,4,ai_edited,12,jpeg_boundary_difference_ratio,68,-1.050440011,-0.09784046678,0.05587166792,-0.09158057272,-0.1247441717,-0.06419749693,0.06054667477,0.1579659288
resize_0.5_jpeg_q75,4,ai_edited,13,jpeg_periodic_grid_strength,68,-3.154601932,-0.2884946804,0.1697379549,-0.2692281212,-0.3693708179,-0.1913981004,0.1779727175,0.4657820189
resize_0.5_jpeg_q75,4,ai_edited,14,jpeg_artifact_score,68,1.701807815,0.311267483,0.1831364998,0.2904800862,0.2065064246,0.3985277115,0.1920212869,-0.5025492894
resize_0.5_jpeg_q75,4,ai_edited,15,laplacian_variance,68,-6.035677974,0.02264890184,0.08592913041,0.0002311647134,-0.02310293979,0.03354931501,0.0566522548,-0.03656722963
resize_0.5_jpeg_q75,all,all,0,fft_high_freq_energy_ratio,682,,0.001114401797,0.004500144491,0.0002700191683,-0.0001822133014,0.004420424321,0.004602637623,-0.001837403857
resize_0.5_jpeg_q75,all,all,1,fft_spectral_peak_count,682,,0,0,0,0,0,0,-0
resize_0.5_jpeg_q75,all,all,2,fft_radial_anomaly_score,682,,0.0003253132244,0.006246303716,0,0,0,0,-0.0005363700731
resize_0.5_jpeg_q75,all,all,3,fft_spectral_decay_slope,682,,-0.0025149119,0.01095466441,-0.006362699913,-0.009727082477,0.003158173281,0.01288525576,0.004146537486
resize_0.5_jpeg_q75,all,all,4,dct_mean_high_freq_energy,682,,-0.5919159185,0.9572697267,-0.3274370036,-0.7805323567,-0.02044419918,0.7600881575,0.9759393735
resize_0.5_jpeg_q75,all,all,5,dct_ac_energy_variance,682,,0.04462602686,0.09205274125,0.01274113394,-6.177069261e-05,0.04883217245,0.04889394315,-0.07357851907
resize_0.5_jpeg_q75,all,all,6,dct_anomaly_score,682,,0.001467679015,0.005535913904,0,0,0.000328630046,0.000328630046,-0.002419880414
resize_0.5_jpeg_q75,all,all,7,noise_global_level,682,,0.04618990917,0.7117726555,-0.0664484717,-0.3258654815,0.2334400499,0.5593055314,-0.07615701759
resize_0.5_jpeg_q75,all,all,8,noise_max_to_min_ratio,682,,-0.00767421059,0.02772850643,0,-0.01279599709,0.00352156938,0.01631756647,0.01265308812
resize_0.5_jpeg_q75,all,all,9,noise_std_of_variances,682,,-0.001550944566,0.02713991889,0.0002941777237,-0.008547666639,0.00980153266,0.0183491993,0.002557167025
resize_0.5_jpeg_q75,all,all,10,noise_coef_variation,682,,-0.001684890772,0.04630321068,1.05426715e-05,-0.007873665353,0.007391391711,0.01526505706,0.002778014905
resize_0.5_jpeg_q75,all,all,11,noise_inconsistency_score,682,,0.00103240556,0.0387823947,0,-0.009795419003,0.009487178568,0.01928259757,-0.001702210067
resize_0.5_jpeg_q75,all,all,12,jpeg_boundary_difference_ratio,682,,0.06613790369,0.1899614992,0.03198002423,-0.01982180914,0.1475278215,0.1673496306,-0.1090468803
resize_0.5_jpeg_q75,all,all,13,jpeg_periodic_grid_strength,682,,-0.2479936869,0.4051656954,-0.2124317796,-0.4401996013,-0.03281850712,0.4073810942,0.4088871339
resize_0.5_jpeg_q75,all,all,14,jpeg_artifact_score,682,,0.05557245243,0.5503907525,0.1370890152,0.01730463298,0.3393583869,0.3220537539,-0.09162677116
resize_0.5_jpeg_q75,all,all,15,laplacian_variance,682,,0.03035956001,0.1313720397,0.0007570810201,-0.01563501893,0.02885695291,0.04449197184,-0.05005624794
resize_0.5_jpeg_q75,all,authentic,0,fft_high_freq_energy_ratio,341,,0.001085716098,0.004476959865,0.0002604033521,-0.0001822315177,0.004390150576,0.004572382094,-0.001899937404
resize_0.5_jpeg_q75,all,authentic,1,fft_spectral_peak_count,341,,0,0,0,0,0,0,-0
resize_0.5_jpeg_q75,all,authentic,2,fft_radial_anomaly_score,341,,0.000663690811,0.008769787911,0,0,0,0,-0.001161418716
resize_0.5_jpeg_q75,all,authentic,3,fft_spectral_decay_slope,341,,-0.002373638375,0.01093303451,-0.006228886333,-0.009562887998,0.003029577558,0.01259246556,0.004153723372
resize_0.5_jpeg_q75,all,authentic,4,dct_mean_high_freq_energy,341,,-0.5809441957,0.966740615,-0.3103079401,-0.7660077482,-0.01503316221,0.7509745859,1.016617151
resize_0.5_jpeg_q75,all,authentic,5,dct_ac_energy_variance,341,,0.04539607846,0.09331728715,0.01260990017,-5.103311618e-05,0.04959368226,0.04964471537,-0.07944038741
resize_0.5_jpeg_q75,all,authentic,6,dct_anomaly_score,341,,0.001313964671,0.005535473063,0,0,0.0001710240627,0.0001710240627,-0.00229935858
resize_0.5_jpeg_q75,all,authentic,7,noise_global_level,341,,0.06301748059,0.7166519568,-0.05508402469,-0.3104465233,0.2380819739,0.5485284972,-0.1102767737
resize_0.5_jpeg_q75,all,authentic,8,noise_max_to_min_ratio,341,,-0.007192869077,0.0272260297,0,-0.01258438194,0.003518958322,0.01610334026,0.01258708517
resize_0.5_jpeg_q75,all,authentic,9,noise_std_of_variances,341,,-0.001818457697,0.0269129365,0.0004297975419,-0.008551474296,0.009528292605,0.0180797669,0.003182190815
resize_0.5_jpeg_q75,all,authentic,10,noise_coef_variation,341,,-0.002210578267,0.04570030118,1.406611265e-05,-0.008613666693,0.007128682673,0.01574234937,0.00386837806
resize_0.5_jpeg_q75,all,authentic,11,noise_inconsistency_score,341,,0.0008334279863,0.0383638127,0,-0.00921026786,0.009657346108,0.01886761397,-0.001458448491
resize_0.5_jpeg_q75,all,authentic,12,jpeg_boundary_difference_ratio,341,,0.06301724844,0.1910286568,0.02934467899,-0.01871098678,0.1416252997,0.1603362864,-0.1102763675
resize_0.5_jpeg_q75,all,authentic,13,jpeg_periodic_grid_strength,341,,-0.24108157,0.4024598927,-0.2033097565,-0.4343128601,-0.02290446583,0.4114083942,0.4218781439
resize_0.5_jpeg_q75,all,authentic,14,jpeg_artifact_score,341,,0.05600379792,0.5500825733,0.116468213,0.01067321128,0.3322287499,0.3215555386,-0.09800325388
resize_0.5_jpeg_q75,all,authentic,15,laplacian_variance,341,,0.03284154392,0.1348547327,0.001224002623,-0.01361270468,0.03074820798,0.04436091266,-0.05747071246
resize_0.5_jpeg_q75,all,ai_edited,0,fft_high_freq_energy_ratio,341,,0.001143087496,0.004529607413,0.0002728825158,-0.0001821586527,0.004429157343,0.004611315996,-0.001781704989
resize_0.5_jpeg_q75,all,ai_edited,1,fft_spectral_peak_count,341,,0,0,0,0,0,0,-0
resize_0.5_jpeg_q75,all,ai_edited,2,fft_radial_anomaly_score,341,,-1.30643621e-05,0.001004251842,0,0,0,0,2.036312987e-05
resize_0.5_jpeg_q75,all,ai_edited,3,fft_spectral_decay_slope,341,,-0.002656185426,0.01099049689,-0.006527242417,-0.009937380724,0.003158235858,0.01309561658,0.004140136991
resize_0.5_jpeg_q75,all,ai_edited,4,dct_mean_high_freq_energy,341,,-0.6028876413,0.9489978762,-0.3409283925,-0.8113394912,-0.02602787901,0.7853116122,0.9397075221
resize_0.5_jpeg_q75,all,ai_edited,5,dct_ac_energy_variance,341,,0.04385597526,0.09090121827,0.01339497064,-6.534988475e-05,0.04593281363,0.04599816351,-0.06835733065
resize_0.5_jpeg_q75,all,ai_edited,6,dct_anomaly_score,341,,0.001621393358,0.005540213406,0,0,0.0006824330167,0.0006824330167,-0.002527229671
resize_0.5_jpeg_q75,all,ai_edited,7,noise_global_level,341,,0.02936233775,0.7075115963,-0.07695398501,-0.3410601779,0.2286082193,0.5696683972,-0.04576642107
resize_0.5_jpeg_q75,all,ai_edited,8,noise_max_to_min_ratio,341,,-0.008155552102,0.0282538508,-0.0002428732309,-0.01282421113,0.003592364537,0.01641657566,0.01271187719
resize_0.5_jpeg_q75,all,ai_edited,9,noise_std_of_variances,341,,-0.001283431436,0.0274019542,0.0001845695732,-0.008321940593,0.01038073429,0.01870267488,0.002000455959
resize_0.5_jpeg_q75,all,ai_edited,10,noise_coef_variation,341,,-0.001159203277,0.04695964901,7.019230339e-06,-0.00717165583,0.007422339904,0.01459399573,0.001806824297
resize_0.5_jpeg_q75,all,ai_edited,11,noise_inconsistency_score,341,,0.001231383133,0.0392518851,0,-0.01013800729,0.008400179272,0.01853818656,-0.00191932943
resize_0.5_jpeg_q75,all,ai_edited,12,jpeg_boundary_difference_ratio,341,,0.06925855894,0.1891174076,0.03402316837,-0.02065540312,0.1546733661,0.1753287692,-0.1079517714
resize_0.5_jpeg_q75,all,ai_edited,13,jpeg_periodic_grid_strength,341,,-0.2549058037,0.4083276891,-0.2325000102,-0.4470853688,-0.05785372028,0.3892316485,0.3973159919
resize_0.5_jpeg_q75,all,ai_edited,14,jpeg_artifact_score,341,,0.05514110694,0.551506773,0.1597140323,0.02670039173,0.3470871567,0.320386765,-0.08594721374
resize_0.5_jpeg_q75,all,ai_edited,15,laplacian_variance,341,,0.02787757609,0.1279446387,0.000412048989,-0.01790334354,0.02762286176,0.0455262053,-0.04345215619
