condition,outer_fold,class,feature_index,feature,train_mean,train_sd,zero_train_scale,n,orig_mean,orig_sd,orig_median,orig_q05,orig_q25,orig_q75,orig_q95,orig_iqr,orig_min,orig_max,trans_mean,trans_sd,trans_median,trans_q05,trans_q25,trans_q75,trans_q95,trans_iqr,trans_min,trans_max,delta_mean,delta_sd,delta_median,delta_q05,delta_q25,delta_q75,delta_q95,delta_iqr,delta_min,delta_max,std_delta_n,std_delta_mean,std_delta_median,std_delta_q25,std_delta_q75,orig_z_mean,trans_z_mean,frac_orig_outside_train_range,frac_trans_outside_train_range
jpeg_q95,0,all,0,fft_high_freq_energy_ratio,0.2799905716,0.03453516356,false,138,0.2699188905,0.03470280166,0.271965012,0.2189435489,0.2513972744,0.2930865437,0.3192259714,0.04168926924,0.1760342121,0.3744005263,0.2699059659,0.03470244197,0.2718682289,0.2188772865,0.2514174804,0.2930993587,0.319085528,0.04168187827,0.1759185344,0.3743910491,-1.292459775e-05,0.000126502855,-7.480382919e-06,-0.0002268463373,-9.524822235e-05,6.315112114e-05,0.0002152428031,0.0001583993435,-0.0003619492054,0.0002682209015,138,-0.000374244579,-0.0002166019253,-0.002758006986,0.001828603505,-0.2916355391,-0.2920097837,0,0
jpeg_q95,0,all,1,fft_spectral_peak_count,0.002022058854,0.01407540999,false,138,0,0,0,0,0,0,0,0,0,0,0,0,0,0,0,0,0,0,0,0,0,0,0,0,0,0,0,0,0,0,138,0,0,0,0,-0.1436589666,-0.1436589666,0,0
jpeg_q95,0,all,2,fft_radial_anomaly_score,0.013419118,0.06768276676,false,138,0.005797101536,0.0479782743,0,0,0,0,0,0,0,0.400000006,0.005797101536,0.0479782743,0,0,0,0,0,0,0,0.400000006,0,0,0,0,0,0,0,0,0,0,138,0,0,0,0,-0.1126138429,-0.1126138429,0,0
jpeg_q95,0,all,3,fft_spectral_decay_slope,-1.385622557,0.1102622131,false,138,-1.423606407,0.1120404502,-1.425444186,-1.594202989,-1.487365931,-1.364293367,-1.25956108,0.1230725646,-1.73265934,-1.10025394,-1.423668284,0.1120647533,-1.425392628,-1.594045758,-1.487772286,-1.364025652,-1.259171462,0.1237466335,-1.732361197,-1.100090027,-6.18773958e-05,0.0003401943908,-4.488229752e-05,-0.0006321072578,-0.00025588274,0.0001308917999,0.0004125237465,0.0003867745399,-0.001071214676,0.0009225606918,138,-0.0005611840547,-0.0004070505777,-0.002320674807,0.001187095709,-0.344486557,-0.345047741,0,0
jpeg_q95,0,all,4,dct_mean_high_freq_energy,0.6197976353,0.5345537214,false,138,0.6229195484,0.5827248687,0.4881677032,0.1002211858,0.2262522541,0.7755658478,1.437540543,0.5493135937,0.04105904698,3.785670042,0.5991268637,0.5737330091,0.471798867,0.09670278728,0.2137171701,0.7377286553,1.382768345,0.5240114853,0.03906472027,3.777360439,-0.02379268475,0.01845256305,-0.02017642558,-0.05627346635,-0.03614509106,-0.009422272444,-0.0001435607672,0.02672281861,-0.07282376289,0.01003932953,138,-0.04450943619,-0.03774443011,-0.06761732191,-0.01762642755,0.005840223367,-0.03866921282,0.01449275362,0.01449275362
jpeg_q95,0,all,5,dct_ac_energy_variance,0.6284246377,0.7343028515,false,138,0.6583205247,0.8985589689,0.3575113565,0.02801060453,0.1286392771,0.8179667741,2.571643233,0.689327497,0.0002849863376,5.270551682,0.6303533556,0.884391093,0.3349658996,0.02526884908,0.1180954352,0.77074413,2.475819147,0.6526486948,0.000239578716,5.25522089,-0.02796716907,0.02600408388,-0.0191083774,-0.07427262068,-0.04293295741,-0.006852762774,-0.0001402479844,0.03608019464,-0.1060814857,0.00878983736,138,-0.03808669545,-0.02602247473,-0.0584676436,-0.009332338503,0.0407132928,0.002626597354,0.02898550725,0.02898550725
jpeg_q95,0,all,6,dct_anomaly_score,0.8896165086,0.1617603228,false,138,0.8841059737,0.1707738684,1,0.5005223125,0.771111697,1,1,0.228888303,0.3281230032,1,0.8887366253,0.1696970689,1,0.502059333,0.7845694423,1,1,0.2154305577,0.3161688447,1,0.004630651595,0.01091670694,0,0,0,0.009122505784,0.02105434537,0.009122505784,-0.05968204141,0.0557294488,138,0.02862662187,0,0,0.05639520016,-0.0340660481,-0.00543942623,0.02173913043,0.01449275362
jpeg_q95,0,all,7,noise_global_level,0.08080894019,0.05559111742,false,138,0.08028065776,0.05718313319,0.07056604326,0.01799762454,0.0382585125,0.09814796411,0.1651149116,0.0598894516,0.006745913532,0.3703222573,0.07889054699,0.05659155677,0.06970969588,0.01793344133,0.03776223958,0.09732821397,0.1610889792,0.0595659744,0.006714728661,0.3699453771,-0.001390110769,0.001296224188,-0.001086900011,-0.004026700184,-0.002255555242,-0.0004117665812,0.0003067214042,0.001843788661,-0.00451849401,0.0008970052004,138,-0.02500598717,-0.0195516849,-0.04057402238,-0.007407057105,-0.009503000644,-0.03450898781,0.01449275362,0.01449275362
jpeg_q95,0,all,8,noise_max_to_min_ratio,0.4005905392,0.3283078921,false,138,0.4453081456,0.3607283821,0.2647853196,0.07081967294,0.1493788511,0.8646017313,1,0.7152228802,0.04145768657,1,0.4437898062,0.360082231,0.2687756419,0.07056690343,0.1467484757,0.8649550229,1,0.7182065472,0.04213792086,1,-0.001518339378,0.008464964985,0,-0.008764892817,-0.002780165523,0.0005493406206,0.007465550303,0.003329506144,-0.04133784771,0.03457266092,138,-0.004624742244,0,-0.008468165372,0.001673248295,0.1362063098,0.1315815676,0,0
jpeg_q95,0,all,9,noise_std_of_variances,0.04551184494,0.02989405613,false,138,0.04365767066,0.02698248863,0.03658255562,0.01399608413,0.02659451729,0.05501394998,0.1025388174,0.0284194327,0.002154552378,0.1580343544,0.04296068067,0.02678633391,0.03641246073,0.01382489316,0.02656985959,0.05375583004,0.1023771085,0.02718597045,0.002133377828,0.1573670059,-0.0006969899911,0.0005756515823,-0.0006695678458,-0.001792296208,-0.001083227806,-0.0002606720664,0.0001691261306,0.0008225557394,-0.002174079418,0.0004801545292,138,-0.02331533694,-0.02239802598,-0.03623555803,-0.008719862745,-0.06202484765,-0.08534018459,0.01449275362,0.01449275362
jpeg_q95,0,all,10,noise_coef_variation,0.6096584915,0.2357993102,false,138,0.6182586212,0.254247811,0.575843662,0.3000096932,0.4279938638,0.7567478418,1.127750921,0.328753978,0.1991848499,1.52797842,0.6177916446,0.2532046097,0.5750898123,0.2993362263,0.4275745228,0.7561352253,1.120384854,0.3285607025,0.2059407234,1.519811273,-0.0004669765847,0.005077618158,-0.0006305575371,-0.008171787858,-0.003649115562,0.002340607345,0.008275970817,0.005989722908,-0.0139657259,0.01578766108,138,-0.001980398435,-0.002674127997,-0.01547551416,0.00992626884,0.0364722427,0.03449184427,0.02173913043,0.02173913043
jpeg_q95,0,all,11,noise_inconsistency_score,0.4720873315,0.2820146066,false,138,0.4710049793,0.2822368338,0.4344582111,0.06667959392,0.237325158,0.6756637841,1,0.4383386262,0,1,0.4703345525,0.2817769989,0.433453083,0.06578163989,0.236766018,0.674846977,1,0.438080959,0,1,-0.0006704267884,0.005839860656,-0.0007535517216,-0.009224906564,-0.003693316132,0.001868443564,0.008336480707,0.005561759695,-0.01852554083,0.02105027437,138,-0.002377276824,-0.002672030823,-0.01309618738,0.006625343225,-0.003837929798,-0.006215206622,0,0
jpeg_q95,0,all,12,jpeg_boundary_difference_ratio,1.090870751,0.09272478005,false,138,1.094637892,0.08242513027,1.073904634,1.004617625,1.038554549,1.140414715,1.241220397,0.1018601656,0.9367277026,1.366062284,1.107061884,0.08176446727,1.086515963,1.006738991,1.054667056,1.149975479,1.25726732,0.09530842304,0.937148273,1.367463231,0.01242399216,0.006576873978,0.01353049278,-0.001016575098,0.009673386812,0.01749563217,0.02037348151,0.007822245359,-0.003396987915,0.0224738121,138,0.133987831,0.1459210016,0.1043236426,0.1886834583,0.04062712246,0.1746149534,0,0
jpeg_q95,0,all,13,jpeg_periodic_grid_strength,0.09243611017,0.0907148422,false,138,0.09642331938,0.07966541225,0.07390465587,0.004617586674,0.03855454829,0.1404147036,0.2412204221,0.1018601554,0,0.3660622239,0.1085752192,0.07922082649,0.08651597425,0.006738996669,0.05466701929,0.149975419,0.2572673202,0.09530839976,0,0.3674632609,0.01215189977,0.00677905851,0.01314194128,-0.001016581524,0.008762270212,0.01749561634,0.02037350298,0.008733346127,-0.003396913409,0.02247375622,138,0.1339571285,0.1448709049,0.09659136255,0.1928638789,0.04395321777,0.1779103462,0,0
jpeg_q95,0,all,14,jpeg_artifact_score,0.1833023631,0.171337667,false,138,0.1928466388,0.1593308245,0.1478093117,0.009235173347,0.07710909657,0.2808294073,0.4824408442,0.2037203107,0,0.7321244478,0.2171504383,0.158441653,0.1730319485,0.01347799334,0.1093340386,0.2999508381,0.5145346403,0.1906167995,0,0.7349265218,0.02430379954,0.01355811702,0.02628388256,-0.002033163048,0.01752454042,0.03499123268,0.04074700596,0.01746669225,-0.006793826818,0.04494751245,138,0.1418473823,0.1534039947,0.1022807228,0.204223819,0.05570448035,0.1975518626,0,0
jpeg_q95,0,all,15,laplacian_variance,0.02789879267,0.0338247289,false,138,0.02909166392,0.04280568419,0.01999837346,0.002280609007,0.006337314378,0.03559730481,0.08532636315,0.02925999044,0.0001030618296,0.323674053,0.02829642142,0.04238182672,0.0194377657,0.002175864298,0.006056686281,0.03426979017,0.08291230947,0.02821310388,0.0001023364603,0.3222380579,-0.0007952425042,0.0008250927994,-0.0005533625372,-0.002418379486,-0.001241825521,-0.000121391844,2.942124847e-05,0.001120433677,-0.003693237901,0.0002809427679,138,-0.02351068375,-0.01635970354,-0.03671353951,-0.003588848985,0.03526624731,0.01175556356,0.02898550725,0.02898550725
jpeg_q95,0,authentic,0,fft_high_freq_energy_ratio,0.2799905716,0.03453516356,false,69,0.2676152451,0.03527896482,0.2713539302,0.2168984205,0.247530669,0.2894434333,0.3214311659,0.04191276431,0.1760342121,0.3672825694,0.2675945711,0.03527853418,0.2713991106,0.2167907447,0.2475454509,0.2893103063,0.3212862313,0.04176485538,0.1759185344,0.3673148751,-2.067395742e-05,0.0001269609886,-7.599592209e-06,-0.0002270877361,-0.0001005828381,5.692243576e-05,0.0002191722393,0.0001575052738,-0.0003619492054,0.0002487003803,69,-0.0005986349938,-0.0002200537488,-0.002912476088,0.001648245727,-0.3583398836,-0.3589385186,0,0
jpeg_q95,0,authentic,1,fft_spectral_peak_count,0.002022058854,0.01407540999,false,69,0,0,0,0,0,0,0,0,0,0,0,0,0,0,0,0,0,0,0,0,0,0,0,0,0,0,0,0,0,0,69,0,0,0,0,-0.1436589666,-0.1436589666,0,0
jpeg_q95,0,authentic,2,fft_radial_anomaly_score,0.013419118,0.06768276676,false,69,0.005797101536,0.04815434195,0,0,0,0,0,0,0,0.400000006,0.005797101536,0.04815434195,0,0,0,0,0,0,0,0.400000006,0,0,0,0,0,0,0,0,0,0,69,0,0,0,0,-0.1126138429,-0.1126138429,0,0
jpeg_q95,0,authentic,3,fft_spectral_decay_slope,-1.385622557,0.1102622131,false,69,-1.430753112,0.1147607778,-1.426779509,-1.600326872,-1.487609267,-1.371150851,-1.261711669,0.116458416,-1.73265934,-1.110512137,-1.430841073,0.1147953837,-1.426794171,-1.600631785,-1.487978935,-1.371059179,-1.261272764,0.1169197559,-1.732361197,-1.110249639,-8.796090665e-05,0.0003326596165,-3.063678741e-05,-0.0005881547928,-0.0002745389938,9.977817535e-05,0.0003968477249,0.0003743171692,-0.001071214676,0.0008518695831,69,-0.0007977429821,-0.0002778539136,-0.002489873786,0.0009049172204,-0.409302097,-0.41009984,0,0
jpeg_q95,0,authentic,4,dct_mean_high_freq_energy,0.6197976353,0.5345537214,false,69,0.6180749267,0.5952769108,0.4740214944,0.09867266417,0.2234260589,0.7519392967,1.43703568,0.5285132378,0.04105904698,3.785670042,0.595742205,0.5858495196,0.4624720812,0.09428425282,0.2126350403,0.7242040634,1.37825067,0.5115690231,0.03906472027,3.777360439,-0.02233272165,0.01904468308,-0.01830407977,-0.05626950264,-0.0340719223,-0.007839441299,0.0008091956377,0.026232481,-0.07282376289,0.01003932953,69,-0.04177825493,-0.03424179654,-0.06373900496,-0.01466539467,-0.003222704407,-0.04500095934,0.01449275362,0.01449275362
jpeg_q95,0,authentic,5,dct_ac_energy_variance,0.6284246377,0.7343028515,false,69,0.6633549428,0.9142852431,0.3665522933,0.02697313018,0.1177308857,0.819165647,2.399181032,0.7014347613,0.0002849863376,5.270551682,0.6330354232,0.8974117323,0.3350999653,0.02493474483,0.1044358239,0.7650229335,2.298281717,0.6605871096,0.000239578716,5.25522089,-0.03031951956,0.02805250743,-0.01906479895,-0.08011128902,-0.04712873697,-0.006796404719,-0.0005099229864,0.04033233225,-0.1060814857,0.003980398178,69,-0.04129021084,-0.02596312804,-0.06418160692,-0.00925558808,0.0475693442,0.006279133356,0.02898550725,0.02898550725
jpeg_q95,0,authentic,6,dct_anomaly_score,0.8896165086,0.1617603228,false,69,0.8879090625,0.1721135007,1,0.5240263104,0.7816799879,1,1,0.2183200121,0.3281230032,1,0.8904347692,0.1701729026,1,0.5269367993,0.7880087495,1,1,0.2119912505,0.3161688447,1,0.002525706654,0.005256066978,0,-0.002143406868,0,0.006328761578,0.01157574654,0.006328761578,-0.01195415854,0.01755523682,69,0.01561388238,0,0,0.03912431347,-0.0105554074,0.005058474977,0.02898550725,0.01449275362
jpeg_q95,0,authentic,7,noise_global_level,0.08080894019,0.05559111742,false,69,0.0805053915,0.05851415123,0.07197356224,0.01819529869,0.03660837561,0.1022324786,0.1648542762,0.06562410295,0.006745913532,0.3703222573,0.07893887725,0.05786479841,0.07076320797,0.01793294065,0.03560005501,0.1004933119,0.1604180366,0.06489325687,0.006714728661,0.3699453771,-0.001566514245,0.001332979161,-0.001248728484,-0.004163780808,-0.002504050732,-0.0005396530032,0.0002599343657,0.001964397728,-0.00451849401,0.0005058199167,69,-0.0281792185,-0.02246273401,-0.04504407985,-0.00970754013,-0.005460381204,-0.03363959971,0.01449275362,0.01449275362
jpeg_q95,0,authentic,8,noise_max_to_min_ratio,0.4005905392,0.3283078921,false,69,0.4443641093,0.3622214853,0.2658881545,0.07129057646,0.142224431,0.8488205075,1,0.7065960765,0.04370579496,1,0.4420740668,0.3613760565,0.268932879,0.0723980993,0.1423778534,0.8464816213,1,0.7041037679,0.04469262064,1,-0.002290042576,0.008950272459,-0.000605225563,-0.01083225012,-0.003139406443,0,0.002861702442,0.003139406443,-0.04133784771,0.03457266092,69,-0.00697528945,-0.001843469431,-0.009562384938,0,0.1333308496,0.1263555601,0,0
jpeg_q95,0,authentic,9,noise_std_of_variances,0.04551184494,0.02989405613,false,69,0.04369038287,0.02724900578,0.03717752174,0.01391178984,0.02697456814,0.054776337,0.09540184885,0.02780176885,0.002154552378,0.1550073773,0.04289808232,0.02709102625,0.03690489009,0.01380462572,0.026526317,0.05286042392,0.09494032264,0.02633410692,0.002133377828,0.1546044201,-0.0007923005446,0.0005489517617,-0.0007458776236,-0.00171687007,-0.001100052148,-0.0004265606403,2.169981599e-05,0.0006734915078,-0.002174079418,0.0002180077136,69,-0.02650361467,-0.02495069991,-0.03679835695,-0.01426907873,-0.06093057629,-0.08743419096,0.01449275362,0.01449275362
jpeg_q95,0,authentic,10,noise_coef_variation,0.6096584915,0.2357993102,false,69,0.619954743,0.2614177481,0.5725318193,0.3023601413,0.4268141091,0.7614194751,1.073199153,0.334605366,0.2025957406,1.52797842,0.6189264243,0.2601975176,0.5659873486,0.3017629027,0.4246821105,0.7566469312,1.07637279,0.3319648206,0.2095638216,1.519811273,-0.001028318768,0.004714500925,-0.0012601614,-0.008145260811,-0.00372505188,0.001773178577,0.006855237484,0.005498230457,-0.01337182522,0.01264536381,69,-0.004360991418,-0.005344211562,-0.01579755207,0.007519863294,0.04366531661,0.03930432519,0.02898550725,0.02898550725
jpeg_q95,0,authentic,11,noise_inconsistency_score,0.4720873315,0.2820146066,false,69,0.4703471324,0.2843488453,0.4300424159,0.06981352568,0.2357521355,0.6818926334,0.9851087809,0.4461404979,0,1,0.4688692388,0.2835594684,0.4213164449,0.06901720464,0.2329094857,0.6755292416,0.9792240143,0.4426197559,0,1,-0.00147789355,0.005157218007,-0.001246958971,-0.009136462212,-0.00494030118,0.001089762896,0.005839660764,0.006030064076,-0.01471191645,0.01496094465,69,-0.00524048583,-0.004421611298,-0.01751789114,0.003864207281,-0.006170599333,-0.01141108516,0,0
jpeg_q95,0,authentic,12,jpeg_boundary_difference_ratio,1.090870751,0.09272478005,false,69,1.099273489,0.08535653055,1.078463078,1.005254459,1.043555379,1.148357272,1.255086613,0.1048018932,0.9367277026,1.366062284,1.111657886,0.08424811176,1.091152787,1.007643366,1.062134147,1.154553771,1.267300248,0.09241962433,0.937148273,1.367463231,0.01238439653,0.006797580775,0.01362001896,-0.001367998123,0.009630322456,0.01737308502,0.02088763714,0.007742762566,-0.003396987915,0.0224738121,69,0.1335608079,0.146886506,0.1038592106,0.1873618359,0.09062019928,0.2241810071,0,0
jpeg_q95,0,authentic,13,jpeg_periodic_grid_strength,0.09243611017,0.0907148422,false,69,0.1011309469,0.08243236445,0.0784631297,0.005254429486,0.04355535656,0.1483572572,0.2550866425,0.1048019007,0,0.3660622239,0.1132374305,0.0815346026,0.09115275741,0.007643350959,0.06213419512,0.1545537412,0.267300266,0.0924195461,0,0.3674632609,0.01210648356,0.006993529262,0.01318461448,-0.001368040591,0.008660301566,0.01737306267,0.020887582,0.008712761104,-0.003396913409,0.02247375622,69,0.1334564804,0.1453413153,0.09546730563,0.1915129018,0.09584800616,0.2293044865,0,0
jpeg_q95,0,authentic,14,jpeg_artifact_score,0.1833023631,0.171337667,false,69,0.2022618938,0.1648647289,0.1569262594,0.01050885897,0.08711071312,0.2967145145,0.510173285,0.2096038014,0,0.7321244478,0.226474861,0.1630692052,0.1823055148,0.01528670192,0.1242683902,0.3091074824,0.5346005321,0.1848390922,0,0.7349265218,0.02421296712,0.01398705852,0.02636922896,-0.002736081183,0.01732060313,0.03474612534,0.04177516401,0.01742552221,-0.006793826818,0.04494751245,69,0.1413172453,0.1539021129,0.1010904575,0.2027932676,0.1106559411,0.2519731864,0,0
jpeg_q95,0,authentic,15,laplacian_variance,0.02789879267,0.0338247289,false,69,0.02949938314,0.04420125242,0.02020472474,0.002270818315,0.005969624966,0.03699894622,0.07890564501,0.03102932125,0.0001030618296,0.323674053,0.02862447516,0.04373857643,0.01953473128,0.002172161592,0.005691698752,0.0360891372,0.07650646567,0.03039743844,0.0001023364603,0.3222380579,-0.0008749079777,0.0008658118321,-0.0006109457463,-0.002487204224,-0.001417730004,-0.0001715812832,2.531511709e-05,0.00124614872,-0.003693237901,0.0001738481224,69,-0.02586592727,-0.01806210326,-0.04191400935,-0.005072658046,0.04732012704,0.02145419977,0.02898550725,0.02898550725
jpeg_q95,0,ai_edited,0,fft_high_freq_energy_ratio,0.2799905716,0.03453516356,false,69,0.272222536,0.03421847377,0.275267154,0.2219266862,0.2534981966,0.2949897945,0.3187403679,0.04149159789,0.1780514121,0.3744005263,0.2722173607,0.03421712225,0.2754696012,0.2218689024,0.2534716129,0.2951852977,0.3185558498,0.0417136848,0.1779758781,0.3743910491,-5.17523807e-06,0.0001264923651,-7.182359695e-06,-0.0002082109451,-8.633732796e-05,6.666779518e-05,0.0002035021782,0.0001530051231,-0.0002839565277,0.0002682209015,69,-0.0001498541642,-0.0002079723666,-0.002499983178,0.001930432299,-0.2249311946,-0.2250810488,0,0
jpeg_q95,0,ai_edited,1,fft_spectral_peak_count,0.002022058854,0.01407540999,false,69,0,0,0,0,0,0,0,0,0,0,0,0,0,0,0,0,0,0,0,0,0,0,0,0,0,0,0,0,0,0,69,0,0,0,0,-0.1436589666,-0.1436589666,0,0
jpeg_q95,0,ai_edited,2,fft_radial_anomaly_score,0.013419118,0.06768276676,false,69,0.005797101536,0.04815434195,0,0,0,0,0,0,0,0.400000006,0.005797101536,0.04815434195,0,0,0,0,0,0,0,0.400000006,0,0,0,0,0,0,0,0,0,0,69,0,0,0,0,-0.1126138429,-0.1126138429,0,0
jpeg_q95,0,ai_edited,3,fft_spectral_decay_slope,-1.385622557,0.1102622131,false,69,-1.416459702,0.1096222592,-1.419485807,-1.586987209,-1.482180834,-1.348156929,-1.257024431,0.1340239048,-1.719831467,-1.10025394,-1.416495496,0.109632617,-1.419367075,-1.587277675,-1.48268044,-1.34830296,-1.257122946,0.1343774796,-1.719882131,-1.100090027,-3.579388494e-05,0.0003480276737,-4.804134369e-05,-0.0006401538849,-0.0002197027206,0.000178694725,0.000403380394,0.0003983974457,-0.0008659362793,0.0009225606918,69,-0.0003246251272,-0.0004357008839,-0.001992547715,0.001620634305,-0.2796710169,-0.279995642,0,0
jpeg_q95,0,ai_edited,4,dct_mean_high_freq_energy,0.6197976353,0.5345537214,false,69,0.6277641702,0.5742194395,0.5124770999,0.1108863637,0.2412195504,0.7892599106,1.429987264,0.5480403602,0.04187816754,3.636818409,0.6025115223,0.5656296951,0.4823021293,0.1005801484,0.2215780318,0.7422368526,1.375136828,0.5206588209,0.03927563876,3.626853943,-0.02525264786,0.01785989494,-0.02135622501,-0.05596511364,-0.03789049387,-0.01161654294,-0.001323473454,0.02627395093,-0.06749212742,0.003097772598,69,-0.04724061745,-0.03995150376,-0.07088248075,-0.02173129186,0.01490315114,-0.03233746631,0.01449275362,0.01449275362
jpeg_q95,0,ai_edited,5,dct_ac_energy_variance,0.6284246377,0.7343028515,false,69,0.6532861066,0.8892250275,0.3484704196,0.03260450102,0.1522630304,0.8096401095,2.534277678,0.6573770791,0.0004287126649,5.233992577,0.627671288,0.8777442484,0.3259013593,0.02921522148,0.1381908357,0.7726511955,2.441511536,0.6344603598,0.0002717281459,5.241510391,-0.02561481858,0.02375281091,-0.01915195584,-0.06888356209,-0.03784799576,-0.006969645619,-0.0007053528971,0.03087835014,-0.1019530296,0.00878983736,69,-0.03488318006,-0.02608182142,-0.05154276016,-0.009491513761,0.03385724141,-0.001025938647,0.02898550725,0.02898550725
jpeg_q95,0,ai_edited,6,dct_anomaly_score,0.8896165086,0.1617603228,false,69,0.8803028849,0.1705986428,1,0.5353471756,0.7646696568,1,1,0.2353303432,0.3411827087,1,0.8870384814,0.1704494299,1,0.539340961,0.7823027968,1,1,0.2176972032,0.3349112272,1,0.006735596536,0.01426476089,0,0,0,0.01257377863,0.03318828344,0.01257377863,-0.05968204141,0.0557294488,69,0.04163936136,0,0,0.07773091949,-0.0575766888,-0.01593732744,0.01449275362,0.01449275362
jpeg_q95,0,ai_edited,7,noise_global_level,0.08080894019,0.05559111742,false,69,0.08005592403,0.05624855531,0.06915852427,0.01875221208,0.03857033327,0.09627329558,0.1622808248,0.05770296231,0.006754894275,0.3557565212,0.07884221674,0.05571324872,0.06865618378,0.01865241006,0.03804080933,0.09532386065,0.1581121653,0.05728305131,0.006723712198,0.3558202982,-0.001213707293,0.001243027761,-0.0009372010827,-0.003790825605,-0.002112060785,-0.000318787992,0.0003527827561,0.001793272793,-0.004476845264,0.0008970052004,69,-0.02183275583,-0.01685882793,-0.03799277445,-0.005734513117,-0.01354562008,-0.03537837592,0.01449275362,0.01449275362
jpeg_q95,0,ai_edited,8,noise_max_to_min_ratio,0.4005905392,0.3283078921,false,69,0.4462521819,0.3618802574,0.2636824846,0.06979696006,0.1606089771,0.8698621392,1,0.7092531621,0.04145768657,1,0.4455055457,0.3614229531,0.2686184049,0.06901445091,0.1561039239,0.8711128235,1,0.7150088996,0.04213792086,1,-0.000746636179,0.007940345048,0,-0.008427107334,-0.001831173897,0.001201957464,0.007605588436,0.003033131361,-0.04133784771,0.03457266092,69,-0.002274195038,0,-0.005577611568,0.003661067836,0.13908177,0.136807575,0,0
jpeg_q95,0,ai_edited,9,noise_std_of_variances,0.04551184494,0.02989405613,false,69,0.04362495845,0.02691292598,0.03598758951,0.01447887011,0.02646783367,0.05509315431,0.09505370706,0.02862532064,0.002187216189,0.1580343544,0.04302327901,0.02667649334,0.03592003137,0.01446323935,0.02670048736,0.05376069248,0.09466700554,0.02706020512,0.002166032325,0.1573670059,-0.0006016794376,0.0005897789646,-0.0005690306425,-0.00175306052,-0.0009575113654,-0.0001619681716,0.0002216871828,0.0007955431938,-0.002100840211,0.0004801545292,69,-0.02012705921,-0.01903490915,-0.03203015881,-0.005418072773,-0.06311911901,-0.08324617822,0.01449275362,0.01449275362
jpeg_q95,0,ai_edited,10,noise_coef_variation,0.6096584915,0.2357993102,false,69,0.6165624993,0.2487758798,0.5791555047,0.305921942,0.4383569956,0.7533271313,1.063267303,0.3149701357,0.1991848499,1.520560622,0.6166568649,0.2479165571,0.5812565684,0.3051098406,0.4337330461,0.7517659664,1.055245829,0.3180329204,0.2059407234,1.511614203,9.43655985e-05,0.005392361778,-3.290176392e-05,-0.00801769495,-0.002792775631,0.003318607807,0.008338332176,0.006111383438,-0.0139657259,0.01578766108,69,0.0004001945486,-0.00013953291,-0.01184386684,0.01407386563,0.02927916879,0.02967936334,0.01449275362,0.01449275362
jpeg_q95,0,ai_edited,11,noise_inconsistency_score,0.4720873315,0.2820146066,false,69,0.4716628262,0.2821906313,0.4388740063,0.07456259429,0.2511426508,0.6711028218,0.9827120781,0.419960171,0,1,0.4717998661,0.2820529141,0.4416754544,0.07347978503,0.2449773997,0.6690213084,0.9794799328,0.4240439087,0,1,0.0001370399731,0.006386657554,0,-0.009007203579,-0.003106415272,0.002801448107,0.009897917509,0.005907863379,-0.01852554083,0.02105027437,69,0.0004859321819,0,-0.01101508645,0.009933698612,-0.001505260264,-0.001019328082,0,0
jpeg_q95,0,ai_edited,12,jpeg_boundary_difference_ratio,1.090870751,0.09272478005,false,69,1.090002295,0.07973937343,1.072321057,1.004238486,1.038431048,1.1353513,1.231177855,0.09692025185,0.9374209642,1.356818676,1.102465883,0.07955224241,1.080305338,1.006657624,1.052871346,1.145014286,1.250323367,0.09214293957,0.9490448236,1.358169198,0.01246358778,0.006398153126,0.01344096661,-0.0008543014526,0.00980257988,0.0176204443,0.01999964714,0.007817864418,-0.003283858299,0.02182614803,69,0.1344148541,0.1449554973,0.1057169386,0.1900295076,-0.009365954367,0.1250488997,0,0
jpeg_q95,0,ai_edited,13,jpeg_periodic_grid_strength,0.09243611017,0.0907148422,false,69,0.09171569184,0.07711301969,0.07232104242,0.004238491366,0.03843105957,0.1353512853,0.2311778694,0.09692022577,0,0.3568187356,0.1039130078,0.07715029989,0.08030528575,0.006657588016,0.05287136137,0.1450143456,0.2503233433,0.09214298427,0,0.358169198,0.01219731598,0.006608589053,0.013034679,-0.0008543812204,0.00906817615,0.01762043685,0.01999966726,0.008552260697,-0.003283798695,0.02182607353,69,0.1344577765,0.1436884933,0.09996353331,0.1942398445,-0.007941570622,0.1265162059,0,0
jpeg_q95,0,ai_edited,14,jpeg_artifact_score,0.1833023631,0.171337667,false,69,0.1834313837,0.1542260394,0.1446420848,0.008476982731,0.07686211914,0.2707025707,0.4623557389,0.1938404515,0,0.7136374712,0.2078260156,0.1543005998,0.1606105715,0.01331517603,0.1057427227,0.2900286913,0.5006466866,0.1842859685,0,0.7163383961,0.02439463196,0.01321717811,0.02606935799,-0.001708762441,0.0181363523,0.03524087369,0.03999933451,0.01710452139,-0.006567597389,0.04365214705,69,0.1423775192,0.1521519375,0.1058515189,0.2056808308,0.0007530196,0.1431305388,0,0
jpeg_q95,0,ai_edited,15,laplacian_variance,0.02789879267,0.0338247289,false,69,0.02868394471,0.04168346319,0.01991919987,0.002396052377,0.007196201012,0.03478367627,0.08247068226,0.02758747526,0.0001044801684,0.304591924,0.02796836768,0.04129857126,0.01941295899,0.002300735051,0.006866394076,0.03381066769,0.08018776178,0.02694427362,0.0001038219125,0.3035883009,-0.0007155770307,0.0007804215081,-0.0004431707785,-0.002325032651,-0.001056868583,-0.0001131678,2.472028136e-05,0.000943700783,-0.002639502287,0.0002809427679,69,-0.02115544023,-0.01310197577,-0.03124544135,-0.003345711959,0.02321236758,0.002056927349,0.02898550725,0.02898550725
jpeg_q95,1,all,0,fft_high_freq_energy_ratio,0.2786693905,0.0355163206,false,136,0.2750749312,0.03160326606,0.2767008096,0.222432591,0.2527769282,0.2948192582,0.3253226727,0.04204232991,0.2045774013,0.3512496948,0.2750506252,0.03157059396,0.2767225057,0.2224402092,0.2529631257,0.2948257104,0.3251519576,0.04186258465,0.2046082765,0.3513016105,-2.430598525e-05,0.0001573502876,-1.791119576e-05,-0.0002813264728,-0.0001075938344,5.217641592e-05,0.0001956000924,0.0001597702503,-0.0003805160522,0.0008237212896,136,-0.0006843610162,-0.000504308877,-0.003029419506,0.001469082806,-0.1012058459,-0.1018902069,0,0
jpeg_q95,1,all,1,fft_spectral_peak_count,0.001648351673,0.01273256088,false,136,0.001470588257,0.01208178394,0,0,0,0,0,0,0,0.1000000015,0.001470588257,0.01208178394,0,0,0,0,0,0,0,0.1000000015,0,0,0,0,0,0,0,0,0,0,136,0,0,0,0,-0.01396132462,-0.01396132462,0,0
jpeg_q95,1,all,2,fft_radial_anomaly_score,0.01300366332,0.06736367464,false,136,0.007352941396,0.04963922265,0,0,0,0,0,0,0,0.400000006,0.007352941396,0.04963922265,0,0,0,0,0,0,0,0.400000006,0,0,0,0,0,0,0,0,0,0,136,0,0,0,0,-0.08388381356,-0.08388381356,0,0
jpeg_q95,1,all,3,fft_spectral_decay_slope,-1.392526299,0.1152052171,false,136,-1.3964485,0.09599708793,-1.394814312,-1.558979988,-1.457956523,-1.343144357,-1.236070007,0.1148121655,-1.652271986,-1.201180458,-1.39649302,0.09594246754,-1.395249248,-1.558657378,-1.457761794,-1.342983752,-1.236204624,0.1147780418,-1.65243423,-1.201050639,-4.452028695e-05,0.0003639281956,-5.275011063e-05,-0.0007154345512,-0.0002807676792,0.0001692771912,0.0005266070366,0.0004500448704,-0.0009714365005,0.001371860504,136,-0.0003864433234,-0.0004578795298,-0.002437109068,0.00146935352,-0.03404534503,-0.03443178835,0,0
jpeg_q95,1,all,4,dct_mean_high_freq_energy,0.6181044546,0.5493786794,false,136,0.6297630816,0.524664406,0.4934166074,0.09328012168,0.2241934575,0.8972641379,1.519081235,0.6730706804,0.05065156892,2.925590038,0.6066544582,0.5113150425,0.4673223495,0.08976973034,0.2176299952,0.8605212122,1.479199976,0.642891217,0.04904849455,2.832015753,-0.02310862343,0.02075301547,-0.01924157888,-0.05853325129,-0.03907485306,-0.007692504674,0.004161506891,0.03138234839,-0.09357428551,0.007702112198,136,-0.04206319666,-0.03502425485,-0.07112553605,-0.01400219004,0.02122147702,-0.02084171963,0,0
jpeg_q95,1,all,5,dct_ac_energy_variance,0.6270257644,0.7701390409,false,136,0.6643762352,0.7700229038,0.3724529296,0.0212386502,0.1219567321,0.867768243,2.548336148,0.7458115108,0.004253847525,3.741172791,0.6328822998,0.7430998182,0.350838691,0.01950783189,0.1161781233,0.8544234335,2.442474246,0.7382453103,0.003598312614,3.590119839,-0.03149393541,0.03549045666,-0.02085912228,-0.09175792336,-0.04445835948,-0.005079151131,0.002686556429,0.03937920835,-0.159935832,0.008976459503,136,-0.04089383051,-0.0270848784,-0.05772770515,-0.006595109274,0.04849834749,0.007604516976,0,0
jpeg_q95,1,all,6,dct_anomaly_score,0.8892446845,0.1661288857,false,136,0.8855177008,0.1530633687,0.9908505976,0.5826226026,0.7990061194,1,1,0.2009938806,0.4697971344,1,0.8896972303,0.151246794,1,0.5923501551,0.8029990345,1,1,0.1970009655,0.4745979011,1,0.004179529407,0.008213799688,0,-0.003518000245,0,0.00993733108,0.01769399643,0.00993733108,-0.03199851513,0.04254692793,136,0.02515835456,0,0,0.05981699716,-0.02243429052,0.00272406404,0,0
jpeg_q95,1,all,7,noise_global_level,0.0804362417,0.05589460607,false,136,0.0817691637,0.05598680928,0.06610705703,0.01981766894,0.03725283872,0.1069633383,0.173744671,0.06971049961,0.009654874913,0.3072870076,0.08038797661,0.05523146312,0.06488305703,0.01992159057,0.0368875498,0.1045355964,0.174440179,0.06764804665,0.009580593556,0.3011519909,-0.00138118709,0.001492188596,-0.001294370741,-0.004137061536,-0.002349868417,-0.0001754236873,0.0006342157722,0.002174444729,-0.00613501668,0.0009514242411,136,-0.02471056131,-0.02315734615,-0.04204105874,-0.003138472559,0.02384705949,-0.0008635018248,0,0
jpeg_q95,1,all,8,noise_max_to_min_ratio,0.4106514387,0.3299784221,false,136,0.4055742049,0.357236594,0.2709191442,0.06124536879,0.1055570152,0.7744327039,1,0.6688756887,0.03581236303,1,0.4037698348,0.3561156526,0.2632316202,0.0596423205,0.1096734703,0.7916115969,1,0.6819381267,0.03516252339,1,-0.001804370104,0.006963110445,-0.0002474486828,-0.01119981706,-0.00324826315,0.0002886243165,0.006922312081,0.003536887467,-0.0329375267,0.0197430253,136,-0.005468145744,-0.0007498935271,-0.009843865335,0.0008746763338,-0.01538656299,-0.02085470873,0,0
jpeg_q95,1,all,9,noise_std_of_variances,0.04483697512,0.02864084927,false,136,0.04633980721,0.03198857211,0.04018729739,0.008991582785,0.022138,0.06126636732,0.1180320587,0.03912836732,0.003824761836,0.1617175788,0.04559848596,0.03157174518,0.03960356675,0.008755448274,0.02214541845,0.0594446715,0.1159099061,0.03729925305,0.003760912223,0.1601557434,-0.0007413212477,0.0008380187083,-0.0006654709578,-0.001894254237,-0.001391512342,-9.565521032e-05,0.0004050352145,0.001295857131,-0.003672190011,0.001206994057,136,-0.02588335425,-0.0232350288,-0.04858488408,-0.003339817525,0.05247163151,0.02658827726,0,0
jpeg_q95,1,all,10,noise_coef_variation,0.6124711164,0.2372147582,false,136,0.607093232,0.2492087521,0.5931148529,0.2538701929,0.4148940369,0.7768195271,1.018683344,0.3619254902,0.1178079024,1.325475693,0.6073139528,0.2502812275,0.5931330025,0.2572422251,0.4154598787,0.7724644542,1.019322067,0.3570045754,0.1143668145,1.338700652,0.0002207207658,0.006305907283,-0.000729739666,-0.008009910583,-0.003227412701,0.002711609006,0.0126760006,0.005939021707,-0.02337276936,0.02570474148,136,0.0009304681017,-0.003076282738,-0.01360544649,0.01143102995,-0.02267095178,-0.02174048368,0,0
jpeg_q95,1,all,11,noise_inconsistency_score,0.4737415174,0.2792792032,false,136,0.4643479926,0.2929146226,0.4574864656,0.005580119672,0.2198587246,0.7024260759,1,0.4825673513,0,1,0.4641232627,0.2924560101,0.4575106502,0.009656293318,0.2206131853,0.6966192573,1,0.476006072,0,1,-0.0002247299622,0.007534492693,0,-0.01067990065,-0.00393936038,0.002651371062,0.01286559738,0.006590731442,-0.03116363287,0.0278955996,136,-0.0008046784712,0,-0.01410545553,0.00949362155,-0.03363488819,-0.03443956666,0,0
jpeg_q95,1,all,12,jpeg_boundary_difference_ratio,1.090441064,0.08958681008,false,136,1.096418357,0.09520352852,1.066247702,1.001485005,1.029974163,1.146678865,1.26335606,0.1167047024,0.9632553458,1.533506393,1.107716793,0.09350518856,1.074869454,1.012471855,1.039958626,1.153517962,1.276643306,0.1135593355,0.972011447,1.525495291,0.01129843558,0.00813410283,0.01238286495,-0.002076923847,0.006216853857,0.01729547977,0.02151626348,0.01107862592,-0.008011102676,0.03300845623,136,0.1261171769,0.1382219653,0.06939474518,0.1930583281,0.0667206799,0.1928378568,0,0
jpeg_q95,1,all,13,jpeg_periodic_grid_strength,0.09230288765,0.0870774111,false,136,0.09701680405,0.09449497051,0.06624772772,0.001556052652,0.02997411089,0.1466788873,0.2633560821,0.1167047764,0,0.533506453,0.1080874652,0.09302208752,0.07486946881,0.0124718505,0.03995856736,0.1535179392,0.2766433358,0.1135593718,0,0.5254952908,0.0110706612,0.008241129832,0.01229522564,-0.002076936886,0.005657441914,0.01719827298,0.02151621087,0.01154083107,-0.008011162281,0.03300842643,136,0.1271358561,0.1411987963,0.06497025856,0.1975055616,0.05413477887,0.1812706349,0,0
jpeg_q95,1,all,14,jpeg_artifact_score,0.1832646402,0.1648027988,false,136,0.1931384419,0.1849521611,0.1324954554,0.003112105303,0.05994822178,0.2933577746,0.5267121643,0.2334095528,0,1,0.2155121707,0.1831248506,0.1497389376,0.02494370099,0.07991713472,0.3070358783,0.5532866716,0.2271187436,0,1,0.02237372881,0.01604811161,0.02459045127,-0.003365354612,0.01131488383,0.03439654596,0.04303242173,0.02308166213,-0.00723849237,0.06601685286,136,0.1357606119,0.1492113693,0.06865710965,0.2087133605,0.05991282741,0.1956734393,0,0
jpeg_q95,1,all,15,laplacian_variance,0.02805360432,0.03645127683,false,136,0.02848768291,0.03312089592,0.01750809141,0.002079587575,0.006000415888,0.03995538224,0.09094562009,0.03395496635,0.0003404301242,0.1899305731,0.02765408606,0.03237024073,0.01707610395,0.002085206768,0.005929662497,0.03781631775,0.08834871836,0.03188665526,0.0003294917115,0.1843376309,-0.0008335968453,0.001054338216,-0.0005103922449,-0.002331493422,-0.001469866373,-4.682379949e-05,0.0001906175166,0.001423042573,-0.005592942238,0.0003659054637,136,-0.02286879686,-0.01400204024,-0.04032413952,-0.001284558555,0.01190846057,-0.01096033629,0,0
jpeg_q95,1,authentic,0,fft_high_freq_energy_ratio,0.2786693905,0.0355163206,false,68,0.2733628728,0.03274662963,0.2772905678,0.2159176648,0.2500021048,0.2949026823,0.3199210733,0.04490057752,0.2045774013,0.3497065008,0.2733287732,0.03271485063,0.2771868408,0.2158347778,0.2500208952,0.2948257104,0.3198161423,0.0448048152,0.2046082765,0.3497675359,-3.409955431e-05,0.0001450233037,-1.723319292e-05,-0.0002818956971,-0.0001368969679,6.108731031e-05,0.0001919917762,0.0001979842782,-0.0003804266453,0.0003283023834,68,-0.0009601094298,-0.0004852189819,-0.003854480577,0.00171997857,-0.1494106815,-0.150370791,0,0
jpeg_q95,1,authentic,1,fft_spectral_peak_count,0.001648351673,0.01273256088,false,68,0,0,0,0,0,0,0,0,0,0,0,0,0,0,0,0,0,0,0,0,0,0,0,0,0,0,0,0,0,0,68,0,0,0,0,-0.1294595556,-0.1294595556,0,0
jpeg_q95,1,authentic,2,fft_radial_anomaly_score,0.01300366332,0.06736367464,false,68,0,0,0,0,0,0,0,0,0,0,0,0,0,0,0,0,0,0,0,0,0,0,0,0,0,0,0,0,0,0,68,0,0,0,0,-0.1930367277,-0.1930367277,0,0
jpeg_q95,1,authentic,3,fft_spectral_decay_slope,-1.392526299,0.1152052171,false,68,-1.402324428,0.1007527649,-1.393148303,-1.570171875,-1.464722425,-1.34111312,-1.24897173,0.1236093044,-1.652271986,-1.219006419,-1.402387677,0.1006924114,-1.393406272,-1.569907981,-1.464675069,-1.341230452,-1.249137628,0.1234446168,-1.65243423,-1.218859553,-6.32492935e-05,0.0003495576704,-8.755922318e-05,-0.0006711363792,-0.0002868175507,0.0001617968082,0.0004078388214,0.0004486143589,-0.0009714365005,0.0008152723312,68,-0.0005490141428,-0.0007600282817,-0.002489622935,0.001404422581,-0.08504935084,-0.08559836498,0,0
jpeg_q95,1,authentic,4,dct_mean_high_freq_energy,0.6181044546,0.5493786794,false,68,0.6237754021,0.5323617182,0.4812808037,0.08102234565,0.2218127847,0.8971287459,1.48335135,0.6753159612,0.05065156892,2.925590038,0.6021299279,0.5184693572,0.4577003419,0.07877309844,0.2129538804,0.8589651287,1.434463012,0.6460112482,0.04904849455,2.832015753,-0.02164547425,0.02147687305,-0.01810176671,-0.05680839419,-0.03857171535,-0.004544116557,0.005320417881,0.0340275988,-0.09357428551,0.007702112198,68,-0.03939991678,-0.03294952532,-0.07020970562,-0.008271374058,0.0103224748,-0.02907744198,0,0
jpeg_q95,1,authentic,5,dct_ac_energy_variance,0.6270257644,0.7701390409,false,68,0.6665845175,0.7898398409,0.3676359504,0.0135241867,0.111851234,0.9044802934,2.539147532,0.7926290594,0.004253847525,3.741172791,0.6332057139,0.7608723027,0.350838691,0.01211479953,0.1100032199,0.8857785016,2.416681546,0.7757752817,0.003809082555,3.590119839,-0.03337880368,0.03731772134,-0.0247149691,-0.09204254746,-0.05060066283,-0.001875152346,0.002624908462,0.04872551048,-0.159935832,0.004001230001,68,-0.04334126944,-0.03209156761,-0.06570328232,-0.002434823124,0.05136572889,0.008024459445,0,0
jpeg_q95,1,authentic,6,dct_anomaly_score,0.8892446845,0.1661288857,false,68,0.8866295486,0.1536179382,1,0.5795079291,0.8052253276,1,1,0.1947746724,0.4697971344,1,0.8891796018,0.1524829007,1,0.5836652279,0.8112780899,1,1,0.1887219101,0.4745979011,1,0.002550053246,0.005168315129,0,-0.003754350543,0,0.006918653846,0.01110347807,0.006918653846,-0.00482660532,0.01581317186,68,0.01534984862,0,0,0.04164630262,-0.01574160894,-0.000391760325,0,0
jpeg_q95,1,authentic,7,noise_global_level,0.0804362417,0.05589460607,false,68,0.08198762176,0.0569568084,0.06611519307,0.0195174234,0.03756597731,0.1069633383,0.1747408912,0.06939736102,0.009654874913,0.3072870076,0.08043112289,0.05614574837,0.06481647119,0.0194519938,0.03684733529,0.1045355964,0.1753728546,0.06768826116,0.009580593556,0.3011519909,-0.001556498861,0.001548812498,-0.001427432522,-0.004302405566,-0.002576930448,-0.0003271554597,0.0005555655807,0.002249774989,-0.00613501668,0.0007352232933,68,-0.0278470316,-0.02553792973,-0.04610338331,-0.005853077474,0.02775545193,-9.157966849e-05,0,0
jpeg_q95,1,authentic,8,noise_max_to_min_ratio,0.4106514387,0.3299784221,false,68,0.4010826803,0.3583591559,0.2624567151,0.0611833889,0.09823947586,0.6852737963,1,0.5870343205,0.03581236303,1,0.3984469361,0.3573553598,0.2531370744,0.05955784582,0.09969640337,0.6789215803,1,0.5792251769,0.03516252339,1,-0.002635744181,0.006319572898,-0.0006279796362,-0.01143020093,-0.003800354898,0,0.00181071274,0.003800354898,-0.0329375267,0.009486496449,68,-0.007987625872,-0.001903093033,-0.01151698003,0,-0.02899813372,-0.03698575959,0,0
jpeg_q95,1,authentic,9,noise_std_of_variances,0.04483697512,0.02864084927,false,68,0.04608611444,0.03275048442,0.040336648,0.008739187988,0.02089014929,0.06161098834,0.1141096987,0.04072083905,0.003824761836,0.1610382348,0.04525064177,0.03236975662,0.03960356675,0.008395390352,0.02031892631,0.05965865403,0.1111974925,0.03933972772,0.003760912223,0.1595774293,-0.0008354726699,0.0008171145925,-0.0007699541748,-0.002002393454,-0.001470806077,-0.0002071873751,0.0001290937886,0.001263618702,-0.003672190011,0.001206994057,68,-0.02917066676,-0.02688307764,-0.05135343799,-0.007233981545,0.0436139066,0.01444323983,0,0
jpeg_q95,1,authentic,10,noise_coef_variation,0.6124711164,0.2372147582,false,68,0.593418267,0.2341099746,0.5878559351,0.251134298,0.4029719904,0.7628622949,0.9462462753,0.3598903045,0.1178079024,1.282613516,0.5922842731,0.2337908804,0.5856601298,0.2563890085,0.4027042314,0.750963375,0.946952191,0.3482591435,0.1143668145,1.28805995,-0.001133993816,0.005499043501,-0.0007574856281,-0.01068720222,-0.00334755145,0.002157136798,0.005937829614,0.005504688248,-0.02337276936,0.01249301434,68,-0.004780452213,-0.00319324832,-0.01411190212,0.009093602835,-0.08031898842,-0.08509944064,0,0
jpeg_q95,1,authentic,11,noise_inconsistency_score,0.4737415174,0.2792792032,false,68,0.4538630905,0.2908948762,0.4504745901,0.002604055847,0.2039626539,0.6838164479,0.9283283472,0.479853794,0,1,0.4523595911,0.2894727478,0.4475468248,0.008518677577,0.203605637,0.6679511368,0.9292696148,0.4643454999,0,1,-0.001503499369,0.007086123443,-0.0009705722332,-0.01424959153,-0.004323393106,0.002459987998,0.007740130881,0.006783381104,-0.03116363287,0.01665736735,68,-0.005383499206,-0.003475275718,-0.01548054083,0.008808346522,-0.07117761255,-0.07656111176,0,0
jpeg_q95,1,authentic,12,jpeg_boundary_difference_ratio,1.090441064,0.08958681008,false,68,1.102201956,0.09919414517,1.072005451,1.00478794,1.031614214,1.148838431,1.265370679,0.1172242165,0.9684098363,1.52736485,1.113465113,0.09690015227,1.084462464,1.016073126,1.043762118,1.160580158,1.276030588,0.1168180406,0.9775772095,1.519572377,0.01126315664,0.008405136458,0.01238286495,-0.002383106947,0.004666119814,0.017249614,0.02130835056,0.01258349419,-0.007792472839,0.03300845623,68,0.1257233808,0.1382219653,0.05208489743,0.1925463579,0.1312792805,0.2570026613,0,0
jpeg_q95,1,authentic,13,jpeg_periodic_grid_strength,0.09230288765,0.0870774111,false,68,0.102754766,0.09853478291,0.07200545818,0.00478794392,0.03161426308,0.1488383971,0.2653707281,0.117224134,0,0.52736485,0.1137948634,0.09646801953,0.08446246013,0.01607312346,0.04376214091,0.160580188,0.2760305598,0.1168180471,0,0.5195723772,0.01104009738,0.008523688332,0.01218136167,-0.002383085713,0.003863304853,0.01724962424,0.02130834321,0.01338631939,-0.007792472839,0.03300842643,68,0.1267848601,0.1398911786,0.04436632652,0.1980952813,0.1200297322,0.2468145922,0,0
jpeg_q95,1,authentic,14,jpeg_artifact_score,0.1832646402,0.1648027988,false,68,0.2047046834,0.1936312807,0.1440109164,0.009575887839,0.06322852615,0.2976767942,0.5307414562,0.2344482681,0,1,0.2270140686,0.1905217757,0.1689249203,0.03214624692,0.08752428181,0.3211603761,0.5520611197,0.2336360943,0,1,0.02230938514,0.01663316894,0.02436272334,-0.003845315799,0.007726609707,0.03449924849,0.04261668641,0.02677263878,-0.00723849237,0.06601685286,68,0.1353701836,0.1478295485,0.04688397141,0.2093365449,0.1300951401,0.2654653238,0,0
jpeg_q95,1,authentic,15,laplacian_variance,0.02805360432,0.03645127683,false,68,0.02872774246,0.03375286642,0.01748526562,0.001561056438,0.005996976397,0.04018329084,0.08783781491,0.03418631444,0.0003404301242,0.1899305731,0.02782056892,0.03297016859,0.01704682223,0.00151845112,0.005561579019,0.03811486531,0.08595691063,0.03255328629,0.0003294917115,0.1843376309,-0.0009071735356,0.001095441908,-0.0005699479952,-0.002382202074,-0.001637212932,-0.0001058862836,0.0001841688529,0.001531326649,-0.005592942238,0.0002942979336,68,-0.02488729105,-0.01563588562,-0.04491510516,-0.002904871729,0.01849422567,-0.006393065384,0,0
jpeg_q95,1,ai_edited,0,fft_high_freq_energy_ratio,0.2786693905,0.0355163206,false,68,0.2767869896,0.03056383936,0.276038751,0.2314612336,0.2556170747,0.2933698148,0.32843429,0.03775274009,0.2173138261,0.3512496948,0.2767724772,0.03052869897,0.2760801315,0.2314872354,0.2556397319,0.2934817746,0.328348504,0.03784204274,0.2173740715,0.3513016105,-1.451241619e-05,0.0001692965306,-1.791119576e-05,-0.0002772808075,-9.296834469e-05,4.916638136e-05,0.0001883730292,0.000142134726,-0.0003805160522,0.0008237212896,68,-0.0004086126026,-0.000504308877,-0.002617623198,0.001384332063,-0.05300101025,-0.05340962285,0,0
jpeg_q95,1,ai_edited,1,fft_spectral_peak_count,0.001648351673,0.01273256088,false,68,0.002941176514,0.0170213936,0,0,0,0,0,0,0,0.1000000015,0.002941176514,0.0170213936,0,0,0,0,0,0,0,0.1000000015,0,0,0,0,0,0,0,0,0,0,68,0,0,0,0,0.1015369064,0.1015369064,0,0
jpeg_q95,1,ai_edited,2,fft_radial_anomaly_score,0.01300366332,0.06736367464,false,68,0.01470588279,0.06967880851,0,0,0,0,0,0,0,0.400000006,0.01470588279,0.06967880851,0,0,0,0,0,0,0,0.400000006,0,0,0,0,0,0,0,0,0,0,68,0,0,0,0,0.0252691006,0.0252691006,0,0
jpeg_q95,1,ai_edited,3,fft_spectral_decay_slope,-1.392526299,0.1152052171,false,68,-1.390572572,0.09136313452,-1.3964535,-1.547401798,-1.44770658,-1.343721837,-1.232522863,0.1039847434,-1.594462514,-1.201180458,-1.390598364,0.09131160215,-1.396770775,-1.547584999,-1.447450042,-1.343720019,-1.23248657,0.1037300229,-1.595177889,-1.201050639,-2.579128041e-05,0.0003794227827,-2.348423004e-05,-0.0007081985474,-0.0002395510674,0.000180542469,0.0005278468132,0.0004200935364,-0.0008013248444,0.001371860504,68,-0.0002238725039,-0.0002038469319,-0.002079342181,0.001567137961,0.01695866078,0.01673478828,0,0
jpeg_q95,1,ai_edited,4,dct_mean_high_freq_energy,0.6181044546,0.5493786794,false,68,0.635750761,0.520742021,0.4991213828,0.1336027481,0.2307545505,0.8972641379,1.482214439,0.6665095873,0.06417360902,2.899906635,0.6111789884,0.5078742489,0.4727058411,0.1244569685,0.2223348059,0.8605212122,1.433003283,0.6381864063,0.05359865353,2.807860374,-0.02457177261,0.02005497155,-0.02217309177,-0.05775349736,-0.03931184113,-0.010594544,0.00216806531,0.02871729713,-0.09204626083,0.004302740097,68,-0.04472647653,-0.04036030629,-0.07155691075,-0.01928459257,0.03212047925,-0.01260599728,0,0
jpeg_q95,1,ai_edited,5,dct_ac_energy_variance,0.6270257644,0.7701390409,false,68,0.6621679528,0.7555550622,0.3757830411,0.04000221398,0.1357366722,0.845849812,2.274911338,0.7101131398,0.005530878901,3.667944431,0.6325588857,0.7305542811,0.3523242176,0.0345733095,0.1304825135,0.8226418942,2.152495664,0.6921593808,0.003598312614,3.528220415,-0.02960906714,0.03373604575,-0.01857118309,-0.0856844306,-0.04339943826,-0.005480302498,0.002615728974,0.03791913576,-0.1490015984,0.008976459503,68,-0.03844639158,-0.02411406525,-0.05635273107,-0.007115991018,0.04563096608,0.007184574507,0,0
jpeg_q95,1,ai_edited,6,dct_anomaly_score,0.8892446845,0.1661288857,false,68,0.8844058531,0.1536407725,0.9771933258,0.59221102,0.7936108261,1,1,0.2063891739,0.4759403467,1,0.8902148587,0.1511325023,0.9997684658,0.5994002104,0.8019438535,1,1,0.1980561465,0.4868209362,1,0.005809005569,0.01019013481,0,-0.0006447225809,0,0.01232349873,0.0214492619,0.01232349873,-0.03199851513,0.04254692793,68,0.0349668605,0,0,0.07418034906,-0.02912697209,0.005839888404,0,0
jpeg_q95,1,ai_edited,7,noise_global_level,0.0804362417,0.05589460607,false,68,0.08155070564,0.05542251037,0.06610705703,0.02067494458,0.03725283872,0.1062622312,0.1698040694,0.06900939252,0.01007437985,0.304135561,0.08034483032,0.05471937742,0.06488305703,0.02079949155,0.0368875498,0.104524482,0.1706695616,0.06763693225,0.009965303354,0.2983255386,-0.001205875319,0.001423123614,-0.001075297594,-0.003427762166,-0.002208333462,-1.903483644e-05,0.0006847757846,0.002189298626,-0.005810022354,0.0009514242411,68,-0.02157409103,-0.01923794924,-0.0395088832,-0.000340548718,0.01993866704,-0.001635423981,0,0
jpeg_q95,1,ai_edited,8,noise_max_to_min_ratio,0.4106514387,0.3299784221,false,68,0.4100657296,0.3587178276,0.271502912,0.06183575299,0.1126139536,0.7744327039,1,0.6618187502,0.03853657097,1,0.4090927335,0.3574481248,0.2660756111,0.06118797846,0.1127023101,0.7916115969,1,0.6789092869,0.03903155401,1,-0.0009729960276,0.007506894818,0,-0.01084489524,-0.002528797835,0.0005986290053,0.009638369083,0.00312742684,-0.0329375267,0.0197430253,68,-0.002948665617,0,-0.007663524843,0.001814145911,-0.001774992248,-0.004723657865,0,0
jpeg_q95,1,ai_edited,9,noise_std_of_variances,0.04483697512,0.02864084927,false,68,0.04659349997,0.03144972636,0.04006984457,0.009733316395,0.02383435331,0.06027588341,0.1074726801,0.0364415301,0.004072027747,0.1617175788,0.04594633015,0.03099000937,0.0396415256,0.009757100372,0.02441815101,0.05911976937,0.1057456296,0.03470161837,0.004000939429,0.1601557434,-0.0006471698255,0.000854027273,-0.0005842149258,-0.001802828349,-0.001351282001,7.976545021e-06,0.0004717024043,0.001359258546,-0.003483697772,0.0009163916111,68,-0.02259604174,-0.02039796098,-0.04718023505,0.0002785023917,0.06132935642,0.03873331469,0,0
jpeg_q95,1,ai_edited,10,noise_coef_variation,0.6124711164,0.2372147582,false,68,0.6207681971,0.2644803827,0.5958660543,0.2671356946,0.4254678264,0.7925625294,1.147141469,0.367094703,0.1282581687,1.325475693,0.6223436324,0.2666451202,0.6043042839,0.2694388211,0.4222612977,0.7922185957,1.165533459,0.369957298,0.1284147501,1.338700652,0.001575435347,0.006793943374,0.0002459585667,-0.006006145477,-0.00274143368,0.002888381481,0.01612824798,0.005629815161,-0.008128285408,0.02570474148,68,0.006641388416,0.001036860305,-0.01155675853,0.01217623011,0.03497708486,0.04161847327,0,0
jpeg_q95,1,ai_edited,11,noise_inconsistency_score,0.4737415174,0.2792792032,false,68,0.4748328948,0.2967078649,0.461154744,0.02284759097,0.2339571044,0.7234166712,1,0.4894595668,0,1,0.4758869342,0.2970896162,0.4724056721,0.02591842245,0.2296817154,0.7229581177,1,0.4932764024,0,1,0.001054039444,0.00780076863,0,-0.00800819397,-0.003655269742,0.002889022231,0.01988661885,0.006544291973,-0.01083779335,0.0278955996,68,0.003774142264,0,-0.01308822748,0.01034456629,0.003907836166,0.00768197843,0,0
jpeg_q95,1,ai_edited,12,jpeg_boundary_difference_ratio,1.090441064,0.08958681008,false,68,1.090634758,0.09140747227,1.064912379,1.001823804,1.02749306,1.138997495,1.256250519,0.1115044355,0.9632553458,1.533506393,1.101968472,0.09033395905,1.070322335,1.011496532,1.038445413,1.150668532,1.264865935,0.1122231185,0.972011447,1.525495291,0.01133371451,0.007916181486,0.01231557131,-0.001679575443,0.006722688675,0.01729547977,0.02234792113,0.0105727911,-0.008011102676,0.03104150295,68,0.126510973,0.1374708096,0.07504105425,0.1930583281,0.002162079314,0.1286730523,0,0
jpeg_q95,1,ai_edited,13,jpeg_periodic_grid_strength,0.09230288765,0.0870774111,false,68,0.09127884211,0.09064180801,0.06491238996,0.002240874828,0.02749303496,0.138997484,0.2562505484,0.111504449,0,0.533506453,0.1023800671,0.08979514719,0.07032237202,0.01149650468,0.0384453591,0.150668513,0.2648659892,0.1122231539,0,0.5254952908,0.01110122503,0.008011925973,0.01231556898,-0.001679600775,0.006337143481,0.01716026943,0.02234784467,0.01082312595,-0.008011162281,0.03104157746,68,0.1274868521,0.14143242,0.07277597486,0.1970691275,-0.0117601744,0.1157266777,0,0
jpeg_q95,1,ai_edited,14,jpeg_artifact_score,0.1832646402,0.1648027988,false,68,0.1815722003,0.1765234783,0.1298247799,0.004481749656,0.05498606991,0.277994968,0.5125010967,0.2230088981,0,1,0.2040102728,0.1760762803,0.140644744,0.02299300935,0.07689071819,0.3013370261,0.5297319785,0.2244463079,0,1,0.02243807248,0.01556460626,0.02463113796,-0.002792314813,0.01267428696,0.03432053886,0.04469568934,0.0216462519,-0.004974842072,0.06208315492,68,0.1361510401,0.1494582503,0.07690577498,0.2082521602,-0.01026948531,0.1258815548,0,0
jpeg_q95,1,ai_edited,15,laplacian_variance,0.02805360432,0.03645127683,false,68,0.02824762336,0.03272594636,0.01773670036,0.002483886853,0.006036094506,0.03968336154,0.08326021172,0.03364726703,0.0003405403404,0.1877391487,0.02748760321,0.03200337455,0.01739365328,0.002398774261,0.006111589144,0.03769741487,0.08177673481,0.03158582572,0.0003358825052,0.1823531687,-0.0007600201549,0.001014331305,-0.0004220018163,-0.002160232142,-0.001314928755,-2.793836757e-06,0.0002221486531,0.001312134918,-0.00538598001,0.0003659054637,68,-0.02085030268,-0.01157714772,-0.03607359932,-7.664578582e-05,0.005322695478,-0.0155276072,0,0
jpeg_q95,2,all,0,fft_high_freq_energy_ratio,0.2767552759,0.03390628361,false,136,0.2827595381,0.03784402716,0.2792742252,0.2306737341,0.2628660202,0.3033375368,0.3478536904,0.04047151655,0.1503369361,0.390927285,0.2827202349,0.03781148678,0.2792244256,0.2307941653,0.2627536356,0.3033467457,0.3478930742,0.04059311002,0.1508182883,0.3908449709,-3.930323702e-05,0.0001771539641,-4.011392593e-05,-0.0003262385726,-0.0001165345311,7.86036253e-05,0.0001914575696,0.0001951381564,-0.0009244084358,0.00048135221,136,-0.001159172662,-0.001183082357,-0.003436959722,0.002318261305,0.1770840562,0.1759248835,0.02941176471,0.02941176471
jpeg_q95,2,all,1,fft_spectral_peak_count,0.001831501859,0.01340879523,false,136,0.0007352941286,0.008574929385,0,0,0,0,0,0,0,0.1000000015,0.0007352941286,0.008574929385,0,0,0,0,0,0,0,0.1000000015,0,0,0,0,0,0,0,0,0,0,136,0,0,0,0,-0.08175288766,-0.08175288766,0,0
jpeg_q95,2,all,2,fft_radial_anomaly_score,0.009890110174,0.0575219898,false,136,0.01985294153,0.08591111223,0,0,0,0,0.07500000298,0,0,0.400000006,0.01985294153,0.08591111223,0,0,0,0,0.07500000298,0,0,0.400000006,0,0,0,0,0,0,0,0,0,0,136,0,0,0,0,0.173200395,0.173200395,0,0
jpeg_q95,2,all,3,fft_spectral_decay_slope,-1.3969114,0.1091601511,false,136,-1.378843606,0.1202083962,-1.386909127,-1.567417204,-1.449373335,-1.306906223,-1.190552086,0.1424671113,-1.800374389,-1.039516687,-1.378945415,0.1201467115,-1.387351453,-1.567279577,-1.44971624,-1.307092398,-1.191418529,0.1426238418,-1.800098419,-1.039457321,-0.0001018082394,0.0004575428068,-5.304813385e-05,-0.0007684230804,-0.0002864003181,0.0001506209373,0.0004624128342,0.0004370212555,-0.002497315407,0.001152396202,136,-0.0009326502244,-0.0004859661086,-0.002623670957,0.001379816131,0.1655163884,0.1645837381,0.02205882353,0.02205882353
jpeg_q95,2,all,4,dct_mean_high_freq_energy,0.6155877339,0.5360504518,false,136,0.639866975,0.5774229764,0.4458633065,0.129406495,0.2592509463,0.7641175389,2.056315362,0.5048665926,0.03648391739,3.017126799,0.6153531734,0.5613733514,0.4277359992,0.1263950169,0.2468548156,0.7457137704,1.986618876,0.4988589548,0.03566754982,2.943159103,-0.02451380161,0.02256204721,-0.01971164346,-0.06922644377,-0.03824390471,-0.01003631204,0.001217506826,0.02820759267,-0.09186053276,0.05653357506,136,-0.04573040006,-0.03677199299,-0.07134385314,-0.01872270047,0.04529282841,-0.0004375716465,0.007352941176,0.007352941176
jpeg_q95,2,all,5,dct_ac_energy_variance,0.6260638713,0.7427319564,false,136,0.6682379529,0.8719645902,0.3155802637,0.03802424669,0.1553034298,0.7506808341,2.282469511,0.5953774042,0.002016707323,4.559772015,0.6392984411,0.8478882474,0.3013077378,0.03422396816,0.1471764334,0.7054047734,2.19542855,0.55822834,0.001775608747,4.4871068,-0.02893951184,0.03478734645,-0.01800849289,-0.09503126144,-0.04281327873,-0.006240420043,0.001901596785,0.03657285869,-0.1733257771,0.06438231468,136,-0.03896360133,-0.02424628795,-0.05764297384,-0.008401981347,0.05678237116,0.01781876983,0,0
jpeg_q95,2,all,6,dct_anomaly_score,0.8888184044,0.1615391807,false,136,0.88722909,0.1718138513,1,0.5230182707,0.8389044553,1,1,0.1610955447,0.347407639,1,0.8921714734,0.1683875519,1,0.5301023275,0.8562754393,1,1,0.1437245607,0.3484297991,1,0.004942383398,0.01159841807,0,-0.001141257584,0,0.01004752517,0.0231667012,0.01004752517,-0.03953701258,0.06187427044,136,0.03059557054,0,0,0.06219868842,-0.009838569406,0.02075700114,0,0
jpeg_q95,2,all,7,noise_global_level,0.08032378116,0.05507776625,false,136,0.08222065971,0.05915800131,0.06577218696,0.02487943321,0.04091345053,0.1044109352,0.2261268795,0.06349748466,0.006162684411,0.3078919053,0.08081093913,0.05825126677,0.0649451986,0.02505016606,0.04078054614,0.1020515766,0.2218922824,0.06127103046,0.006101233419,0.3044039607,-0.001409720585,0.00168172732,-0.001233089715,-0.004407942295,-0.00238311477,-0.0004214318469,0.0006462791935,0.001961682923,-0.006035923958,0.004933655262,136,-0.02559509364,-0.02238815768,-0.0432681812,-0.007651578406,0.03444000521,0.008844911562,0.007352941176,0.007352941176
jpeg_q95,2,all,8,noise_max_to_min_ratio,0.4183471071,0.3420018313,false,136,0.3746783597,0.3056529355,0.2352581918,0.0516613964,0.1442288384,0.5315124691,1,0.3872836307,0.04176577926,1,0.3724577504,0.3055648289,0.2346013337,0.05113823339,0.1441858858,0.5240199268,1,0.379834041,0.04171123728,1,-0.002220609225,0.01111072099,-0.001563534141,-0.01369591802,-0.004733741283,0,0.008628666401,0.004733741283,-0.04937762022,0.05106949806,136,-0.006492974663,-0.004571712773,-0.01384127467,0,-0.1276857123,-0.134178687,0,0
jpeg_q95,2,all,9,noise_std_of_variances,0.04492015684,0.02814383215,false,136,0.04600585706,0.03373849107,0.0346801728,0.0137668848,0.02359387605,0.05544948857,0.1184691675,0.03185561253,0.003663647687,0.1630911529,0.04527453404,0.0334128941,0.03418543749,0.01336264564,0.02335978439,0.05405234266,0.116172919,0.03069255827,0.003518032609,0.1608228087,-0.0007313230239,0.0007974117017,-0.0006948765367,-0.002077595331,-0.00113641005,-0.0002345414832,0.000222726725,0.0009018685669,-0.002892673016,0.002146940678,136,-0.02598519704,-0.02469018907,-0.04037865363,-0.008333672614,0.03857684382,0.01259164678,0.007352941176,0
jpeg_q95,2,all,10,noise_coef_variation,0.6144639838,0.24194044,false,136,0.5990924556,0.2297385119,0.5682199895,0.2124049366,0.4630648419,0.7024145275,1.037446082,0.2393496856,0.1819193065,1.202168822,0.5982902409,0.2295416684,0.5671949387,0.2108504586,0.4626944959,0.6968971342,1.029367328,0.2342026383,0.1802942455,1.196097732,-0.0008022146409,0.006152583964,-0.0005288124084,-0.01022017002,-0.004120543599,0.00141595304,0.006503343582,0.005536496639,-0.0176846981,0.02924668789,136,-0.003315752591,-0.002185713179,-0.01703123132,0.005852486008,-0.0635343483,-0.06685010089,0,0
jpeg_q95,2,all,11,noise_inconsistency_score,0.4752493619,0.2843380814,false,136,0.4582944405,0.2722250629,0.4242933393,0,0.2840864584,0.6032193601,1,0.3191329017,0,1,0.457461539,0.2723474743,0.4229266196,0,0.2835926563,0.5958628356,0.998735562,0.3122701794,0,1,-0.0008329015006,0.006989891715,0,-0.01194485277,-0.003289885819,0.001489792019,0.008328273892,0.004779677838,-0.02357953787,0.03295087814,136,-0.002929264685,0,-0.01157033135,0.00523950929,-0.0596294429,-0.06255870758,0,0
jpeg_q95,2,all,12,jpeg_boundary_difference_ratio,1.089415697,0.08408517691,false,136,1.100534905,0.1133895761,1.066890717,1.000068188,1.03252995,1.136225581,1.313581795,0.103695631,0.9704236984,1.865938544,1.112544874,0.1134343641,1.085337877,1.007145792,1.043402463,1.152233928,1.319219172,0.1088314652,0.9701323509,1.876838446,0.01200996909,0.008681667256,0.01404440403,-0.002268701792,0.008980840445,0.01692095399,0.02356606722,0.007940113544,-0.02548950911,0.03303432465,136,0.1428309903,0.16702592,0.1068064643,0.2012358731,0.1322374273,0.2750684176,0.007352941176,0.007352941176
jpeg_q95,2,all,13,jpeg_periodic_grid_strength,0.09128993284,0.08140805125,false,136,0.1010835197,0.1128412023,0.06689070538,0.0001516572775,0.03252999205,0.1362256221,0.313581802,0.1036956301,0,0.8659385443,0.1131556868,0.1127562052,0.08533786237,0.007145734853,0.04340248462,0.1522338837,0.3192191944,0.1088313991,0,0.8768385053,0.01207216714,0.008036891966,0.01303988183,-0.001968808938,0.008831139654,0.01692091674,0.02356602997,0.008089777082,-0.01371312793,0.033034347,136,0.1482920541,0.1601792652,0.1084799294,0.2078531113,0.1203024358,0.26859449,0.007352941176,0.007352941176
jpeg_q95,2,all,14,jpeg_artifact_score,0.1823568939,0.1616502381,false,136,0.1967827765,0.1956539863,0.1337814108,0.0003033145549,0.0650599841,0.2724512443,0.6271636039,0.2073912602,0,1,0.2206164549,0.1942546642,0.1706757247,0.01429146971,0.08680496924,0.3044677675,0.6384383887,0.2176627982,0,1,0.02383367838,0.01633290354,0.02607976366,-0.003937617876,0.0174723696,0.03384183347,0.04713205993,0.01636946388,-0.02742625587,0.066068694,136,0.1474397975,0.1613345205,0.1080874968,0.209352203,0.08924133259,0.2366811301,0,0
jpeg_q95,2,all,15,laplacian_variance,0.02784605102,0.03524024655,false,136,0.02932094835,0.03803330639,0.01514708577,0.002933170414,0.00879213959,0.03088945942,0.1144630257,0.02209731983,0.0001551782916,0.2211144865,0.02846670663,0.03724682745,0.01459422288,0.002963504754,0.008487940533,0.02976980759,0.1111802664,0.02128186706,0.0001487933914,0.2173072994,-0.0008542417262,0.001079161562,-0.0004544104449,-0.003183937632,-0.001295569818,-0.0001587178558,0.0001155391801,0.001136851963,-0.005143143237,0.001733856276,136,-0.02424051503,-0.01289464432,-0.03676392605,-0.004503880402,0.04185263955,0.01761212452,0,0
jpeg_q95,2,authentic,0,fft_high_freq_energy_ratio,0.2767552759,0.03390628361,false,68,0.2818425841,0.03914881914,0.278065607,0.2307437688,0.2583016306,0.3032359257,0.3489625752,0.04493429512,0.1503369361,0.3872631788,0.2818014985,0.03911663617,0.278147012,0.2307573371,0.2583307251,0.3032462075,0.3489768058,0.0449154824,0.1508182883,0.3871766329,-4.10855693e-05,0.0001601466453,-3.66717577e-05,-0.0003207623959,-0.0001197829843,7.066503167e-05,0.0001493290067,0.0001904480159,-0.000573605299,0.00048135221,68,-0.001211739091,-0.001081562288,-0.00353276654,0.0020841279,0.1500402778,0.1488285387,0.02941176471,0.02941176471
jpeg_q95,2,authentic,1,fft_spectral_peak_count,0.001831501859,0.01340879523,false,68,0.001470588257,0.01212678143,0,0,0,0,0,0,0,0.1000000015,0.001470588257,0.01212678143,0,0,0,0,0,0,0,0.1000000015,0,0,0,0,0,0,0,0,0,0,68,0,0,0,0,-0.02691618414,-0.02691618414,0,0
jpeg_q95,2,authentic,2,fft_radial_anomaly_score,0.009890110174,0.0575219898,false,68,0.02205882397,0.08951876188,0,0,0,0,0.1950000077,0,0,0.400000006,0.02205882397,0.08951876188,0,0,0,0,0.1950000077,0,0,0.400000006,0,0,0,0,0,0,0,0,0,0,68,0,0,0,0,0.2115489022,0.2115489022,0,0
jpeg_q95,2,authentic,3,fft_spectral_decay_slope,-1.3969114,0.1091601511,false,68,-1.383784578,0.1237658635,-1.386909127,-1.55922972,-1.462771416,-1.316817075,-1.185676634,0.1459543407,-1.800374389,-1.08317697,-1.383886798,0.1237404546,-1.387351453,-1.559774232,-1.462952435,-1.316697448,-1.186260521,0.1462549865,-1.800098419,-1.083335042,-0.0001022202127,0.0003992498812,-3.856420517e-05,-0.0007453083992,-0.0002711415291,0.0001452565193,0.000414788723,0.0004163980484,-0.00166618824,0.000660777092,68,-0.0009364242507,-0.0003532809801,-0.002483887447,0.001330673491,0.1202528771,0.1193164528,0.01470588235,0.01470588235
jpeg_q95,2,authentic,4,dct_mean_high_freq_energy,0.6155877339,0.5360504518,false,68,0.6384219779,0.58892775,0.4374671876,0.1238827191,0.2551825866,0.7540779859,1.955703193,0.4988953993,0.03648391739,3.017126799,0.6156774108,0.5720882229,0.420831576,0.1226470135,0.2430538535,0.7457137704,1.890827668,0.5026599169,0.03566754982,2.943159103,-0.02274456708,0.02396427188,-0.01724113524,-0.06878566146,-0.03423519433,-0.008240312338,0.003592333943,0.02599488199,-0.09186053276,0.05653357506,68,-0.04242990002,-0.03216326967,-0.06386561975,-0.01537227011,0.04259719198,0.0001672919551,0.01470588235,0.01470588235
jpeg_q95,2,authentic,5,dct_ac_energy_variance,0.6260638713,0.7427319564,false,68,0.6790038138,0.892273999,0.3155802637,0.03502400741,0.1520429999,0.7672698051,2.295161009,0.6152268052,0.002016707323,4.559772015,0.648200916,0.8665519329,0.297534287,0.03396846391,0.138757471,0.7203212231,2.19588393,0.5815637521,0.001775608747,4.4871068,-0.03080289778,0.03601445939,-0.01934482157,-0.09480160475,-0.04647426307,-0.00695681572,0.001158685982,0.03951744735,-0.1733257771,0.06438231468,68,-0.04147242826,-0.02604549516,-0.06257205264,-0.009366522687,0.07127731884,0.02980489058,0,0
jpeg_q95,2,authentic,6,dct_anomaly_score,0.8888184044,0.1615391807,false,68,0.8925775395,0.1706067463,1,0.5262048811,0.8556690216,1,1,0.1443309784,0.3514554203,1,0.8946330298,0.168447879,1,0.5357392162,0.8632255942,1,1,0.1367744058,0.3505363464,1,0.00205549028,0.008655856331,0,-0.007289740443,0,0.007197663188,0.01253364682,0.007197663188,-0.03953701258,0.02238440514,68,0.01272440699,0,0,0.04455676423,0.02327073226,0.03599513925,0,0
jpeg_q95,2,authentic,7,noise_global_level,0.08032378116,0.05507776625,false,68,0.08286224569,0.06039418747,0.06598769873,0.02432313627,0.04057512525,0.1051788963,0.218475987,0.06460377108,0.006162684411,0.3078919053,0.08127970335,0.05940553501,0.0646087192,0.02461486133,0.04041286837,0.1026774086,0.2146138415,0.06226454023,0.006101233419,0.3044039607,-0.001582542332,0.001780225851,-0.001378979534,-0.004684979841,-0.002513421699,-0.0004380866885,0.0003876019269,0.002075335011,-0.006035923958,0.004933655262,68,-0.02873287062,-0.02503695461,-0.04563405291,-0.007953966153,0.04608873418,0.01735586356,0.01470588235,0.01470588235
jpeg_q95,2,authentic,8,noise_max_to_min_ratio,0.4183471071,0.3420018313,false,68,0.3729480514,0.3078346378,0.2308695838,0.05260525793,0.1440739632,0.5102948099,1,0.3662208468,0.04176577926,1,0.370150602,0.3076210809,0.2281513736,0.05211907905,0.1457880028,0.4964056462,1,0.3506176434,0.04173438251,1,-0.002797449336,0.01104873054,-0.001616679132,-0.01529624462,-0.00621701777,0,0.004623156041,0.00621701777,-0.04937762022,0.05106949806,68,-0.008179632623,-0.004727106653,-0.01817831719,0,-0.1327450662,-0.1409246988,0,0
jpeg_q95,2,authentic,9,noise_std_of_variances,0.04492015684,0.02814383215,false,68,0.04620273525,0.03419543762,0.0346813444,0.01257682913,0.02410534257,0.05662582256,0.1173988443,0.03252047999,0.003663647687,0.1630911529,0.04540626236,0.03390785011,0.03383524716,0.01206522323,0.0235116859,0.05460629333,0.11546227,0.03109460743,0.003518032609,0.1608228087,-0.0007964728866,0.0008056296088,-0.0007395138964,-0.002098351158,-0.0012181364,-0.0002820305526,0.0001728773117,0.0009361058474,-0.002892673016,0.002061326057,68,-0.02830008658,-0.02627623319,-0.043282535,-0.01002104302,0.04557227309,0.01727218651,0.01470588235,0
jpeg_q95,2,authentic,10,noise_coef_variation,0.6144639838,0.24194044,false,68,0.5938514351,0.2254591691,0.5653454363,0.211648228,0.4696943983,0.6932710558,1.008797753,0.2235766575,0.1819193065,1.198948979,0.5924152239,0.2243480273,0.5654904544,0.2122985594,0.4704202563,0.690939039,0.9984501183,0.2205187827,0.1802942455,1.192531109,-0.001436211169,0.005357071807,-0.0005288124084,-0.01045259833,-0.003621324897,0.001291427761,0.006223298609,0.004912752658,-0.0176846981,0.01192295551,68,-0.005936217891,-0.002185713179,-0.01496783628,0.005337792066,-0.08519678938,-0.09113300727,0,0
jpeg_q95,2,authentic,11,noise_inconsistency_score,0.4752493619,0.2843380814,false,68,0.4527305821,0.2669001956,0.4204605967,0,0.2929258794,0.5910280645,1,0.2981021851,0,1,0.4513553285,0.2667787385,0.420653984,0,0.2938936874,0.5879187435,0.9979335248,0.2940250561,0,1,-0.001375253586,0.006627944933,-0.0002966076136,-0.01303335577,-0.003067053854,0.001117691398,0.008297744393,0.004184745252,-0.02357953787,0.01589727402,68,-0.004836684482,-0.00104315121,-0.01078664468,0.003930853694,-0.07919719962,-0.0840338841,0,0
jpeg_q95,2,authentic,12,jpeg_boundary_difference_ratio,1.089415697,0.08408517691,false,68,1.107446561,0.1305798637,1.071897924,1.002334964,1.036235839,1.140135974,1.311442232,0.1039001346,0.9731683135,1.865938544,1.119332661,0.1301540151,1.087314844,1.008462352,1.045145094,1.153122485,1.319446242,0.1079773903,0.9719513655,1.876838446,0.01188609968,0.009349536867,0.01418942213,-0.002865979075,0.008759647608,0.01743337512,0.02408888936,0.008673727512,-0.02548950911,0.03303432465,68,0.1413578483,0.1687505771,0.1041758837,0.2073299452,0.2144357016,0.3557935499,0.01470588235,0.01470588235
jpeg_q95,2,authentic,13,jpeg_periodic_grid_strength,0.09128993284,0.08140805125,false,68,0.1079567161,0.1301076909,0.07189789787,0.002334995766,0.03623584379,0.1401359625,0.3114422217,0.1039001187,0,0.8659385443,0.1199324346,0.1295399366,0.08731482551,0.008462329721,0.04514505621,0.1531224921,0.3194462523,0.1079774359,0,0.8768385053,0.01197571854,0.008679233078,0.01348649617,-0.002747415192,0.008759609424,0.01743331552,0.0240888413,0.008673706092,-0.01371312793,0.033034347,68,0.147107299,0.1656653852,0.1076012666,0.214147314,0.2047313867,0.3518386856,0.01470588235,0.01470588235
jpeg_q95,2,authentic,14,jpeg_artifact_score,0.1823568939,0.1616502381,false,68,0.2051505337,0.2060819946,0.1437957957,0.004669991531,0.07247168757,0.280271925,0.6228844434,0.2078002375,0,1,0.2287813837,0.2035148003,0.174629651,0.01692465944,0.09029011242,0.3062449843,0.6388925046,0.2159548718,0,1,0.02363084998,0.01759844329,0.02697299235,-0.005494830385,0.01708602393,0.03486663103,0.04817768261,0.0177806071,-0.02742625587,0.066068694,68,0.1461850614,0.1668602079,0.1056974869,0.2156918012,0.1410059159,0.2871909773,0,0
jpeg_q95,2,authentic,15,laplacian_variance,0.02784605102,0.03524024655,false,68,0.02987835999,0.03896735475,0.01514708577,0.002920347161,0.008375941659,0.03212670982,0.1151369814,0.02375076816,0.0001551782916,0.2211144865,0.02894772093,0.03812711559,0.01460038451,0.002955874673,0.008188122651,0.03067212971,0.111698455,0.02248400706,0.0001487933914,0.2173072994,-0.0009306390572,0.001146818732,-0.0004671351053,-0.003355875798,-0.001327165402,-0.0001878385665,5.361294607e-05,0.001139326836,-0.005143143237,0.001733856276,68,-0.02640841504,-0.0132557275,-0.03766050276,-0.005330228499,0.05767011214,0.0312616971,0,0
jpeg_q95,2,ai_edited,0,fft_high_freq_energy_ratio,0.2767552759,0.03390628361,false,68,0.2836764922,0.03676111686,0.2802170664,0.2307629533,0.2631917968,0.3041585684,0.3415075526,0.04096677154,0.1927021295,0.390927285,0.2836389713,0.03672780179,0.2802393436,0.230887308,0.2631179988,0.304186061,0.3414686531,0.04106806219,0.1929453611,0.3908449709,-3.752090475e-05,0.0001938609518,-4.059076309e-05,-0.0003101229668,-0.0001159980893,8.635222912e-05,0.0001972436905,0.0002023503184,-0.0009244084358,0.0003292262554,68,-0.001106606232,-0.001197145743,-0.003421138413,0.002546791329,0.2041278346,0.2030212283,0.02941176471,0.02941176471
jpeg_q95,2,ai_edited,1,fft_spectral_peak_count,0.001831501859,0.01340879523,false,68,0,0,0,0,0,0,0,0,0,0,0,0,0,0,0,0,0,0,0,0,0,0,0,0,0,0,0,0,0,0,68,0,0,0,0,-0.1365895912,-0.1365895912,0,0
jpeg_q95,2,ai_edited,2,fft_radial_anomaly_score,0.009890110174,0.0575219898,false,68,0.01764705909,0.0827533237,0,0,0,0,0,0,0,0.400000006,0.01764705909,0.0827533237,0,0,0,0,0,0,0,0.400000006,0,0,0,0,0,0,0,0,0,0,68,0,0,0,0,0.1348518878,0.1348518878,0,0
jpeg_q95,2,ai_edited,3,fft_spectral_decay_slope,-1.3969114,0.1091601511,false,68,-1.373902635,0.1172529122,-1.383838713,-1.557281238,-1.440398455,-1.305307359,-1.198805016,0.1350910962,-1.653275132,-1.039516687,-1.374004031,0.1171522611,-1.384138644,-1.557004976,-1.440495402,-1.305245996,-1.199714172,0.1352494061,-1.652122736,-1.039457321,-0.0001013962662,0.0005122641765,-7.599592209e-05,-0.0007594525814,-0.0003491342068,0.0001780390739,0.0005084812641,0.0005271732807,-0.002497315407,0.001152396202,68,-0.0009288761981,-0.0006961874028,-0.003198366833,0.001630989625,0.2107798997,0.2098510235,0.02941176471,0.02941176471
jpeg_q95,2,ai_edited,4,dct_mean_high_freq_energy,0.6155877339,0.5360504518,false,68,0.6413119721,0.5700621297,0.4502046108,0.1405274406,0.2687817067,0.7648668289,1.962032241,0.4960851222,0.07285682112,2.955441713,0.615028936,0.5547057902,0.4387200028,0.1340294644,0.2527762316,0.7410648763,1.898555672,0.4882886447,0.06648659706,2.884308815,-0.02628303615,0.0210961964,-0.0242864266,-0.06809708476,-0.03916072845,-0.01353913546,-0.001284074411,0.025621593,-0.08568024635,0.04357194901,68,-0.0490309001,-0.04530623288,-0.07305418421,-0.0252572037,0.04798846485,-0.001042435248,0,0
jpeg_q95,2,ai_edited,5,dct_ac_energy_variance,0.6260638713,0.7427319564,false,68,0.6574720921,0.8576738481,0.3129613101,0.04753812384,0.161751397,0.732687369,2.21009711,0.570935972,0.02768284827,4.460515976,0.6303959661,0.8351562133,0.3023038208,0.04325538296,0.1594661549,0.6830786169,2.114723098,0.523612462,0.02344793081,4.400555134,-0.02707612591,0.03367924703,-0.01753671467,-0.08992028236,-0.03963904828,-0.006240420043,0.003887473047,0.03339862823,-0.1665873528,0.06097400188,68,-0.0364547744,-0.02361109485,-0.0533692511,-0.008401981347,0.04228742348,0.005832649072,0,0
jpeg_q95,2,ai_edited,6,dct_anomaly_score,0.8888184044,0.1615391807,false,68,0.8818806405,0.1741145266,1,0.5235244036,0.7972424179,1,1,0.2027575821,0.347407639,1,0.8897099171,0.1695433497,1,0.5332405806,0.8465881497,1,1,0.1534118503,0.3484297991,1,0.007829276516,0.01338706393,0,0,0,0.01244062185,0.03050752282,0.01244062185,-0.0164142251,0.06187427044,68,0.0484667341,0,0,0.07701303053,-0.04294787107,0.005518863028,0,0
jpeg_q95,2,ai_edited,7,noise_global_level,0.08032378116,0.05507776625,false,68,0.08157907374,0.05833762657,0.06492707133,0.02548312051,0.04138899781,0.09872991592,0.2188048109,0.05734091811,0.009654868394,0.3000894189,0.0803421749,0.05751175061,0.0649451986,0.02554631336,0.04096703511,0.0965187382,0.215290007,0.05555170309,0.00971717108,0.2975157499,-0.001236898838,0.001571240034,-0.001138979569,-0.003861867636,-0.002216849476,-0.0002865404822,0.0006920250133,0.001930308994,-0.00553278625,0.004524350166,68,-0.02245731667,-0.02067948006,-0.04024944414,-0.00520247101,0.02279127624,0.0003339595643,0,0
jpeg_q95,2,ai_edited,8,noise_max_to_min_ratio,0.4183471071,0.3420018313,false,68,0.376408668,0.3057344866,0.2427220568,0.05510749351,0.1442288384,0.5326346755,1,0.3884058371,0.04176577926,1,0.3747648988,0.3057642478,0.2480657995,0.05496599805,0.1433511563,0.5256231129,1,0.3822719567,0.04171123728,1,-0.001643769114,0.01122447695,-0.001457840204,-0.01175131351,-0.004511315376,0,0.01342529058,0.004511315376,-0.04937762022,0.05106949806,68,-0.004806316704,-0.004262667831,-0.01319091,0,-0.1226263584,-0.1274326751,0,0
jpeg_q95,2,ai_edited,9,noise_std_of_variances,0.04492015684,0.02814383215,false,68,0.04580897887,0.03352840983,0.0346801728,0.01515695807,0.02357894089,0.05367177166,0.1132531788,0.03009283077,0.009926590137,0.1605671644,0.04514280571,0.03316215417,0.03418543749,0.01442048359,0.02335978439,0.0519306846,0.1115132492,0.02857090021,0.01022416446,0.1584128141,-0.0006661731613,0.0007896623298,-0.0006426917389,-0.001970170625,-0.001096359454,-0.000213727355,0.0003791788127,0.0008826320991,-0.002479933202,0.002146940678,68,-0.0236703075,-0.02283597115,-0.03895558531,-0.007594109924,0.03158141456,0.007911107051,0,0
jpeg_q95,2,ai_edited,10,noise_coef_variation,0.6144639838,0.24194044,false,68,0.6043334761,0.2354989007,0.572545737,0.24131874,0.4558931068,0.7184180915,1.082028264,0.2625249848,0.1857114881,1.202168822,0.604165258,0.2361420427,0.5705972016,0.2402439244,0.453576304,0.715222761,1.078285176,0.261646457,0.1807539761,1.196097732,-0.000168218113,0.006838088049,-0.0006631761789,-0.007568961382,-0.004295922816,0.002246960998,0.009446750581,0.006542883813,-0.01527363062,0.02924668789,68,-0.0006952872906,-0.002741072054,-0.01775611723,0.009287248536,-0.04187190721,-0.0425671945,0,0
jpeg_q95,2,ai_edited,11,noise_inconsistency_score,0.4752493619,0.2843380814,false,68,0.4638582989,0.2793214727,0.4300609827,0.02003316749,0.2745241523,0.6245574355,1,0.3500332832,0,1,0.4635677495,0.2796547433,0.4274629354,0.01983054895,0.2714350447,0.6202970445,0.9992859274,0.3488619998,0,1,-0.000290549415,0.007343002038,0,-0.00948484987,-0.003659293056,0.001578699797,0.007995307446,0.005237992853,-0.02036485076,0.03295087814,68,-0.001021844888,0,-0.01286951448,0.00555219262,-0.04006168618,-0.04108353107,0,0
jpeg_q95,2,ai_edited,12,jpeg_boundary_difference_ratio,1.089415697,0.08408517691,false,68,1.093623248,0.09358537071,1.063393056,0.9998538017,1.027195573,1.13437441,1.305681551,0.1071788371,0.9704236984,1.500191331,1.105757087,0.09430359952,1.079854608,1.005759215,1.040867954,1.152233928,1.314092392,0.1113659739,0.9701323509,1.510416031,0.0121338385,0.00802637236,0.01359778643,-0.001181960106,0.009383678436,0.01625025272,0.02310705185,0.006866574287,-0.02198207378,0.02975904942,68,0.1443041324,0.1617144297,0.1115972967,0.1932594224,0.05003915301,0.1943432854,0,0
jpeg_q95,2,ai_edited,13,jpeg_periodic_grid_strength,0.09128993284,0.08140805125,false,68,0.09421032334,0.09291080477,0.06339309365,7.077339615e-05,0.02719561057,0.1343744472,0.3056815594,0.1071788366,0,0.5001913309,0.1063789391,0.09350866036,0.0798545666,0.005759180547,0.04086800106,0.1522338837,0.3140924513,0.1113658827,0,0.5104159713,0.01216861575,0.007402658307,0.01295542717,-0.001181995403,0.009243680164,0.01625020802,0.02310703583,0.007006527856,-0.01013626158,0.02975903451,68,0.1494768092,0.1591418413,0.1135474934,0.1996142614,0.03587348503,0.1853502943,0,0
jpeg_q95,2,ai_edited,14,jpeg_artifact_score,0.1823568939,0.1616502381,false,68,0.1884150193,0.1857966574,0.1267861873,0.0001415467923,0.05439122114,0.2687488943,0.6113631189,0.2143576732,0,1,0.2124515261,0.1856861871,0.1597091332,0.01151836109,0.08173600212,0.3044677675,0.6281849027,0.2227317654,0,1,0.02403650678,0.01509040462,0.02591085434,-0.002363990806,0.01791424677,0.03250041604,0.04621407166,0.01458616927,-0.02027252316,0.05951806903,68,0.1486945337,0.1602896144,0.1108210354,0.2010539324,0.03747674927,0.186171283,0,0
jpeg_q95,2,ai_edited,15,laplacian_variance,0.02784605102,0.03524024655,false,68,0.02876353672,0.03735732055,0.01502119517,0.003408925352,0.00885904883,0.03057757718,0.1083497912,0.02171852835,0.0006821614807,0.2125537097,0.02798569233,0.03662256232,0.01459422288,0.003424067528,0.008529607439,0.02969764499,0.10487376,0.02116803755,0.00071141636,0.2093577385,-0.0007778443952,0.001009713203,-0.0004400459584,-0.00315294452,-0.001104158349,-0.0001183035201,0.0001680690097,0.0009858548292,-0.004044294357,0.001560525969,68,-0.02207261502,-0.01248702837,-0.03133231056,-0.003357057107,0.02603516695,0.00396255194,0,0
jpeg_q95,3,all,0,fft_high_freq_energy_ratio,0.2770639687,0.03598589593,false,136,0.2815202273,0.02928097965,0.2798248529,0.2368883081,0.2636265829,0.3019885123,0.3297664821,0.03836192936,0.1939708143,0.3533691168,0.2815328048,0.02927221293,0.2798565477,0.2368483543,0.2636659965,0.3018954098,0.329790011,0.03822941333,0.1939865798,0.3532072306,1.257745659e-05,0.0001253389851,3.501772881e-06,-0.0001634210348,-7.716566324e-05,8.458644152e-05,0.0002470910549,0.0001617521048,-0.0002647638321,0.0003723800182,136,0.0003495107253,9.730959284e-05,-0.002144330751,0.002350544271,0.1238334761,0.1241829868,0,0
jpeg_q95,3,all,1,fft_spectral_peak_count,0.001465201487,0.01201554558,false,136,0.002205882386,0.01474178646,0,0,0,0,0,0,0,0.1000000015,0.002205882386,0.01474178646,0,0,0,0,0,0,0,0.1000000015,0,0,0,0,0,0,0,0,0,0,136,0,0,0,0,0.06164355119,0.06164355119,0,0
jpeg_q95,3,all,2,fft_radial_anomaly_score,0.01245421275,0.06623456294,false,136,0.009558823836,0.05561598191,0,0,0,0,0,0,0,0.400000006,0.009558823836,0.05561598191,0,0,0,0,0,0,0,0.400000006,0,0,0,0,0,0,0,0,0,0,136,0,0,0,0,-0.04371416953,-0.04371416953,0,0
jpeg_q95,3,all,3,fft_spectral_decay_slope,-1.396382714,0.1146397732,false,136,-1.380966125,0.09778443748,-1.368546486,-1.544825912,-1.433422506,-1.323596537,-1.236613393,0.1098259687,-1.727806091,-1.145753503,-1.380920336,0.09782335883,-1.368488371,-1.544836879,-1.433356404,-1.323338658,-1.236754239,0.1100177467,-1.727871299,-1.145128489,4.578951527e-05,0.0002994999562,1.204013824e-05,-0.0003635883331,-0.0001502335072,0.0002031028271,0.0005836486816,0.0003533363342,-0.0006518363953,0.0008634328842,136,0.0003994208467,0.000105025838,-0.00131048329,0.001771661104,0.1344785389,0.1348779598,0,0
jpeg_q95,3,all,4,dct_mean_high_freq_energy,0.6292782821,0.5635890252,false,136,0.5849034503,0.4580706157,0.4920225739,0.1249861922,0.2332047597,0.7661382556,1.350411505,0.5329334959,0.05247817934,2.947056532,0.5600527512,0.4427458434,0.4835610837,0.1185005531,0.2223800384,0.7267716229,1.286810905,0.5043915845,0.05138820782,2.857679605,-0.02485069915,0.01980874438,-0.02231554687,-0.06221732497,-0.03840568662,-0.009043827653,0.001996800303,0.02936185896,-0.08937692642,0.008445501328,136,-0.04409365342,-0.03959542481,-0.06814484474,-0.01604684841,-0.07873615323,-0.1228298066,0,0
jpeg_q95,3,all,5,dct_ac_energy_variance,0.6612464179,0.8145449238,false,136,0.5269903759,0.5430640046,0.3512299061,0.03601752687,0.1217378397,0.8404435813,1.280292571,0.7187057417,0.006817433983,3.392128229,0.4985846077,0.5243756204,0.3288425952,0.03239267878,0.1124305427,0.7852720022,1.221778929,0.6728414595,0.005957957823,3.33925128,-0.02840576812,0.02765865764,-0.02166118473,-0.0793928206,-0.05328634381,-0.005575264804,0.003932893276,0.04771107901,-0.1061497927,0.01838648319,136,-0.03487317555,-0.02659298965,-0.06541854508,-0.00684463759,-0.1648233734,-0.1996965489,0,0
jpeg_q95,3,all,6,dct_anomaly_score,0.889356059,0.1661459289,false,136,0.8850705652,0.1529767363,0.9981177449,0.5990535021,0.766791746,1,1,0.233208254,0.4475267231,1,0.8897718119,0.1498774914,1,0.6126768589,0.7686786056,1,1,0.2313213944,0.4549723864,1,0.004701246672,0.009786165671,0,-0.001502633095,0,0.009093403816,0.01859885454,0.009093403816,-0.0157288909,0.08577263355,136,0.02829588846,0,0,0.05473142724,-0.02579355267,0.002502335797,0,0
jpeg_q95,3,all,7,noise_global_level,0.08145926638,0.05773810375,false,136,0.0776620205,0.0477188607,0.06811753288,0.02355681453,0.03972288966,0.09635535628,0.1567692123,0.05663246661,0.008498129435,0.3005185127,0.07616617639,0.0467756632,0.0662949793,0.02327590669,0.03884319216,0.09443657845,0.1528649479,0.05559338629,0.008399040438,0.2950795889,-0.001495844109,0.001524240945,-0.001236375421,-0.004438389093,-0.002587402239,-0.0003532893024,0.000662477687,0.002234112937,-0.005438923836,0.00154595077,136,-0.02590739931,-0.02141350929,-0.04481273321,-0.00611882413,-0.0657667232,-0.09167412251,0,0
jpeg_q95,3,all,8,noise_max_to_min_ratio,0.4198563956,0.3432569591,false,136,0.3686190101,0.2989411518,0.2614229023,0.07979653776,0.1244912632,0.5089045316,1,0.3844132684,0.03719126061,1,0.3661211231,0.2973329535,0.2604418546,0.08067490533,0.1261467524,0.5153013319,1,0.3891545795,0.03740033507,1,-0.002497887075,0.00794662328,-0.0008344128728,-0.01730123907,-0.00431868434,0.0005687065423,0.01055791974,0.004887390882,-0.03619325161,0.01818782091,136,-0.007277018013,-0.002430869501,-0.01258149099,0.001656795375,-0.1492683081,-0.1565453261,0,0
jpeg_q95,3,all,9,noise_std_of_variances,0.04548419132,0.03027924304,false,136,0.04374142453,0.02514384662,0.03729434498,0.01211746526,0.02433698578,0.06439554319,0.088554129,0.04005855741,0.007698957808,0.1245050952,0.04291145067,0.02463451461,0.03596702218,0.01200352772,0.02411233261,0.06184662133,0.0856143795,0.03773428872,0.007547120564,0.1237316951,-0.0008299738607,0.000859731271,-0.0006080064923,-0.00239191018,-0.001428573392,-0.00023124367,0.0001674359664,0.001197329722,-0.003431484103,0.0009810179472,136,-0.02741065421,-0.02007997662,-0.04717995725,-0.007637036027,-0.05755648451,-0.08496713871,0,0
jpeg_q95,3,all,10,noise_coef_variation,0.6137265787,0.2479366501,false,136,0.6020529202,0.2024358371,0.597428441,0.3081655577,0.4407893196,0.7282086015,0.9515992999,0.2874192819,0.1544704735,1.140060663,0.6020981552,0.2027638374,0.5970628262,0.3069410622,0.4373749942,0.7289091349,0.9581667036,0.2915341407,0.1547235548,1.159800768,4.523499485e-05,0.004897847303,-0.0006288290024,-0.006376549602,-0.003751382232,0.002709880471,0.009295642376,0.006461262703,-0.009534060955,0.01974010468,136,0.0001824457773,-0.002536248683,-0.01513040622,0.01092972931,-0.04708323043,-0.04690078465,0,0
jpeg_q95,3,all,11,noise_inconsistency_score,0.472709908,0.2872541289,false,136,0.468489601,0.2599667847,0.4632379413,0.07755407505,0.2543857545,0.6376114935,0.9354657233,0.383225739,0,1,0.4684820742,0.2600479527,0.4627504498,0.07592141256,0.2498333268,0.6385454834,0.9442222267,0.3887121566,0,1,-7.526784697e-06,0.00606010237,-0.0004877746105,-0.00850199908,-0.004743102938,0.003594521433,0.01206761599,0.008337624371,-0.01271212101,0.0195311904,136,-2.620252918e-05,-0.001698059528,-0.01651187036,0.01251338474,-0.0146918931,-0.01471809563,0,0
jpeg_q95,3,all,12,jpeg_boundary_difference_ratio,1.093948336,0.09273773244,false,136,1.082337692,0.08161071092,1.060392857,0.9912209213,1.026367247,1.118151486,1.222925007,0.09178423882,0.9520630836,1.365483165,1.094874093,0.08032522707,1.072546959,1.001299486,1.03819102,1.128831118,1.231375277,0.09064009786,0.9675957561,1.36663115,0.01253640082,0.006711488096,0.01311522722,-0.0002784132957,0.009029567242,0.01739290357,0.0216434896,0.008363336325,-0.004407167435,0.03154826164,136,0.1351812309,0.1414227723,0.0973667029,0.1875493729,-0.1251987007,0.00998253021,0,0
jpeg_q95,3,all,13,jpeg_periodic_grid_strength,0.09553520438,0.09058293146,false,136,0.08404000305,0.07950975276,0.06039283425,0,0.02636727365,0.1181514598,0.2229249701,0.0917841862,0,0.3654832244,0.09585669577,0.07899661125,0.07254696265,0.002660229395,0.03819097113,0.1288310848,0.231375251,0.09064011369,0,0.3666310906,0.01181669272,0.007031525977,0.01253727451,-0.0001063456293,0.007302561775,0.01697689854,0.02164347935,0.009674336761,-0.002476599067,0.03154829144,136,0.1304516484,0.1384065884,0.08061741497,0.1874182946,-0.1269025096,0.003549138744,0,0
jpeg_q95,3,all,14,jpeg_artifact_score,0.1895063019,0.1711530738,false,136,0.1680800061,0.1590195055,0.1207856685,0,0.05273454729,0.2363029197,0.4458499402,0.1835683724,0,0.7309664488,0.1917133915,0.1579932225,0.1450939253,0.005320458789,0.07638194226,0.2576621696,0.4627505019,0.1812802274,0,0.7332621813,0.02363338544,0.01406305195,0.02507454902,-0.0002126912586,0.01460512355,0.03395379707,0.04328695871,0.01934867352,-0.004953198135,0.06309658289,136,0.1380833246,0.1465036442,0.08533369123,0.198382631,-0.1251879111,0.01289541353,0,0
jpeg_q95,3,all,15,laplacian_variance,0.02918492153,0.0375752336,false,136,0.02394577704,0.02717534999,0.01534168934,0.00259178417,0.007541473606,0.0335185295,0.05879470799,0.02597705589,0.0007509294082,0.1964241564,0.02311666802,0.02636696026,0.01484348113,0.00250234158,0.007320257835,0.03248532116,0.05570538715,0.02516506333,0.0007187643205,0.1911681443,-0.0008291090233,0.001013950341,-0.0005166889168,-0.00282630045,-0.001263738144,-0.0001179110841,0.0002043393906,0.00114582706,-0.005256012082,0.0005948105827,136,-0.02206530589,-0.01375078389,-0.03363220992,-0.003138000028,-0.1394307895,-0.1614960954,0,0
jpeg_q95,3,authentic,0,fft_high_freq_energy_ratio,0.2770639687,0.03598589593,false,68,0.2802247753,0.02958164251,0.2775896192,0.236006666,0.263284862,0.3020432144,0.3289889097,0.0387583524,0.1939708143,0.3368470669,0.2802302213,0.02956905005,0.2774398476,0.2361188412,0.263234891,0.3019575551,0.3289317027,0.03872266412,0.1939865798,0.3367686272,5.445936147e-06,0.0001303651043,8.702278137e-06,-0.0001642182469,-0.0001037120819,8.352100849e-05,0.0002454333007,0.0001872330904,-0.0002647638321,0.0003035068512,68,0.0001513352942,0.0002418246903,-0.002882020282,0.00232093731,0.08783459599,0.08798593128,0,0
jpeg_q95,3,authentic,1,fft_spectral_peak_count,0.001465201487,0.01201554558,false,68,0.002941176514,0.0170213936,0,0,0,0,0,0,0,0.1000000015,0.002941176514,0.0170213936,0,0,0,0,0,0,0,0.1000000015,0,0,0,0,0,0,0,0,0,0,68,0,0,0,0,0.1228387856,0.1228387856,0,0
jpeg_q95,3,authentic,2,fft_radial_anomaly_score,0.01245421275,0.06623456294,false,68,0.008823529762,0.05106418207,0,0,0,0,0,0,0,0.3000000119,0.008823529762,0.05106418207,0,0,0,0,0,0,0,0.3000000119,0,0,0,0,0,0,0,0,0,0,68,0,0,0,0,-0.05481553475,-0.05481553475,0,0
jpeg_q95,3,authentic,3,fft_spectral_decay_slope,-1.396382714,0.1146397732,false,68,-1.386156375,0.1002783463,-1.373494685,-1.551214135,-1.43973875,-1.325330079,-1.24484846,0.1144086719,-1.727806091,-1.145753503,-1.386130591,0.1003206604,-1.373432219,-1.551027399,-1.439701527,-1.325512052,-1.244935966,0.1141894758,-1.727871299,-1.145128489,2.57842681e-05,0.000305807542,-3.159046173e-06,-0.0003865361214,-0.0001561641693,0.0002031028271,0.0005578458309,0.0003592669964,-0.0006518363953,0.0008634328842,68,0.000224915554,-2.755628422e-05,-0.001362216314,0.001771661104,0.08920411445,0.08942903001,0,0
jpeg_q95,3,authentic,4,dct_mean_high_freq_energy,0.6292782821,0.5635890252,false,68,0.5773162136,0.4635349999,0.4883050323,0.1221976575,0.220300857,0.7608941793,1.347974223,0.5405933224,0.05247817934,2.947056532,0.5543552721,0.4476881005,0.4823594242,0.115692161,0.2120210603,0.7259361148,1.285970795,0.5139150545,0.05138820782,2.857679605,-0.02296094147,0.02073325576,-0.01898358762,-0.06048047543,-0.03791032732,-0.006949236616,0.005765096843,0.0309610907,-0.08937692642,0.008445501328,68,-0.04074057593,-0.03368338767,-0.06726590764,-0.01233032637,-0.09219851027,-0.1329390862,0,0
jpeg_q95,3,authentic,5,dct_ac_energy_variance,0.6612464179,0.8145449238,false,68,0.5240311355,0.5538703296,0.3292368203,0.03536250908,0.1004689299,0.84002994,1.278597277,0.7395610102,0.006817433983,3.392128229,0.4937190161,0.5328816362,0.3131668419,0.03216835372,0.0924623739,0.7852720022,1.20360328,0.6928096283,0.005957957823,3.33925128,-0.03031211937,0.02954281204,-0.02236710489,-0.0822817266,-0.05745656788,-0.005473517813,0.002773800492,0.05198305007,-0.1061497927,0.009320706129,68,-0.03721356366,-0.02745963327,-0.07053824314,-0.006719724908,-0.1684563717,-0.2056699354,0,0
jpeg_q95,3,authentic,6,dct_anomaly_score,0.889356059,0.1661459289,false,68,0.8861795681,0.1510468274,0.9964952171,0.6086750209,0.7715208828,1,1,0.2284791172,0.453714937,1,0.8887469545,0.1493283754,1,0.6182529628,0.7712581307,1,1,0.2287418693,0.4583032429,1,0.002567386364,0.005683311885,0,-0.004288768768,0,0.007022425532,0.01166993976,0.007022425532,-0.0157288909,0.01404321194,68,0.0154525987,0,0,0.04226661213,-0.01911867996,-0.003666081266,0,0
jpeg_q95,3,authentic,7,noise_global_level,0.08145926638,0.05773810375,false,68,0.07773085362,0.04853446933,0.06774162129,0.02424513912,0.03916308936,0.09999490902,0.156540788,0.06083181966,0.008498129435,0.3005185127,0.07604891801,0.04748151459,0.06575187668,0.02391005736,0.0383131979,0.09708969668,0.15265771,0.05877649877,0.008399040438,0.2950795889,-0.001681935604,0.001573881041,-0.001363545656,-0.004543695599,-0.002840090543,-0.0004964871332,0.0006063412875,0.00234360341,-0.005438923836,0.0006823092699,68,-0.02913042678,-0.023616045,-0.04918918978,-0.008598951142,-0.06457456212,-0.09370498889,0,0
jpeg_q95,3,authentic,8,noise_max_to_min_ratio,0.4198563956,0.3432569591,false,68,0.3641783925,0.2954842022,0.2533352673,0.08042030744,0.1287994534,0.5065153539,1,0.3777159005,0.03719126061,1,0.3612725496,0.2943726544,0.249818489,0.08078051358,0.1293525994,0.5058230758,1,0.3764704764,0.03740033507,1,-0.002905842958,0.007618904959,-0.001260619611,-0.01805328578,-0.004211485386,0.0002896543592,0.00426749289,0.004501139745,-0.03383350372,0.01818782091,68,-0.00846550341,-0.003672524554,-0.01226919156,0.0008438411853,-0.1622050234,-0.1706705269,0,0
jpeg_q95,3,authentic,9,noise_std_of_variances,0.04548419132,0.03027924304,false,68,0.04356616948,0.02540781963,0.03764902055,0.01210393175,0.02447021659,0.05869416427,0.0898496598,0.03422394767,0.007698957808,0.1207790449,0.04265901753,0.02493548853,0.03632342629,0.01193215726,0.02395663643,0.05773308501,0.08769668564,0.03377644857,0.007547120564,0.1206559837,-0.0009071519461,0.0008170923143,-0.0006966302171,-0.002369391173,-0.001422898844,-0.0003254036419,3.762636334e-05,0.001097495202,-0.003431484103,0.0006136856973,68,-0.02995953184,-0.02300685708,-0.04699255004,-0.01074675617,-0.0633444448,-0.09330397664,0,0
jpeg_q95,3,authentic,10,noise_coef_variation,0.6137265787,0.2479366501,false,68,0.5981716724,0.197276098,0.597428441,0.3099574596,0.4423480853,0.7228698879,0.9137503356,0.2805218026,0.1544704735,1.062339783,0.5976739254,0.1969102292,0.5970628262,0.3109585851,0.4371070191,0.7232642919,0.9183424115,0.2861572728,0.1547235548,1.057880878,-0.0004977469935,0.004340930598,-0.0009648799896,-0.006330883503,-0.004036664963,0.001022771001,0.008867563307,0.005059435964,-0.00824201107,0.01015305519,68,-0.002007557145,-0.003891639212,-0.01628103373,0.004125130353,-0.06273742202,-0.06474497917,0,0
jpeg_q95,3,authentic,11,noise_inconsistency_score,0.472709908,0.2872541289,false,68,0.464879679,0.2564121435,0.4632379413,0.07994327508,0.2564641088,0.630493179,0.8850004673,0.3740290701,0,1,0.4642984832,0.2561384989,0.4627504498,0.08127811812,0.249476023,0.6310190707,0.8911231965,0.3815430477,0,1,-0.0005811957971,0.005751066155,-0.001018166542,-0.008441151679,-0.005269117653,0.001363703981,0.01182336211,0.006632821634,-0.01098936796,0.01353734732,68,-0.002023280916,-0.003544480094,-0.0183430528,0.00474737817,-0.02725889098,-0.02928217189,0,0
jpeg_q95,3,authentic,12,jpeg_boundary_difference_ratio,1.093948336,0.09273773244,false,68,1.086161798,0.08560502869,1.062512159,0.9901258528,1.030339122,1.12294969,1.226612198,0.09261056781,0.9602760077,1.365275621,1.098698608,0.08387878392,1.074027538,0.9958518535,1.043050647,1.13401559,1.235694754,0.09096494317,0.9750353098,1.366084695,0.01253680972,0.007224370424,0.01336240768,-0.0006279170513,0.008704274893,0.0176872611,0.02184916735,0.008982986212,-0.004407167435,0.03154826164,68,0.1351856401,0.1440881433,0.09385904382,0.1907234589,-0.0839629929,0.05122264725,0,0
jpeg_q95,3,authentic,13,jpeg_periodic_grid_strength,0.09553520438,0.09058293146,false,68,0.08785988211,0.08355739431,0.0625121668,0,0.03033912973,0.1229496785,0.226612173,0.09261054872,0,0.3652756512,0.09974354663,0.08248845713,0.07402753457,0.001871165587,0.0430506831,0.1340155751,0.2356947578,0.09096489195,0,0.3660846949,0.01188366452,0.007450709957,0.01274876017,-0.0001028962433,0.007380175404,0.01768724434,0.02184919585,0.01030706894,-0.002476599067,0.03154829144,68,0.1311909907,0.1407413071,0.08147423897,0.1952602334,-0.08473254451,0.04645844621,0,0
jpeg_q95,3,authentic,14,jpeg_artifact_score,0.1895063019,0.1711530738,false,68,0.1757197642,0.1671147886,0.1250243336,0,0.06067825947,0.2458993569,0.453224346,0.1852210974,0,0.7305513024,0.1994870933,0.1649769143,0.1480550691,0.003742331173,0.08610136621,0.2680311501,0.4713895157,0.1819297839,0,0.7321693897,0.02376732904,0.01490141991,0.02549752034,-0.0002057924867,0.01476035081,0.03537448868,0.04369839169,0.02061413787,-0.004953198135,0.06309658289,68,0.1388659199,0.1489749485,0.08624064111,0.2066833385,-0.08055092064,0.05831499931,0,0
jpeg_q95,3,authentic,15,laplacian_variance,0.02918492153,0.0375752336,false,68,0.02403727478,0.0277269892,0.01534168934,0.002676711767,0.007541473606,0.03309382405,0.05826079007,0.02555235045,0.0007509294082,0.1964241564,0.02313162532,0.02686041106,0.01510135876,0.002562453819,0.00731423765,0.03248566017,0.0552380072,0.02517142252,0.0007187643205,0.1911681443,-0.0009056494643,0.001060378647,-0.000538286753,-0.00286197532,-0.001405569725,-0.0001402814523,0.0001347127836,0.001265288272,-0.005256012082,0.0004294114187,68,-0.02410229765,-0.01432557303,-0.03740681269,-0.003733348775,-0.136995735,-0.1610980326,0,0
jpeg_q95,3,ai_edited,0,fft_high_freq_energy_ratio,0.2770639687,0.03598589593,false,68,0.2828156793,0.02913877368,0.2821039855,0.2395771317,0.2655462772,0.3016602769,0.3286440969,0.03611399978,0.2022096664,0.3533691168,0.2828353882,0.02913316109,0.2820781618,0.2395598046,0.2656327859,0.3016294912,0.3288653985,0.03599670529,0.202129662,0.3532072306,1.970897703e-05,0.0001206478436,2.056360245e-06,-0.0001558572054,-6.631761789e-05,8.554011583e-05,0.0002459913492,0.0001518577337,-0.0002080500126,0.0003723800182,68,0.0005476861564,5.714350558e-05,-0.001842878055,0.002377045607,0.1598323561,0.1603800423,0,0
jpeg_q95,3,ai_edited,1,fft_spectral_peak_count,0.001465201487,0.01201554558,false,68,0.001470588257,0.01212678143,0,0,0,0,0,0,0,0.1000000015,0.001470588257,0.01212678143,0,0,0,0,0,0,0,0.1000000015,0,0,0,0,0,0,0,0,0,0,68,0,0,0,0,0.0004483167359,0.0004483167359,0,0
jpeg_q95,3,ai_edited,2,fft_radial_anomaly_score,0.01245421275,0.06623456294,false,68,0.01029411791,0.06019794825,0,0,0,0,0,0,0,0.400000006,0.01029411791,0.06019794825,0,0,0,0,0,0,0,0.400000006,0,0,0,0,0,0,0,0,0,0,68,0,0,0,0,-0.0326128043,-0.0326128043,0,0
jpeg_q95,3,ai_edited,3,fft_spectral_decay_slope,-1.396382714,0.1146397732,false,68,-1.375775875,0.09568634979,-1.368546486,-1.531256497,-1.422361106,-1.318440676,-1.238985956,0.1039204299,-1.680384636,-1.146538377,-1.375710081,0.09571994202,-1.368488371,-1.531170177,-1.422327727,-1.31837666,-1.238812804,0.1039510667,-1.680927157,-1.145949364,6.579476244e-05,0.0002939534618,4.303455353e-05,-0.0003340005875,-0.0001402497292,0.0002039968967,0.0005865097046,0.0003442466259,-0.0005898475647,0.000742316246,68,0.0005739261394,0.0003753893813,-0.001223395033,0.001779460052,0.1797529634,0.1803268895,0,0
jpeg_q95,3,ai_edited,4,dct_mean_high_freq_energy,0.6292782821,0.5635890252,false,68,0.592490687,0.4558591915,0.5053685457,0.1338216439,0.2424968779,0.7700662464,1.331547052,0.5275693685,0.0634676218,2.882460594,0.5657502302,0.4410022295,0.4883097559,0.126411609,0.227364853,0.7313592434,1.267583138,0.5039943904,0.05935079977,2.796608686,-0.02674045682,0.01880192425,-0.02267986536,-0.06303941607,-0.03875429928,-0.01253449917,-0.003191474825,0.02621980011,-0.08585190773,0.004424631596,68,-0.04744673091,-0.04024185062,-0.06876340303,-0.02224049548,-0.06527379618,-0.1127205271,0,0
jpeg_q95,3,ai_edited,5,dct_ac_energy_variance,0.6612464179,0.8145449238,false,68,0.5299496162,0.5361424041,0.3525126725,0.05104755405,0.1419496629,0.8421262056,1.23644278,0.7001765426,0.009631031193,3.336702347,0.5034501994,0.5196467227,0.3353191167,0.04622045662,0.1328823287,0.7864882648,1.173566711,0.6536059361,0.00837381091,3.288052082,-0.02649941686,0.0257150936,-0.01922687143,-0.07280239761,-0.04652658105,-0.006920905784,0.00385555923,0.03960567527,-0.09028631449,0.01838648319,68,-0.03253278743,-0.02360443343,-0.05711972378,-0.008496653262,-0.161190375,-0.1937231625,0,0
jpeg_q95,3,ai_edited,6,dct_anomaly_score,0.889356059,0.1661459289,false,68,0.8839615623,0.1559980927,0.9981177449,0.6058991462,0.762401998,1,1,0.237598002,0.4475267231,1,0.8907966693,0.1515278909,1,0.6206086993,0.7664129883,1,1,0.2335870117,0.4549723864,1,0.006835106979,0.01230547809,0,0,0,0.01106899977,0.02262864709,0.01106899977,-0.001137077808,0.08577263355,68,0.04113917823,0,0,0.06662215465,-0.03246842537,0.00867075286,0,0
jpeg_q95,3,ai_edited,7,noise_global_level,0.08145926638,0.05773810375,false,68,0.07759318738,0.04724998852,0.06814750656,0.0245583117,0.04199169856,0.09520376846,0.154824429,0.05321206991,0.01242605317,0.2921302319,0.07628343476,0.04641184502,0.06636507064,0.02429963741,0.04125770554,0.09312933497,0.1508030452,0.05187162943,0.01260645315,0.2876542807,-0.001309752615,0.001460788088,-0.001114714891,-0.004122090712,-0.002348348498,-0.0002618646249,0.0007641565055,0.002086483873,-0.004577323794,0.00154595077,68,-0.02268437184,-0.01930639938,-0.0406724216,-0.00453538665,-0.06695888428,-0.08964325612,0,0
jpeg_q95,3,ai_edited,8,noise_max_to_min_ratio,0.4198563956,0.3432569591,false,68,0.3730596277,0.3044905614,0.2694365084,0.08128768615,0.1238110848,0.5089045316,1,0.3850934468,0.03719126061,1,0.3709696965,0.3023744326,0.2708066106,0.08173071519,0.1211276799,0.5153013319,1,0.3941736519,0.03740033507,1,-0.002089931191,0.008297868765,-0.0006373673677,-0.01537821591,-0.00469538942,0.0009903628379,0.01063399166,0.005685752258,-0.03619325161,0.01818782091,68,-0.006088532617,-0.001856822858,-0.01367893438,0.002885193764,-0.1363315927,-0.1424201253,0,0
jpeg_q95,3,ai_edited,9,noise_std_of_variances,0.04548419132,0.03027924304,false,68,0.04391667959,0.02506476444,0.03708861209,0.01220234898,0.02433698578,0.06463584863,0.08635382056,0.04029886285,0.0116578443,0.1245050952,0.04316388381,0.02451261486,0.03569987603,0.01214007908,0.02411233261,0.06231801398,0.08367453441,0.03820568137,0.01159108523,0.1237316951,-0.0007527957753,0.0008997650007,-0.0004704650491,-0.002373594232,-0.001428573392,-6.528222002e-05,0.0004322299268,0.001363291172,-0.003163680434,0.0009810179472,68,-0.02486177657,-0.01553754328,-0.04717995725,-0.002156005681,-0.05176852422,-0.07663030079,0,0
jpeg_q95,3,ai_edited,10,noise_coef_variation,0.6137265787,0.2479366501,false,68,0.605934168,0.2088629822,0.6024837792,0.3094294921,0.4398408756,0.729135409,0.9569785535,0.2892945334,0.1593853831,1.140060663,0.606522385,0.2098251814,0.6009878814,0.3067122757,0.4432485625,0.7300653607,0.958527264,0.2868167982,0.1563561112,1.159800768,0.0005882169832,0.005375288048,-0.0001805871725,-0.006255374849,-0.003152351826,0.003876321018,0.009376204014,0.007028672844,-0.009534060955,0.01974010468,68,0.0023724487,-0.0007283601373,-0.01271434387,0.01563432036,-0.03142903884,-0.02905659014,0,0
jpeg_q95,3,ai_edited,11,noise_inconsistency_score,0.472709908,0.2872541289,false,68,0.4720995231,0.2653309562,0.4699783623,0.07923931442,0.2531211637,0.6388472319,0.9426380843,0.3857260682,0,1,0.4726656653,0.2657381133,0.4679838717,0.07561636195,0.2576647513,0.6400871277,0.9447029978,0.3824223764,0,1,0.0005661422277,0.006344685608,0,-0.00834043771,-0.003007542342,0.004573270679,0.01157761663,0.00758081302,-0.01271212101,0.0195311904,68,0.001970875858,0,-0.0104699708,0.01592064384,-0.002124895217,-0.0001540193594,0,0
jpeg_q95,3,ai_edited,12,jpeg_boundary_difference_ratio,1.093948336,0.09273773244,false,68,1.078513586,0.07785960965,1.05481112,0.9920105815,1.025272816,1.113544852,1.208841461,0.08827203512,0.9520630836,1.365483165,1.091049578,0.07704053472,1.070067346,1.004303229,1.03819102,1.124756753,1.221685123,0.08656573296,0.9675957561,1.36663115,0.01253599191,0.006210387762,0.01303893328,0.0003409683704,0.009306669235,0.0165912807,0.02078493834,0.007284611464,-0.002393960953,0.02938807011,68,0.1351768216,0.1406000873,0.1003547207,0.1789053955,-0.1664344084,-0.03125758683,0,0
jpeg_q95,3,ai_edited,13,jpeg_periodic_grid_strength,0.09553520438,0.09058293146,false,68,0.08022012399,0.07567364232,0.0548111219,0,0.02527279966,0.1135448217,0.2088414364,0.08827202208,0,0.3654832244,0.09196984492,0.07575657522,0.0700673759,0.004303240275,0.03819097113,0.1247567087,0.2216851585,0.08656573761,0,0.3666310906,0.01174972092,0.006640819042,0.01200216264,-6.08489383e-05,0.007302561775,0.01635870361,0.02078495063,0.009056141833,-0.002393897623,0.0293879956,68,0.129712306,0.1324991634,0.08061741497,0.1805936653,-0.1690724747,-0.03936016872,0,0
jpeg_q95,3,ai_edited,14,jpeg_artifact_score,0.1895063019,0.1711530738,false,68,0.160440248,0.1513472846,0.1096222438,0,0.05054559931,0.2270896435,0.4176828727,0.1765440442,0,0.7309664488,0.1839396898,0.1515131504,0.1401347518,0.008606480551,0.07638194226,0.2495134175,0.4433703169,0.1731314752,0,0.7332621813,0.02349944185,0.01328163808,0.02400432527,-0.0001216978766,0.01460512355,0.03271740722,0.04156990126,0.01811228367,-0.004787795246,0.0587759912,68,0.1373007293,0.1402506233,0.08533369123,0.1911587475,-0.1698249015,-0.03252417224,0,0
jpeg_q95,3,ai_edited,15,laplacian_variance,0.02918492153,0.0375752336,false,68,0.0238542793,0.0268182541,0.01502414793,0.002805999166,0.007615783834,0.03353293054,0.0565951407,0.0259171467,0.0007818382583,0.1884857267,0.02310171072,0.02606391025,0.01484348113,0.002785034839,0.007486439194,0.03218286298,0.05380581487,0.02469642379,0.0007563070976,0.1838416755,-0.0007525685822,0.0009670784169,-0.0004673735239,-0.002621569484,-0.001156839542,-6.755476352e-05,0.0002660216298,0.001089284779,-0.004644051194,0.0005948105827,68,-0.02002831414,-0.01243833981,-0.0307872881,-0.001797853454,-0.141865844,-0.1618941581,0,0
jpeg_q95,4,all,0,fft_high_freq_energy_ratio,0.2772912924,0.03379470165,false,136,0.2806075897,0.03850881595,0.2823493928,0.2247225791,0.2523871139,0.3061808795,0.3457480147,0.0537937656,0.186509192,0.3788720965,0.2805605829,0.03854725817,0.2822429538,0.2247381993,0.2519025877,0.3062338755,0.3456880078,0.05433128774,0.1864174455,0.3788411319,-4.700680866e-05,0.0002423414875,-2.537667751e-05,-0.0002109147608,-8.665025234e-05,3.781169653e-05,0.000163435936,0.0001244619489,-0.001871690154,0.0003587901592,136,-0.001390952024,-0.0007509069846,-0.002564018858,0.001118864635,0.09813068766,0.09673973564,0,0
jpeg_q95,4,all,1,fft_spectral_peak_count,0.001098901115,0.01042509134,false,136,0.003676470643,0.01888792798,0,0,0,0,0,0,0,0.1000000015,0.003676470643,0.01888792798,0,0,0,0,0,0,0,0.1000000015,0,0,0,0,0,0,0,0,0,0,136,0,0,0,0,0.2472467092,0.2472467092,0,0
jpeg_q95,4,all,2,fft_radial_anomaly_score,0.01062271086,0.06169742377,false,136,0.01691176523,0.0735906085,0,0,0,0,0.07500000298,0,0,0.400000006,0.01691176523,0.0735906085,0,0,0,0,0.07500000298,0,0,0.400000006,0,0,0,0,0,0,0,0,0,0,136,0,0,0,0,0.1019338245,0.1019338245,0,0
jpeg_q95,4,all,3,fft_spectral_decay_slope,-1.395071069,0.1081051518,false,136,-1.386231996,0.1248093578,-1.388402462,-1.567102671,-1.47300902,-1.304937065,-1.176903129,0.1680719554,-1.680339456,-1.072325468,-1.386337304,0.1249829383,-1.38813889,-1.570194334,-1.474538416,-1.30494082,-1.176997334,0.1695975959,-1.680762649,-1.072270632,-0.0001053082592,0.0006632156935,-3.856420517e-05,-0.0005151331425,-0.0002074539661,0.0001485347748,0.0004360973835,0.0003559887409,-0.005507826805,0.0006546974182,136,-0.0009741280362,-0.0003567286528,-0.001919001663,0.001373984239,0.08176366375,0.08078953571,0,0
jpeg_q95,4,all,4,dct_mean_high_freq_energy,0.6193762905,0.5366699776,false,136,0.6246570343,0.575484475,0.4199665189,0.1139723808,0.2421660833,0.7904714942,1.906940579,0.5483054109,0.0488383323,3.120204687,0.6000759237,0.5618053801,0.4091933072,0.1067108009,0.2315537035,0.7532612979,1.83525902,0.5217075944,0.04712364823,3.117406368,-0.02458111065,0.01946397024,-0.02050103247,-0.06265223026,-0.03289954364,-0.01009181142,-0.001429285854,0.02280773222,-0.09060192108,0.006788432598,136,-0.0458030292,-0.03820044595,-0.06130311926,-0.01880450154,0.009839834595,-0.0359631946,0,0
jpeg_q95,4,all,5,dct_ac_energy_variance,0.6295869104,0.7833336529,false,136,0.6540939869,0.7146153804,0.4082358479,0.0308582182,0.1493869834,0.7946500927,2.135314763,0.6452631094,0.002281752881,3.695193529,0.6232086845,0.6911622777,0.387434572,0.03019678267,0.1399886608,0.7463035285,2.103021681,0.6063148677,0.002048940863,3.580828428,-0.03088530237,0.02954030367,-0.02366377413,-0.0783148706,-0.0478168726,-0.007129117846,0.001016185619,0.04068775475,-0.1143651009,0.0253663063,136,-0.03942802949,-0.03020906104,-0.06104279118,-0.009100997793,0.03128561671,-0.00814241278,0,0
jpeg_q95,4,all,6,dct_anomaly_score,0.8854757963,0.1618540456,false,136,0.9006486785,0.1700721526,1,0.468439959,0.8060800284,1,1,0.1939199716,0.3729226589,1,0.9043807878,0.1672960521,1,0.4684807956,0.8278783858,1,1,0.1721216142,0.3716844022,1,0.003732109333,0.007230877534,0,0,0,0.007479026914,0.01742765307,0.007479026914,-0.01404047012,0.03180068731,136,0.02305848655,0,0,0.04620846447,0.09374422558,0.1168027121,0,0
jpeg_q95,4,all,7,noise_global_level,0.08048238378,0.05501788475,false,136,0.08158391684,0.05939912676,0.06303627416,0.01989928773,0.04177078418,0.10236446,0.2022186518,0.06059367582,0.0110670086,0.3236872554,0.08017829062,0.05863561138,0.06160218269,0.01954406453,0.0412412975,0.09954019077,0.1984277926,0.05829889327,0.01101725083,0.3233425319,-0.00140562622,0.001479431145,-0.001181634143,-0.004040153697,-0.002041336149,-0.00041221641,0.0005473699421,0.001629119739,-0.005864500999,0.002622142434,136,-0.02554853257,-0.02147727322,-0.03710313761,-0.007492407458,0.02002136334,-0.005527169229,0,0
jpeg_q95,4,all,8,noise_max_to_min_ratio,0.3987162239,0.3321587738,false,136,0.4534905819,0.3455142641,0.3879249692,0.06338350475,0.1265477277,0.7369337082,1,0.6103859805,0.0300397668,1,0.4511393145,0.3444120468,0.384656325,0.06221814081,0.1273649409,0.740529269,1,0.613164328,0.02985768393,1,-0.002351267373,0.009978765371,-0.0004429221153,-0.01659323275,-0.003626659513,0.0001865653321,0.009886860847,0.003813224845,-0.03800010681,0.02534127235,136,-0.007078745343,-0.001333465048,-0.01091845165,0.0005616751592,0.1649041432,0.1578253979,0.02941176471,0.02941176471
jpeg_q95,4,all,9,noise_std_of_variances,0.04493150664,0.02958025528,false,136,0.04596029094,0.02833783372,0.0404331889,0.01057637902,0.02389561944,0.06240804959,0.09797646292,0.03851243015,0.004058144521,0.1357585639,0.04523561348,0.02809172884,0.04003376886,0.01043639285,0.02333494741,0.06081695575,0.09689149819,0.03748200834,0.003866592655,0.1344710886,-0.0007246774604,0.0007198455237,-0.0007169051096,-0.001857875846,-0.001172308344,-0.0002112807706,0.0001960252412,0.0009610275738,-0.003276601434,0.001084975898,136,-0.02449868852,-0.02423593383,-0.03963144785,-0.007142628372,0.03477942586,0.01028073734,0,0
jpeg_q95,4,all,10,noise_coef_variation,0.6066669238,0.2341182303,false,136,0.6303953582,0.2599559144,0.6288309693,0.248521734,0.4270838499,0.7941017896,1.057026237,0.3670179397,0.1013499871,1.295623899,0.6300312301,0.2596687388,0.627876848,0.2457127646,0.4265022948,0.7964786887,1.059716284,0.3699763939,0.09868583828,1.293222785,-0.0003641280072,0.004545815462,-0.0002952478826,-0.007720082998,-0.003096416593,0.002306640148,0.006243154407,0.005403056741,-0.01153588295,0.01400524378,136,-0.001555316759,-0.001261105905,-0.01322586707,0.009852458502,0.1013523566,0.09979703989,0.01470588235,0.01470588235
jpeg_q95,4,all,11,noise_inconsistency_score,0.4655542926,0.2761477501,false,136,0.497217292,0.3034733063,0.505107969,0.001652285282,0.2361118011,0.7254690379,1,0.4893572368,0,1,0.4968763256,0.303138621,0.5038357973,0,0.235336408,0.7286382169,1,0.4933018088,0,1,-0.0003409664359,0.005840591239,0,-0.01029350609,-0.002844043076,0.00282599777,0.008311580867,0.005670040846,-0.0153811574,0.01867365837,136,-0.001234724656,0,-0.01029899058,0.01023364401,0.1146596318,0.1134249072,0,0
jpeg_q95,4,all,12,jpeg_boundary_difference_ratio,1.093486445,0.09390043672,false,136,1.08419205,0.07630003957,1.072595596,0.9925839305,1.031727135,1.134876192,1.231296629,0.1031490564,0.9104481339,1.299650311,1.096463094,0.07658536025,1.086209297,0.9924972951,1.043135077,1.148898482,1.236745924,0.1057634056,0.9199864268,1.317839742,0.01227104401,0.00691418873,0.01300936937,-0.0001473426819,0.008487731218,0.0170455575,0.0217936039,0.008557826281,-0.006319284439,0.02963209152,136,0.130681437,0.1385442904,0.09039075338,0.1815279896,-0.09898138087,0.03170005616,0.04411764706,0.02941176471
jpeg_q95,4,all,13,jpeg_periodic_grid_strength,0.09464744051,0.09247797334,false,136,0.08760411388,0.07060674983,0.07259557396,0,0.03172709793,0.1348761879,0.2312966399,0.10314909,0,0.2996502519,0.09948541557,0.07123890856,0.08620930463,0,0.04313510843,0.1488985121,0.2367459647,0.1057634037,0,0.3178397715,0.01188130168,0.007273399242,0.0128923147,-2.941675484e-05,0.007552318275,0.01704556029,0.02179365978,0.009493242018,-0.006319247186,0.02963215113,136,0.1284770984,0.1394095722,0.08166613089,0.1843202189,-0.07616220786,0.05231489058,0,0
jpeg_q95,4,all,14,jpeg_artifact_score,0.1877307741,0.1751440914,false,136,0.1752082278,0.1412134997,0.1451911479,0,0.06345419586,0.2697523758,0.4625932798,0.2062981799,0,0.5993005037,0.1989708311,0.1424778171,0.1724186093,0,0.08627021685,0.2977970243,0.4734919295,0.2115268074,0,0.635679543,0.02376260337,0.01454679848,0.0257846294,-5.883350968e-05,0.01510463655,0.03409112059,0.04358731955,0.01898648404,-0.01263849437,0.05926430225,136,0.1356745933,0.1472195219,0.08624119962,0.1946461357,-0.07149853744,0.06417605586,0,0
jpeg_q95,4,all,15,laplacian_variance,0.02771657354,0.03572195923,false,136,0.02984076236,0.03614408448,0.01788531337,0.002879146778,0.008638437837,0.03398433514,0.1130660344,0.0253458973,0.0003647030098,0.2088879496,0.02900640459,0.03541767472,0.01702788472,0.00282118452,0.008039077278,0.03218441177,0.109877754,0.02414533449,0.0003578086616,0.2076694518,-0.0008343577724,0.001054819662,-0.0005434527993,-0.002905849367,-0.001076182816,-0.0001299821306,0.0001242409926,0.0009462006856,-0.005227424204,0.001709610224,136,-0.02335699918,-0.01521340965,-0.03012664589,-0.003638717847,0.05946451067,0.03610751149,0,0
jpeg_q95,4,authentic,0,fft_high_freq_energy_ratio,0.2772912924,0.03379470165,false,68,0.2788785245,0.03970325146,0.2801967263,0.2224504076,0.2490844652,0.3065289408,0.3455745861,0.05744447559,0.1887102574,0.3711397052,0.2788320683,0.03973906809,0.2801547348,0.221265018,0.2489930093,0.3065981716,0.3454624087,0.05760516226,0.1886524409,0.3708993793,-4.64561231e-05,0.0002516950324,-2.62260437e-05,-0.0001954257488,-8.950755e-05,3.649294376e-05,0.0001655340195,0.0001260004938,-0.001871690154,0.0003175735474,68,-0.001374656997,-0.0007760401015,-0.002648567545,0.001079842164,0.04696689159,0.04559223459,0,0
jpeg_q95,4,authentic,1,fft_spectral_peak_count,0.001098901115,0.01042509134,false,68,0.002941176514,0.0170213936,0,0,0,0,0,0,0,0.1000000015,0.002941176514,0.0170213936,0,0,0,0,0,0,0,0.1000000015,0,0,0,0,0,0,0,0,0,0,68,0,0,0,0,0.1767155163,0.1767155163,0,0
jpeg_q95,4,authentic,2,fft_radial_anomaly_score,0.01062271086,0.06169742377,false,68,0.01470588279,0.06967880851,0,0,0,0,0,0,0,0.400000006,0.01470588279,0.06967880851,0,0,0,0,0,0,0,0.400000006,0,0,0,0,0,0,0,0,0,0,68,0,0,0,0,0.06618059036,0.06618059036,0,0
jpeg_q95,4,authentic,3,fft_spectral_decay_slope,-1.395071069,0.1081051518,false,68,-1.393027625,0.1282122567,-1.40049988,-1.58098858,-1.486094415,-1.310151756,-1.183244878,0.1759426594,-1.677996755,-1.106623292,-1.393137373,0.1283802045,-1.400482237,-1.581249785,-1.486100048,-1.310272247,-1.183382213,0.1758278012,-1.678302407,-1.106380105,-0.0001097479287,0.0007138568162,-7.367134094e-05,-0.0004875361919,-0.0001971423626,0.0001410245895,0.0004343032837,0.0003381669521,-0.005507826805,0.0006250143051,68,-0.001015196102,-0.0006814785392,-0.001823616722,0.001304513126,0.01890237667,0.01788718057,0,0
jpeg_q95,4,authentic,4,dct_mean_high_freq_energy,0.6193762905,0.5366699776,false,68,0.619074247,0.5894011392,0.3964817971,0.1050579589,0.2415498458,0.7882015407,1.81207124,0.5466516949,0.0488383323,3.120204687,0.5962224102,0.5753898439,0.3818305582,0.1026339322,0.2293907106,0.7508063614,1.743694806,0.5214156508,0.04712364823,3.117406368,-0.02285183681,0.02055529669,-0.01842269301,-0.06256916523,-0.03208836913,-0.007640447468,0.000768872723,0.02444792166,-0.09060192108,0.006788432598,68,-0.04258079968,-0.03432778762,-0.05979162329,-0.0142367708,-0.0005628105104,-0.04314361019,0,0
jpeg_q95,4,authentic,5,dct_ac_energy_variance,0.6295869104,0.7833336529,false,68,0.652833598,0.7232856715,0.4082358479,0.0278990061,0.1388221048,0.8187793642,2.114781368,0.6799572594,0.002281752881,3.695193529,0.6200098076,0.6979539715,0.387434572,0.02633405598,0.130963197,0.7581343651,2.077221119,0.6271711681,0.002048940863,3.580828428,-0.03282379039,0.03047681543,-0.02456134558,-0.07944263816,-0.05324038863,-0.006887953728,0.0005538547412,0.0463524349,-0.1143651009,0.02036222816,68,-0.04190269403,-0.03135489645,-0.06796642584,-0.008793128832,0.02967661034,-0.0122260837,0,0
jpeg_q95,4,authentic,6,dct_anomaly_score,0.8854757963,0.1618540456,false,68,0.9005260446,0.1710789769,1,0.5059590265,0.8380032927,1,1,0.1619967073,0.3729226589,1,0.9028752306,0.1689444713,1,0.5095801741,0.8317497224,1,1,0.1682502776,0.3716844022,1,0.002349186031,0.005504617887,0,-0.0009588465095,0,0.001586213708,0.0139041841,0.001586213708,-0.01404047012,0.0159458518,68,0.01451422498,0,0,0.009800272229,0.0929865434,0.1075007684,0,0
jpeg_q95,4,authentic,7,noise_global_level,0.08048238378,0.05501788475,false,68,0.08178414528,0.06063387544,0.06277976371,0.02107844064,0.04174822848,0.1023419909,0.2037630282,0.06059376244,0.0110670086,0.3236872554,0.08021616213,0.05982920956,0.06160218269,0.02068887763,0.04092686623,0.09944840334,0.1995486878,0.05852153711,0.01101725083,0.3233425319,-0.001567983151,0.001492776951,-0.001444948837,-0.004098810628,-0.002144178376,-0.0004600738175,9.965375066e-05,0.001684104558,-0.005864500999,0.002598375082,68,-0.02849951716,-0.02626325683,-0.03897238844,-0.008362259284,0.02366069695,-0.004838820217,0,0
jpeg_q95,4,authentic,8,noise_max_to_min_ratio,0.3987162239,0.3321587738,false,68,0.4519759954,0.3480542095,0.3923391402,0.06474506743,0.1224327013,0.7403258979,1,0.6178931966,0.0300397668,1,0.4487245238,0.3465210948,0.3908351809,0.06446765903,0.1207923237,0.7273224294,1,0.6065301057,0.02985768393,1,-0.003251471584,0.009382177559,-0.001229988411,-0.01676825583,-0.004575878382,0,0.005080715567,0.004575878382,-0.03667134047,0.02534127235,68,-0.009788907718,-0.003703013463,-0.01377617797,0,0.1603443162,0.1505554085,0.02941176471,0.02941176471
jpeg_q95,4,authentic,9,noise_std_of_variances,0.04493150664,0.02958025528,false,68,0.04589441433,0.02860189695,0.0404331889,0.009091384057,0.02376076765,0.06314694323,0.09577749372,0.03938617557,0.004058144521,0.1357585639,0.04508198949,0.02838333593,0.04003376886,0.008936349209,0.02319298126,0.06122984458,0.09517199993,0.03803686332,0.003866592655,0.1344710886,-0.0008124248364,0.0007309616432,-0.00078202039,-0.001915054582,-0.001246534288,-0.0002298178151,7.600821555e-05,0.001016716473,-0.003276601434,0.001084975898,68,-0.02746510565,-0.02643724277,-0.04214075492,-0.007769297897,0.03255237918,0.005087273527,0,0
jpeg_q95,4,authentic,10,noise_coef_variation,0.6066669238,0.2341182303,false,68,0.6290771225,0.2671636483,0.6167426705,0.2516984895,0.4208881184,0.7941017896,1.105585682,0.3732136711,0.1013499871,1.295623899,0.6282378873,0.2664331319,0.6168857813,0.2505800121,0.4209919497,0.7964786887,1.105277956,0.375486739,0.09868583828,1.293222785,-0.0008392351515,0.004446550825,-0.001206576824,-0.007754862309,-0.003451816738,0.001703366637,0.006613442302,0.005155183375,-0.01153588295,0.01154750586,68,-0.003584663828,-0.005153707265,-0.01474390411,0.007275668518,0.09572171584,0.09213705201,0.01470588235,0.01470588235
jpeg_q95,4,authentic,11,noise_inconsistency_score,0.4655542926,0.2761477501,false,68,0.4926389793,0.3074081949,0.4889902323,0.002264665603,0.2278508171,0.7254690379,1,0.4976182207,0,1,0.4916351852,0.3065889502,0.4891810566,0.0008835785906,0.2279892676,0.7286382169,1,0.5006489493,0,1,-0.001003794136,0.005745951367,-0.0005500465631,-0.01033980697,-0.003744795918,0.001515738666,0.008812039346,0.005260534585,-0.0153811574,0.01539665461,68,-0.003634989368,-0.001991856037,-0.01356084167,0.005488868424,0.09808041764,0.09444542827,0,0
jpeg_q95,4,authentic,12,jpeg_boundary_difference_ratio,1.093486445,0.09390043672,false,68,1.089614608,0.08047800144,1.07416594,0.9886158407,1.031998813,1.138077199,1.244434547,0.1060783863,0.9246424437,1.299650311,1.101759911,0.0803168447,1.08734107,0.9922294885,1.045791507,1.151221842,1.243615252,0.1054303348,0.9279427528,1.317839742,0.01214530275,0.007473701364,0.01334786415,-0.0008192956448,0.007771849632,0.01723018289,0.02309212685,0.009458333254,-0.006310462952,0.02963209152,68,0.1293423457,0.1421491168,0.08276691679,0.183494172,-0.04123342817,0.08810891757,0.04411764706,0.02941176471
jpeg_q95,4,authentic,13,jpeg_periodic_grid_strength,0.09464744051,0.09247797334,false,68,0.09304690293,0.07486371033,0.07416598126,0,0.03199881036,0.1380772218,0.244434534,0.1060784115,0,0.2996502519,0.1048417086,0.07492169451,0.08734106645,0.003127792664,0.04579152353,0.1512218714,0.2436152428,0.1054303478,0,0.3178397715,0.01179480568,0.007773189452,0.01312031224,-0.0008192911744,0.007132658269,0.01723016053,0.02309220061,0.01009750227,-0.006310389377,0.02963215113,68,0.1275417838,0.1418749976,0.07712818536,0.1863163726,-0.01730723025,0.1102345536,0,0
jpeg_q95,4,authentic,14,jpeg_artifact_score,0.1877307741,0.1751440914,false,68,0.1860938059,0.1497274207,0.1483319625,0,0.06399762072,0.2761544436,0.488869068,0.2121568229,0,0.5993005037,0.2096834172,0.149843389,0.1746821329,0.006255585328,0.09158304706,0.3024437428,0.4872304857,0.2108606957,0,0.635679543,0.02358961137,0.0155463789,0.02624062449,-0.001638582349,0.01426531654,0.03446032107,0.04618440121,0.02019500453,-0.01262077875,0.05926430225,68,0.1346868808,0.1498230644,0.08144903104,0.1967541171,-0.009346408786,0.125340472,0,0
jpeg_q95,4,authentic,15,laplacian_variance,0.02771657354,0.03572195923,false,68,0.03013691008,0.03721346303,0.01788531337,0.002924423118,0.008923721034,0.03329556901,0.1101148304,0.02437184798,0.0003647030098,0.2088879496,0.02923074452,0.03646327512,0.01695174538,0.002826893504,0.008362970315,0.03213255294,0.1069115877,0.02376958262,0.0003578086616,0.2076694518,-0.0009061655557,0.001075534746,-0.0005742297508,-0.002988559008,-0.001247220673,-0.0001752835233,2.69907061e-05,0.001071937149,-0.005227424204,0.001709610224,68,-0.0253671852,-0.01607497918,-0.03491467712,-0.004906884366,0.06775486553,0.04238768032,0,0
jpeg_q95,4,ai_edited,0,fft_high_freq_energy_ratio,0.2772912924,0.03379470165,false,68,0.2823366549,0.03749098993,0.2823493928,0.2257553063,0.2547905222,0.3049883246,0.3452540711,0.05019780248,0.186509192,0.3788720965,0.2822890974,0.0375326719,0.2822429538,0.2251567788,0.2547005191,0.3049703091,0.3451661378,0.05026978999,0.1864174455,0.3788411319,-4.755749422e-05,0.0002344874121,-2.367794514e-05,-0.0002643890679,-8.601695299e-05,3.781169653e-05,0.0001471191645,0.0001238286495,-0.001564174891,0.0003587901592,68,-0.00140724705,-0.0007006407507,-0.002545279253,0.001118864635,0.1492944837,0.1478872367,0,0
jpeg_q95,4,ai_edited,1,fft_spectral_peak_count,0.001098901115,0.01042509134,false,68,0.004411764772,0.02068833092,0,0,0,0,0,0,0,0.1000000015,0.004411764772,0.02068833092,0,0,0,0,0,0,0,0.1000000015,0,0,0,0,0,0,0,0,0,0,68,0,0,0,0,0.3177779021,0.3177779021,0,0
jpeg_q95,4,ai_edited,2,fft_radial_anomaly_score,0.01062271086,0.06169742377,false,68,0.01911764767,0.07776227488,0,0,0,0,0.1950000077,0,0,0.400000006,0.01911764767,0.07776227488,0,0,0,0,0.1950000077,0,0,0.400000006,0,0,0,0,0,0,0,0,0,0,68,0,0,0,0,0.1376870587,0.1376870587,0,0
jpeg_q95,4,ai_edited,3,fft_spectral_decay_slope,-1.395071069,0.1081051518,false,68,-1.379436367,0.1218816118,-1.375953257,-1.552094215,-1.4640975,-1.304937065,-1.17120049,0.1591604352,-1.680339456,-1.072325468,-1.379537235,0.1220625903,-1.376175165,-1.552017635,-1.464557856,-1.30494082,-1.171288902,0.1596170366,-1.680762649,-1.072270632,-0.0001008685897,0.0006137129208,-1.883506775e-05,-0.0005172789097,-0.0002092123032,0.0001485347748,0.0004327356815,0.0003577470779,-0.004135131836,0.0006546974182,68,-0.0009330599703,-0.0001742291411,-0.001935266726,0.001373984239,0.1446249508,0.1436918909,0,0
jpeg_q95,4,ai_edited,4,dct_mean_high_freq_energy,0.6193762905,0.5366699776,false,68,0.6302398216,0.5655535467,0.463764295,0.1201540031,0.2485368662,0.7922516614,1.813129681,0.5437147953,0.08344591409,2.887669325,0.6039294371,0.5521392763,0.4408006221,0.1129577309,0.2325782366,0.7545044422,1.74515835,0.5219262056,0.07228265703,2.874147415,-0.02631038449,0.01829635024,-0.02177713811,-0.0619484961,-0.03424009681,-0.01354269683,-0.006005991995,0.02069739997,-0.08964681625,0.0001428127289,68,-0.04902525871,-0.04057826788,-0.063801029,-0.02523468314,0.0202424797,-0.02878277901,0,0
jpeg_q95,4,ai_edited,5,dct_ac_energy_variance,0.6295869104,0.7833336529,false,68,0.6553543757,0.7112150966,0.4090529233,0.0402990602,0.1564569734,0.7578237802,2.145369208,0.6013668068,0.0117617324,3.600648165,0.6264075614,0.6894780639,0.3831232786,0.03623726107,0.1472884752,0.7184198201,2.074531591,0.5711313449,0.01053787675,3.488474846,-0.02894681435,0.02866739405,-0.02120999992,-0.07550987005,-0.04372012615,-0.008867144585,0.001964570582,0.03485298157,-0.1121733189,0.0253663063,68,-0.03695336494,-0.02707658459,-0.05581290423,-0.01131975443,0.03289462308,-0.004058741863,0,0
jpeg_q95,4,ai_edited,6,dct_anomaly_score,0.8854757963,0.1618540456,false,68,0.9007713124,0.1703312562,1,0.5009026289,0.8060800284,1,1,0.1939199716,0.4136717618,1,0.905886345,0.1668737054,1,0.5044297963,0.8278783858,1,1,0.1721216142,0.4179753065,1,0.005115032634,0.008436154404,0,0,0,0.009867012501,0.02309749424,0.009867012501,-0.0002743005753,0.03180068731,68,0.03160274812,0,0,0.06096240886,0.09450190777,0.1261046559,0,0
jpeg_q95,4,ai_edited,7,noise_global_level,0.08048238378,0.05501788475,false,68,0.0813836884,0.05858860665,0.06364727765,0.02157525085,0.04177078418,0.1027253196,0.2006555527,0.06095453538,0.01520370506,0.3025949597,0.08014041911,0.05786231989,0.06120106019,0.02125855265,0.04128063936,0.1000667214,0.1967749186,0.05878608208,0.01521739364,0.3030422628,-0.00124326929,0.001458838923,-0.0009574461728,-0.003695236892,-0.001862370409,-0.0003400044516,0.000669808127,0.001522365957,-0.005546376109,0.002622142434,68,-0.02259754798,-0.01740245335,-0.03385027283,-0.00617988956,0.01638202973,-0.006215518241,0,0
jpeg_q95,4,ai_edited,8,noise_max_to_min_ratio,0.3987162239,0.3321587738,false,68,0.4550051684,0.3455367085,0.3845108151,0.06474506743,0.1333430372,0.7369337082,1,0.603590671,0.0300397668,1,0.4535541053,0.3448493192,0.3812298924,0.06446765903,0.1358906887,0.740529269,1,0.6046385802,0.02985768393,1,-0.001451063162,0.0105341132,-9.144563228e-05,-0.01605083942,-0.00313129276,0.001419546083,0.01800783575,0.004550838843,-0.03800010681,0.02534127235,68,-0.004368582968,-0.0002753069902,-0.00942709634,0.004273697384,0.1694639702,0.1650953872,0.02941176471,0.02941176471
jpeg_q95,4,ai_edited,9,noise_std_of_variances,0.04493150664,0.02958025528,false,68,0.04602616755,0.0282838096,0.04039666243,0.01135097537,0.02406382887,0.05915413052,0.0984832,0.03509030165,0.004149815533,0.1336439252,0.04538923746,0.02800726837,0.03956193104,0.01109523932,0.02344134636,0.05815001857,0.09707328416,0.0347086722,0.003922607284,0.1323644668,-0.0006369300844,0.0007029617222,-0.0006070099771,-0.001722316165,-0.001123037189,-0.0001274608076,0.0003594214097,0.0009955763817,-0.00269972533,0.001032460481,68,-0.02153227139,-0.02052078224,-0.03796577071,-0.004308982677,0.03700647254,0.01547420115,0,0
jpeg_q95,4,ai_edited,10,noise_coef_variation,0.6066669238,0.2341182303,false,68,0.6317135938,0.2545247053,0.633387208,0.2435482256,0.4305301309,0.7959031165,1.012163094,0.3653729856,0.1038438156,1.247354269,0.631824573,0.2546938393,0.6316865683,0.2399605758,0.4310486913,0.7968442738,1.016741431,0.3657955825,0.1002580896,1.242592096,0.0001109791372,0.004626801805,0.0004690587521,-0.007592055202,-0.002943053842,0.003048792481,0.005528508127,0.005991846323,-0.01152166724,0.01400524378,68,0.0004740303096,0.002003512292,-0.01257080168,0.01302244801,0.1069829975,0.1074570278,0.01470588235,0.01470588235
jpeg_q95,4,ai_edited,11,noise_inconsistency_score,0.4655542926,0.2761477501,false,68,0.5017956047,0.3017023653,0.5111829638,0.0008181927959,0.2407068312,0.727870822,0.9956711709,0.4871639907,0,1,0.502117466,0.3018361165,0.5089153945,0.001145848504,0.2413982525,0.7291257083,0.9975951761,0.4877274558,0,1,0.000321861264,0.005901389756,0.0002117753029,-0.01012279987,-0.002239886671,0.003596104681,0.007371285558,0.005835991353,-0.01536223292,0.01867365837,68,0.001165540056,0.0007668912848,-0.008111189283,0.01302239355,0.131238846,0.1324043861,0,0
jpeg_q95,4,ai_edited,12,jpeg_boundary_difference_ratio,1.093486445,0.09390043672,false,68,1.078769492,0.07206863633,1.065479457,0.9972284168,1.02972278,1.132438362,1.193942833,0.1027155817,0.9104481339,1.279422164,1.091166277,0.07287270601,1.082275927,1.000088099,1.035309792,1.146258652,1.206819761,0.1109488606,0.9199864268,1.295859933,0.01239678527,0.006359027307,0.01289230585,0.001575213671,0.008832991123,0.01663482189,0.02058999538,0.007801830769,-0.006319284439,0.02848303318,68,0.1320205283,0.1372976133,0.09406762558,0.1771538288,-0.1567293336,-0.02470880524,0.04411764706,0.02941176471
jpeg_q95,4,ai_edited,13,jpeg_periodic_grid_strength,0.09464744051,0.09247797334,false,68,0.08216132483,0.06618403564,0.06547948718,0,0.02972275205,0.1324383803,0.1939428382,0.1027156282,0,0.279422164,0.09412912252,0.06748491471,0.08227595314,0.002957685338,0.03530979063,0.1462586336,0.2068197899,0.110948843,0,0.2958599329,0.01196779769,0.006793864841,0.0125888586,0,0.007852211595,0.01663485169,0.0205899993,0.0087826401,-0.006319247186,0.02848297358,68,0.1294124131,0.1361281844,0.08490899304,0.1798790684,-0.1350171855,-0.00560477239,0,0
jpeg_q95,4,ai_edited,14,jpeg_artifact_score,0.1877307741,0.1751440914,false,68,0.1643226497,0.1323680713,0.1309589744,0,0.0594455041,0.2648767605,0.3878856763,0.2054312564,0,0.5588443279,0.188258245,0.1349698294,0.1645519063,0.005915370677,0.07061958127,0.2925172672,0.4136395797,0.2218976859,0,0.5917198658,0.02393559537,0.01358772968,0.02517771721,0,0.01570442319,0.03326970339,0.04117999859,0.0175652802,-0.01263849437,0.05696594715,68,0.1366623058,0.1437543054,0.08966573216,0.1899561848,-0.1336506661,0.003011639688,0,0
jpeg_q95,4,ai_edited,15,laplacian_variance,0.02771657354,0.03572195923,false,68,0.02954461464,0.0353166853,0.01806723326,0.002836903092,0.008588609286,0.03418124001,0.1092759728,0.02559263073,0.001043430413,0.1876905411,0.02878206465,0.03461030679,0.01719285734,0.002814279601,0.008011041675,0.03263372183,0.106224481,0.02462268015,0.001037912793,0.1870928556,-0.0007625499891,0.001036655221,-0.0004996187054,-0.00270447433,-0.0009440663271,-0.0001255652169,0.000203516311,0.0008185011102,-0.005041599274,0.001697834581,68,-0.02134681315,-0.01398631867,-0.02642817884,-0.00351507083,0.05117415581,0.02982734266,0,0
jpeg_q95,all,all,0,fft_high_freq_energy_ratio,,,false,682,0.2779526068,0.03480530152,0.2772023827,0.2232303187,0.2560663074,0.3010063693,0.3357982785,0.04494006187,0.1503369361,0.390927285,0.2779304413,0.03479878342,0.2771324664,0.2232107386,0.2560205013,0.3010234311,0.3357955843,0.04500292987,0.1508182883,0.3908449709,-2.216545543e-05,0.000171891954,-1.667439938e-05,-0.000244063139,-9.627640247e-05,6.495043635e-05,0.0002103045583,0.0001612268388,-0.001871690154,0.0008237212896,682,-0.0006510298368,-0.0004688562147,-0.002799394618,0.001881947448,0.000382490421,-0.0002685394158,0.005865102639,0.005865102639
jpeg_q95,all,all,1,fft_spectral_peak_count,,,false,682,0.00161290325,0.01260642272,0,0,0,0,0,0,0,0.1000000015,0.00161290325,0.01260642272,0,0,0,0,0,0,0,0.1000000015,0,0,0,0,0,0,0,0,0,0,682,0,0,0,0,0.01344135653,0.01344135653,0,0
jpeg_q95,all,all,2,fft_radial_anomaly_score,,,false,682,0.01187683314,0.06427955859,0,0,0,0,0,0,0,0.400000006,0.01187683314,0.06427955859,0,0,0,0,0,0,0,0.400000006,0,0,0,0,0,0,0,0,0,0,682,0,0,0,0,0.006633750492,0.006633750492,0,0
jpeg_q95,all,all,3,fft_spectral_decay_slope,,,false,682,-1.393308439,0.1116713479,-1.395192921,-1.573706186,-1.462276548,-1.321887732,-1.211089444,0.1403888166,-1.800374389,-1.039516687,-1.393362008,0.1116997378,-1.395252705,-1.573540097,-1.46213454,-1.322139263,-1.211049443,0.1399952769,-1.800098419,-1.039457321,-5.35693686e-05,0.0004461132896,-3.427267075e-05,-0.0006121277809,-0.0002338290215,0.0001665949821,0.0005377650261,0.0004004240036,-0.005507826805,0.001371860504,682,-0.0004912027856,-0.0003152876032,-0.002085622294,0.0015079499,-0.000366779185,-0.0008579819706,0.004398826979,0.004398826979
jpeg_q95,all,all,4,dct_mean_high_freq_energy,,,false,682,0.6204293421,0.5445884686,0.4749719203,0.1092386805,0.235785,0.7899457961,1.636770123,0.5541607961,0.03648391739,3.785670042,0.5962610628,0.5313287402,0.4531563669,0.1023574948,0.224543795,0.7494761497,1.575451398,0.5249323547,0.03566754982,3.777360439,-0.02416827923,0.02020102548,-0.0202768743,-0.06294079423,-0.03752101958,-0.009421821684,0.001541932672,0.02809919789,-0.09357428551,0.05653357506,682,-0.0444401469,-0.0377738605,-0.06809310352,-0.01720662531,0.0007067405136,-0.04373340638,0.004398826979,0.004398826979
jpeg_q95,all,all,5,dct_ac_energy_variance,,,false,682,0.6344739521,0.7702608184,0.3559415638,0.03144389428,0.1470905617,0.8218686134,2.200242543,0.6747780517,0.0002849863376,5.270551682,0.6049402223,0.7492581376,0.3426663876,0.02995351162,0.1353875436,0.7808484137,2.117775357,0.6454608701,0.000239578716,5.25522089,-0.02953372983,0.03085815707,-0.02008681744,-0.08499234319,-0.04540407658,-0.006266897544,0.002566198632,0.03913717903,-0.1733257771,0.06438231468,682,-0.03844800379,-0.02659298965,-0.05932295315,-0.008310358812,0.002603339059,-0.03584466473,0.005865102639,0.005865102639
jpeg_q95,all,all,6,dct_anomaly_score,,,false,682,0.8885014737,0.163628524,1,0.5308185458,0.7905588299,1,1,0.2094411701,0.3281230032,1,0.8929392251,0.1611963258,1,0.5433999658,0.8003795743,1,1,0.1996204257,0.3161688447,1,0.004437751434,0.009672227468,0,-0.001329949498,0,0.009390205145,0.01994925439,0.009390205145,-0.05968204141,0.08577263355,682,0.02715132351,0,0,0.05787483029,0.0002215072272,0.02737283074,0.004398826979,0.00293255132
jpeg_q95,all,all,7,noise_global_level,,,false,682,0.08070204433,0.05591543646,0.06579048187,0.02044743085,0.03944128286,0.1031936537,0.183905039,0.06375237089,0.006162684411,0.3703222573,0.07928562396,0.05513456754,0.06448522583,0.02024711454,0.03884021845,0.1010043435,0.1800698064,0.06216412503,0.006101233419,0.3699453771,-0.001416420374,0.001495395474,-0.001205621287,-0.004166634381,-0.00235700421,-0.0003450247459,0.0005907870829,0.002011979464,-0.00613501668,0.004933655262,682,-0.02535249566,-0.0217611701,-0.04176123479,-0.006220566663,0.0005780905706,-0.02477440509,0.004398826979,0.004398826979
jpeg_q95,all,all,8,noise_max_to_min_ratio,,,false,682,0.4096389698,0.3355641775,0.2709191442,0.06314771362,0.1333026588,0.6455630511,1,0.5122603923,0.0300397668,1,0.4075621178,0.3346811106,0.2666212022,0.06269068085,0.13291426,0.6426832676,1,0.5097690076,0.02985768393,1,-0.002076851947,0.008993871637,-0.0005508363247,-0.01521411836,-0.003829471767,0.0002964697778,0.008535195142,0.004125941545,-0.04937762022,0.05106949806,682,-0.006183739914,-0.001636499183,-0.01156602161,0.0008984520138,0.002148262305,-0.00403547761,0.005865102639,0.005865102639
jpeg_q95,all,all,9,noise_std_of_variances,,,false,682,0.04513666011,0.02934102561,0.03778089583,0.01156980484,0.02386665251,0.05785426684,0.1024551384,0.03398761433,0.002154552378,0.1630911529,0.04439194337,0.02900762508,0.03737148829,0.01138537847,0.02342271199,0.05645946786,0.1018012449,0.03303675586,0.002133377828,0.1608228087,-0.000744716744,0.0007636841724,-0.0006668865681,-0.002063241228,-0.001194164157,-0.0001965714619,0.0002224580385,0.0009975926951,-0.003672190011,0.002146940678,682,-0.02541247813,-0.02258359653,-0.04056937213,-0.006558698696,0.001063759081,-0.02434871905,0.004398826979,0.00293255132
jpeg_q95,all,all,10,noise_coef_variation,,,false,682,0.6113986937,0.2396497804,0.5881181061,0.2620754585,0.4282246828,0.7563671321,1.010074639,0.3281424493,0.1013499871,1.52797842,0.6111246535,0.2396038928,0.5851730108,0.2618035555,0.4272772595,0.7587878406,1.009232694,0.3315105811,0.09868583828,1.519811273,-0.0002740401545,0.00543689348,-0.0006111860275,-0.008056634665,-0.00347673893,0.002377837896,0.008389651775,0.005854576826,-0.02337276936,0.02924668789,682,-0.00115015268,-0.002534176562,-0.0145053057,0.01000782976,0.001011510041,-0.0001386426397,0.007331378299,0.007331378299
jpeg_q95,all,all,11,noise_inconsistency_score,,,false,682,0.4718683218,0.2820596629,0.4508241415,0.01610060567,0.2376329191,0.6751561761,1,0.437523257,0,1,0.4714522634,0.2818433385,0.446897313,0.01573807327,0.2363696918,0.6783837974,0.9999157041,0.4420141056,0,1,-0.0004160584366,0.006475522325,-3.711134195e-05,-0.01007799208,-0.003752753139,0.002493992448,0.01066377535,0.006246745586,-0.03116363287,0.03295087814,682,-0.001477077079,-0.0001311541464,-0.01329511467,0.008881120209,0.0005601600106,-0.0009169170689,0,0
jpeg_q95,all,all,12,jpeg_boundary_difference_ratio,,,false,682,1.091633017,0.09075936839,1.067847133,0.9966444284,1.031480193,1.136814177,1.255306494,0.1053339839,0.9104481339,1.865938544,1.103741912,0.09009945014,1.082833469,1.00605517,1.043369949,1.149184167,1.263462591,0.1058142185,0.9199864268,1.876838446,0.01210889509,0.007440488212,0.01305067539,-0.001632833481,0.008704215288,0.01734390855,0.02168369889,0.00863969326,-0.02548950911,0.03303432465,682,0.1337604021,0.1440254966,0.09690890021,0.1910970042,0.003191135467,0.1369515376,0.01026392962,0.007331378299
jpeg_q95,all,all,13,jpeg_periodic_grid_strength,,,false,682,0.09324290617,0.08861726578,0.06784714758,0,0.0314801475,0.1368141733,0.255306524,0.1053340258,0,0.8659385443,0.1050424869,0.0882157461,0.08283348754,0.006055136281,0.04336998612,0.1491841786,0.2634626195,0.1058141924,0,0.8768385053,0.01179958074,0.007479925059,0.01285095327,-0.001532487199,0.007681004703,0.0172971068,0.02168371668,0.009616102092,-0.01371312793,0.033034347,682,0.1336636203,0.144044744,0.08479527632,0.1957393272,0.003185049381,0.1368486697,0.00146627566,0.00146627566
jpeg_q95,all,all,14,jpeg_artifact_score,,,false,682,0.1852336095,0.1690343142,0.1356942952,0,0.06296029501,0.2736283466,0.5106130481,0.2106680516,0,1,0.2088171669,0.1681659469,0.1656669751,0.01211027256,0.08673997223,0.2983683571,0.526925239,0.2116283849,0,1,0.02358355747,0.01491606157,0.02570190653,-0.002686430886,0.01519319043,0.03459421359,0.04336743336,0.01940102316,-0.02742625587,0.066068694,682,0.1397672599,0.1509755884,0.08856532436,0.2042028565,0.001793001538,0.1415602615,0,0
jpeg_q95,all,all,15,laplacian_variance,,,false,682,0.02814016544,0.03581610847,0.01723280735,0.00240588981,0.007098636706,0.03455301933,0.09506521598,0.02745438262,0.0001030618296,0.323674053,0.02731095577,0.03514483186,0.01674760971,0.002351232385,0.006899763597,0.03330135439,0.09206706993,0.02640159079,0.0001023364603,0.3222380579,-0.0008292096708,0.001006445214,-0.0005160616711,-0.002698104456,-0.001283910591,-0.0001151089673,0.0001607958227,0.001168801624,-0.005592942238,0.001733856276,682,-0.02320934643,-0.01431706084,-0.0358242358,-0.0032255494,0.001910319392,-0.02129902704,0.005865102639,0.005865102639
jpeg_q95,all,authentic,0,fft_high_freq_energy_ratio,,,false,341,0.2763590832,0.03567788231,0.2766681612,0.2190896869,0.2537102401,0.3010176718,0.3351564407,0.0473074317,0.1503369361,0.3872631788,0.276331729,0.03567070093,0.2766786218,0.2190820873,0.2537634969,0.3010446429,0.3352005184,0.04728114605,0.1508182883,0.3871766329,-2.735420581e-05,0.0001691125727,-1.753866673e-05,-0.0002403259277,-0.000110656023,6.350874901e-05,0.00021520257,0.000174164772,-0.001871690154,0.00048135221,341,-0.0007981741637,-0.0005189768179,-0.003102312636,0.001850150151,-0.04550187175,-0.04630004591,0.005865102639,0.005865102639
jpeg_q95,all,authentic,1,fft_spectral_peak_count,,,false,341,0.001466275682,0.0120375471,0,0,0,0,0,0,0,0.1000000015,0.001466275682,0.0120375471,0,0,0,0,0,0,0,0.1000000015,0,0,0,0,0,0,0,0,0,0,341,0,0,0,0,-0.0005170864113,-0.0005170864113,0,0
jpeg_q95,all,authentic,2,fft_radial_anomaly_score,,,false,341,0.01026392988,0.05975627715,0,0,0,0,0,0,0,0.400000006,0.01026392988,0.05975627715,0,0,0,0,0,0,0,0.400000006,0,0,0,0,0,0,0,0,0,0,341,0,0,0,0,-0.01682904257,-0.01682904257,0,0
jpeg_q95,all,authentic,3,fft_spectral_decay_slope,,,false,341,-1.399301727,0.1147474869,-1.399407744,-1.57991612,-1.468418837,-1.327606201,-1.209452987,0.1408126354,-1.800374389,-1.08317697,-1.399369266,0.1147847187,-1.399418473,-1.579772472,-1.468608141,-1.327888966,-1.209413409,0.1407191753,-1.800098419,-1.083335042,-6.753887948e-05,0.0004459794065,-4.255771637e-05,-0.0005971193314,-0.0002424716949,0.0001442432404,0.0004826784134,0.0003867149353,-0.005507826805,0.0008634328842,341,-0.00061522919,-0.0003898649456,-0.002215356611,0.001280984821,-0.05424270825,-0.05485793744,0.00293255132,0.00293255132
jpeg_q95,all,authentic,4,dct_mean_high_freq_energy,,,false,341,0.6153405956,0.553424314,0.4606769085,0.09986262769,0.2256875783,0.7825812101,1.636802316,0.5568936318,0.03648391739,3.785670042,0.5928339988,0.5396924736,0.4455877841,0.09564325213,0.219140619,0.7461487055,1.574421287,0.5270080864,0.03566754982,3.777360439,-0.02250659685,0.02109038287,-0.01830407977,-0.06267046928,-0.03504449129,-0.007091358304,0.002963811159,0.02795313299,-0.09357428551,0.05653357506,341,-0.0413870401,-0.03392819277,-0.06443044848,-0.01300126591,-0.008597064739,-0.04998410484,0.005865102639,0.005865102639
jpeg_q95,all,authentic,5,dct_ac_energy_variance,,,false,341,0.6372384148,0.7834668648,0.3561238945,0.02741183341,0.1307142228,0.834215939,2.200560808,0.7035017163,0.0002849863376,5.270551682,0.6057145309,0.7604549603,0.3422488272,0.02438038029,0.1210640371,0.7847400308,2.122950792,0.6636759937,0.000239578716,5.25522089,-0.03152388391,0.03231332003,-0.02160391212,-0.09008717537,-0.05111145973,-0.005865100771,0.001629531384,0.04524635896,-0.1733257771,0.06438231468,341,-0.04104475518,-0.02795936632,-0.06591961358,-0.007615638813,0.006407590097,-0.03463716508,0.005865102639,0.005865102639
jpeg_q95,all,authentic,6,dct_anomaly_score,,,false,341,0.8907559794,0.1631044533,1,0.5335618854,0.7993974686,1,1,0.2006025314,0.3281230032,1,0.8931658845,0.1612812955,1,0.5448977947,0.8030234575,1,1,0.1969765425,0.3161688447,1,0.002409905108,0.006158482443,0,-0.003796637058,0,0.006861686707,0.01226174831,0.006861686707,-0.03953701258,0.02238440514,341,0.01473358145,0,0,0.04200517398,0.01409581228,0.02882939373,0.005865102639,0.00293255132
jpeg_q95,all,authentic,7,noise_global_level,,,false,341,0.0809726772,0.05687431847,0.06542275101,0.02025177516,0.03888662159,0.1037373766,0.1839787811,0.06485075504,0.006162684411,0.3703222573,0.07938165444,0.05602924712,0.06420366466,0.01981352456,0.03844902664,0.1011979654,0.18011114,0.0627489388,0.006101233419,0.3699453771,-0.001591022755,0.001543368427,-0.001373086125,-0.004381403327,-0.002556405962,-0.0004644393921,0.0005058199167,0.002091966569,-0.00613501668,0.004933655262,341,-0.02847693729,-0.02482015897,-0.04566846868,-0.008281752294,0.005461863697,-0.02301507359,0.005865102639,0.005865102639
jpeg_q95,all,authentic,8,noise_max_to_min_ratio,,,false,341,0.4070196823,0.3355474915,0.2636824846,0.06158592552,0.1299231499,0.6398617029,1,0.509938553,0.0300397668,1,0.4042449976,0.3346107481,0.2629827857,0.06221814081,0.1326278448,0.6306700706,1,0.4980422258,0.02985768393,1,-0.002774684709,0.008765430094,-0.0008653402328,-0.0153182745,-0.004161417484,0,0.004729315639,0.004161417484,-0.04937762022,0.05106949806,341,-0.008275567467,-0.002530221051,-0.01216374601,0,-0.005645856496,-0.01392142396,0.005865102639,0.005865102639
jpeg_q95,all,authentic,9,noise_std_of_variances,,,false,341,0.0450838648,0.02966732232,0.03806832805,0.01116165146,0.02322033793,0.05813753232,0.1023390293,0.0349171944,0.002154552378,0.1630911529,0.04425520715,0.02936994278,0.03737293929,0.0109289512,0.02299879864,0.05660966039,0.1012278348,0.03361086175,0.002133377828,0.1608228087,-0.0008286576441,0.0007472372388,-0.0007620248944,-0.002116512507,-0.001277927309,-0.0002750204876,9.963661432e-05,0.001002906822,-0.003672190011,0.002061326057,341,-0.02827459235,-0.02585512063,-0.04352481803,-0.009141299906,-0.0006844868247,-0.02895907917,0.005865102639,0.00293255132
jpeg_q95,all,authentic,10,noise_coef_variation,,,false,341,0.6069329474,0.2375669564,0.5851406455,0.2555801272,0.4276348948,0.7512331009,1.008495092,0.323598206,0.1013499871,1.52797842,0.6059457253,0.2368126549,0.5815008283,0.2577754855,0.4256066978,0.7490157485,0.9979200363,0.3234090507,0.09868583828,1.519811273,-0.0009872220522,0.00487506793,-0.0008985996246,-0.008951365948,-0.003705263138,0.001773178577,0.006968080997,0.005478441715,-0.02337276936,0.01264536381,341,-0.004134642232,-0.00374465749,-0.0157136301,0.007491325129,-0.01759306177,-0.02172770401,0.008797653959,0.008797653959
jpeg_q95,all,authentic,11,noise_inconsistency_score,,,false,341,0.4669020253,0.2804844366,0.4468541741,0.007440159563,0.2368465215,0.6683107615,1,0.43146424,0,1,0.4657128489,0.2797919096,0.4420011044,0.01036730316,0.2341422588,0.6653543711,0.9972267747,0.4312121123,0,1,-0.001189176455,0.006084341458,-0.0007962584496,-0.0108165741,-0.004400193691,0.001725375652,0.008914619684,0.006125569344,-0.03116363287,0.01665736735,341,-0.004226769479,-0.002823465277,-0.01557705655,0.006177959665,-0.01711259463,-0.02133936411,0,0
jpeg_q95,all,authentic,12,jpeg_boundary_difference_ratio,,,false,341,1.096946526,0.09766904819,1.073817849,0.9968537688,1.032080889,1.142973185,1.270752311,0.1108922958,0.9246424437,1.865938544,1.10899068,0.09656166139,1.086203575,1.006683588,1.04671514,1.152755857,1.282749534,0.1060407162,0.9279427528,1.876838446,0.01204415378,0.007866473133,0.01322638988,-0.002076029778,0.008122563362,0.01746451855,0.02188062668,0.009341955185,-0.02548950911,0.03303432465,341,0.1330355494,0.1467206893,0.09066695594,0.1916145656,0.06231101437,0.1953465638,0.01173020528,0.008797653959
jpeg_q95,all,authentic,13,jpeg_periodic_grid_strength,,,false,341,0.09855741202,0.09560260885,0.07381784916,0,0.0320808962,0.1429732293,0.2707523704,0.1108923331,0,0.8659385443,0.1103185816,0.09470049104,0.08620357513,0.006683535874,0.04671509936,0.1527558267,0.282749474,0.1060407273,0,0.8768385053,0.01176116956,0.007869552931,0.01295971591,-0.001918707043,0.007379889488,0.01746454462,0.02188065648,0.01008465514,-0.01371312793,0.033034347,341,0.1332169872,0.1468570924,0.07993334546,0.1959128308,0.06380810505,0.1970250922,0.00293255132,0.00293255132
jpeg_q95,all,authentic,14,jpeg_artifact_score,,,false,341,0.1948080593,0.1767903727,0.1476356983,0,0.0641617924,0.2859464586,0.5415047407,0.2217846662,0,1,0.2183121727,0.17480689,0.1724071503,0.01336707175,0.09343019873,0.3055116534,0.5654989481,0.2120814547,0,1,0.02350411339,0.01569926518,0.02591943182,-0.003407128155,0.01373102888,0.03492908925,0.04376131296,0.02119806036,-0.02742625587,0.066068694,341,0.1392910177,0.1529058766,0.08110949477,0.2066077822,0.05852525908,0.1978162768,0,0
jpeg_q95,all,authentic,15,laplacian_variance,,,false,341,0.02845899406,0.03666029564,0.01743060164,0.002262115479,0.007088420447,0.03504155949,0.09527040273,0.02795313904,0.0001030618296,0.323674053,0.02755417491,0.03595231119,0.016718328,0.002168870298,0.006909938529,0.03374653682,0.09224112332,0.02683659829,0.0001023364603,0.3222380579,-0.0009048191441,0.001046617595,-0.0005677230656,-0.002804003656,-0.001386689022,-0.0001433398575,9.957002476e-05,0.001243349165,-0.005592942238,0.001733856276,341,-0.02532780595,-0.01586257523,-0.0386532033,-0.004093044888,0.01095567335,-0.0143721326,0.005865102639,0.005865102639
jpeg_q95,all,ai_edited,0,fft_high_freq_energy_ratio,,,false,341,0.2795461304,0.03388769892,0.2788356543,0.2240961194,0.2573487163,0.3006025553,0.3358320594,0.04325383902,0.1780514121,0.390927285,0.2795291537,0.03388136045,0.2788325548,0.2243003249,0.2573506236,0.3006545305,0.3358269036,0.04330390692,0.1779758781,0.3908449709,-1.697670504e-05,0.0001747212731,-1.634657383e-05,-0.0002663433552,-8.800625801e-05,6.586313248e-05,0.0002031028271,0.0001538693905,-0.001564174891,0.0008237212896,341,-0.0005038855099,-0.0004554917112,-0.002548586242,0.001887188429,0.04626685259,0.04576296708,0.005865102639,0.005865102639
jpeg_q95,all,ai_edited,1,fft_spectral_peak_count,,,false,341,0.001759530818,0.01316683482,0,0,0,0,0,0,0,0.1000000015,0.001759530818,0.01316683482,0,0,0,0,0,0,0,0.1000000015,0,0,0,0,0,0,0,0,0,0,341,0,0,0,0,0.02739979947,0.02739979947,0,0
jpeg_q95,all,ai_edited,2,fft_radial_anomaly_score,,,false,341,0.0134897364,0.06855541527,0,0,0,0,0,0,0,0.400000006,0.0134897364,0.06855541527,0,0,0,0,0,0,0,0.400000006,0,0,0,0,0,0,0,0,0,0,341,0,0,0,0,0.03009654355,0.03009654355,0,0
jpeg_q95,all,ai_edited,3,fft_spectral_decay_slope,,,false,341,-1.38731515,0.1083449201,-1.392227292,-1.561380029,-1.458121657,-1.318790317,-1.213238955,0.1393313408,-1.719831467,-1.039516687,-1.387354749,0.108362545,-1.39260447,-1.561547875,-1.457900405,-1.318602085,-1.213154793,0.1392983198,-1.719882131,-1.039457321,-3.959985772e-05,0.0004464643381,-1.919269562e-05,-0.0006294250488,-0.0002244710922,0.000178694725,0.000547170639,0.0004031658173,-0.004135131836,0.001371860504,341,-0.0003671763813,-0.0001665957159,-0.001990291623,0.001603463784,0.05350914988,0.0531419735,0.005865102639,0.005865102639
jpeg_q95,all,ai_edited,4,dct_mean_high_freq_energy,,,false,341,0.6255180885,0.5363721377,0.480499953,0.1195456088,0.2435116321,0.7945497036,1.636158466,0.5510380715,0.04187816754,3.636818409,0.5996881269,0.5236021962,0.4618893266,0.1122216359,0.2292256653,0.7560344338,1.575505614,0.5268087685,0.03927563876,3.626853943,-0.02582996161,0.0191577721,-0.02235907316,-0.06361448765,-0.03828883171,-0.01177075505,-0.001049876213,0.02651807666,-0.09204626083,0.04357194901,341,-0.04749325369,-0.04052720626,-0.06987902891,-0.02160632424,0.01001054577,-0.03748270793,0.00293255132,0.00293255132
jpeg_q95,all,ai_edited,5,dct_ac_energy_variance,,,false,341,0.6317094893,0.7579662289,0.3557592332,0.03911680356,0.1522630304,0.8105398417,2.194195509,0.6582768112,0.0004287126649,5.233992577,0.6041659136,0.7390085958,0.3429450095,0.03418576717,0.1412863135,0.774192512,2.105773926,0.6329061985,0.0002717281459,5.241510391,-0.02754357575,0.02924306762,-0.0186419934,-0.08363616467,-0.04192137718,-0.006615638733,0.003553152084,0.03530573845,-0.1665873528,0.06097400188,341,-0.03585125241,-0.02432247612,-0.05508758581,-0.008686495385,-0.00120091198,-0.03705216439,0.005865102639,0.005865102639
jpeg_q95,all,ai_edited,6,dct_anomaly_score,,,false,341,0.886246968,0.164359598,1,0.5288105011,0.7868204713,1,1,0.2131795287,0.3411827087,1,0.8927125658,0.1613479962,1,0.5429985523,0.7989981174,1,1,0.2010018826,0.3349112272,1,0.006465597761,0.0118829165,0,0,0,0.01160478592,0.02619749308,0.01160478592,-0.05968204141,0.08577263355,341,0.03956906557,0,0,0.07065520813,-0.01365279783,0.02591626774,0.00293255132,0.00293255132
jpeg_q95,all,ai_edited,7,noise_global_level,,,false,341,0.08043141146,0.05502211144,0.0661745742,0.02166654728,0.03996229172,0.1008927003,0.1823482811,0.06093040854,0.006754894275,0.3557565212,0.07918959347,0.05430733555,0.06528529525,0.02160618454,0.0394401513,0.09799633175,0.1788555682,0.05855618045,0.006723712198,0.3558202982,-0.001241817993,0.001426833877,-0.001029554754,-0.003798604012,-0.002166993916,-0.0002411305904,0.0006897896528,0.001925863326,-0.005810022354,0.004524350166,341,-0.02222805403,-0.01869274708,-0.03860109773,-0.004318554636,-0.004305682556,-0.02653373658,0.00293255132,0.00293255132
jpeg_q95,all,ai_edited,8,noise_max_to_min_ratio,,,false,341,0.4122582572,0.3360534777,0.27295959,0.0644280538,0.1333564967,0.6559305191,1,0.5225740224,0.0300397668,1,0.4108792381,0.335210252,0.2728746831,0.06382193416,0.1329787374,0.6453379393,1,0.5123592019,0.02985768393,1,-0.001379019185,0.009176480513,-5.454197526e-05,-0.01317611337,-0.003655582666,0.0009102225304,0.01055791974,0.004565805197,-0.04937762022,0.05106949806,341,-0.004091912361,-0.0001594786059,-0.01064969717,0.002651723458,0.009942381105,0.005850468744,0.005865102639,0.005865102639
jpeg_q95,all,ai_edited,9,noise_std_of_variances,,,false,341,0.04518945542,0.02905456952,0.03766378015,0.01234389655,0.02433099784,0.05708248913,0.102458559,0.03275149129,0.002187216189,0.1617175788,0.04452867958,0.02868324272,0.03737003729,0.01221812703,0.02437425032,0.05549800023,0.1018116623,0.03112374991,0.002166032325,0.1601557434,-0.0006607758438,0.0007717805881,-0.0005753338337,-0.001918695867,-0.001138284802,-9.238347411e-05,0.000406164676,0.001045901328,-0.003483697772,0.002146940678,341,-0.02255036391,-0.01951268851,-0.03944341978,-0.003140519103,0.002812004987,-0.01973835893,0.00293255132,0.00293255132
jpeg_q95,all,ai_edited,10,noise_coef_variation,,,false,341,0.61586444,0.2419811776,0.5927323103,0.2746349871,0.4282916486,0.7578880787,1.043121576,0.3295964301,0.1038438156,1.520560622,0.6163035817,0.2426002267,0.5900661349,0.2837198079,0.4273400903,0.7616118193,1.047932744,0.334271729,0.1002580896,1.511614203,0.0004391417432,0.00586685827,8.791685104e-05,-0.007600098848,-0.00302927196,0.003025591373,0.01116490364,0.006054863334,-0.01527363062,0.02924668789,341,0.001834336871,0.0003728460909,-0.01290170772,0.01268504923,0.01961608186,0.02145041873,0.005865102639,0.005865102639
jpeg_q95,all,ai_edited,11,noise_inconsistency_score,,,false,341,0.4768346184,0.2839512414,0.4569764137,0.0328466557,0.2377222031,0.6771841049,1,0.4394619018,0,1,0.4771916779,0.2841749128,0.4534215033,0.04495972767,0.2364534438,0.6821490526,1,0.4456956089,0,1,0.0003570595823,0.006765349914,0,-0.00967271626,-0.003372728825,0.003168880939,0.01211307198,0.006541609764,-0.02036485076,0.03295087814,341,0.00127261532,0,-0.01195941184,0.01123658443,0.01823291465,0.01950552997,0,0
jpeg_q95,all,ai_edited,12,jpeg_boundary_difference_ratio,,,false,341,1.086319508,0.08308355629,1.064600468,0.9966334105,1.027333617,1.133227944,1.233633995,0.1058943272,0.9104481339,1.533506393,1.098493144,0.08294746769,1.079007864,1.006022096,1.040761471,1.145014286,1.249319792,0.1042528152,0.9199864268,1.525495291,0.01217363639,0.006999624895,0.01297914982,-0.0009417533875,0.008913397789,0.01704216003,0.02133727074,0.008128762245,-0.02198207378,0.03104150295,341,0.1344852548,0.1412191514,0.09905541581,0.1907305289,-0.05592874343,0.07855651139,0.008797653959,0.005865102639
jpeg_q95,all,ai_edited,13,jpeg_periodic_grid_strength,,,false,341,0.08792840032,0.08082464848,0.06460051239,0,0.02733365074,0.1332279742,0.2336339802,0.1058943234,0,0.533506453,0.09976639223,0.08101174549,0.0790079087,0.006022062618,0.04076149315,0.1450143456,0.2493197769,0.1042528525,0,0.5254952908,0.01183799191,0.007080274826,0.01268896461,-0.0009417850524,0.008303519338,0.0168690756,0.02133719064,0.008565556258,-0.01013626158,0.03104157746,341,0.1341102535,0.142474451,0.0939897531,0.1952074134,-0.05743800629,0.07667224722,0,0
jpeg_q95,all,ai_edited,14,jpeg_artifact_score,,,false,341,0.1756591597,0.160594273,0.1292010248,0,0.05466730148,0.2664559484,0.4672679603,0.2117886469,0,1,0.1993221612,0.1609486186,0.1580158174,0.01204412524,0.08152298629,0.2900286913,0.4986395538,0.208505705,0,1,0.02366300154,0.0141121429,0.02537792921,-0.001709145959,0.0165899694,0.03373815119,0.04267438129,0.0171481818,-0.02027252316,0.06208315492,341,0.1402435021,0.1494431836,0.09898890734,0.2008428367,-0.054939256,0.08530424613,0,0
jpeg_q95,all,ai_edited,15,laplacian_variance,,,false,341,0.02782133683,0.03500255701,0.01703501306,0.002462649252,0.007196201012,0.03406967968,0.09043558687,0.02687347867,0.0001044801684,0.304591924,0.02706773663,0.03436951985,0.01677689143,0.002442678902,0.006875310093,0.03313115612,0.0881016925,0.02625584602,0.0001038219125,0.3035883009,-0.0007536001976,0.0009601914115,-0.0004566274583,-0.002466477454,-0.001109378412,-9.311223403e-05,0.0001946110278,0.001016266178,-0.00538598001,0.001697834581,341,-0.02109088691,-0.01269844425,-0.03097845899,-0.0025483131,-0.007135034568,-0.02822592147,0.005865102639,0.005865102639
jpeg_q75,0,all,0,fft_high_freq_energy_ratio,0.2799905716,0.03453516356,false,138,0.2699188905,0.03470280166,0.271965012,0.2189435489,0.2513972744,0.2930865437,0.3192259714,0.04168926924,0.1760342121,0.3744005263,0.2698519519,0.03467711353,0.2717273831,0.2188884467,0.2515528426,0.2930462211,0.3191108301,0.04149337858,0.1759908944,0.3744997084,-6.693860759e-05,0.0002846518066,-5.094707012e-05,-0.000587579608,-0.0002474673092,9.584799409e-05,0.0004287749529,0.0003433153033,-0.0007091760635,0.0005713403225,138,-0.001938273941,-0.001475223073,-0.007165662001,0.002775373973,-0.2916355391,-0.293573813,0,0
jpeg_q75,0,all,1,fft_spectral_peak_count,0.002022058854,0.01407540999,false,138,0,0,0,0,0,0,0,0,0,0,0,0,0,0,0,0,0,0,0,0,0,0,0,0,0,0,0,0,0,0,138,0,0,0,0,-0.1436589666,-0.1436589666,0,0
jpeg_q75,0,all,2,fft_radial_anomaly_score,0.013419118,0.06768276676,false,138,0.005797101536,0.0479782743,0,0,0,0,0,0,0,0.400000006,0.005797101536,0.0479782743,0,0,0,0,0,0,0,0.400000006,0,0,0,0,0,0,0,0,0,0,138,0,0,0,0,-0.1126138429,-0.1126138429,0,0
jpeg_q75,0,all,3,fft_spectral_decay_slope,-1.385622557,0.1102622131,false,138,-1.423606407,0.1120404502,-1.425444186,-1.594202989,-1.487365931,-1.364293367,-1.25956108,0.1230725646,-1.73265934,-1.10025394,-1.423789872,0.1120841063,-1.425387681,-1.594156945,-1.487897038,-1.363617599,-1.259166348,0.1242794394,-1.732498765,-1.099931121,-0.0001834648243,0.0008194075099,-0.00019967556,-0.001693564653,-0.0006241798401,0.000273168087,0.001215171814,0.0008973479271,-0.002023220062,0.002129673958,138,-0.001663895719,-0.001810915585,-0.00566086806,0.002477440634,-0.344486557,-0.3461504527,0,0
jpeg_q75,0,all,4,dct_mean_high_freq_energy,0.6197976353,0.5345537214,false,138,0.6229195484,0.5827248687,0.4881677032,0.1002211858,0.2262522541,0.7755658478,1.437540543,0.5493135937,0.04105904698,3.785670042,0.3799370313,0.4522448055,0.2712291628,0.05705553722,0.1088993419,0.4722839966,1.047212195,0.3633846547,0.0224450808,3.225898981,-0.2429825172,0.1904381149,-0.2048719749,-0.5843808472,-0.3734117597,-0.09113365598,-0.02627164125,0.2822781038,-0.6980782151,0.1461804509,138,-0.454552101,-0.3832579714,-0.6985486112,-0.1704854953,0.005840223367,-0.4487118776,0.01449275362,0.02173913043
jpeg_q75,0,all,5,dct_ac_energy_variance,0.6284246377,0.7343028515,false,138,0.6583205247,0.8985589689,0.3575113565,0.02801060453,0.1286392771,0.8179667741,2.571643233,0.689327497,0.0002849863376,5.270551682,0.433161507,0.8188191604,0.1609682441,0.007762600225,0.04369582795,0.4271076992,1.936828947,0.3834118713,0.0003709816665,5.435536861,-0.2251590177,0.2343807266,-0.1582979225,-0.6319663048,-0.3437306285,-0.05788596347,-3.569025139e-05,0.285844665,-0.9253951311,0.4598480463,138,-0.3066296382,-0.215575797,-0.468104717,-0.07883118437,0.0407132928,-0.2659163454,0.02898550725,0.02898550725
jpeg_q75,0,all,6,dct_anomaly_score,0.8896165086,0.1617603228,false,138,0.8841059737,0.1707738684,1,0.5005223125,0.771111697,1,1,0.228888303,0.3281230032,1,0.95784203,0.09606036917,1,0.6850915879,0.9506426156,1,1,0.04935738444,0.5573347807,1,0.07373605625,0.09930252952,0,0,0,0.1630112082,0.2721047983,0.1630112082,-0.01427674294,0.3572561443,138,0.4558352442,0,0,1.007732955,-0.0340660481,0.4217691961,0.02173913043,0
jpeg_q75,0,all,7,noise_global_level,0.08080894019,0.05559111742,false,138,0.08028065776,0.05718313319,0.07056604326,0.01799762454,0.0382585125,0.09814796411,0.1651149116,0.0598894516,0.006745913532,0.3703222573,0.07269294997,0.05356677632,0.06428583339,0.01830166103,0.0364832757,0.09232141823,0.1411261216,0.05583814252,0.005897312891,0.3684872389,-0.007587707797,0.008511929078,-0.006306665018,-0.02494924329,-0.01242590882,-0.001905363984,0.001391369849,0.01052054483,-0.02729402483,0.0185161531,138,-0.1364913704,-0.1134473511,-0.2235232785,-0.03427461208,-0.009503000644,-0.145994371,0.01449275362,0.02898550725
jpeg_q75,0,all,8,noise_max_to_min_ratio,0.4005905392,0.3283078921,false,138,0.4453081456,0.3607283821,0.2647853196,0.07081967294,0.1493788511,0.8646017313,1,0.7152228802,0.04145768657,1,0.4374426721,0.361548914,0.2552765161,0.07157704979,0.1364338174,0.8741245121,1,0.7376906946,0.0436331071,1,-0.007865473493,0.05492170828,-0.0004075281322,-0.1085323915,-0.02298296429,0.001987233758,0.07936406136,0.02497019805,-0.1771236658,0.2676929832,138,-0.02395761321,-0.001241298616,-0.07000430037,0.006052957622,0.1362063098,0.1122486966,0,0
jpeg_q75,0,all,9,noise_std_of_variances,0.04551184494,0.02989405613,false,138,0.04365767066,0.02698248863,0.03658255562,0.01399608413,0.02659451729,0.05501394998,0.1025388174,0.0284194327,0.002154552378,0.1580343544,0.04002364869,0.02790166868,0.03176258318,0.01340311896,0.02422643499,0.05029259436,0.1114769798,0.02606615936,0.00290132896,0.1659181714,-0.003634021963,0.004701635059,-0.003640427254,-0.01065008007,-0.006533266976,-0.001178137958,0.002343083173,0.005355129018,-0.01664647087,0.01621459424,138,-0.1215633619,-0.1217776282,-0.2185473576,-0.03941044176,-0.06202484765,-0.1835882095,0.01449275362,0.02898550725
jpeg_q75,0,all,10,noise_coef_variation,0.6096584915,0.2357993102,false,138,0.6182586212,0.254247811,0.575843662,0.3000096932,0.4279938638,0.7567478418,1.127750921,0.328753978,0.1991848499,1.52797842,0.6063521906,0.233185397,0.5788510442,0.2845392719,0.4299640954,0.7464764565,1.024151629,0.3165123612,0.228069514,1.355716228,-0.01190643056,0.05184607493,-0.009140118957,-0.09526461959,-0.03553127497,0.01285095513,0.07130305469,0.0483822301,-0.1858861446,0.1759330332,138,-0.05049391598,-0.0387622803,-0.150684389,0.05449954505,0.0364722427,-0.01402167328,0.02173913043,0.01449275362
jpeg_q75,0,all,11,noise_inconsistency_score,0.4720873315,0.2820146066,false,138,0.4710049793,0.2822368338,0.4344582111,0.06667959392,0.237325158,0.6756637841,1,0.4383386262,0,1,0.4596722481,0.270264828,0.4384680539,0.04605235215,0.2399521247,0.6619686037,1,0.4220164791,0,1,-0.01133273115,0.0579851768,-0.008040480316,-0.1111603647,-0.04268635809,0.01144659519,0.09507075101,0.05413295329,-0.145712018,0.2345773652,138,-0.04018490847,-0.02851086478,-0.1513622241,0.04058866074,-0.003837929798,-0.04402283826,0,0
jpeg_q75,0,all,12,jpeg_boundary_difference_ratio,1.090870751,0.09272478005,false,138,1.094637892,0.08242513027,1.073904634,1.004617625,1.038554549,1.140414715,1.241220397,0.1018601656,0.9367277026,1.366062284,1.274772485,0.1255616856,1.250204802,1.083567649,1.212548196,1.334320217,1.487299848,0.1217720211,0.9894308448,1.77491498,0.1801345927,0.06842640903,0.1903959513,0.07043890953,0.1555233896,0.2149110138,0.2535078883,0.05938762426,-0.05743944645,0.4387121201,138,1.942680183,2.053344868,1.677258113,2.317730101,0.04062712246,1.983307306,0,0
jpeg_q75,0,all,13,jpeg_periodic_grid_strength,0.09243611017,0.0907148422,false,138,0.09642331938,0.07966541225,0.07390465587,0.004617586674,0.03855454829,0.1404147036,0.2412204221,0.1018601554,0,0.3660622239,0.2748866281,0.1253057361,0.2502047569,0.08356770016,0.2125481702,0.3343202248,0.4872998685,0.1217720546,0,0.7749149799,0.1784633087,0.06891901105,0.1890372345,0.07043889239,0.1480948096,0.2149110129,0.2535079269,0.0668162033,-0.05743944645,0.4387122393,138,1.967299996,2.083862243,1.632531194,2.369083247,0.04395321777,2.011253214,0,0
jpeg_q75,0,all,14,jpeg_artifact_score,0.1833023631,0.171337667,false,138,0.1928466388,0.1593308245,0.1478093117,0.009235173347,0.07710909657,0.2808294073,0.4824408442,0.2037203107,0,0.7321244478,0.5388637179,0.2192884894,0.5004095137,0.1671354003,0.4250963405,0.6686404496,0.9745997369,0.2435441092,0,1,0.3460170791,0.1214417746,0.3722702116,0.1408777848,0.2951509282,0.4254533239,0.4895183071,0.1303023957,-0.1148788929,0.5436502099,138,2.019503856,2.17272838,1.722627216,2.483127799,0.05570448035,2.075208336,0,0
jpeg_q75,0,all,15,laplacian_variance,0.02789879267,0.0338247289,false,138,0.02909166392,0.04280568419,0.01999837346,0.002280609007,0.006337314378,0.03559730481,0.08532636315,0.02925999044,0.0001030618296,0.323674053,0.024889486,0.04124693544,0.01450411975,0.001932727598,0.005161844194,0.02908424614,0.06866002716,0.02392240195,0.0001060341237,0.3210072815,-0.004202177919,0.00531772338,-0.002711198293,-0.01477197679,-0.007021779194,-0.0008674751152,0.0002703004051,0.006154304079,-0.01954600215,0.01586379111,138,-0.124233898,-0.08015432438,-0.2075930664,-0.02564618087,0.03526624731,-0.08896765064,0.02898550725,0.02898550725
jpeg_q75,0,authentic,0,fft_high_freq_energy_ratio,0.2799905716,0.03453516356,false,69,0.2676152451,0.03527896482,0.2713539302,0.2168984205,0.247530669,0.2894434333,0.3214311659,0.04191276431,0.1760342121,0.3672825694,0.2675489559,0.03526227424,0.271219641,0.2168612599,0.2472405285,0.2892570198,0.321178633,0.04201649129,0.1759908944,0.3674001098,-6.62892193e-05,0.0002734302764,-6.356835365e-05,-0.0005769252777,-0.0001955926418,0.0001356601715,0.0004150748253,0.0003312528133,-0.0007053017616,0.0004634559155,69,-0.001919470258,-0.001840684887,-0.005663579426,0.003928175156,-0.3583398836,-0.3602593538,0,0
jpeg_q75,0,authentic,1,fft_spectral_peak_count,0.002022058854,0.01407540999,false,69,0,0,0,0,0,0,0,0,0,0,0,0,0,0,0,0,0,0,0,0,0,0,0,0,0,0,0,0,0,0,69,0,0,0,0,-0.1436589666,-0.1436589666,0,0
jpeg_q75,0,authentic,2,fft_radial_anomaly_score,0.013419118,0.06768276676,false,69,0.005797101536,0.04815434195,0,0,0,0,0,0,0,0.400000006,0.005797101536,0.04815434195,0,0,0,0,0,0,0,0.400000006,0,0,0,0,0,0,0,0,0,0,69,0,0,0,0,-0.1126138429,-0.1126138429,0,0
jpeg_q75,0,authentic,3,fft_spectral_decay_slope,-1.385622557,0.1102622131,false,69,-1.430753112,0.1147607778,-1.426779509,-1.600326872,-1.487609267,-1.371150851,-1.261711669,0.116458416,-1.73265934,-1.110512137,-1.430947262,0.1148262552,-1.425898552,-1.60187726,-1.488708496,-1.371440291,-1.260875106,0.1172682047,-1.732498765,-1.11007762,-0.0001941504686,0.0008254275887,-0.0002220869064,-0.001653790474,-0.0005570650101,0.0002344846725,0.00120112896,0.0007915496826,-0.002023220062,0.002129673958,69,-0.001760806927,-0.002014170587,-0.005052184195,0.002126609525,-0.409302097,-0.411062904,0,0
jpeg_q75,0,authentic,4,dct_mean_high_freq_energy,0.6197976353,0.5345537214,false,69,0.6180749267,0.5952769108,0.4740214944,0.09867266417,0.2234260589,0.7519392967,1.43703568,0.5285132378,0.04105904698,3.785670042,0.3785750149,0.4632695757,0.2707930803,0.05700568333,0.1085901037,0.4796490073,1.014527106,0.3710589036,0.02247913554,3.225898981,-0.2394999118,0.1935651749,-0.2036467493,-0.5831240892,-0.3724481761,-0.08570181578,-0.02532857656,0.2867463604,-0.6980782151,0.1461804509,69,-0.4480371236,-0.3809659181,-0.6967460168,-0.1603240467,-0.003222704407,-0.451259828,0.01449275362,0.02898550725
jpeg_q75,0,authentic,5,dct_ac_energy_variance,0.6284246377,0.7343028515,false,69,0.6633549428,0.9142852431,0.3665522933,0.02697313018,0.1177308857,0.819165647,2.399181032,0.7014347613,0.0002849863376,5.270551682,0.4331320631,0.827848144,0.1568576843,0.007063307893,0.03596683219,0.425797075,1.866164446,0.3898302428,0.0003741936525,5.435536861,-0.2302228796,0.2436278151,-0.1604090407,-0.6357613087,-0.3597283065,-0.0528141316,-0.003038863488,0.3069141749,-0.9253951311,0.4598480463,69,-0.3135257873,-0.2184507937,-0.4898909296,-0.07192418155,0.0475693442,-0.2659564431,0.02898550725,0.02898550725
jpeg_q75,0,authentic,6,dct_anomaly_score,0.8896165086,0.1617603228,false,69,0.8879090625,0.1721135007,1,0.5240263104,0.7816799879,1,1,0.2183200121,0.3281230032,1,0.9576182901,0.09680076609,1,0.7145248413,0.9528195858,1,1,0.0471804142,0.5706411004,1,0.06970922757,0.09894191423,0,0,0,0.1408724189,0.248784411,0.1408724189,-0.01427674294,0.3572561443,69,0.4309414469,0,0,0.8708712769,-0.0105554074,0.4203860395,0.02898550725,0
jpeg_q75,0,authentic,7,noise_global_level,0.08080894019,0.05559111742,false,69,0.0805053915,0.05851415123,0.07197356224,0.01819529869,0.03660837561,0.1022324786,0.1648542762,0.06562410295,0.006745913532,0.3703222573,0.07254877311,0.05472052559,0.06431422383,0.01783079766,0.0340215154,0.09382734448,0.1407886297,0.05980582908,0.005912918132,0.3684872389,-0.007956618389,0.008749765608,-0.007060583681,-0.02511471808,-0.01252089441,-0.001940023154,0.001092167944,0.01058087125,-0.02729402483,0.0185161531,69,-0.1431275132,-0.1270092059,-0.2252319254,-0.03489807804,-0.005460381204,-0.1485878944,0.01449275362,0.02898550725
jpeg_q75,0,authentic,8,noise_max_to_min_ratio,0.4005905392,0.3283078921,false,69,0.4443641093,0.3622214853,0.2658881545,0.07129057646,0.142224431,0.8488205075,1,0.7065960765,0.04370579496,1,0.4337271857,0.3627035833,0.2638655901,0.07451362312,0.1285454333,0.8247475028,1,0.6962020695,0.04543671757,1,-0.01063692359,0.05590791026,-0.00273154676,-0.1157231927,-0.02565991879,0.001047562808,0.06860594749,0.02670748159,-0.1762825251,0.2676929832,69,-0.03239923208,-0.008320076444,-0.07815809306,0.003190793864,0.1333308496,0.1009316175,0,0
jpeg_q75,0,authentic,9,noise_std_of_variances,0.04551184494,0.02989405613,false,69,0.04369038287,0.02724900578,0.03717752174,0.01391178984,0.02697456814,0.054776337,0.09540184885,0.02780176885,0.002154552378,0.1550073773,0.0397734469,0.02822238235,0.03180029243,0.01351648327,0.02412490174,0.05002394319,0.09837331325,0.02589904144,0.002950262278,0.1638715416,-0.003916935968,0.004806149746,-0.004047954455,-0.01052299291,-0.006717562675,-0.001730112359,0.002594974637,0.004987450317,-0.01664647087,0.01621459424,69,-0.1310272501,-0.1354100105,-0.2247123189,-0.05787479462,-0.06093057629,-0.1919578264,0.01449275362,0.02898550725
jpeg_q75,0,authentic,10,noise_coef_variation,0.6096584915,0.2357993102,false,69,0.619954743,0.2614177481,0.5725318193,0.3023601413,0.4268141091,0.7614194751,1.073199153,0.334605366,0.2025957406,1.52797842,0.6048957606,0.2384552353,0.5815080404,0.2882174909,0.4268430769,0.7379308939,1.049600649,0.311087817,0.2337199599,1.355716228,-0.01505898242,0.05414147394,-0.0131739974,-0.101068759,-0.03734570742,0.01037091017,0.06543886662,0.04771661758,-0.1858861446,0.1759330332,69,-0.06386355585,-0.05586953326,-0.1583792056,0.04398193599,0.04366531661,-0.02019823925,0.02898550725,0.01449275362
jpeg_q75,0,authentic,11,noise_inconsistency_score,0.4720873315,0.2820146066,false,69,0.4703471324,0.2843488453,0.4300424159,0.06981352568,0.2357521355,0.6818926334,0.9851087809,0.4461404979,0,1,0.4552514567,0.2717994383,0.4420107007,0.0509566538,0.2357907593,0.6505745649,0.9454787493,0.4147838056,0,1,-0.01509567569,0.05985013957,-0.01531159878,-0.1051029623,-0.04834294319,0.003872802481,0.08590249419,0.05221574567,-0.1455176473,0.2345773652,69,-0.05352799228,-0.05429363734,-0.1714199976,0.01373263083,-0.006170599333,-0.05969859161,0,0
jpeg_q75,0,authentic,12,jpeg_boundary_difference_ratio,1.090870751,0.09272478005,false,69,1.099273489,0.08535653055,1.078463078,1.005254459,1.043555379,1.148357272,1.255086613,0.1048018932,0.9367277026,1.366062284,1.280751067,0.1280302786,1.255025029,1.089218903,1.219821453,1.348981619,1.478616929,0.1291601658,0.9894308448,1.77491498,0.1814775778,0.06907886585,0.1906197071,0.07064688206,0.1579293609,0.2160224915,0.2549362421,0.05809313059,-0.05743944645,0.4346929789,69,1.957163745,2.055757986,1.703205559,2.329716947,0.09062019928,2.047783944,0,0
jpeg_q75,0,authentic,13,jpeg_periodic_grid_strength,0.09243611017,0.0907148422,false,69,0.1011309469,0.08243236445,0.0784631297,0.005254429486,0.04355535656,0.1483572572,0.2550866425,0.1048019007,0,0.3660622239,0.2809042378,0.1276824657,0.2550250292,0.08921892196,0.2198214531,0.3489816189,0.4786168993,0.1291601658,0,0.7749149799,0.1797732909,0.06943445952,0.1877689213,0.07064687908,0.1481323466,0.2160223909,0.2549362205,0.0678900443,-0.05743944645,0.4346929789,69,1.981740656,2.069880922,1.632944984,2.381334582,0.09584800616,2.077588662,0,0
jpeg_q75,0,authentic,14,jpeg_artifact_score,0.1833023631,0.171337667,false,69,0.2022618938,0.1648647289,0.1569262594,0.01050885897,0.08711071312,0.2967145145,0.510173285,0.2096038014,0,0.7321244478,0.5501808275,0.2231291772,0.5100500584,0.1784378439,0.4396429062,0.6979632378,0.9572337985,0.2583203316,0,1,0.3479189336,0.1225562974,0.36887604,0.1412937582,0.2950340956,0.4260778129,0.4816541731,0.1310437173,-0.1148788929,0.5436502099,69,2.030603893,2.152918541,1.721945331,2.486772585,0.1106559411,2.141259835,0,0
jpeg_q75,0,authentic,15,laplacian_variance,0.02789879267,0.0338247289,false,69,0.02949938314,0.04420125242,0.02020472474,0.002270818315,0.005969624966,0.03699894622,0.07890564501,0.03102932125,0.0001030618296,0.323674053,0.02503392743,0.04249841071,0.01450604573,0.001929984149,0.004658509977,0.02919004485,0.06729916036,0.02453153487,0.0001060341237,0.3210072815,-0.004465455711,0.005531506485,-0.002921385691,-0.01460384503,-0.007208092138,-0.001011981396,0.0002025635826,0.006196110742,-0.01954600215,0.01586379111,69,-0.1320174871,-0.08636834013,-0.2131012538,-0.02991838897,0.04732012704,-0.08469736004,0.02898550725,0.02898550725
jpeg_q75,0,ai_edited,0,fft_high_freq_energy_ratio,0.2799905716,0.03453516356,false,69,0.272222536,0.03421847377,0.275267154,0.2219266862,0.2534981966,0.2949897945,0.3187403679,0.04149159789,0.1780514121,0.3744005263,0.272154948,0.03418328103,0.2752931714,0.2219386995,0.2533056736,0.2950362861,0.3185086966,0.04173061252,0.1781223267,0.3744997084,-6.758799587e-05,0.0002974557085,-4.421174526e-05,-0.0005855441093,-0.0002669692039,7.613003254e-05,0.0004714757204,0.0003430992365,-0.0007091760635,0.0005713403225,69,-0.001957077625,-0.001280195045,-0.007730358754,0.00220442079,-0.2249311946,-0.2268882723,0,0
jpeg_q75,0,ai_edited,1,fft_spectral_peak_count,0.002022058854,0.01407540999,false,69,0,0,0,0,0,0,0,0,0,0,0,0,0,0,0,0,0,0,0,0,0,0,0,0,0,0,0,0,0,0,69,0,0,0,0,-0.1436589666,-0.1436589666,0,0
jpeg_q75,0,ai_edited,2,fft_radial_anomaly_score,0.013419118,0.06768276676,false,69,0.005797101536,0.04815434195,0,0,0,0,0,0,0,0.400000006,0.005797101536,0.04815434195,0,0,0,0,0,0,0,0.400000006,0,0,0,0,0,0,0,0,0,0,69,0,0,0,0,-0.1126138429,-0.1126138429,0,0
jpeg_q75,0,ai_edited,3,fft_spectral_decay_slope,-1.385622557,0.1102622131,false,69,-1.416459702,0.1096222592,-1.419485807,-1.586987209,-1.482180834,-1.348156929,-1.257024431,0.1340239048,-1.719831467,-1.10025394,-1.416632481,0.1096421882,-1.419920206,-1.587665629,-1.483749509,-1.348255754,-1.257051635,0.1354937553,-1.719486713,-1.099931121,-0.00017277918,0.000819248959,-0.0001592636108,-0.001642203331,-0.0006392002106,0.0002769231796,0.001202130318,0.0009161233902,-0.00194478035,0.002013921738,69,-0.001566984511,-0.001444407893,-0.005797092158,0.002511496658,-0.2796710169,-0.2812380014,0,0
jpeg_q75,0,ai_edited,4,dct_mean_high_freq_energy,0.6197976353,0.5345537214,false,69,0.6277641702,0.5742194395,0.5124770999,0.1108863637,0.2412195504,0.7892599106,1.429987264,0.5480403602,0.04187816754,3.636818409,0.3812990477,0.4443376978,0.2716652453,0.06035795063,0.1216566637,0.4569970369,0.9999573231,0.3353403732,0.0224450808,3.078460455,-0.2464651225,0.1886122848,-0.2049337626,-0.580166173,-0.3737329543,-0.1014261246,-0.03371414393,0.2723068297,-0.6868024468,0.1213703752,69,-0.4610670783,-0.3833735588,-0.6991494761,-0.1897398157,0.01490315114,-0.4461639272,0.01449275362,0.01449275362
jpeg_q75,0,ai_edited,5,dct_ac_energy_variance,0.6284246377,0.7343028515,false,69,0.6532861066,0.8892250275,0.3484704196,0.03260450102,0.1522630304,0.8096401095,2.534277678,0.6573770791,0.0004287126649,5.233992577,0.4331909509,0.8157553925,0.1650674641,0.009087545238,0.04663961008,0.4332367182,2.004921055,0.3865971081,0.0003709816665,5.393877983,-0.2200951557,0.2264286992,-0.1561868042,-0.6197753429,-0.3389486372,-0.0651312992,-0.003610518493,0.273817338,-0.913744688,0.4534877539,69,-0.2997334891,-0.2127008003,-0.4615924296,-0.08869814283,0.03385724141,-0.2658762477,0.02898550725,0.02898550725
jpeg_q75,0,ai_edited,6,dct_anomaly_score,0.8896165086,0.1617603228,false,69,0.8803028849,0.1705986428,1,0.5353471756,0.7646696568,1,1,0.2353303432,0.3411827087,1,0.9580657698,0.09602290904,1,0.7150936961,0.9496608973,1,1,0.05033910275,0.5573347807,1,0.07776288494,0.1002226986,0,0,0,0.17206949,0.2809798658,0.17206949,0,0.3293197155,69,0.4807290415,0,0,1.063731124,-0.0575766888,0.4231523527,0.01449275362,0
jpeg_q75,0,ai_edited,7,noise_global_level,0.08080894019,0.05559111742,false,69,0.08005592403,0.05624855531,0.06915852427,0.01875221208,0.03857033327,0.09627329558,0.1622808248,0.05770296231,0.006754894275,0.3557565212,0.07283712683,0.05278842673,0.06425744295,0.01882303059,0.03691806272,0.09203878045,0.1402419716,0.05512071773,0.005897312891,0.3549804986,-0.007218797205,0.008314852168,-0.005587441847,-0.02423007637,-0.01172462106,-0.001894939691,0.001187960804,0.009829681367,-0.02708256245,0.01776186377,69,-0.1298552276,-0.1005096157,-0.2109081739,-0.03408709483,-0.01354562008,-0.1434008477,0.01449275362,0.02898550725
jpeg_q75,0,ai_edited,8,noise_max_to_min_ratio,0.4005905392,0.3283078921,false,69,0.4462521819,0.3618802574,0.2636824846,0.06979696006,0.1606089771,0.8698621392,1,0.7092531621,0.04145768657,1,0.4411581585,0.3630091559,0.2548234761,0.07116556764,0.1478827894,0.8905835152,1,0.7427007258,0.0436331071,1,-0.005094023394,0.05418361934,0,-0.08648212552,-0.02231450379,0.002175420523,0.07534273863,0.02448992431,-0.1771236658,0.2676929832,69,-0.01551599434,0,-0.06796822228,0.006626159696,0.13908177,0.1235657757,0,0
jpeg_q75,0,ai_edited,9,noise_std_of_variances,0.04551184494,0.02989405613,false,69,0.04362495845,0.02691292598,0.03598758951,0.01447887011,0.02646783367,0.05509315431,0.09505370706,0.02862532064,0.002187216189,0.1580343544,0.04027385049,0.02778173675,0.03172487393,0.013685509,0.02443467081,0.05038214475,0.09794362783,0.02594747394,0.00290132896,0.1659181714,-0.003351107958,0.004612408622,-0.003205887973,-0.01024685204,-0.005780637264,-0.001091327518,0.002194355428,0.004689309746,-0.01580214873,0.01610415429,69,-0.1120994737,-0.1072416523,-0.1933707905,-0.03650650529,-0.06311911901,-0.1752185927,0.01449275362,0.02898550725
jpeg_q75,0,ai_edited,10,noise_coef_variation,0.6096584915,0.2357993102,false,69,0.6165624993,0.2487758798,0.5791555047,0.305921942,0.4383569956,0.7533271313,1.063267303,0.3149701357,0.1991848499,1.520560622,0.6078086206,0.2295327719,0.5761940479,0.291556716,0.4426076114,0.7487004995,0.9629191875,0.3060928881,0.228069514,1.349274516,-0.008753878699,0.0496396206,-0.005113422871,-0.09145235419,-0.02896952629,0.01497510076,0.06617134809,0.04394462705,-0.1712861061,0.1646977961,69,-0.03712427612,-0.02168548698,-0.122856705,0.06350782258,0.02927916879,-0.007845107323,0.01449275362,0.01449275362
jpeg_q75,0,ai_edited,11,noise_inconsistency_score,0.4720873315,0.2820146066,false,69,0.4716628262,0.2821906313,0.4388740063,0.07456259429,0.2511426508,0.6711028218,0.9827120781,0.419960171,0,1,0.4640930395,0.2706394671,0.4349254072,0.05540894419,0.2568101585,0.6649339795,0.9491201162,0.408123821,0,1,-0.00756978662,0.05624261364,-0.004757285118,-0.1009191513,-0.03626447916,0.01499179006,0.08822844028,0.05125626922,-0.145712018,0.2195970789,69,-0.02684182465,-0.01686893163,-0.1285907833,0.0531596226,-0.001505260264,-0.02834708491,0,0
jpeg_q75,0,ai_edited,12,jpeg_boundary_difference_ratio,1.090870751,0.09272478005,false,69,1.090002295,0.07973937343,1.072321057,1.004238486,1.038431048,1.1353513,1.231177855,0.09692025185,0.9374209642,1.356818676,1.268793903,0.1236892576,1.247353077,1.085552192,1.207155585,1.316146374,1.473290706,0.1089907885,0.9948173761,1.769782662,0.1787916076,0.06824699572,0.1901721954,0.07134773731,0.1524189711,0.2139669657,0.2526998758,0.06154799461,-0.05183422565,0.4387121201,69,1.928196622,2.05093175,1.643778189,2.307548916,-0.009365954367,1.918830667,0,0
jpeg_q75,0,ai_edited,13,jpeg_periodic_grid_strength,0.09243611017,0.0907148422,false,69,0.09171569184,0.07711301969,0.07232104242,0.004238491366,0.03843105957,0.1353512853,0.2311778694,0.09692022577,0,0.3568187356,0.2688690184,0.1235218987,0.2473531216,0.08555223644,0.20715563,0.3161463439,0.4732907474,0.108990714,0,0.769782722,0.1771533265,0.0688831174,0.1892284006,0.07134770751,0.1480822973,0.2139668949,0.2526998892,0.0658845976,-0.05183415115,0.4387122393,69,1.952859336,2.085969572,1.632393263,2.358675711,-0.007941570622,1.944917766,0,0
jpeg_q75,0,ai_edited,14,jpeg_artifact_score,0.1833023631,0.171337667,false,69,0.1834313837,0.1542260394,0.1446420848,0.008476982731,0.07686211914,0.2707025707,0.4623557389,0.1938404515,0,0.7136374712,0.5275466083,0.2164151122,0.4947062433,0.1711044729,0.41431126,0.6322926879,0.9465814948,0.2179814279,0,1,0.3441152246,0.1211845972,0.3738079369,0.142695415,0.2955014259,0.4210624099,0.4925307631,0.125560984,-0.1036683023,0.5381891131,69,2.008403818,2.181703204,1.72467287,2.457500545,0.0007530196,2.009156838,0,0
jpeg_q75,0,ai_edited,15,laplacian_variance,0.02789879267,0.0338247289,false,69,0.02868394471,0.04168346319,0.01991919987,0.002396052377,0.007196201012,0.03478367627,0.08247068226,0.02758747526,0.0001044801684,0.304591924,0.02474504458,0.0402676219,0.01444877218,0.002040984668,0.005874752067,0.02905632183,0.06899563521,0.02318156976,0.0001060738723,0.3031124771,-0.003938900127,0.00512191238,-0.002571769059,-0.01403395906,-0.006608445197,-0.0006474377587,0.000155901062,0.005961007439,-0.01631437987,0.01525779814,69,-0.1164503088,-0.07603221495,-0.1953731903,-0.01914095928,0.02321236758,-0.09323794124,0.02898550725,0.02898550725
jpeg_q75,1,all,0,fft_high_freq_energy_ratio,0.2786693905,0.0355163206,false,136,0.2750749312,0.03160326606,0.2767008096,0.222432591,0.2527769282,0.2948192582,0.3253226727,0.04204232991,0.2045774013,0.3512496948,0.2749846616,0.03150237642,0.2765707821,0.2224721052,0.2532678097,0.2947864607,0.3251747563,0.04151865095,0.2048328519,0.3512215316,-9.0269591e-05,0.0003429143926,-5.502998829e-05,-0.0006981790066,-0.0002513602376,9.949505329e-05,0.000352203846,0.0003508552909,-0.001361191273,0.001478478312,136,-0.002541636901,-0.001549428189,-0.007077316382,0.00280138966,-0.1012058459,-0.1037474828,0,0
jpeg_q75,1,all,1,fft_spectral_peak_count,0.001648351673,0.01273256088,false,136,0.001470588257,0.01208178394,0,0,0,0,0,0,0,0.1000000015,0.001470588257,0.01208178394,0,0,0,0,0,0,0,0.1000000015,0,0,0,0,0,0,0,0,0,0,136,0,0,0,0,-0.01396132462,-0.01396132462,0,0
jpeg_q75,1,all,2,fft_radial_anomaly_score,0.01300366332,0.06736367464,false,136,0.007352941396,0.04963922265,0,0,0,0,0,0,0,0.400000006,0.007352941396,0.04963922265,0,0,0,0,0,0,0,0.400000006,0,0,0,0,0,0,0,0,0,0,136,0,0,0,0,-0.08388381356,-0.08388381356,0,0
jpeg_q75,1,all,3,fft_spectral_decay_slope,-1.392526299,0.1152052171,false,136,-1.3964485,0.09599708793,-1.394814312,-1.558979988,-1.457956523,-1.343144357,-1.236070007,0.1148121655,-1.652271986,-1.201180458,-1.39661698,0.09586270964,-1.394925535,-1.558932841,-1.456485569,-1.34338659,-1.236823529,0.113098979,-1.651734829,-1.201153994,-0.0001684804173,0.0009484252487,-0.0002229213715,-0.00183147192,-0.0006197988987,0.0002084970474,0.001458853483,0.0008282959461,-0.00280880928,0.00393307209,136,-0.001462437393,-0.001934993719,-0.005379955131,0.001809788243,-0.03404534503,-0.03550778242,0,0
jpeg_q75,1,all,4,dct_mean_high_freq_energy,0.6181044546,0.5493786794,false,136,0.6297630816,0.524664406,0.4934166074,0.09328012168,0.2241934575,0.8972641379,1.519081235,0.6730706804,0.05065156892,2.925590038,0.3825162124,0.383270953,0.2606350631,0.05906955991,0.1080379914,0.5178111494,1.289524585,0.4097731579,0.03872089088,1.928894639,-0.2472468692,0.2076188594,-0.2144292891,-0.5906888694,-0.3699636459,-0.09291024134,-0.0160196824,0.2770534046,-0.9966953993,0.2102806568,136,-0.4500481699,-0.3903123604,-0.6734219216,-0.1691187606,0.02122147702,-0.4288266929,0,0
jpeg_q75,1,all,5,dct_ac_energy_variance,0.6270257644,0.7701390409,false,136,0.6643762352,0.7700229038,0.3724529296,0.0212386502,0.1219567321,0.867768243,2.548336148,0.7458115108,0.004253847525,3.741172791,0.3977488563,0.5555796656,0.1827125624,0.007918939111,0.05200415757,0.4978116453,1.703189701,0.4458074877,0.000964893261,2.653145075,-0.2666273789,0.3197311063,-0.1903778911,-0.7307861894,-0.3936204687,-0.06746903062,-0.004034207494,0.3261514381,-1.713612795,0.4314851761,136,-0.3462068077,-0.2471993769,-0.5111031226,-0.08760629839,0.04849834749,-0.2977084602,0,0
jpeg_q75,1,all,6,dct_anomaly_score,0.8892446845,0.1661288857,false,136,0.8855177008,0.1530633687,0.9908505976,0.5826226026,0.7990061194,1,1,0.2009938806,0.4697971344,1,0.9543815886,0.1010958577,1,0.6940810233,1,1,1,0,0.582490325,1,0.06886388778,0.1138094662,0,0,0,0.1505803168,0.2827084064,0.1505803168,-0.3026605844,0.3860518336,136,0.4145208553,0,0,0.9064065902,-0.02243429052,0.3920865648,0,0
jpeg_q75,1,all,7,noise_global_level,0.0804362417,0.05589460607,false,136,0.0817691637,0.05598680928,0.06610705703,0.01981766894,0.03725283872,0.1069633383,0.173744671,0.06971049961,0.009654874913,0.3072870076,0.07327805373,0.05130737398,0.06252240762,0.0192804574,0.03323605377,0.09436381795,0.1909602545,0.06112776417,0.01035381295,0.2601055801,-0.008491109974,0.01034348622,-0.007369700819,-0.02362710051,-0.01417217031,-0.002380671445,0.0009723752737,0.01179149887,-0.04718142748,0.02487391233,136,-0.1519128691,-0.1318499465,-0.2535516628,-0.04259214999,0.02384705949,-0.1280658096,0,0
jpeg_q75,1,all,8,noise_max_to_min_ratio,0.4106514387,0.3299784221,false,136,0.4055742049,0.357236594,0.2709191442,0.06124536879,0.1055570152,0.7744327039,1,0.6688756887,0.03581236303,1,0.3856268734,0.3512542052,0.2151280344,0.05790602602,0.09689994343,0.7573736906,1,0.6604737472,0.03132617846,1,-0.01994733151,0.05436868245,-0.003886073828,-0.1112982333,-0.0302631557,0.0003382489085,0.0205508545,0.03060140461,-0.2393957973,0.2320685983,136,-0.06045041183,-0.01177675135,-0.09171252929,0.001025063719,-0.01538656299,-0.07583697481,0,0
jpeg_q75,1,all,9,noise_std_of_variances,0.04483697512,0.02864084927,false,136,0.04633980721,0.03198857211,0.04018729739,0.008991582785,0.022138,0.06126636732,0.1180320587,0.03912836732,0.003824761836,0.1617175788,0.04187542922,0.02979927081,0.03661740944,0.007878882345,0.01934465161,0.05573968962,0.1014727727,0.03639503801,0.002649588743,0.1453995407,-0.004464377985,0.00553883988,-0.003630217165,-0.01337821223,-0.007053662091,-0.0009694406763,0.005093225278,0.006084221415,-0.02117139846,0.01028396189,136,-0.1558744974,-0.1267496341,-0.2462797812,-0.03384818191,0.05247163151,-0.1034028659,0,0
jpeg_q75,1,all,10,noise_coef_variation,0.6124711164,0.2372147582,false,136,0.607093232,0.2492087521,0.5931148529,0.2538701929,0.4148940369,0.7768195271,1.018683344,0.3619254902,0.1178079024,1.325475693,0.6001560601,0.2437110463,0.5817217827,0.2576161921,0.4080746025,0.7434929907,1.026058078,0.3354183882,0.09144044667,1.419005036,-0.00693717188,0.04232359651,-0.004552483559,-0.07696466148,-0.03081828356,0.01046803594,0.06070437282,0.04128631949,-0.1471562982,0.1088161469,136,-0.02924426765,-0.01919140104,-0.1299172269,0.04412894044,-0.02267095178,-0.05191521943,0,0.007352941176
jpeg_q75,1,all,11,noise_inconsistency_score,0.4737415174,0.2792792032,false,136,0.4643479926,0.2929146226,0.4574864656,0.005580119672,0.2198587246,0.7024260759,1,0.4825673513,0,1,0.4558212813,0.2799984547,0.4422956854,0.01015492319,0.2107661366,0.6579906344,1,0.4472244978,0,1,-0.008526711324,0.053683709,-0.002373278141,-0.1026196182,-0.03693363816,0.01171083748,0.07672564313,0.04864447564,-0.196208477,0.1258680224,136,-0.03053113596,-0.008497869208,-0.1322462888,0.041932365,-0.03363488819,-0.06416602416,0,0
jpeg_q75,1,all,12,jpeg_boundary_difference_ratio,1.090441064,0.08958681008,false,136,1.096418357,0.09520352852,1.066247702,1.001485005,1.029974163,1.146678865,1.26335606,0.1167047024,0.9632553458,1.533506393,1.275930221,0.1316807033,1.254650176,1.113772988,1.198174626,1.346603721,1.552576005,0.1484290957,1.011152744,1.677646279,0.1795118644,0.08052004971,0.1805437207,0.04109326005,0.1445798576,0.214517206,0.3086997271,0.06993734837,-0.06912767887,0.4000411034,136,2.003775603,2.015293552,1.613852055,2.394517739,0.0667206799,2.070496283,0,0
jpeg_q75,1,all,13,jpeg_periodic_grid_strength,0.09230288765,0.0870774111,false,136,0.09701680405,0.09449497051,0.06624772772,0.001556052652,0.02997411089,0.1466788873,0.2633560821,0.1167047764,0,0.533506453,0.2759302208,0.1316807038,0.2546502203,0.1137730181,0.1981745921,0.3466037437,0.5525760353,0.1484291516,0.01115274895,0.6776462793,0.1789134168,0.08111857137,0.1805437729,0.04109321535,0.1445798203,0.2145171985,0.3086997196,0.06993737817,-0.06912763976,0.4000410885,136,2.054647865,2.073370931,1.660359656,2.463522925,0.05413477887,2.108782644,0,0
jpeg_q75,1,all,14,jpeg_artifact_score,0.1832646402,0.1648027988,false,136,0.1931384419,0.1849521611,0.1324954554,0.003112105303,0.05994822178,0.2933577746,0.5267121643,0.2334095528,0,1,0.5379343362,0.2306296845,0.5093004405,0.2275460362,0.3963491842,0.6932074875,1,0.2968583032,0.0223054979,1,0.3447958943,0.1552225239,0.3598191217,0,0.2857276089,0.4279053099,0.606261285,0.142177701,-0.1382552795,0.6694412231,136,2.092172565,2.183331377,1.73375459,2.596468707,0.05991282741,2.152085392,0,0
jpeg_q75,1,all,15,laplacian_variance,0.02805360432,0.03645127683,false,136,0.02848768291,0.03312089592,0.01750809141,0.002079587575,0.006000415888,0.03995538224,0.09094562009,0.03395496635,0.0003404301242,0.1899305731,0.0236759582,0.02883192056,0.01362000452,0.00177360489,0.004419922596,0.03045027982,0.08400457911,0.02603035723,0.0003442220914,0.1481407583,-0.004811724708,0.007627367232,-0.003303219564,-0.015274534,-0.008509899955,-0.0007797903381,5.102378782e-05,0.007730109617,-0.04178981483,0.01846180856,136,-0.1320042843,-0.09062013327,-0.2334595848,-0.02139267554,0.01190846057,-0.1200958237,0,0
jpeg_q75,1,authentic,0,fft_high_freq_energy_ratio,0.2786693905,0.0355163206,false,68,0.2733628728,0.03274662963,0.2772905678,0.2159176648,0.2500021048,0.2949026823,0.3199210733,0.04490057752,0.2045774013,0.3497065008,0.2732649702,0.03264618655,0.2774859965,0.2158703662,0.2497823015,0.2947864607,0.3197922036,0.04500415921,0.2048328519,0.3497279584,-9.790260126e-05,0.0003267706322,-6.873905659e-05,-0.000651602447,-0.0002539046109,9.949505329e-05,0.0003230474889,0.0003533996642,-0.001361191273,0.0007450580597,68,-0.00275655247,-0.001935421672,-0.007148955934,0.00280138966,-0.1494106815,-0.152167234,0,0
jpeg_q75,1,authentic,1,fft_spectral_peak_count,0.001648351673,0.01273256088,false,68,0,0,0,0,0,0,0,0,0,0,0,0,0,0,0,0,0,0,0,0,0,0,0,0,0,0,0,0,0,0,68,0,0,0,0,-0.1294595556,-0.1294595556,0,0
jpeg_q75,1,authentic,2,fft_radial_anomaly_score,0.01300366332,0.06736367464,false,68,0,0,0,0,0,0,0,0,0,0,0,0,0,0,0,0,0,0,0,0,0,0,0,0,0,0,0,0,0,0,68,0,0,0,0,-0.1930367277,-0.1930367277,0,0
jpeg_q75,1,authentic,3,fft_spectral_decay_slope,-1.392526299,0.1152052171,false,68,-1.402324428,0.1007527649,-1.393148303,-1.570171875,-1.464722425,-1.34111312,-1.24897173,0.1236093044,-1.652271986,-1.219006419,-1.402501166,0.1006215848,-1.392082691,-1.569368744,-1.465257496,-1.341430962,-1.249461889,0.1238265336,-1.651734829,-1.219013572,-0.0001767382902,0.000913799127,-0.0001993179321,-0.001724588871,-0.000623524189,0.0002253353596,0.00138091445,0.0008488595486,-0.00280880928,0.002161979675,68,-0.001534117071,-0.001730112031,-0.005412291256,0.001955947528,-0.08504935084,-0.08658346791,0,0
jpeg_q75,1,authentic,4,dct_mean_high_freq_energy,0.6181044546,0.5493786794,false,68,0.6237754021,0.5323617182,0.4812808037,0.08102234565,0.2218127847,0.8971287459,1.48335135,0.6753159612,0.05065156892,2.925590038,0.3802769582,0.3899042516,0.2568876445,0.0525393514,0.1061567403,0.5176057369,1.24329223,0.4114489965,0.0388247408,1.928894639,-0.2434984439,0.2123172779,-0.2093311884,-0.5892864257,-0.3656203896,-0.07984707505,-0.01378349345,0.2857733145,-0.9966953993,0.2102806568,68,-0.4432251433,-0.3810326032,-0.6655161609,-0.1453406877,0.0103224748,-0.4329026685,0,0
jpeg_q75,1,authentic,5,dct_ac_energy_variance,0.6270257644,0.7701390409,false,68,0.6665845175,0.7898398409,0.3676359504,0.0135241867,0.111851234,0.9044802934,2.539147532,0.7926290594,0.004253847525,3.741172791,0.3952505484,0.5648918906,0.1761798933,0.004608946154,0.04067728017,0.4978116453,1.709724164,0.4571343651,0.001151224133,2.634936333,-0.2713339692,0.3284266916,-0.1903778911,-0.736489743,-0.4129543379,-0.06372277508,-0.003537362639,0.3492315628,-1.713612795,0.359803915,68,-0.3523181591,-0.2471993769,-0.5362075105,-0.08274190984,0.05136572889,-0.3009524302,0,0
jpeg_q75,1,authentic,6,dct_anomaly_score,0.8892446845,0.1661288857,false,68,0.8866295486,0.1536179382,1,0.5795079291,0.8052253276,1,1,0.1947746724,0.4697971344,1,0.9493459463,0.1044841383,1,0.6973368973,0.9457434863,1,1,0.05425651371,0.582490325,1,0.06271639773,0.1136232749,0,-0.01760891378,0,0.144150123,0.2721290499,0.144150123,-0.3026605844,0.3359392285,68,0.3775165137,0,0,0.8677005352,-0.01574160894,0.3617749047,0,0
jpeg_q75,1,authentic,7,noise_global_level,0.0804362417,0.05589460607,false,68,0.08198762176,0.0569568084,0.06611519307,0.0195174234,0.03756597731,0.1069633383,0.1747408912,0.06939736102,0.009654874913,0.3072870076,0.07312587542,0.05210630329,0.06202156283,0.01868115766,0.03300513607,0.09442006797,0.1931785949,0.0614149319,0.01035381295,0.2601055801,-0.008861746338,0.01072794984,-0.007547458634,-0.02467272282,-0.01478425786,-0.002543072682,0.0007475411519,0.01224118518,-0.04718142748,0.02487391233,68,-0.1585438553,-0.1350301785,-0.2645024073,-0.0454976403,0.02775545193,-0.1307884034,0,0
jpeg_q75,1,authentic,8,noise_max_to_min_ratio,0.4106514387,0.3299784221,false,68,0.4010826803,0.3583591559,0.2624567151,0.0611833889,0.09823947586,0.6852737963,1,0.5870343205,0.03581236303,1,0.3784982068,0.350499028,0.2072343454,0.05467849467,0.09667797945,0.5930071622,1,0.4963291828,0.03132617846,1,-0.0225844735,0.05044565095,-0.006648615003,-0.1111587211,-0.03504413739,0,0.02039701827,0.03504413739,-0.2393957973,0.0719210282,68,-0.06844227375,-0.02014863566,-0.1062013,0,-0.02899813372,-0.09744040747,0,0
jpeg_q75,1,authentic,9,noise_std_of_variances,0.04483697512,0.02864084927,false,68,0.04608611444,0.03275048442,0.040336648,0.008739187988,0.02089014929,0.06161098834,0.1141096987,0.04072083905,0.003824761836,0.1610382348,0.0413523547,0.03048368848,0.03679970466,0.00714722618,0.0179658602,0.05343483109,0.09889496192,0.03546897089,0.002649588743,0.1450810134,-0.004733759749,0.005636364837,-0.003758235835,-0.01348522939,-0.007259215228,-0.001152072567,0.004405181669,0.006107142661,-0.02117139846,0.008341163397,68,-0.1652800063,-0.1312194272,-0.253456703,-0.04022480467,0.0436139066,-0.1216660997,0,0
jpeg_q75,1,authentic,10,noise_coef_variation,0.6124711164,0.2372147582,false,68,0.593418267,0.2341099746,0.5878559351,0.251134298,0.4029719904,0.7628622949,0.9462462753,0.3598903045,0.1178079024,1.282613516,0.5834620631,0.2264095822,0.5817355216,0.2561712325,0.4041223973,0.7327805161,0.9332089752,0.3286581188,0.09144044667,1.286941886,-0.009956203839,0.04499933125,-0.008910566568,-0.08592852652,-0.03127214313,0.01046803594,0.05874822587,0.04174017906,-0.1471562982,0.09440100193,68,-0.04197126652,-0.03756328921,-0.1318305124,0.04412894044,-0.08031898842,-0.1222902549,0,0.01470588235
jpeg_q75,1,authentic,11,noise_inconsistency_score,0.4737415174,0.2792792032,false,68,0.4538630905,0.2908948762,0.4504745901,0.002604055847,0.2039626539,0.6838164479,0.9283283472,0.479853794,0,1,0.4415534662,0.275362639,0.4423140734,0.008228312945,0.2054965198,0.6437073797,0.9109452993,0.4382108599,0,1,-0.01230962429,0.05930950633,-0.005280717276,-0.1145713359,-0.04086744785,0.01013668627,0.07833098099,0.05100413412,-0.196208477,0.1258680224,68,-0.04407640865,-0.01890837992,-0.1463318693,0.03629588652,-0.07117761255,-0.1152540212,0,0
jpeg_q75,1,authentic,12,jpeg_boundary_difference_ratio,1.090441064,0.08958681008,false,68,1.102201956,0.09919414517,1.072005451,1.00478794,1.031614214,1.148838431,1.265370679,0.1172242165,0.9684098363,1.52736485,1.283557156,0.1357998743,1.259941816,1.119179791,1.206900567,1.347743183,1.554698366,0.1408426166,1.011152744,1.664747834,0.1813551994,0.08197961782,0.1854889989,0.05743986368,0.1443483531,0.2197607756,0.3032639623,0.07541242242,-0.06912767887,0.4000411034,68,2.024351567,2.070494515,1.61126792,2.453048338,0.1312792805,2.155630848,0,0
jpeg_q75,1,authentic,13,jpeg_periodic_grid_strength,0.09230288765,0.0870774111,false,68,0.102754766,0.09853478291,0.07200545818,0.00478794392,0.03161426308,0.1488383971,0.2653707281,0.117224134,0,0.52736485,0.283557155,0.1357998702,0.2599418014,0.1191798262,0.2069006041,0.3477432057,0.5546983272,0.1408426017,0.01115274895,0.6647477746,0.180802389,0.08253357478,0.1854890175,0.05211965106,0.1443483569,0.2197607355,0.3032639377,0.07541237865,-0.06912763976,0.4000410885,68,2.076340887,2.130162291,1.657701522,2.523739886,0.1200297322,2.196370619,0,0
jpeg_q75,1,authentic,14,jpeg_artifact_score,0.1832646402,0.1648027988,false,68,0.2047046834,0.1936312807,0.1440109164,0.009575887839,0.06322852615,0.2976767942,0.5307414562,0.2344482681,0,1,0.5520525861,0.2375034968,0.5198836029,0.2383596525,0.4138012081,0.6954864115,1,0.2816852033,0.0223054979,1,0.3473479027,0.1586417484,0.3669179305,0.02645671368,0.2845857441,0.4325651601,0.6065278754,0.147979416,-0.1382552795,0.6623008549,68,2.10765779,2.226405942,1.726825917,2.624744017,0.1300951401,2.23775293,0,0
jpeg_q75,1,authentic,15,laplacian_variance,0.02805360432,0.03645127683,false,68,0.02872774246,0.03375286642,0.01748526562,0.001561056438,0.005996976397,0.04018329084,0.08783781491,0.03418631444,0.0003404301242,0.1899305731,0.02367422421,0.02933489806,0.01321628736,0.001533406734,0.003988495038,0.03045027982,0.08340261765,0.02646178479,0.0003442220914,0.1481407583,-0.005053518244,0.007882239725,-0.003432934638,-0.01608843766,-0.008830628358,-0.000878831197,2.514002845e-05,0.007951797161,-0.04178981483,0.01846180856,68,-0.1386376194,-0.09417872121,-0.2422584097,-0.0241097507,0.01849422567,-0.1201433937,0,0
jpeg_q75,1,ai_edited,0,fft_high_freq_energy_ratio,0.2786693905,0.0355163206,false,68,0.2767869896,0.03056383936,0.276038751,0.2314612336,0.2556170747,0.2933698148,0.32843429,0.03775274009,0.2173138261,0.3512496948,0.276704353,0.03046038286,0.2760835588,0.2314746954,0.2557634264,0.2934760302,0.3283203214,0.03771260381,0.2176636159,0.3512215316,-8.263658075e-05,0.0003606082766,-4.414469004e-05,-0.0006797775626,-0.000242497772,9.281933308e-05,0.0003449551761,0.0003353171051,-0.001266300678,0.001478478312,68,-0.002326721332,-0.001242940972,-0.006827784182,0.002613427616,-0.05300101025,-0.05532773158,0,0
jpeg_q75,1,ai_edited,1,fft_spectral_peak_count,0.001648351673,0.01273256088,false,68,0.002941176514,0.0170213936,0,0,0,0,0,0,0,0.1000000015,0.002941176514,0.0170213936,0,0,0,0,0,0,0,0.1000000015,0,0,0,0,0,0,0,0,0,0,68,0,0,0,0,0.1015369064,0.1015369064,0,0
jpeg_q75,1,ai_edited,2,fft_radial_anomaly_score,0.01300366332,0.06736367464,false,68,0.01470588279,0.06967880851,0,0,0,0,0,0,0,0.400000006,0.01470588279,0.06967880851,0,0,0,0,0,0,0,0.400000006,0,0,0,0,0,0,0,0,0,0,68,0,0,0,0,0.0252691006,0.0252691006,0,0
jpeg_q75,1,ai_edited,3,fft_spectral_decay_slope,-1.392526299,0.1152052171,false,68,-1.390572572,0.09136313452,-1.3964535,-1.547401798,-1.44770658,-1.343721837,-1.232522863,0.1039847434,-1.594462514,-1.201180458,-1.390732795,0.09122221843,-1.396200478,-1.54774704,-1.44791466,-1.343724877,-1.233281249,0.1041897833,-1.595923781,-1.201153994,-0.0001602225444,0.0009885743113,-0.0002229213715,-0.001696437597,-0.000610858202,0.0001401305199,0.001513719559,0.0007509887218,-0.002516746521,0.00393307209,68,-0.001390757715,-0.001934993719,-0.005302348431,0.001216355678,0.01695866078,0.01556790307,0,0
jpeg_q75,1,ai_edited,4,dct_mean_high_freq_energy,0.6181044546,0.5493786794,false,68,0.635750761,0.520742021,0.4991213828,0.1336027481,0.2307545505,0.8972641379,1.482214439,0.6665095873,0.06417360902,2.899906635,0.3847554665,0.379407736,0.2632091939,0.07209405564,0.1115001924,0.5178111494,1.244146341,0.4063109569,0.03872089088,1.917329788,-0.2509952946,0.2043218083,-0.2183773369,-0.584167546,-0.3707218617,-0.09933805186,-0.02480801735,0.2713838099,-0.9825768471,0.1596012115,68,-0.4568711965,-0.3974987473,-0.6748020548,-0.1808189061,0.03212047925,-0.4247507172,0,0
jpeg_q75,1,ai_edited,5,dct_ac_energy_variance,0.6270257644,0.7701390409,false,68,0.6621679528,0.7555550622,0.3757830411,0.04000221398,0.1357366722,0.845849812,2.274911338,0.7101131398,0.005530878901,3.667944431,0.4002471643,0.5502990175,0.1883220747,0.01294537224,0.06083199289,0.4770089388,1.614675194,0.4161769459,0.000964893261,2.653145075,-0.2619207885,0.3131656023,-0.1875112914,-0.718821913,-0.3830912746,-0.06921289023,-0.00622724978,0.3138783844,-1.661035538,0.4314851761,68,-0.3400954563,-0.2434771923,-0.4974313134,-0.08987064225,0.04563096608,-0.2944644902,0,0
jpeg_q75,1,ai_edited,6,dct_anomaly_score,0.8892446845,0.1661288857,false,68,0.8844058531,0.1536407725,0.9771933258,0.59221102,0.7936108261,1,1,0.2063891739,0.4759403467,1,0.9594172309,0.09810647405,1,0.6959129035,1,1,1,0,0.6048951149,1,0.07501137783,0.1145056833,0.003054797649,0,0,0.1537769139,0.2835655689,0.1537769139,-0.2855421305,0.3860518336,68,0.451525197,0.01838811858,0,0.9256482596,-0.02912697209,0.4223982249,0,0
jpeg_q75,1,ai_edited,7,noise_global_level,0.0804362417,0.05589460607,false,68,0.08155070564,0.05542251037,0.06610705703,0.02067494458,0.03725283872,0.1062622312,0.1698040694,0.06900939252,0.01007437985,0.304135561,0.07343023203,0.05088290133,0.06346909329,0.02122260127,0.03362484835,0.09436381795,0.1890574045,0.06073896959,0.01045599673,0.2585876882,-0.008120473611,0.01001021951,-0.007189884782,-0.02327089272,-0.01319278963,-0.00195465982,0.000976485014,0.01123812981,-0.04554787278,0.02306354046,68,-0.1452818829,-0.1286328912,-0.2360297452,-0.03497045524,0.01993866704,-0.1253432158,0,0
jpeg_q75,1,ai_edited,8,noise_max_to_min_ratio,0.4106514387,0.3299784221,false,68,0.4100657296,0.3587178276,0.271502912,0.06183575299,0.1126139536,0.7744327039,1,0.6618187502,0.03853657097,1,0.39275554,0.3544683305,0.2263981774,0.06136337034,0.1140407398,0.7661470175,1,0.6521062776,0.03487279639,1,-0.01731018952,0.05828503788,-0.003045441583,-0.1111587211,-0.02218751423,0.001379633322,0.01941894181,0.02356714755,-0.2393957973,0.2320685983,68,-0.0524585499,-0.009229214334,-0.06723928823,0.004180980422,-0.001774992248,-0.05423354215,0,0
jpeg_q75,1,ai_edited,9,noise_std_of_variances,0.04483697512,0.02864084927,false,68,0.04659349997,0.03144972636,0.04006984457,0.009733316395,0.02383435331,0.06027588341,0.1074726801,0.0364415301,0.004072027747,0.1617175788,0.04239850375,0.02931614089,0.03661740944,0.009155096347,0.02196706273,0.05590131041,0.09790924527,0.03393424768,0.003279560478,0.1453995407,-0.00419499622,0.005468041548,-0.00334827695,-0.01168073872,-0.006721090525,-0.0009578682948,0.004043636844,0.005763222231,-0.0202498734,0.01028396189,68,-0.1464689884,-0.1169056448,-0.2346679898,-0.0334441303,0.06132935642,-0.08513963201,0,0
jpeg_q75,1,ai_edited,10,noise_coef_variation,0.6124711164,0.2372147582,false,68,0.6207681971,0.2644803827,0.5958660543,0.2671356946,0.4254678264,0.7925625294,1.147141469,0.367094703,0.1282581687,1.325475693,0.6168500572,0.2604796436,0.5817217827,0.2823043719,0.412055023,0.7776533663,1.111587399,0.3655983433,0.1126064882,1.419005036,-0.003918139921,0.03957105343,-0.003352746367,-0.07170482278,-0.03058250248,0.01154005527,0.06089273542,0.04212255776,-0.1009566784,0.1088161469,68,-0.01651726879,-0.01413380176,-0.1289232707,0.04864813371,0.03497708486,0.01845981607,0,0
jpeg_q75,1,ai_edited,11,noise_inconsistency_score,0.4737415174,0.2792792032,false,68,0.4748328948,0.2967078649,0.461154744,0.02284759097,0.2339571044,0.7234166712,1,0.4894595668,0,1,0.4700890964,0.28588565,0.4422956854,0.04307248797,0.2160733677,0.7035378069,1,0.4874644391,0,1,-0.004743798362,0.04754187296,0,-0.09560646489,-0.03454399109,0.01219251752,0.07367995977,0.04673650861,-0.134608984,0.1192523837,68,-0.01698586328,0,-0.1236898083,0.04365709076,0.003907836166,-0.01307802711,0,0
jpeg_q75,1,ai_edited,12,jpeg_boundary_difference_ratio,1.090441064,0.08958681008,false,68,1.090634758,0.09140747227,1.064912379,1.001823804,1.02749306,1.138997495,1.256250519,0.1115044355,0.9632553458,1.533506393,1.268303287,0.1279794352,1.243103921,1.110436636,1.191981584,1.328508109,1.547941142,0.136526525,1.015284777,1.677646279,0.1776685294,0.07960006413,0.1759185791,0.05894663334,0.1478796005,0.2117680907,0.3147177339,0.0638884902,-0.06020355225,0.3979723454,68,1.983199639,1.963666068,1.650684966,2.363831133,0.002162079314,1.985361718,0,0
jpeg_q75,1,ai_edited,13,jpeg_periodic_grid_strength,0.09230288765,0.0870774111,false,68,0.09127884211,0.09064180801,0.06491238996,0.002240874828,0.02749303496,0.138997484,0.2562505484,0.111504449,0,0.533506453,0.2683032866,0.1279794406,0.2431038916,0.1104366738,0.1919815913,0.3285081089,0.5479412019,0.1365265176,0.01528476365,0.6776462793,0.1770244445,0.08024726543,0.1759186313,0.05250215158,0.1478795521,0.2117680861,0.3147177557,0.06388853397,-0.06020361185,0.3979724199,68,2.032954842,2.020255644,1.69825389,2.431952023,-0.0117601744,2.021194668,0,0
jpeg_q75,1,ai_edited,14,jpeg_artifact_score,0.1832646402,0.1648027988,false,68,0.1815722003,0.1765234783,0.1298247799,0.004481749656,0.05498606991,0.277994968,0.5125010967,0.2230088981,0,1,0.5238160862,0.2244136208,0.4862077832,0.2208733477,0.3839631826,0.6570162177,1,0.2730530351,0.0305695273,1,0.3422438859,0.1528635077,0.3518372625,0.0295347631,0.2945958413,0.4235361721,0.568887515,0.1289403308,-0.1204072237,0.6694412231,68,2.07668734,2.134898588,1.787565766,2.569957399,-0.01026948531,2.066417855,0,0
jpeg_q75,1,ai_edited,15,laplacian_variance,0.02805360432,0.03645127683,false,68,0.02824762336,0.03272594636,0.01773670036,0.002483886853,0.006036094506,0.03968336154,0.08326021172,0.03364726703,0.0003405403404,0.1877391487,0.02367769219,0.02853822341,0.0136975795,0.002112332685,0.005321829929,0.02890641382,0.08135074452,0.02358458389,0.0003516165016,0.1471560746,-0.004569931172,0.007414404541,-0.00318752788,-0.01401481004,-0.007908582222,-0.0006067744689,8.368619601e-05,0.007301807753,-0.04058307409,0.01744131744,68,-0.1253709491,-0.08744626135,-0.2169631055,-0.01664617873,0.005322695478,-0.1200482536,0,0
jpeg_q75,2,all,0,fft_high_freq_energy_ratio,0.2767552759,0.03390628361,false,136,0.2827595381,0.03784402716,0.2792742252,0.2306737341,0.2628660202,0.3033375368,0.3478536904,0.04047151655,0.1503369361,0.390927285,0.2826546224,0.03779482211,0.2793158442,0.2303932384,0.2627042681,0.3035003245,0.3480837196,0.04079605639,0.151507467,0.390623033,-0.0001049157889,0.0004002366861,-7.013231516e-05,-0.0008827224374,-0.0002450346947,6.946921349e-05,0.0003655031323,0.0003145039082,-0.002236247063,0.001170530915,136,-0.003094287482,-0.002068416461,-0.00722682254,0.002048859565,0.1770840562,0.1739897687,0.02941176471,0.02941176471
jpeg_q75,2,all,1,fft_spectral_peak_count,0.001831501859,0.01340879523,false,136,0.0007352941286,0.008574929385,0,0,0,0,0,0,0,0.1000000015,0.0007352941286,0.008574929385,0,0,0,0,0,0,0,0.1000000015,0,0,0,0,0,0,0,0,0,0,136,0,0,0,0,-0.08175288766,-0.08175288766,0,0
jpeg_q75,2,all,2,fft_radial_anomaly_score,0.009890110174,0.0575219898,false,136,0.01985294153,0.08591111223,0,0,0,0,0.07500000298,0,0,0.400000006,0.02279411804,0.09186698409,0,0,0,0,0.3250000104,0,0,0.400000006,0.002941176514,0.03429971754,0,0,0,0,0,0,0,0.400000006,136,0.05113134168,0,0,0,0.173200395,0.2243317366,0,0
jpeg_q75,2,all,3,fft_spectral_decay_slope,-1.3969114,0.1091601511,false,136,-1.378843606,0.1202083962,-1.386909127,-1.567417204,-1.449373335,-1.306906223,-1.190552086,0.1424671113,-1.800374389,-1.039516687,-1.379127433,0.120177327,-1.387752414,-1.567367822,-1.44967562,-1.307417184,-1.189887971,0.1422584355,-1.798426747,-1.03952539,-0.0002838268,0.0009944052633,-0.0001952648163,-0.001924335957,-0.0006828308105,0.0002264976501,0.0008854866028,0.0009093284607,-0.005532622337,0.002867817879,136,-0.002600095338,-0.001788792103,-0.006255312068,0.002074911475,0.1655163884,0.162916293,0.02205882353,0.02205882353
jpeg_q75,2,all,4,dct_mean_high_freq_energy,0.6155877339,0.5360504518,false,136,0.639866975,0.5774229764,0.4458633065,0.129406495,0.2592509463,0.7641175389,2.056315362,0.5048665926,0.03648391739,3.017126799,0.3771208289,0.4416536553,0.2147588879,0.07145133987,0.1371296048,0.4154365733,1.282257378,0.2783069685,0.02165250294,2.389266014,-0.2627461461,0.2067041305,-0.2195628285,-0.6946826726,-0.3591328114,-0.1190833338,-0.03894568887,0.2400494777,-0.9725717306,0.2958674431,136,-0.4901518974,-0.4095935892,-0.6699608408,-0.2221494886,0.04529282841,-0.444859069,0.007352941176,0.01470588235
jpeg_q75,2,all,5,dct_ac_energy_variance,0.6260638713,0.7427319564,false,136,0.6682379529,0.8719645902,0.3155802637,0.03802424669,0.1553034298,0.7506808341,2.282469511,0.5953774042,0.002016707323,4.559772015,0.3986333445,0.6987103875,0.1232892908,0.01030497695,0.06445057876,0.3547705859,1.441992939,0.2903200071,0.0008286223747,3.732741594,-0.2696046085,0.3140860619,-0.1781781092,-0.8687615991,-0.3601236604,-0.08858830389,-0.02088619024,0.2715353565,-1.510178566,0.851600647,136,-0.3629904519,-0.2398955743,-0.4848635599,-0.119273586,0.05678237116,-0.3062080807,0,0
jpeg_q75,2,all,6,dct_anomaly_score,0.8888184044,0.1615391807,false,136,0.88722909,0.1718138513,1,0.5230182707,0.8389044553,1,1,0.1610955447,0.347407639,1,0.9559611634,0.1154689674,1,0.6234624386,1,1,1,0,0.5281558633,1,0.06873207342,0.09484978833,0,0,0,0.1270975322,0.2820412219,0.1270975322,-0.01778757572,0.3282876611,136,0.4254823699,0,0,0.786790744,-0.009838569406,0.4156438005,0,0
jpeg_q75,2,all,7,noise_global_level,0.08032378116,0.05507776625,false,136,0.08222065971,0.05915800131,0.06577218696,0.02487943321,0.04091345053,0.1044109352,0.2261268795,0.06349748466,0.006162684411,0.3078919053,0.07276755266,0.0546725276,0.05666989833,0.02175493492,0.03757978138,0.08599937148,0.1931131668,0.04841959011,0.006033102516,0.2840451002,-0.009453107052,0.01001807839,-0.007179141045,-0.03015442565,-0.01389405131,-0.002924866043,0.0002904296853,0.01096918527,-0.0408835113,0.02829067409,136,-0.1716319977,-0.1303455375,-0.2522624329,-0.05310429674,0.03444000521,-0.1371919925,0.007352941176,0.007352941176
jpeg_q75,2,all,8,noise_max_to_min_ratio,0.4183471071,0.3420018313,false,136,0.3746783597,0.3056529355,0.2352581918,0.0516613964,0.1442288384,0.5315124691,1,0.3872836307,0.04176577926,1,0.3725703708,0.3174880369,0.255027771,0.05898150522,0.143822372,0.5361862183,1,0.3923638463,0.03961293027,1,-0.002107988851,0.1125251633,-0.01028315723,-0.1282475591,-0.03341586888,0.004202131182,0.1191338599,0.03761800006,-0.1928354502,0.5633622706,136,-0.006163677087,-0.0300675502,-0.09770669576,0.01228686749,-0.1276857123,-0.1338493894,0,0
jpeg_q75,2,all,9,noise_std_of_variances,0.04492015684,0.02814383215,false,136,0.04600585706,0.03373849107,0.0346801728,0.0137668848,0.02359387605,0.05544948857,0.1184691675,0.03185561253,0.003663647687,0.1630911529,0.04112825854,0.03164192612,0.02989970148,0.01162847644,0.02135507669,0.04514372535,0.1072811428,0.02378864866,0.003530463902,0.1480662376,-0.004877598518,0.005151878678,-0.004247526638,-0.01414894126,-0.007595210802,-0.002011075383,0.001666569151,0.005584135419,-0.02203959227,0.01226758957,136,-0.1733096791,-0.1509221138,-0.2698712372,-0.07145705576,0.03857684382,-0.1347328353,0.007352941176,0
jpeg_q75,2,all,10,noise_coef_variation,0.6144639838,0.24194044,false,136,0.5990924556,0.2297385119,0.5682199895,0.2124049366,0.4630648419,0.7024145275,1.037446082,0.2393496856,0.1819193065,1.202168822,0.5942229895,0.226137428,0.553940028,0.2539050579,0.4450349659,0.7164675742,0.9900570065,0.2714326084,0.1436471939,1.304069519,-0.0048694661,0.05564481931,-0.009409248829,-0.07811121643,-0.03622561693,0.01516242325,0.07795779407,0.05138804018,-0.1401066184,0.2454818785,136,-0.02012671424,-0.03889076513,-0.1497294827,0.06267006562,-0.0635343483,-0.08366106254,0,0
jpeg_q75,2,all,11,noise_inconsistency_score,0.4752493619,0.2843380814,false,136,0.4582944405,0.2722250629,0.4242933393,0,0.2840864584,0.6032193601,1,0.3191329017,0,1,0.4511223246,0.266204874,0.4052533805,0.008482003352,0.2600466013,0.6219567358,0.9587963969,0.3619101346,0,1,-0.007172115948,0.06889134902,-0.006881713867,-0.1009516567,-0.03646695614,0.009424462914,0.08073533326,0.04589141905,-0.1748611927,0.3273091465,136,-0.02522390217,-0.02420257544,-0.1282521003,0.03314527153,-0.0596294429,-0.08485334506,0,0
jpeg_q75,2,all,12,jpeg_boundary_difference_ratio,1.089415697,0.08408517691,false,136,1.100534905,0.1133895761,1.066890717,1.000068188,1.03252995,1.136225581,1.313581795,0.103695631,0.9704236984,1.865938544,1.293440039,0.1642928309,1.263057172,1.135536194,1.211637884,1.361393273,1.476934522,0.1497553885,0.9334542751,2.518882513,0.1929051346,0.08095950721,0.1906304955,0.1065580249,0.1526687741,0.2220098674,0.3027195036,0.0693410933,-0.03971403837,0.6529439688,136,2.294163391,2.267111785,1.815644323,2.640297322,0.1322374273,2.426400818,0.007352941176,0.03676470588
jpeg_q75,2,all,13,jpeg_periodic_grid_strength,0.09128993284,0.08140805125,false,136,0.1010835197,0.1128412023,0.06689070538,0.0001516572775,0.03252999205,0.1362256221,0.313581802,0.1036956301,0,0.8659385443,0.2943627054,0.1624414991,0.2630572021,0.1355361827,0.211637862,0.3613932952,0.4769345447,0.1497554332,0,1.518882632,0.1932791857,0.07969313452,0.190630516,0.1064363888,0.152668799,0.2220098555,0.3027195111,0.0693410565,-0.01097789407,0.652944088,136,2.374202339,2.341666618,1.875352581,2.727124064,0.1203024358,2.494504774,0.007352941176,0.03676470588
jpeg_q75,2,all,14,jpeg_artifact_score,0.1823568939,0.1616502381,false,136,0.1967827765,0.1956539863,0.1337814108,0.0003033145549,0.0650599841,0.2724512443,0.6271636039,0.2073912602,0,1,0.5640000051,0.2165285414,0.5261144042,0.2710723653,0.4232757241,0.7227865905,0.9510354251,0.2995108664,0,1,0.3672172286,0.1348206501,0.3757885937,0.1581046805,0.3026812319,0.4268482914,0.5798105337,0.1241670595,-0.02195578814,0.8051274568,136,2.271677623,2.324701764,1.87244532,2.640567044,0.08924133259,2.360918955,0,0
jpeg_q75,2,all,15,laplacian_variance,0.02784605102,0.03524024655,false,136,0.02932094835,0.03803330639,0.01514708577,0.002933170414,0.00879213959,0.03088945942,0.1144630257,0.02209731983,0.0001551782916,0.2211144865,0.02411216732,0.03453151994,0.01106340997,0.002532727667,0.006701367674,0.02390960604,0.0897702463,0.01720823837,0.0001485470129,0.1916769892,-0.005208781038,0.007925749611,-0.003497106722,-0.02134112455,-0.007362882141,-0.00130767026,-6.159209443e-05,0.006055211881,-0.0326166451,0.03108343482,136,-0.1478077354,-0.09923615932,-0.2089338998,-0.03710729599,0.04185263955,-0.1059550958,0,0
jpeg_q75,2,authentic,0,fft_high_freq_energy_ratio,0.2767552759,0.03390628361,false,68,0.2818425841,0.03914881914,0.278065607,0.2307437688,0.2583016306,0.3032359257,0.3489625752,0.04493429512,0.1503369361,0.3872631788,0.2817484204,0.03909558209,0.2780967057,0.2304104939,0.2582763061,0.3034365326,0.3492298692,0.04516022652,0.151507467,0.3869412541,-9.41637246e-05,0.0003786761743,-6.994605064e-05,-0.0008018732071,-0.0002464652061,7.884204388e-05,0.0003413170576,0.00032530725,-0.001207441092,0.001170530915,68,-0.002777176221,-0.002062922951,-0.007269012698,0.002325292998,0.1500402778,0.1472631015,0.02941176471,0.02941176471
jpeg_q75,2,authentic,1,fft_spectral_peak_count,0.001831501859,0.01340879523,false,68,0.001470588257,0.01212678143,0,0,0,0,0,0,0,0.1000000015,0.001470588257,0.01212678143,0,0,0,0,0,0,0,0.1000000015,0,0,0,0,0,0,0,0,0,0,68,0,0,0,0,-0.02691618414,-0.02691618414,0,0
jpeg_q75,2,authentic,2,fft_radial_anomaly_score,0.009890110174,0.0575219898,false,68,0.02205882397,0.08951876188,0,0,0,0,0.1950000077,0,0,0.400000006,0.027941177,0.1005144817,0,0,0,0,0.365000008,0,0,0.400000006,0.005882353029,0.04850712573,0,0,0,0,0,0,0,0.400000006,68,0.1022626834,0,0,0,0.2115489022,0.3138115855,0,0
jpeg_q75,2,authentic,3,fft_spectral_decay_slope,-1.3969114,0.1091601511,false,68,-1.383784578,0.1237658635,-1.386909127,-1.55922972,-1.462771416,-1.316817075,-1.185676634,0.1459543407,-1.800374389,-1.08317697,-1.384017939,0.1238019223,-1.387752414,-1.560624796,-1.462934285,-1.316246212,-1.185298514,0.1466880739,-1.798426747,-1.083849549,-0.0002333609497,0.0009200585654,-0.0001935362816,-0.001823103428,-0.0006342828274,0.0003310739994,0.001109814644,0.0009653568268,-0.003153800964,0.001947641373,68,-0.002137785147,-0.001772957252,-0.005810571174,0.003032919944,0.1202528771,0.1181150919,0.01470588235,0.01470588235
jpeg_q75,2,authentic,4,dct_mean_high_freq_energy,0.6155877339,0.5360504518,false,68,0.6384219779,0.58892775,0.4374671876,0.1238827191,0.2551825866,0.7540779859,1.955703193,0.4988953993,0.03648391739,3.017126799,0.3787550029,0.4503813322,0.2117658332,0.0707959827,0.1370800436,0.4144579917,1.260438824,0.2773779482,0.02165250294,2.389266014,-0.259666975,0.2140775455,-0.2071464658,-0.6566187203,-0.3616407216,-0.1147143971,-0.02708999664,0.2469263244,-0.9725717306,0.2958674431,68,-0.4844077159,-0.3864309135,-0.6746393373,-0.2139992546,0.04259719198,-0.4418105239,0.01470588235,0.01470588235
jpeg_q75,2,authentic,5,dct_ac_energy_variance,0.6260638713,0.7427319564,false,68,0.6790038138,0.892273999,0.3155802637,0.03502400741,0.1520429999,0.7672698051,2.295161009,0.6152268052,0.002016707323,4.559772015,0.4022930146,0.709694314,0.1222871952,0.009911581315,0.0636823047,0.3587335348,1.442210054,0.2950512301,0.0008286223747,3.732741594,-0.2767107992,0.3194810017,-0.18817202,-0.8672829449,-0.3648764007,-0.08886943012,-0.007554230839,0.2760069706,-1.510178566,0.7068071365,68,-0.3725580902,-0.2533511833,-0.4912625578,-0.119652089,0.07127731884,-0.3012807713,0,0
jpeg_q75,2,authentic,6,dct_anomaly_score,0.8888184044,0.1615391807,false,68,0.8925775395,0.1706067463,1,0.5262048811,0.8556690216,1,1,0.1443309784,0.3514554203,1,0.9548821256,0.1176285085,1,0.6212334156,1,1,1,0,0.5281558633,1,0.06230458617,0.09146208684,0,0,0,0.1123017073,0.2741305172,0.1123017073,-0.01778757572,0.3142520785,68,0.3856933402,0,0,0.6951979501,0.02327073226,0.4089640725,0,0
jpeg_q75,2,authentic,7,noise_global_level,0.08032378116,0.05507776625,false,68,0.08286224569,0.06039418747,0.06598769873,0.02432313627,0.04057512525,0.1051788963,0.218475987,0.06460377108,0.006162684411,0.3078919053,0.07304800787,0.05563103311,0.05631882139,0.02161490349,0.03756483644,0.08927245066,0.1921828687,0.05170761421,0.006033102516,0.2840451002,-0.009814237813,0.01054319055,-0.007334169932,-0.0307185445,-0.01423449628,-0.003064611461,0.0004852277227,0.01116988482,-0.0408835113,0.02829067409,68,-0.1781887408,-0.1331602647,-0.2584436016,-0.05564153504,0.04608873418,-0.1321000066,0.01470588235,0.01470588235
jpeg_q75,2,authentic,8,noise_max_to_min_ratio,0.4183471071,0.3420018313,false,68,0.3729480514,0.3078346378,0.2308695838,0.05260525793,0.1440739632,0.5102948099,1,0.3662208468,0.04176577926,1,0.3693822051,0.3200156709,0.2396151647,0.06165669244,0.143822372,0.5171055645,1,0.3732831925,0.03961684555,1,-0.003565846285,0.1136193486,-0.01257555932,-0.1277269572,-0.03408860415,0.00212546438,0.09531133324,0.03621406853,-0.1928354502,0.5633622706,68,-0.0104263953,-0.03677044439,-0.09967374743,0.00621477485,-0.1327450662,-0.1431714615,0,0
jpeg_q75,2,authentic,9,noise_std_of_variances,0.04492015684,0.02814383215,false,68,0.04620273525,0.03419543762,0.0346813444,0.01257682913,0.02410534257,0.05662582256,0.1173988443,0.03252047999,0.003663647687,0.1630911529,0.04110677721,0.03208344089,0.02949575521,0.01179218055,0.02065970981,0.04542879295,0.1064720966,0.02476908313,0.003530463902,0.146750778,-0.005095958032,0.005249060448,-0.004175978713,-0.014278185,-0.007917669602,-0.002099101664,0.001381313847,0.005818567937,-0.02203959227,0.009858295321,68,-0.1810683778,-0.1483798898,-0.2813287672,-0.07458478481,0.04557227309,-0.1354961047,0.01470588235,0
jpeg_q75,2,authentic,10,noise_coef_variation,0.6144639838,0.24194044,false,68,0.5938514351,0.2254591691,0.5653454363,0.211648228,0.4696943983,0.6932710558,1.008797753,0.2235766575,0.1819193065,1.198948979,0.5871174079,0.2224539345,0.5514596403,0.258913146,0.4558703601,0.6985928565,0.9398268849,0.2427224964,0.1436471939,1.304069519,-0.006734027144,0.05739798641,-0.009409248829,-0.08726855814,-0.03593602031,0.01130187511,0.06818249151,0.04723789543,-0.1401066184,0.2454818785,68,-0.02783340868,-0.03889076513,-0.1485325079,0.04671346019,-0.08519678938,-0.1130301981,0,0
jpeg_q75,2,authentic,11,noise_inconsistency_score,0.4752493619,0.2843380814,false,68,0.4527305821,0.2669001956,0.4204605967,0,0.2929258794,0.5910280645,1,0.2981021851,0,1,0.4420726906,0.2612665664,0.4019461721,0.01188418544,0.2744937912,0.5981237739,0.9197691739,0.3236299828,0,1,-0.01065789145,0.07079700186,-0.009397529066,-0.1089956582,-0.03936328739,0.006847843528,0.07404694892,0.04621113092,-0.1748611927,0.3273091465,68,-0.03748316581,-0.03305054679,-0.1384383238,0.02408345549,-0.07919719962,-0.1166803654,0,0
jpeg_q75,2,authentic,12,jpeg_boundary_difference_ratio,1.089415697,0.08408517691,false,68,1.107446561,0.1305798637,1.071897924,1.002334964,1.036235839,1.140135974,1.311442232,0.1039001346,0.9731683135,1.865938544,1.301868051,0.1884112676,1.264591634,1.141270977,1.213113457,1.362814903,1.500391155,0.1497014463,0.9334542751,2.518882513,0.1944214903,0.08947230718,0.1918208599,0.1035368025,0.1536492407,0.2232640386,0.303092593,0.06961479783,-0.03971403837,0.6529439688,68,2.312196959,2.281268435,1.827304721,2.655212806,0.2144357016,2.52663266,0.01470588235,0.04411764706
jpeg_q75,2,authentic,13,jpeg_periodic_grid_strength,0.09128993284,0.08140805125,false,68,0.1079567161,0.1301076909,0.07189789787,0.002334995766,0.03623584379,0.1401359625,0.3114422217,0.1039001187,0,0.8659385443,0.3028466674,0.1866335945,0.2645916194,0.1412709527,0.2131134942,0.3628149033,0.5003911272,0.149701409,0,1.518882632,0.1948899514,0.08808635495,0.1918208692,0.1032205716,0.1536492384,0.2232639752,0.3030925121,0.06961473683,-0.01097789407,0.652944088,68,2.393988658,2.356288675,1.887396099,2.742529416,0.2047313867,2.598720044,0.01470588235,0.04411764706
jpeg_q75,2,authentic,14,jpeg_artifact_score,0.1823568939,0.1616502381,false,68,0.2051505337,0.2060819946,0.1437957957,0.004669991531,0.07247168757,0.280271925,0.6228844434,0.2078002375,0,1,0.5719187065,0.220763959,0.5291832387,0.2825419053,0.4262269884,0.7256298065,0.977149865,0.2994028181,0,1,0.3667681727,0.1397012695,0.3814525865,0.102294296,0.3048076103,0.4254108369,0.5653746039,0.1206032266,-0.02195578814,0.8019169569,68,2.268899675,2.359740332,1.885599514,2.631674669,0.1410059159,2.409905591,0,0
jpeg_q75,2,authentic,15,laplacian_variance,0.02784605102,0.03524024655,false,68,0.02987835999,0.03896735475,0.01514708577,0.002920347161,0.008375941659,0.03212670982,0.1151369814,0.02375076816,0.0001551782916,0.2211144865,0.02440312487,0.03525160936,0.01100269333,0.002643353713,0.007006383035,0.02362895617,0.08979793116,0.01662257314,0.0001485470129,0.1916769892,-0.005475235117,0.00833200579,-0.003836172633,-0.02090070099,-0.007400407922,-0.001310619293,-3.227965935e-05,0.006089788629,-0.0326166451,0.03108343482,68,-0.1553688085,-0.1088577126,-0.2099987555,-0.03719097966,0.05767011214,-0.09769869633,0,0
jpeg_q75,2,ai_edited,0,fft_high_freq_energy_ratio,0.2767552759,0.03390628361,false,68,0.2836764922,0.03676111686,0.2802170664,0.2307629533,0.2631917968,0.3041585684,0.3415075526,0.04096677154,0.1927021295,0.390927285,0.2835608243,0.03671628833,0.2801059037,0.2305757992,0.263048552,0.3042540327,0.3417140901,0.04120548069,0.1933218241,0.390623033,-0.0001156678533,0.000423248611,-7.789582014e-05,-0.0008903682232,-0.0002312883735,5.619227886e-05,0.0004308447242,0.0002874806523,-0.002236247063,0.0007576942444,68,-0.003411398743,-0.002297385966,-0.006821401487,0.001657282158,0.2041278346,0.2007164358,0.02941176471,0.02941176471
jpeg_q75,2,ai_edited,1,fft_spectral_peak_count,0.001831501859,0.01340879523,false,68,0,0,0,0,0,0,0,0,0,0,0,0,0,0,0,0,0,0,0,0,0,0,0,0,0,0,0,0,0,0,68,0,0,0,0,-0.1365895912,-0.1365895912,0,0
jpeg_q75,2,ai_edited,2,fft_radial_anomaly_score,0.009890110174,0.0575219898,false,68,0.01764705909,0.0827533237,0,0,0,0,0,0,0,0.400000006,0.01764705909,0.0827533237,0,0,0,0,0,0,0,0.400000006,0,0,0,0,0,0,0,0,0,0,68,0,0,0,0,0.1348518878,0.1348518878,0,0
jpeg_q75,2,ai_edited,3,fft_spectral_decay_slope,-1.3969114,0.1091601511,false,68,-1.373902635,0.1172529122,-1.383838713,-1.557281238,-1.440398455,-1.305307359,-1.198805016,0.1350910962,-1.653275132,-1.039516687,-1.374236927,0.1171549269,-1.384043813,-1.556868237,-1.440981776,-1.305817217,-1.199009418,0.1351645589,-1.650407314,-1.03952539,-0.0003342926502,0.001068066055,-0.0002174377441,-0.001902198792,-0.000706166029,0.0002048611641,0.0008126080036,0.0009110271931,-0.005532622337,0.002867817879,68,-0.003062405528,-0.001991915016,-0.006469082552,0.001876702826,0.2107798997,0.2077174941,0.02941176471,0.02941176471
jpeg_q75,2,ai_edited,4,dct_mean_high_freq_energy,0.6155877339,0.5360504518,false,68,0.6413119721,0.5700621297,0.4502046108,0.1405274406,0.2687817067,0.7648668289,1.962032241,0.4960851222,0.07285682112,2.955441713,0.3754866549,0.4360945426,0.2174051926,0.0749203302,0.1384339184,0.4154365733,1.246591747,0.277002655,0.03280381486,2.310471535,-0.2658253172,0.2006052453,-0.2310930565,-0.656281063,-0.3586919904,-0.1236691289,-0.04927908964,0.2350228615,-0.9113467932,0.1953613758,68,-0.495896079,-0.4311031839,-0.6691384909,-0.2307042713,0.04798846485,-0.4479076141,0,0.01470588235
jpeg_q75,2,ai_edited,5,dct_ac_energy_variance,0.6260638713,0.7427319564,false,68,0.6574720921,0.8576738481,0.3129613101,0.04753812384,0.161751397,0.732687369,2.21009711,0.570935972,0.02768284827,4.460515976,0.3949736743,0.6928100146,0.1261331663,0.01461461261,0.06460772268,0.3400499895,1.411917585,0.2754422668,0.00562758185,3.679550886,-0.2624984177,0.3108084356,-0.1764183454,-0.833657068,-0.3524482585,-0.08853003988,-0.02451181109,0.2639182187,-1.464542866,0.851600647,68,-0.3534228135,-0.2375262622,-0.4745295467,-0.1191951405,0.04228742348,-0.3111353901,0,0
jpeg_q75,2,ai_edited,6,dct_anomaly_score,0.8888184044,0.1615391807,false,68,0.8818806405,0.1741145266,1,0.5235244036,0.7972424179,1,1,0.2027575821,0.347407639,1,0.9570402012,0.114132978,1,0.6472102135,1,1,1,0,0.5306334496,1,0.07515956067,0.09837717633,0,0,0,0.1433058232,0.2703792334,0.1433058232,0,0.3282876611,68,0.4652713995,0,0,0.8871273372,-0.04294787107,0.4223235284,0,0
jpeg_q75,2,ai_edited,7,noise_global_level,0.08032378116,0.05507776625,false,68,0.08157907374,0.05833762657,0.06492707133,0.02548312051,0.04138899781,0.09872991592,0.2188048109,0.05734091811,0.009654868394,0.3000894189,0.07248709745,0.05410926223,0.05666989833,0.02290971102,0.03872808255,0.0852163136,0.1909572221,0.04648823105,0.008976692334,0.2789743245,-0.00909197629,0.009528805654,-0.006936786696,-0.02771513499,-0.01333789527,-0.002805047203,-0.000115407072,0.01053284807,-0.03476595879,0.0249286443,68,-0.1650752547,-0.1259453164,-0.2421647823,-0.05092884831,0.02279127624,-0.1422839784,0,0
jpeg_q75,2,ai_edited,8,noise_max_to_min_ratio,0.4183471071,0.3420018313,false,68,0.376408668,0.3057344866,0.2427220568,0.05510749351,0.1442288384,0.5326346755,1,0.3884058371,0.04176577926,1,0.3757585365,0.3172870984,0.2589199543,0.06247287393,0.1444262937,0.5503750592,1,0.4059487656,0.03961293027,1,-0.0006501314175,0.1122458818,-0.009135633707,-0.1277269572,-0.03285330907,0.006059136242,0.09683214575,0.03891244531,-0.1928354502,0.5633622706,68,-0.001900958878,-0.02671223623,-0.09606179283,0.01771667777,-0.1226263584,-0.1245273173,0,0
jpeg_q75,2,ai_edited,9,noise_std_of_variances,0.04492015684,0.02814383215,false,68,0.04580897887,0.03352840983,0.0346801728,0.01515695807,0.02357894089,0.05367177166,0.1132531788,0.03009283077,0.009926590137,0.1605671644,0.04114973987,0.03143275865,0.02996693645,0.01160924789,0.02156843152,0.0446726745,0.1045038637,0.02310424298,0.00743397465,0.1480662376,-0.004659239004,0.005082365026,-0.00431217812,-0.01338347048,-0.006437386386,-0.001969618257,0.001538146054,0.004467768129,-0.02011990547,0.01226758957,68,-0.1655509804,-0.153219295,-0.2287316934,-0.06998401095,0.03158141456,-0.1339695658,0,0
jpeg_q75,2,ai_edited,10,noise_coef_variation,0.6144639838,0.24194044,false,68,0.6043334761,0.2354989007,0.572545737,0.24131874,0.4558931068,0.7184180915,1.082028264,0.2625249848,0.1857114881,1.202168822,0.6013285711,0.2311953499,0.5556677282,0.2517851278,0.4396974891,0.722216621,1.04007391,0.2825191319,0.1467450559,1.300126672,-0.003004905056,0.05419704928,-0.008057206869,-0.07111110687,-0.03622561693,0.01575639844,0.08478852212,0.05198201537,-0.1184266806,0.2372751534,68,-0.0124200198,-0.03330243951,-0.1497294827,0.06512511276,-0.04187190721,-0.05429192701,0,0
jpeg_q75,2,ai_edited,11,noise_inconsistency_score,0.4752493619,0.2843380814,false,68,0.4638582989,0.2793214727,0.4300609827,0.02003316749,0.2745241523,0.6245574355,1,0.3500332832,0,1,0.4601719585,0.2726926877,0.4075570107,0.01089586345,0.252929993,0.6296221167,0.9807716519,0.3766921237,0,1,-0.003686340444,0.06727549769,-0.003485582769,-0.09031752646,-0.03499626741,0.00956492126,0.08641174585,0.04456118867,-0.1579022408,0.3163668364,68,-0.01296463852,-0.01225858581,-0.1230797761,0.03363925511,-0.04006168618,-0.0530263247,0,0
jpeg_q75,2,ai_edited,12,jpeg_boundary_difference_ratio,1.089415697,0.08408517691,false,68,1.093623248,0.09358537071,1.063393056,0.9998538017,1.027195573,1.13437441,1.305681551,0.1071788371,0.9704236984,1.500191331,1.285012027,0.136909267,1.262168288,1.138666338,1.211637884,1.354208589,1.459573513,0.1425707042,0.9410632253,1.967819452,0.1913887788,0.07208848763,0.1878942847,0.1093846083,0.1520005167,0.2220098674,0.3014606297,0.07000935078,-0.02936047316,0.4676281214,68,2.276129823,2.234570844,1.807696936,2.640297322,0.05003915301,2.326168976,0,0.02941176471
jpeg_q75,2,ai_edited,13,jpeg_periodic_grid_strength,0.09128993284,0.08140805125,false,68,0.09421032334,0.09291080477,0.06339309365,7.077339615e-05,0.02719561057,0.1343744472,0.3056815594,0.1071788366,0,0.5001913309,0.2858787433,0.1348707465,0.2621682733,0.1386663511,0.211637862,0.3542085737,0.4595734641,0.1425707117,0,0.9678194523,0.19166842,0.07093877535,0.1878942968,0.1093845944,0.152000498,0.2220098555,0.3014606379,0.07000935752,0,0.4676281214,68,2.354416019,2.308055456,1.867143307,2.727124064,0.03587348503,2.390289504,0,0.02941176471
jpeg_q75,2,ai_edited,14,jpeg_artifact_score,0.1823568939,0.1616502381,false,68,0.1884150193,0.1857966574,0.1267861873,0.0001415467923,0.05439122114,0.2687488943,0.6113631189,0.2143576732,0,1,0.5560813038,0.2135532245,0.5243365467,0.2773327023,0.4232757241,0.7084171474,0.9191469282,0.2851414233,0,1,0.3676662845,0.1307962308,0.3709744271,0.1987864439,0.3015750498,0.4277896797,0.582138706,0.12621463,0,0.8051274568,68,2.27445557,2.294920387,1.865602261,2.646390656,0.03747674927,2.311932319,0,0
jpeg_q75,2,ai_edited,15,laplacian_variance,0.02784605102,0.03524024655,false,68,0.02876353672,0.03735732055,0.01502119517,0.003408925352,0.00885904883,0.03057757718,0.1083497912,0.02171852835,0.0006821614807,0.2125537097,0.02382120976,0.03405585614,0.0116573777,0.002760940802,0.006617895793,0.02394068241,0.08526262045,0.01732278662,0.0006001429865,0.1859421879,-0.004942326958,0.007550241927,-0.003367491066,-0.01996817775,-0.007207497954,-0.001279426622,-8.07045988e-05,0.005928071332,-0.02695941925,0.0286269784,68,-0.1402466623,-0.09555810176,-0.2045246177,-0.03630583629,0.02603516695,-0.1142114953,0,0
jpeg_q75,3,all,0,fft_high_freq_energy_ratio,0.2770639687,0.03598589593,false,136,0.2815202273,0.02928097965,0.2798248529,0.2368883081,0.2636265829,0.3019885123,0.3297664821,0.03836192936,0.1939708143,0.3533691168,0.2814899316,0.02927103474,0.2798202336,0.2370043397,0.2637561634,0.3014883548,0.3297067806,0.03773219138,0.1942085922,0.3526022434,-3.029570422e-05,0.0002848963924,-5.110353231e-05,-0.000448834151,-0.0001822374761,0.0001182034612,0.0003296881914,0.0003004409373,-0.0007668733597,0.001320540905,136,-0.0008418771699,-0.00142009893,-0.005064136141,0.003284716363,0.1238334761,0.1229915989,0,0
jpeg_q75,3,all,1,fft_spectral_peak_count,0.001465201487,0.01201554558,false,136,0.002205882386,0.01474178646,0,0,0,0,0,0,0,0.1000000015,0.002205882386,0.01474178646,0,0,0,0,0,0,0,0.1000000015,0,0,0,0,0,0,0,0,0,0,136,0,0,0,0,0.06164355119,0.06164355119,0,0
jpeg_q75,3,all,2,fft_radial_anomaly_score,0.01245421275,0.06623456294,false,136,0.009558823836,0.05561598191,0,0,0,0,0,0,0,0.400000006,0.009558823836,0.05561598191,0,0,0,0,0,0,0,0.400000006,0,0,0,0,0,0,0,0,0,0,136,0,0,0,0,-0.04371416953,-0.04371416953,0,0
jpeg_q75,3,all,3,fft_spectral_decay_slope,-1.396382714,0.1146397732,false,136,-1.380966125,0.09778443748,-1.368546486,-1.544825912,-1.433422506,-1.323596537,-1.236613393,0.1098259687,-1.727806091,-1.145753503,-1.38101028,0.09780858461,-1.368737817,-1.544521302,-1.43266046,-1.323309064,-1.236343741,0.1093513966,-1.727627635,-1.145504475,-4.415477023e-05,0.0006853791377,-5.382299423e-05,-0.001245975494,-0.0003899931908,0.0002772808075,0.001141667366,0.0006672739983,-0.0020788908,0.0023188591,136,-0.0003851610048,-0.0004694966916,-0.003401901277,0.002418713853,0.1344785389,0.1340933779,0,0
jpeg_q75,3,all,4,dct_mean_high_freq_energy,0.6292782821,0.5635890252,false,136,0.5849034503,0.4580706157,0.4920225739,0.1249861922,0.2332047597,0.7661382556,1.350411505,0.5329334959,0.05247817934,2.947056532,0.3232852144,0.2971109292,0.2391105741,0.07290133648,0.1255056597,0.4202416763,0.8401468396,0.2947360165,0.03150604293,1.965394139,-0.2616182359,0.193987993,-0.2480181456,-0.6152696162,-0.3835554793,-0.1002511233,-0.03080488462,0.283304356,-0.9816623926,0.1578561664,136,-0.4642003734,-0.4400691541,-0.6805588154,-0.1778798359,-0.07873615323,-0.5429365267,0,0.01470588235
jpeg_q75,3,all,5,dct_ac_energy_variance,0.6612464179,0.8145449238,false,136,0.5269903759,0.5430640046,0.3512299061,0.03601752687,0.1217378397,0.8404435813,1.280292571,0.7187057417,0.006817433983,3.392128229,0.2724013654,0.3846955802,0.1499525607,0.01282086852,0.05110397283,0.3876723647,0.7773275077,0.3365683919,0.001676332788,2.797522545,-0.2545890104,0.2265555801,-0.1884416379,-0.6667890176,-0.4431392848,-0.06862722896,-0.01074366114,0.3745120559,-0.9312241077,0.1993691921,136,-0.3125536763,-0.2313459116,-0.5440329587,-0.08425223331,-0.1648233734,-0.4773770497,0,0
jpeg_q75,3,all,6,dct_anomaly_score,0.889356059,0.1661459289,false,136,0.8850705652,0.1529767363,0.9981177449,0.5990535021,0.766791746,1,1,0.233208254,0.4475267231,1,0.9595636217,0.08444648702,1,0.7480161637,0.9946915656,1,1,0.005308434367,0.6807772517,1,0.07449305649,0.09853920269,0,0,0,0.1551872492,0.2690258622,0.1551872492,-0.03809046745,0.3093031645,136,0.4483592045,0,0,0.9340418405,-0.02579355267,0.4225656518,0,0
jpeg_q75,3,all,7,noise_global_level,0.08145926638,0.05773810375,false,136,0.0776620205,0.0477188607,0.06811753288,0.02355681453,0.03972288966,0.09635535628,0.1567692123,0.05663246661,0.008498129435,0.3005185127,0.06834130745,0.041428442,0.05589072965,0.02361479774,0.03895015735,0.08672720008,0.1382201277,0.04777704272,0.008735296316,0.260145396,-0.009320713046,0.009988202835,-0.007492139935,-0.02840987779,-0.01584995911,-0.002255175263,0.0005608580541,0.01359478384,-0.04037311673,0.02016961575,136,-0.1614308826,-0.129760755,-0.2745147152,-0.03905869982,-0.0657667232,-0.2271976058,0,0
jpeg_q75,3,all,8,noise_max_to_min_ratio,0.4198563956,0.3432569591,false,136,0.3686190101,0.2989411518,0.2614229023,0.07979653776,0.1244912632,0.5089045316,1,0.3844132684,0.03719126061,1,0.3437680277,0.2805542536,0.2464841083,0.0752839148,0.1240914091,0.486017108,1,0.3619256988,0.03904663771,1,-0.02485098241,0.06419877605,-0.01415702701,-0.1385334432,-0.05049231276,0,0.06296316534,0.05049231276,-0.3361099958,0.1625925899,136,-0.07239760695,-0.04124323377,-0.1470977104,0,-0.1492683081,-0.221665915,0,0
jpeg_q75,3,all,9,noise_std_of_variances,0.04548419132,0.03027924304,false,136,0.04374142453,0.02514384662,0.03729434498,0.01211746526,0.02433698578,0.06439554319,0.088554129,0.04005855741,0.007698957808,0.1245050952,0.03824294323,0.02205269951,0.03315624595,0.01119704405,0.02115997672,0.05166132189,0.07642514445,0.03050134517,0.007217115723,0.1177366599,-0.005498481305,0.005274683633,-0.004474731628,-0.01508070156,-0.008399101906,-0.001606444595,0.0002622993197,0.00679265731,-0.01856401563,0.009414706379,136,-0.1815924294,-0.1477821497,-0.2773881069,-0.05305431821,-0.05755648451,-0.2391489139,0,0
jpeg_q75,3,all,10,noise_coef_variation,0.6137265787,0.2479366501,false,136,0.6020529202,0.2024358371,0.597428441,0.3081655577,0.4407893196,0.7282086015,0.9515992999,0.2874192819,0.1544704735,1.140060663,0.5900234443,0.1982042831,0.5890550017,0.3042424396,0.4289867356,0.7220848203,0.965479821,0.2930980846,0.144524768,1.120514393,-0.01202947592,0.03408694074,-0.0116340965,-0.06533297896,-0.03434175253,0.01145657152,0.04558573663,0.04579832405,-0.09371459484,0.06742364168,136,-0.04851834495,-0.04692366578,-0.1385101901,0.04620765633,-0.04708323043,-0.09560157538,0,0
jpeg_q75,3,all,11,noise_inconsistency_score,0.472709908,0.2872541289,false,136,0.468489601,0.2599667847,0.4632379413,0.07755407505,0.2543857545,0.6376114935,0.9354657233,0.383225739,0,1,0.4541537711,0.2570456234,0.4520733505,0.07232324593,0.2386489697,0.6294464469,0.9539730996,0.3907974772,0,1,-0.01433582996,0.0446146059,-0.01452197134,-0.08121193573,-0.04491863027,0.01527542993,0.06078100204,0.06019406021,-0.1249527335,0.08989828825,136,-0.04990643654,-0.05055443902,-0.1563724443,0.05317740772,-0.0146918931,-0.06459832964,0,0
jpeg_q75,3,all,12,jpeg_boundary_difference_ratio,1.093948336,0.09273773244,false,136,1.082337692,0.08161071092,1.060392857,0.9912209213,1.026367247,1.118151486,1.222925007,0.09178423882,0.9520630836,1.365483165,1.268849191,0.1029186532,1.260257602,1.126162916,1.200221241,1.323768884,1.419812977,0.1235476434,1.042960882,1.679206014,0.186511499,0.06220812918,0.18946594,0.09625703096,0.1588401794,0.2166407704,0.2764123976,0.05780059099,-0.06063294411,0.3383792639,136,2.011171657,2.043029682,1.712789123,2.336058525,-0.1251987007,1.885972957,0,0
jpeg_q75,3,all,13,jpeg_periodic_grid_strength,0.09553520438,0.09058293146,false,136,0.08404000305,0.07950975276,0.06039283425,0,0.02636727365,0.1181514598,0.2229249701,0.0917841862,0,0.3654832244,0.2688491879,0.1029186548,0.2602576017,0.1261629313,0.2002212033,0.323768869,0.4198129997,0.1235476658,0.04296090826,0.6792060733,0.1848091849,0.06268420991,0.1894659591,0.09625703376,0.1535458295,0.2166407593,0.2764124055,0.06309492979,-0.06063291058,0.338379316,136,2.040220844,2.091629803,1.695085674,2.391628928,-0.1269025096,1.913318335,0,0
jpeg_q75,3,all,14,jpeg_artifact_score,0.1895063019,0.1711530738,false,136,0.1680800061,0.1590195055,0.1207856685,0,0.05273454729,0.2363029197,0.4458499402,0.1835683724,0,0.7309664488,0.5316494353,0.1869423877,0.5205152035,0.2523258626,0.4004424065,0.6475377381,0.8396259993,0.2470953315,0.08592181653,1,0.3635694292,0.1217753873,0.3726445436,0.1925140675,0.3001301996,0.4296732824,0.5454553608,0.1295430828,-0.1212658212,0.6767586321,136,2.124235465,2.177258845,1.753577619,2.510461968,-0.1251879111,1.999047554,0,0
jpeg_q75,3,all,15,laplacian_variance,0.02918492153,0.0375752336,false,136,0.02394577704,0.02717534999,0.01534168934,0.00259178417,0.007541473606,0.0335185295,0.05879470799,0.02597705589,0.0007509294082,0.1964241564,0.01889678273,0.02187683877,0.01333018672,0.002313377161,0.005888126441,0.02522847289,0.05476601515,0.01934034645,0.0007001673803,0.1562321037,-0.005048994312,0.006728135128,-0.003247716464,-0.01677301619,-0.007684619632,-0.0008479309035,-5.032410263e-05,0.006836688728,-0.04019205272,0.01285898313,136,-0.1343702708,-0.08643236923,-0.2045128904,-0.02256621776,-0.1394307895,-0.2738010603,0,0
jpeg_q75,3,authentic,0,fft_high_freq_energy_ratio,0.2770639687,0.03598589593,false,68,0.2802247753,0.02958164251,0.2775896192,0.236006666,0.263284862,0.3020432144,0.3289889097,0.0387583524,0.1939708143,0.3368470669,0.2801980427,0.02956959234,0.2775450498,0.236175406,0.263171576,0.3017124683,0.3288687319,0.0385408923,0.1942085922,0.3365536928,-2.673268318e-05,0.0002844638081,-5.661696196e-05,-0.0004581980407,-0.0001822374761,0.0001034960151,0.0003448843956,0.0002857334912,-0.000623613596,0.001228868961,68,-0.0007428655726,-0.001573309779,-0.005064136141,0.002876016073,0.08783459599,0.08709173042,0,0
jpeg_q75,3,authentic,1,fft_spectral_peak_count,0.001465201487,0.01201554558,false,68,0.002941176514,0.0170213936,0,0,0,0,0,0,0,0.1000000015,0.002941176514,0.0170213936,0,0,0,0,0,0,0,0.1000000015,0,0,0,0,0,0,0,0,0,0,68,0,0,0,0,0.1228387856,0.1228387856,0,0
jpeg_q75,3,authentic,2,fft_radial_anomaly_score,0.01245421275,0.06623456294,false,68,0.008823529762,0.05106418207,0,0,0,0,0,0,0,0.3000000119,0.008823529762,0.05106418207,0,0,0,0,0,0,0,0.3000000119,0,0,0,0,0,0,0,0,0,0,68,0,0,0,0,-0.05481553475,-0.05481553475,0,0
jpeg_q75,3,authentic,3,fft_spectral_decay_slope,-1.396382714,0.1146397732,false,68,-1.386156375,0.1002783463,-1.373494685,-1.551214135,-1.43973875,-1.325330079,-1.24484846,0.1144086719,-1.727806091,-1.145753503,-1.38617065,0.1002954484,-1.373662829,-1.551075691,-1.439682513,-1.325725913,-1.244810742,0.1139566004,-1.727627635,-1.145504475,-1.427531242e-05,0.0006900502911,-4.959106445e-05,-0.0009667992592,-0.0003748834133,0.0002850592136,0.001158833504,0.000659942627,-0.001909136772,0.002250552177,68,-0.0001245232089,-0.0004325816693,-0.003270099049,0.002486564704,0.08920411445,0.08907959125,0,0
jpeg_q75,3,authentic,4,dct_mean_high_freq_energy,0.6292782821,0.5635890252,false,68,0.5773162136,0.4635349999,0.4883050323,0.1221976575,0.220300857,0.7608941793,1.347974223,0.5405933224,0.05247817934,2.947056532,0.3189359559,0.2996327266,0.2391105741,0.07415882871,0.1232808735,0.3960005566,0.7940377891,0.2727196831,0.03150604293,1.965394139,-0.2583802577,0.1988416569,-0.2479324937,-0.612677145,-0.3808319792,-0.09038570896,-0.02365591135,0.2904462703,-0.9816623926,0.1578561664,68,-0.4584550909,-0.4399171783,-0.6757263932,-0.1603752112,-0.09219851027,-0.5506536011,0,0.01470588235
jpeg_q75,3,authentic,5,dct_ac_energy_variance,0.6612464179,0.8145449238,false,68,0.5240311355,0.5538703296,0.3292368203,0.03536250908,0.1004689299,0.84002994,1.278597277,0.7395610102,0.006817433983,3.392128229,0.2656023053,0.3881427524,0.1462036893,0.01251980807,0.04118859582,0.3837342858,0.781089133,0.34254569,0.001676332788,2.797522545,-0.2584288303,0.2366835873,-0.1938548684,-0.6754454598,-0.457528457,-0.06513257092,-0.01033310661,0.3923958861,-0.9312241077,0.1993691921,68,-0.3172677439,-0.237991623,-0.5616982486,-0.07996191373,-0.1684563717,-0.4857241156,0,0
jpeg_q75,3,authentic,6,dct_anomaly_score,0.889356059,0.1661459289,false,68,0.8861795681,0.1510468274,0.9964952171,0.6086750209,0.7715208828,1,1,0.2284791172,0.453714937,1,0.9595916964,0.08482643233,1,0.7552922517,0.9840918332,1,1,0.01590816677,0.6807772517,1,0.07341212823,0.09639724136,0,0,0,0.1530421227,0.2454873532,0.1530421227,-0.0377650857,0.2924141586,68,0.4418533077,0,0,0.9211307419,-0.01911867996,0.4227346277,0,0
jpeg_q75,3,authentic,7,noise_global_level,0.08145926638,0.05773810375,false,68,0.07773085362,0.04853446933,0.06774162129,0.02424513912,0.03916308936,0.09999490902,0.156540788,0.06083181966,0.008498129435,0.3005185127,0.06795672207,0.04183032361,0.0559352506,0.02402745746,0.03817344271,0.08597383834,0.1329168305,0.04780039564,0.008735296316,0.260145396,-0.00977413155,0.01045241679,-0.008428124711,-0.02863595858,-0.01618282124,-0.002377862576,0.0004063685425,0.01380495867,-0.04037311673,0.02016961575,68,-0.1692839029,-0.145971623,-0.2802797493,-0.04118359319,-0.06457456212,-0.233858465,0,0
jpeg_q75,3,authentic,8,noise_max_to_min_ratio,0.4198563956,0.3432569591,false,68,0.3641783925,0.2954842022,0.2533352673,0.08042030744,0.1287994534,0.5065153539,1,0.3777159005,0.03719126061,1,0.3380145277,0.2763406486,0.2464841083,0.07633013576,0.1309414022,0.4737584591,0.9882962525,0.3428170569,0.03904663771,1,-0.02616386483,0.06224159414,-0.01560219005,-0.1345934018,-0.05049231276,0,0.05435608774,0.05049231276,-0.3069716096,0.1625925899,68,-0.07622238715,-0.04545338305,-0.1470977104,0,-0.1622050234,-0.2384274106,0,0
jpeg_q75,3,authentic,9,noise_std_of_variances,0.04548419132,0.03027924304,false,68,0.04356616948,0.02540781963,0.03764902055,0.01210393175,0.02447021659,0.05869416427,0.0898496598,0.03422394767,0.007698957808,0.1207790449,0.03784295739,0.0223040264,0.03267533518,0.01072019702,0.02054597344,0.05152415205,0.07812747993,0.03097817861,0.007217115723,0.1163474843,-0.005723212092,0.005329373021,-0.004691278562,-0.01548831984,-0.008421350271,-0.002224807162,0.000105600711,0.006196543109,-0.01856401563,0.009414706379,68,-0.1890143715,-0.1549338124,-0.2781228797,-0.07347631375,-0.0633444448,-0.2523588163,0,0
jpeg_q75,3,authentic,10,noise_coef_variation,0.6137265787,0.2479366501,false,68,0.5981716724,0.197276098,0.597428441,0.3099574596,0.4423480853,0.7228698879,0.9137503356,0.2805218026,0.1544704735,1.062339783,0.5842805134,0.1921188586,0.5899791121,0.3056208804,0.4238822833,0.7156632096,0.8967940062,0.2917809263,0.144524768,0.9959517121,-0.01389115895,0.03517134405,-0.01544165611,-0.06636128426,-0.03654167056,0.01012807339,0.04496122003,0.04666974396,-0.09044492245,0.06657987833,68,-0.05602704944,-0.06228065155,-0.1473830938,0.04084944033,-0.06273742202,-0.1187644715,0,0
jpeg_q75,3,authentic,11,noise_inconsistency_score,0.472709908,0.2872541289,false,68,0.464879679,0.2564121435,0.4632379413,0.07994327508,0.2564641088,0.630493179,0.8850004673,0.3740290701,0,1,0.4477754895,0.2518859778,0.4533054978,0.0741611667,0.2318430357,0.6208843142,0.8623920143,0.3890412785,0,0.994602263,-0.01710418951,0.04616564451,-0.01981883124,-0.08559664711,-0.04647583142,0.0135040395,0.05994829834,0.05997987092,-0.1205933094,0.08877319098,68,-0.05954375513,-0.06899406915,-0.1617934321,0.04701077595,-0.02725889098,-0.08680264611,0,0
jpeg_q75,3,authentic,12,jpeg_boundary_difference_ratio,1.093948336,0.09273773244,false,68,1.086161798,0.08560502869,1.062512159,0.9901258528,1.030339122,1.12294969,1.226612198,0.09261056781,0.9602760077,1.365275621,1.274623105,0.108125631,1.261603773,1.132323039,1.201734334,1.325561851,1.421239388,0.123827517,1.042960882,1.679206014,0.1884613063,0.06436980364,0.1915110946,0.1014271736,0.1588401794,0.2192423642,0.2818647921,0.06040218472,-0.06063294411,0.3383792639,68,2.032196619,2.065082783,1.712789123,2.364111763,-0.0839629929,1.948233626,0,0
jpeg_q75,3,authentic,13,jpeg_periodic_grid_strength,0.09553520438,0.09058293146,false,68,0.08785988211,0.08355739431,0.0625121668,0,0.03033912973,0.1229496785,0.226612173,0.09261054872,0,0.3652756512,0.2746230999,0.1081256403,0.2616037577,0.1323230378,0.2017343529,0.3255618215,0.4212393984,0.1238274686,0.04296090826,0.6792060733,0.1867632178,0.06476939223,0.1915110424,0.1011919975,0.1575299455,0.2192423185,0.2818647352,0.06171237305,-0.06063291058,0.338379316,68,2.0617926,2.11420672,1.739068751,2.420349121,-0.08473254451,1.977060056,0,0
jpeg_q75,3,authentic,14,jpeg_artifact_score,0.1895063019,0.1711530738,false,68,0.1757197642,0.1671147886,0.1250243336,0,0.06067825947,0.2458993569,0.453224346,0.1852210974,0,0.7305513024,0.5406555751,0.1901359132,0.5232075155,0.2646460757,0.4034687057,0.6511236429,0.8424787968,0.2476549372,0.08592181653,1,0.3649358109,0.1243002084,0.3776593897,0.2023839951,0.3079115245,0.4325921237,0.5457508478,0.1246805992,-0.1212658212,0.6767586321,68,2.132218855,2.206559201,1.799041745,2.52751595,-0.08055092064,2.051667934,0,0
jpeg_q75,3,authentic,15,laplacian_variance,0.02918492153,0.0375752336,false,68,0.02403727478,0.0277269892,0.01534168934,0.002676711767,0.007541473606,0.03309382405,0.05826079007,0.02555235045,0.0007509294082,0.1964241564,0.01871153591,0.02213616072,0.01311213104,0.002305179008,0.005792617449,0.02531329123,0.04944166262,0.01952067378,0.0007001673803,0.1562321037,-0.005325738879,0.007037468255,-0.003494744655,-0.01703335866,-0.007980011404,-0.001005268481,-9.884381725e-05,0.006974742922,-0.04019205272,0.01285898313,68,-0.1417353498,-0.09300659824,-0.2123742327,-0.02675348587,-0.136995735,-0.2787310848,0,0
jpeg_q75,3,ai_edited,0,fft_high_freq_energy_ratio,0.2770639687,0.03598589593,false,68,0.2828156793,0.02913877368,0.2821039855,0.2395771317,0.2655462772,0.3016602769,0.3286440969,0.03611399978,0.2022096664,0.3533691168,0.2827818205,0.02913119198,0.2820242643,0.2397718295,0.265564397,0.3014013618,0.3287564889,0.03583696485,0.2019159645,0.3526022434,-3.385872525e-05,0.0002873985275,-4.927814007e-05,-0.0004071816802,-0.0001790374517,0.0001219436526,0.0003033161163,0.0003009811044,-0.0007668733597,0.001320540905,68,-0.0009408887672,-0.001369373717,-0.004975211736,0.003388651289,0.1598323561,0.1588914673,0,0
jpeg_q75,3,ai_edited,1,fft_spectral_peak_count,0.001465201487,0.01201554558,false,68,0.001470588257,0.01212678143,0,0,0,0,0,0,0,0.1000000015,0.001470588257,0.01212678143,0,0,0,0,0,0,0,0.1000000015,0,0,0,0,0,0,0,0,0,0,68,0,0,0,0,0.0004483167359,0.0004483167359,0,0
jpeg_q75,3,ai_edited,2,fft_radial_anomaly_score,0.01245421275,0.06623456294,false,68,0.01029411791,0.06019794825,0,0,0,0,0,0,0,0.400000006,0.01029411791,0.06019794825,0,0,0,0,0,0,0,0.400000006,0,0,0,0,0,0,0,0,0,0,68,0,0,0,0,-0.0326128043,-0.0326128043,0,0
jpeg_q75,3,ai_edited,3,fft_spectral_decay_slope,-1.396382714,0.1146397732,false,68,-1.375775875,0.09568634979,-1.368546486,-1.531256497,-1.422361106,-1.318440676,-1.238985956,0.1039204299,-1.680384636,-1.146538377,-1.37584991,0.09572142706,-1.368737817,-1.530838972,-1.421447545,-1.318262935,-1.238746697,0.1031846106,-1.681908488,-1.146273017,-7.403422804e-05,0.0006844841993,-7.963180542e-05,-0.001257610321,-0.0004803538322,0.0002491772175,0.0008968293667,0.0007295310497,-0.0020788908,0.0023188591,68,-0.0006457988008,-0.0006946263343,-0.004190114991,0.002173566909,0.1797529634,0.1791071646,0,0
jpeg_q75,3,ai_edited,4,dct_mean_high_freq_energy,0.6292782821,0.5635890252,false,68,0.592490687,0.4558591915,0.5053685457,0.1338216439,0.2424968779,0.7700662464,1.331547052,0.5275693685,0.0634676218,2.882460594,0.3276344728,0.2967308154,0.2302905321,0.07377377115,0.1256617941,0.4279872254,0.7994323969,0.3023254313,0.03203937411,1.927684307,-0.2648562141,0.1904338682,-0.2489203513,-0.605355075,-0.3847284988,-0.1103422735,-0.04003551565,0.2743862253,-0.9547762871,0.1321404576,68,-0.469945656,-0.4416699761,-0.6826401537,-0.1957849933,-0.06527379618,-0.5352194522,0,0.01470588235
jpeg_q75,3,ai_edited,5,dct_ac_energy_variance,0.6612464179,0.8145449238,false,68,0.5299496162,0.5361424041,0.3525126725,0.05104755405,0.1419496629,0.8421262056,1.23644278,0.7001765426,0.009631031193,3.336702347,0.2792004256,0.3839812033,0.1579516903,0.01910466561,0.05402305536,0.3944249153,0.7656129718,0.34040186,0.00287852413,2.756161928,-0.2507491906,0.2176508529,-0.1871773042,-0.6376429677,-0.4303299934,-0.07068436779,-0.01557010927,0.3596456256,-0.7725147009,0.192809999,68,-0.3078396087,-0.2297937151,-0.5283072558,-0.08677774022,-0.161190375,-0.4690299837,0,0
jpeg_q75,3,ai_edited,6,dct_anomaly_score,0.889356059,0.1661459289,false,68,0.8839615623,0.1559980927,0.9981177449,0.6058991462,0.762401998,1,1,0.237598002,0.4475267231,1,0.959535547,0.084695508,1,0.7616658449,1,1,1,0,0.6889439821,1,0.07557398475,0.1013413741,0.0006241500378,0,0,0.1637908965,0.2813887626,0.1637908965,-0.03809046745,0.3093031645,68,0.4548651012,0.003756637566,0,0.9858255189,-0.03246842537,0.4223966759,0,0
jpeg_q75,3,ai_edited,7,noise_global_level,0.08145926638,0.05773810375,false,68,0.07759318738,0.04724998852,0.06814750656,0.0245583117,0.04199169856,0.09520376846,0.154824429,0.05321206991,0.01242605317,0.2921302319,0.06872589284,0.0413300383,0.05575825647,0.02444725186,0.04011841305,0.08704599366,0.1413835607,0.04692758061,0.01297947578,0.2556321025,-0.008867294541,0.009557566592,-0.00685906969,-0.02668170892,-0.01515395194,-0.001975253224,0.0005727547687,0.01317869872,-0.03649812937,0.01926930249,68,-0.1535778622,-0.118796241,-0.2624601599,-0.03421056627,-0.06695888428,-0.2205367465,0,0
jpeg_q75,3,ai_edited,8,noise_max_to_min_ratio,0.4198563956,0.3432569591,false,68,0.3730596277,0.3044905614,0.2694365084,0.08128768615,0.1238110848,0.5089045316,1,0.3850934468,0.03719126061,1,0.3495215277,0.2866440599,0.2503112927,0.07633013576,0.115556905,0.4881833419,0.9882962525,0.3726264369,0.03904663771,1,-0.02353809999,0.06653544581,-0.01325304434,-0.1345934018,-0.05049231276,0.0005020592362,0.06763275415,0.050994372,-0.3361099958,0.1625925899,68,-0.06857282675,-0.03860968871,-0.1470977104,0.001462633817,-0.1363315927,-0.2049044194,0,0
jpeg_q75,3,ai_edited,9,noise_std_of_variances,0.04548419132,0.03027924304,false,68,0.04391667959,0.02506476444,0.03708861209,0.01220234898,0.02433698578,0.06463584863,0.08635382056,0.04029886285,0.0116578443,0.1245050952,0.03864292907,0.02195694185,0.03315624595,0.0114810769,0.02131341072,0.05215271842,0.07399234585,0.0308393077,0.008182928897,0.1177366599,-0.005273750518,0.005249295253,-0.004013177939,-0.01472110245,-0.008257050999,-0.001349674072,0.0003382194787,0.006907376926,-0.01756770909,0.006765939295,68,-0.1741704874,-0.1325389123,-0.2726967443,-0.04457423425,-0.05176852422,-0.2259390116,0,0
jpeg_q75,3,ai_edited,10,noise_coef_variation,0.6137265787,0.2479366501,false,68,0.605934168,0.2088629822,0.6024837792,0.3094294921,0.4398408756,0.729135409,0.9569785535,0.2892945334,0.1593853831,1.140060663,0.5957663752,0.2053767641,0.5830758214,0.3047567353,0.436652489,0.7381654233,0.973367545,0.3015129343,0.1452492177,1.120514393,-0.01016779288,0.03312283973,-0.01094467938,-0.06144835651,-0.03151603043,0.01296135783,0.04384119213,0.04447738826,-0.09371459484,0.06742364168,68,-0.04100964046,-0.04414304773,-0.1271132381,0.05227689342,-0.03142903884,-0.0724386793,0,0
jpeg_q75,3,ai_edited,11,noise_inconsistency_score,0.472709908,0.2872541289,false,68,0.4720995231,0.2653309562,0.4699783623,0.07923931442,0.2531211637,0.6388472319,0.9426380843,0.3857260682,0,1,0.4605320527,0.263821788,0.4441010803,0.07300898246,0.2488699742,0.650887236,0.9644900799,0.4020172618,0,1,-0.0115674704,0.04317188194,-0.01009513065,-0.07837896273,-0.0404837057,0.01728181913,0.05845490396,0.05776552483,-0.1249527335,0.08989828825,68,-0.04026911794,-0.03514355282,-0.1409334162,0.06016212612,-0.002124895217,-0.04239401316,0,0
jpeg_q75,3,ai_edited,12,jpeg_boundary_difference_ratio,1.093948336,0.09273773244,false,68,1.078513586,0.07785960965,1.05481112,0.9920105815,1.025272816,1.113544852,1.208841461,0.08827203512,0.9520630836,1.365483165,1.263075278,0.09789672223,1.25593996,1.128014636,1.197857738,1.320649207,1.415195715,0.1227914691,1.047438979,1.619246721,0.1845616917,0.06038437747,0.1850614548,0.1034976959,0.1576799154,0.2149364352,0.271532023,0.05725651979,-0.0552687645,0.3341858387,68,1.990146695,1.995535689,1.700277884,2.317680512,-0.1664344084,1.823712287,0,0
jpeg_q75,3,ai_edited,13,jpeg_periodic_grid_strength,0.09553520438,0.09058293146,false,68,0.08022012399,0.07567364232,0.0548111219,0,0.02527279966,0.1135448217,0.2088414364,0.08827202208,0,0.3654832244,0.263075276,0.09789671555,0.2559399158,0.1280146755,0.1978577226,0.3206491694,0.415195705,0.1227914467,0.04743902385,0.6192467213,0.182855152,0.06094622325,0.1850613952,0.103497738,0.1481169267,0.2149364008,0.2715320216,0.0668194741,-0.05526874959,0.3341857567,68,2.018649088,2.043005147,1.635152719,2.372813479,-0.1690724747,1.849576614,0,0
jpeg_q75,3,ai_edited,14,jpeg_artifact_score,0.1895063019,0.1711530738,false,68,0.160440248,0.1513472846,0.1096222438,0,0.05054559931,0.2270896435,0.4176828727,0.1765440442,0,0.7309664488,0.5226432955,0.1846624182,0.5118798316,0.2560293511,0.3957154453,0.6412983388,0.83039141,0.2455828935,0.0948780477,1,0.3622030475,0.120106163,0.3653938435,0.206995476,0.2962338533,0.427404942,0.5382407252,0.1311710887,-0.1105374992,0.6683715135,68,2.116252075,2.134895012,1.730812347,2.497208683,-0.1698249015,1.946427174,0,0
jpeg_q75,3,ai_edited,15,laplacian_variance,0.02918492153,0.0375752336,false,68,0.0238542793,0.0268182541,0.01502414793,0.002805999166,0.007615783834,0.03353293054,0.0565951407,0.0259171467,0.0007818382583,0.1884857267,0.01908202956,0.02177742193,0.01333018672,0.002487124049,0.005963620846,0.02522847289,0.05111647509,0.01926485205,0.0007328279316,0.1517835259,-0.004772249745,0.006444363637,-0.003051430453,-0.01579761896,-0.006963734049,-0.0007863821229,-6.028475182e-05,0.006177351926,-0.03670220077,0.0121974647,68,-0.1270051917,-0.08120855576,-0.1853277647,-0.02092820317,-0.141865844,-0.2688710357,0,0
jpeg_q75,4,all,0,fft_high_freq_energy_ratio,0.2772912924,0.03379470165,false,136,0.2806075897,0.03850881595,0.2823493928,0.2247225791,0.2523871139,0.3061808795,0.3457480147,0.0537937656,0.186509192,0.3788720965,0.2805478015,0.0385514424,0.2823745161,0.2246064171,0.2517090067,0.3063251004,0.3453158364,0.05461609364,0.1861377805,0.3787713647,-5.978817011e-05,0.0004468865072,-4.167854786e-05,-0.0005223341286,-0.0001630783081,0.000132240355,0.0003545209765,0.0002953186631,-0.003054216504,0.0009557008743,136,-0.001769158098,-0.001233286457,-0.004825558449,0.003913049932,0.09813068766,0.09636152956,0,0
jpeg_q75,4,all,1,fft_spectral_peak_count,0.001098901115,0.01042509134,false,136,0.003676470643,0.01888792798,0,0,0,0,0,0,0,0.1000000015,0.003676470643,0.01888792798,0,0,0,0,0,0,0,0.1000000015,0,0,0,0,0,0,0,0,0,0,136,0,0,0,0,0.2472467092,0.2472467092,0,0
jpeg_q75,4,all,2,fft_radial_anomaly_score,0.01062271086,0.06169742377,false,136,0.01691176523,0.0735906085,0,0,0,0,0.07500000298,0,0,0.400000006,0.01691176523,0.0735906085,0,0,0,0,0.07500000298,0,0,0.400000006,0,0,0,0,0,0,0,0,0,0,136,0,0,0,0,0.1019338245,0.1019338245,0,0
jpeg_q75,4,all,3,fft_spectral_decay_slope,-1.395071069,0.1081051518,false,136,-1.386231996,0.1248093578,-1.388402462,-1.567102671,-1.47300902,-1.304937065,-1.176903129,0.1680719554,-1.680339456,-1.072325468,-1.386415772,0.1251051555,-1.387635112,-1.573009044,-1.473778427,-1.305054218,-1.176812261,0.1687242091,-1.680812359,-1.072919846,-0.000183776021,0.001247304592,-7.295608521e-05,-0.001195460558,-0.0004660189152,0.0003646016121,0.001024514437,0.0008306205273,-0.009241223335,0.002130627632,136,-0.001699974681,-0.0006748622427,-0.004310792847,0.00337265714,0.08176366375,0.08006368906,0,0
jpeg_q75,4,all,4,dct_mean_high_freq_energy,0.6193762905,0.5366699776,false,136,0.6246570343,0.575484475,0.4199665189,0.1139723808,0.2421660833,0.7904714942,1.906940579,0.5483054109,0.0488383323,3.120204687,0.3779016345,0.4072199756,0.2353430092,0.06881840341,0.1364314556,0.4027119949,1.278829992,0.2662805393,0.03800034896,2.343227148,-0.2467553999,0.1975918183,-0.1919043511,-0.6306692362,-0.3192743361,-0.1015661377,-0.03157505766,0.2177081984,-0.9461899996,0.03841710091,136,-0.4597898339,-0.3575835413,-0.5949174528,-0.1892525052,0.009839834595,-0.4499499993,0,0
jpeg_q75,4,all,5,dct_ac_energy_variance,0.6295869104,0.7833336529,false,136,0.6540939869,0.7146153804,0.4082358479,0.0308582182,0.1493869834,0.7946500927,2.135314763,0.6452631094,0.002281752881,3.695193529,0.3841218895,0.5158766864,0.1868970394,0.0104140027,0.06126045063,0.3989178762,1.484663039,0.3376574256,0.000843085174,2.613203526,-0.2699720973,0.2483954767,-0.1936009824,-0.6899792552,-0.4052403867,-0.07919853786,-0.007768411189,0.3260418489,-1.081990004,0.1275648773,136,-0.34464509,-0.2471500895,-0.5173279422,-0.1011044752,0.03128561671,-0.3133594733,0,0
jpeg_q75,4,all,6,dct_anomaly_score,0.8854757963,0.1618540456,false,136,0.9006486785,0.1700721526,1,0.468439959,0.8060800284,1,1,0.1939199716,0.3729226589,1,0.9491461136,0.1217560769,1,0.6025660336,1,1,1,0,0.4789781868,1,0.04849743514,0.08505233119,0,0,0,0.07318997383,0.2374462187,0.07318997383,-0.1711907983,0.2832373977,136,0.2996368424,0,0,0.4521973706,0.09374422558,0.393381068,0,0
jpeg_q75,4,all,7,noise_global_level,0.08048238378,0.05501788475,false,136,0.08158391684,0.05939912676,0.06303627416,0.01989928773,0.04177078418,0.10236446,0.2022186518,0.06059367582,0.0110670086,0.3236872554,0.07361868815,0.05501717214,0.05742375553,0.01821794687,0.03764742799,0.08623266406,0.1865970343,0.04858523607,0.0123098176,0.3097908497,-0.007965228685,0.009968575853,-0.007746510208,-0.02309852839,-0.01199075393,-0.002336594276,0.001299446449,0.009654159658,-0.03879438341,0.0383580029,136,-0.1447752621,-0.1407998552,-0.2179428378,-0.04246972211,0.02002136334,-0.1247538988,0,0
jpeg_q75,4,all,8,noise_max_to_min_ratio,0.3987162239,0.3321587738,false,136,0.4534905819,0.3455142641,0.3879249692,0.06338350475,0.1265477277,0.7369337082,1,0.6103859805,0.0300397668,1,0.4297418866,0.3360460885,0.3700804263,0.05405306071,0.1324644648,0.6960844398,1,0.563619975,0.02731042169,1,-0.0237486953,0.05805182317,-0.009460374713,-0.1491483748,-0.03915902972,0.0007413960993,0.03913038224,0.03990042582,-0.214863956,0.1506307125,136,-0.07149802197,-0.02848148374,-0.1178925045,0.002232053337,0.1649041432,0.09340612125,0.02941176471,0.02941176471
jpeg_q75,4,all,9,noise_std_of_variances,0.04493150664,0.02958025528,false,136,0.04596029094,0.02833783372,0.0404331889,0.01057637902,0.02389561944,0.06240804959,0.09797646292,0.03851243015,0.004058144521,0.1357585639,0.04142407036,0.02708722426,0.03653064929,0.009969111066,0.01987339836,0.05239703413,0.0911623612,0.03252363577,0.002831760561,0.126314044,-0.004536220581,0.004522488478,-0.003795797005,-0.01286468096,-0.006824138574,-0.001407726377,0.0009238757193,0.005416412198,-0.01981107518,0.008615709841,136,-0.1533529897,-0.1283219827,-0.2306991103,-0.04759006857,0.03477942586,-0.1185735638,0,0
jpeg_q75,4,all,10,noise_coef_variation,0.6066669238,0.2341182303,false,136,0.6303953582,0.2599559144,0.6288309693,0.248521734,0.4270838499,0.7941017896,1.057026237,0.3670179397,0.1013499871,1.295623899,0.6190481986,0.2571001367,0.6097665429,0.2329749912,0.4127298519,0.7926650643,1.064031482,0.3799352124,0.07722508907,1.255464554,-0.01134715952,0.04415811585,-0.01132929325,-0.07803498209,-0.02871407568,0.005182854831,0.03705610335,0.03389693052,-0.1096527576,0.2294431329,136,-0.04846764608,-0.04839133304,-0.1226477565,0.022137767,0.1013523566,0.05288471057,0.01470588235,0.02205882353
jpeg_q75,4,all,11,noise_inconsistency_score,0.4655542926,0.2761477501,false,136,0.497217292,0.3034733063,0.505107969,0.001652285282,0.2361118011,0.7254690379,1,0.4893572368,0,1,0.48513148,0.3015912547,0.4796887338,0,0.2169731371,0.723553434,1,0.5065802969,0,1,-0.01208581205,0.05784509923,-0.01061877608,-0.1040466391,-0.03512808681,0.00428340584,0.04940814152,0.03941149265,-0.1462036669,0.3059241772,136,-0.04376574511,-0.03845324135,-0.1272075792,0.01551128278,0.1146596318,0.07089388672,0,0
jpeg_q75,4,all,12,jpeg_boundary_difference_ratio,1.093486445,0.09390043672,false,136,1.08419205,0.07630003957,1.072595596,0.9925839305,1.031727135,1.134876192,1.231296629,0.1031490564,0.9104481339,1.299650311,1.257990681,0.1187821213,1.265931308,1.078565508,1.167379737,1.332957715,1.47932753,0.1655779779,0.9781191945,1.646707177,0.1737986308,0.07005485544,0.1823015213,0.04820856452,0.1307682693,0.211933136,0.2783309519,0.08116486669,-0.03909873962,0.3872225285,136,1.850882028,1.941434222,1.392626849,2.256998406,-0.09898138087,1.751900647,0.04411764706,0
jpeg_q75,4,all,13,jpeg_periodic_grid_strength,0.09464744051,0.09247797334,false,136,0.08760411388,0.07060674983,0.07259557396,0,0.03172709793,0.1348761879,0.2312966399,0.10314909,0,0.2996502519,0.2582952864,0.1180863716,0.2659312934,0.07856550813,0.1673797518,0.332957767,0.4793275595,0.1655780151,0,0.6467072368,0.1706911725,0.07270665258,0.1823015288,0.03562152851,0.1286676992,0.2119331956,0.2783309296,0.08326549642,-0.03909884393,0.3872226179,136,1.845749494,1.971296755,1.391333466,2.291715399,-0.07616220786,1.769587287,0,0
jpeg_q75,4,all,14,jpeg_artifact_score,0.1877307741,0.1751440914,false,136,0.1752082278,0.1412134997,0.1451911479,0,0.06345419586,0.2697523758,0.4625932798,0.2062981799,0,0.5993005037,0.5124820799,0.225265926,0.5318625867,0.1571310163,0.3347595036,0.6659155339,0.9586551189,0.3311560303,0,1,0.3372738521,0.1391626802,0.3646030575,0.07124305703,0.2573353983,0.4182186648,0.5480409916,0.1608832665,-0.07819768786,0.7653011382,136,1.925693578,2.081731987,1.469278217,2.387854831,-0.07149853744,1.854195041,0,0
jpeg_q75,4,all,15,laplacian_variance,0.02771657354,0.03572195923,false,136,0.02984076236,0.03614408448,0.01788531337,0.002879146778,0.008638437837,0.03398433514,0.1130660344,0.0253458973,0.0003647030098,0.2088879496,0.02494596267,0.03163379484,0.0132812839,0.002500595176,0.006441306905,0.02686897665,0.08969016932,0.02042766975,0.0004327985807,0.1927478462,-0.004894799692,0.006984305553,-0.003025970887,-0.01649728138,-0.006947556045,-0.0008395108744,0.0001886206446,0.006108045171,-0.03279186785,0.02401471511,136,-0.1370249504,-0.0847089844,-0.1944897815,-0.02350125504,0.05946451067,-0.07756043973,0,0
jpeg_q75,4,authentic,0,fft_high_freq_energy_ratio,0.2772912924,0.03379470165,false,68,0.2788785245,0.03970325146,0.2801967263,0.2224504076,0.2490844652,0.3065289408,0.3455745861,0.05744447559,0.1887102574,0.3711397052,0.2788376269,0.03973889731,0.2802424878,0.2205798693,0.248832982,0.3066930026,0.345161432,0.05786002055,0.1886644661,0.3707694113,-4.08975517e-05,0.0004545032114,1.534819603e-05,-0.0004902586341,-0.0001587048173,0.0001673847437,0.0003434799612,0.000326089561,-0.003054216504,0.0007385462523,68,-0.001210176439,0.0004541598321,-0.004696144944,0.004952987762,0.04696689159,0.04575671515,0,0
jpeg_q75,4,authentic,1,fft_spectral_peak_count,0.001098901115,0.01042509134,false,68,0.002941176514,0.0170213936,0,0,0,0,0,0,0,0.1000000015,0.002941176514,0.0170213936,0,0,0,0,0,0,0,0.1000000015,0,0,0,0,0,0,0,0,0,0,68,0,0,0,0,0.1767155163,0.1767155163,0,0
jpeg_q75,4,authentic,2,fft_radial_anomaly_score,0.01062271086,0.06169742377,false,68,0.01470588279,0.06967880851,0,0,0,0,0,0,0,0.400000006,0.01470588279,0.06967880851,0,0,0,0,0,0,0,0.400000006,0,0,0,0,0,0,0,0,0,0,68,0,0,0,0,0.06618059036,0.06618059036,0,0
jpeg_q75,4,authentic,3,fft_spectral_decay_slope,-1.395071069,0.1081051518,false,68,-1.393027625,0.1282122567,-1.40049988,-1.58098858,-1.486094415,-1.310151756,-1.183244878,0.1759426594,-1.677996755,-1.106623292,-1.393162542,0.1284731906,-1.400411367,-1.58249163,-1.485926926,-1.309939831,-1.18325175,0.1759870946,-1.677619815,-1.107206106,-0.0001349168665,0.00129683583,8.344650269e-06,-0.001103639603,-0.0003861188889,0.0004178881645,0.0009731054306,0.0008040070534,-0.009241223335,0.001882195473,68,-0.001248015143,7.71901258e-05,-0.003571697393,0.003865571229,0.01890237667,0.01765436153,0,0
jpeg_q75,4,authentic,4,dct_mean_high_freq_energy,0.6193762905,0.5366699776,false,68,0.619074247,0.5894011392,0.3964817971,0.1050579589,0.2415498458,0.7882015407,1.81207124,0.5466516949,0.0488383323,3.120204687,0.3761275983,0.4169528749,0.219571501,0.06637577377,0.1340426616,0.3997083008,1.284287202,0.2656656392,0.03800034896,2.343227148,-0.2429466488,0.2029505514,-0.1866920888,-0.6279034674,-0.3143113106,-0.09817291051,-0.01640658882,0.2161384001,-0.9461899996,0.03841710091,68,-0.4526928259,-0.3478713113,-0.5856696364,-0.1829297606,-0.0005628105104,-0.4532556364,0,0
jpeg_q75,4,authentic,5,dct_ac_energy_variance,0.6295869104,0.7833336529,false,68,0.652833598,0.7232856715,0.4082358479,0.0278990061,0.1388221048,0.8187793642,2.114781368,0.6799572594,0.002281752881,3.695193529,0.3804988925,0.5211870768,0.1868970394,0.008810403082,0.05674209446,0.3949223012,1.387437379,0.3381802067,0.000843085174,2.613203526,-0.2723347056,0.2554947181,-0.1936009824,-0.68904199,-0.4282650873,-0.07106459793,-0.001737221793,0.3572004894,-1.081990004,0.1201888025,68,-0.3476611844,-0.2471500895,-0.546721165,-0.0907207263,0.02967661034,-0.3179845741,0,0
jpeg_q75,4,authentic,6,dct_anomaly_score,0.8854757963,0.1618540456,false,68,0.9005260446,0.1710789769,1,0.5059590265,0.8380032927,1,1,0.1619967073,0.3729226589,1,0.9450597895,0.1278979705,1,0.6058115959,1,1,1,0,0.4789781868,1,0.04453374489,0.08464701315,0,0,0,0.06324696541,0.231244126,0.06324696541,-0.1711907983,0.2804499269,68,0.2751475549,0,0,0.3907654281,0.0929865434,0.3681340983,0,0
jpeg_q75,4,authentic,7,noise_global_level,0.08048238378,0.05501788475,false,68,0.08178414528,0.06063387544,0.06277976371,0.02107844064,0.04174822848,0.1023419909,0.2037630282,0.06059376244,0.0110670086,0.3236872554,0.07345857162,0.05601454086,0.0576353129,0.02007645611,0.0373043688,0.08408188447,0.1854740813,0.04677751567,0.0123098176,0.3097908497,-0.00832557366,0.01021886163,-0.008407212794,-0.02311124038,-0.01283342764,-0.002438557334,0.00139006637,0.0103948703,-0.03879438341,0.0383580029,68,-0.1513248591,-0.1528087245,-0.2332591974,-0.04432299325,0.02366069695,-0.1276641622,0,0
jpeg_q75,4,authentic,8,noise_max_to_min_ratio,0.3987162239,0.3321587738,false,68,0.4519759954,0.3480542095,0.3923391402,0.06474506743,0.1224327013,0.7403258979,1,0.6178931966,0.0300397668,1,0.4276217166,0.3384670177,0.3745212257,0.05737118572,0.1302060634,0.7019781768,1,0.5717721134,0.02731042169,1,-0.02435427877,0.05806983325,-0.00969068706,-0.1378081143,-0.03926702589,0.0001750290394,0.0323704347,0.03944205493,-0.214863956,0.1506307125,68,-0.07332119664,-0.02917486403,-0.1182176386,0.0005269438992,0.1603443162,0.08702311959,0.02941176471,0.02941176471
jpeg_q75,4,authentic,9,noise_std_of_variances,0.04493150664,0.02958025528,false,68,0.04589441433,0.02860189695,0.0404331889,0.009091384057,0.02376076765,0.06314694323,0.09577749372,0.03938617557,0.004058144521,0.1357585639,0.0411677767,0.02734598075,0.03659077547,0.008706444688,0.0205020248,0.05216460582,0.08962243386,0.03166258102,0.002831760561,0.126314044,-0.004726637631,0.004789897299,-0.004046427086,-0.01298140814,-0.006985205226,-0.001424169808,0.001192689687,0.005561035417,-0.01981107518,0.008615709841,68,-0.1597902921,-0.136794867,-0.2361441834,-0.0481459607,0.03255237918,-0.1272379129,0,0
jpeg_q75,4,authentic,10,noise_coef_variation,0.6066669238,0.2341182303,false,68,0.6290771225,0.2671636483,0.6167426705,0.2516984895,0.4208881184,0.7941017896,1.105585682,0.3732136711,0.1013499871,1.295623899,0.6168179611,0.2634126623,0.6030236483,0.2466571912,0.4127298519,0.781864658,1.087147993,0.3691348061,0.07722508907,1.255464554,-0.01225916143,0.04437883137,-0.01270288229,-0.07462518066,-0.02830285579,0.001601710916,0.0390798986,0.02990456671,-0.1096527576,0.2180967927,68,-0.05236312189,-0.05425840729,-0.1208912939,0.006841461743,0.09572171584,0.04335859394,0.01470588235,0.02941176471
jpeg_q75,4,authentic,11,noise_inconsistency_score,0.4655542926,0.2761477501,false,68,0.4926389793,0.3074081949,0.4889902323,0.002264665603,0.2278508171,0.7254690379,1,0.4976182207,0,1,0.4795472333,0.3050097013,0.4706982225,0.007077209372,0.2169731371,0.7091528773,1,0.4921797402,0,1,-0.01309174605,0.05814762669,-0.01408550143,-0.09950024784,-0.03455105424,0.0009298250079,0.05210656375,0.03548087925,-0.1462036669,0.2907957435,68,-0.04740848347,-0.05100712001,-0.1251180001,0.003367128675,0.09808041764,0.05067193417,0,0
jpeg_q75,4,authentic,12,jpeg_boundary_difference_ratio,1.093486445,0.09390043672,false,68,1.089614608,0.08047800144,1.07416594,0.9886158407,1.031998813,1.138077199,1.244434547,0.1060783863,0.9246424437,1.299650311,1.263715538,0.1218672208,1.26890552,1.078297383,1.17754814,1.33333379,1.489605242,0.15578565,0.9781191945,1.646707177,0.1741009302,0.0738875917,0.183042109,0.02752280533,0.1312921047,0.2156043053,0.2808906615,0.08431220055,-0.03909873962,0.3872225285,68,1.85410139,1.949321168,1.398205475,2.296094808,-0.04123342817,1.812867961,0.04411764706,0
jpeg_q75,4,authentic,13,jpeg_periodic_grid_strength,0.09464744051,0.09247797334,false,68,0.09304690293,0.07486371033,0.07416598126,0,0.03199881036,0.1380772218,0.244434534,0.1060784115,0,0.2996502519,0.264037322,0.1211285359,0.2689055353,0.07829738259,0.1775481254,0.3333338425,0.4896052524,0.1557857171,0,0.6467072368,0.170990419,0.07636118958,0.1830421016,0.02152763586,0.1291913446,0.2156042755,0.2808906548,0.08641293086,-0.03909884393,0.3872226179,68,1.848985362,1.979304854,1.396995846,2.331412202,-0.01730723025,1.831678132,0,0
jpeg_q75,4,authentic,14,jpeg_artifact_score,0.1877307741,0.1751440914,false,68,0.1860938059,0.1497274207,0.1483319625,0,0.06399762072,0.2761544436,0.488869068,0.2121568229,0,0.5993005037,0.5232544339,0.2296812584,0.5378110707,0.1565947652,0.3550962508,0.6666676849,0.9792105049,0.3115714341,0,1,0.337160628,0.1458137625,0.3660842031,0.04305527173,0.2583826892,0.4226398468,0.5249020152,0.1642571576,-0.07819768786,0.7598415017,68,1.925047116,2.090188714,1.475257813,2.413097944,-0.009346408786,1.915700707,0,0
jpeg_q75,4,authentic,15,laplacian_variance,0.02771657354,0.03572195923,false,68,0.03013691008,0.03721346303,0.01788531337,0.002924423118,0.008923721034,0.03329556901,0.1101148304,0.02437184798,0.0003647030098,0.2088879496,0.02498681499,0.03252739426,0.01246574195,0.002487053978,0.006621432607,0.0248774183,0.08946309462,0.01825598569,0.0004327985807,0.1927478462,-0.00515009509,0.007160919508,-0.003220620565,-0.01670581345,-0.007652708329,-0.0008852949832,0.0002024009329,0.006767413346,-0.03279186785,0.02401471511,68,-0.144171686,-0.09015800461,-0.2142298041,-0.0247829347,0.06775486553,-0.07641682047,0,0
jpeg_q75,4,ai_edited,0,fft_high_freq_energy_ratio,0.2772912924,0.03379470165,false,68,0.2823366549,0.03749098993,0.2823493928,0.2257553063,0.2547905222,0.3049883246,0.3452540711,0.05019780248,0.186509192,0.3788720965,0.2822579761,0.03754321588,0.282376796,0.2249440134,0.2546658665,0.3048365414,0.3448716626,0.05017067492,0.1861377805,0.3787713647,-7.867878851e-05,0.000441699307,-5.891919136e-05,-0.00050226897,-0.0001630783081,0.0001152306795,0.000350035727,0.0002783089876,-0.00259308517,0.0009557008743,68,-0.002328139757,-0.001743444637,-0.004825558449,0.003409726196,0.1492944837,0.146966344,0,0
jpeg_q75,4,ai_edited,1,fft_spectral_peak_count,0.001098901115,0.01042509134,false,68,0.004411764772,0.02068833092,0,0,0,0,0,0,0,0.1000000015,0.004411764772,0.02068833092,0,0,0,0,0,0,0,0.1000000015,0,0,0,0,0,0,0,0,0,0,68,0,0,0,0,0.3177779021,0.3177779021,0,0
jpeg_q75,4,ai_edited,2,fft_radial_anomaly_score,0.01062271086,0.06169742377,false,68,0.01911764767,0.07776227488,0,0,0,0,0.1950000077,0,0,0.400000006,0.01911764767,0.07776227488,0,0,0,0,0.1950000077,0,0,0.400000006,0,0,0,0,0,0,0,0,0,0,68,0,0,0,0,0.1376870587,0.1376870587,0,0
jpeg_q75,4,ai_edited,3,fft_spectral_decay_slope,-1.395071069,0.1081051518,false,68,-1.379436367,0.1218816118,-1.375953257,-1.552094215,-1.4640975,-1.304937065,-1.17120049,0.1591604352,-1.680339456,-1.072325468,-1.379669002,0.1222229278,-1.375890195,-1.551980585,-1.465135515,-1.305054218,-1.171153778,0.1600812972,-1.680812359,-1.072919846,-0.0002326351755,0.00120338234,-0.0001301169395,-0.001197290421,-0.0004838705063,0.0002748668194,0.001049816608,0.0007587373257,-0.007183790207,0.002130627632,68,-0.002151934219,-0.001203614605,-0.004475924581,0.002542587608,0.1446249508,0.1424730166,0,0
jpeg_q75,4,ai_edited,4,dct_mean_high_freq_energy,0.6193762905,0.5366699776,false,68,0.6302398216,0.5655535467,0.463764295,0.1201540031,0.2485368662,0.7922516614,1.813129681,0.5437147953,0.08344591409,2.887669325,0.3796756707,0.4003438212,0.243974857,0.07268794738,0.1408906356,0.408450231,1.273730463,0.2675595954,0.05054439604,2.160018682,-0.250564151,0.1935184877,-0.1967342347,-0.626658386,-0.3261264712,-0.1140080038,-0.04238463715,0.2121184673,-0.9403887987,0.02400255203,68,-0.4668868418,-0.3665832689,-0.6076853276,-0.2124359636,0.0202424797,-0.4466443621,0,0
jpeg_q75,4,ai_edited,5,dct_ac_energy_variance,0.6295869104,0.7833336529,false,68,0.6553543757,0.7112150966,0.4090529233,0.0402990602,0.1564569734,0.7578237802,2.145369208,0.6013668068,0.0117617324,3.600648165,0.3877448866,0.5143607382,0.186401777,0.01736079501,0.06604101509,0.3989178762,1.372395343,0.3328768611,0.004097661935,2.528079033,-0.2676094891,0.2429663442,-0.193694979,-0.6694805503,-0.4003843293,-0.09055663645,-0.01692100344,0.3098276928,-1.072569132,0.1275648773,68,-0.3416289956,-0.247270085,-0.5111287224,-0.1156041696,0.03289462308,-0.3087343726,0,0
jpeg_q75,4,ai_edited,6,dct_anomaly_score,0.8854757963,0.1618540456,false,68,0.9007713124,0.1703312562,1,0.5009026289,0.8060800284,1,1,0.1939199716,0.4136717618,1,0.9532324378,0.1160972048,1,0.6565357238,1,1,1,0,0.4866328537,1,0.05246112539,0.08589970447,0,0,0,0.08779912442,0.2371246606,0.08779912442,0,0.2832373977,68,0.3241261299,0,0,0.5424586337,0.09450190777,0.4186280377,0,0
jpeg_q75,4,ai_edited,7,noise_global_level,0.08048238378,0.05501788475,false,68,0.0813836884,0.05858860665,0.06364727765,0.02157525085,0.04177078418,0.1027253196,0.2006555527,0.06095453538,0.01520370506,0.3025949597,0.07377880469,0.05441759903,0.05742375553,0.02073577335,0.03778443299,0.08632538654,0.1840903737,0.04854095355,0.01628713869,0.2930732071,-0.00760488371,0.009774429638,-0.00728475675,-0.02247315124,-0.01090041269,-0.002322310582,0.001036324166,0.008578102104,-0.03778383136,0.03738687932,68,-0.1382256651,-0.132407067,-0.1981248959,-0.04221010299,0.01638202973,-0.1218436353,0,0
jpeg_q75,4,ai_edited,8,noise_max_to_min_ratio,0.3987162239,0.3321587738,false,68,0.4550051684,0.3455367085,0.3845108151,0.06474506743,0.1333430372,0.7369337082,1,0.603590671,0.0300397668,1,0.4318620566,0.3361106632,0.3639917076,0.05737118572,0.1348988079,0.6935276687,1,0.5586288609,0.02731042169,1,-0.02314311184,0.05845919195,-0.009395409375,-0.1446266353,-0.03663757443,0.00102160126,0.04267240278,0.03765917569,-0.214863956,0.1506307125,68,-0.06967484729,-0.02828589855,-0.11030139,0.003075641351,0.1694639702,0.0997891229,0.02941176471,0.02941176471
jpeg_q75,4,ai_edited,9,noise_std_of_variances,0.04493150664,0.02958025528,false,68,0.04602616755,0.0282838096,0.04039666243,0.01135097537,0.02406382887,0.05915413052,0.0984832,0.03509030165,0.004149815533,0.1336439252,0.04168036402,0.02702684685,0.03634774871,0.01015168894,0.01987339836,0.05254196003,0.08920409009,0.03266856167,0.002877809806,0.1245687902,-0.004345803532,0.004265484201,-0.003371867351,-0.01257913546,-0.006692061201,-0.001407726377,0.0003982712515,0.005284334824,-0.01796210557,0.00696471706,68,-0.1469156872,-0.1139904751,-0.2262340584,-0.04759006857,0.03700647254,-0.1099092147,0,0
jpeg_q75,4,ai_edited,10,noise_coef_variation,0.6066669238,0.2341182303,false,68,0.6317135938,0.2545247053,0.633387208,0.2435482256,0.4305301309,0.7959031165,1.012163094,0.3653729856,0.1038438156,1.247354269,0.6212784362,0.252569214,0.6131803393,0.237469925,0.4233559445,0.7941111773,1.02431471,0.3707552329,0.07864142209,1.23767817,-0.01043515762,0.04424718029,-0.009512983263,-0.08106638342,-0.02871407568,0.007424995303,0.03418432474,0.03613907099,-0.1076344848,0.2294431329,68,-0.04457217026,-0.04063324438,-0.1226477565,0.03171472506,0.1069829975,0.0624108272,0.01470588235,0.01470588235
jpeg_q75,4,ai_edited,11,noise_inconsistency_score,0.4655542926,0.2761477501,false,68,0.5017956047,0.3017023653,0.5111829638,0.0008181927959,0.2407068312,0.727870822,0.9956711709,0.4871639907,0,1,0.4907157267,0.3002963951,0.4842404425,0.007710407302,0.2311412543,0.7254815847,0.9914748549,0.4943403304,0,1,-0.01107987805,0.05795560055,-0.008120983839,-0.1080885194,-0.0353712365,0.006910450757,0.04557910338,0.04228168726,-0.1435126662,0.3059241772,68,-0.04012300676,-0.02940811155,-0.128088085,0.0250244688,0.131238846,0.09111583926,0,0
jpeg_q75,4,ai_edited,12,jpeg_boundary_difference_ratio,1.093486445,0.09390043672,false,68,1.078769492,0.07206863633,1.065479457,0.9972284168,1.02972278,1.132438362,1.193942833,0.1027155817,0.9104481339,1.279422164,1.252265823,0.1162360694,1.261537373,1.08021425,1.162846178,1.32964322,1.460111451,0.1667970419,0.9804549217,1.612000823,0.1734963314,0.06655112947,0.1773229241,0.06121633053,0.1303595006,0.2082715631,0.2754661262,0.07791206241,-0.03431487083,0.3861401081,68,1.847662667,1.888414264,1.388273635,2.2180042,-0.1567293336,1.690933334,0.04411764706,0
jpeg_q75,4,ai_edited,13,jpeg_periodic_grid_strength,0.09464744051,0.09247797334,false,68,0.08216132483,0.06618403564,0.06547948718,0,0.02972275205,0.1324383803,0.1939428382,0.1027156282,0,0.279422164,0.2525532509,0.1155762051,0.2615374178,0.08021423444,0.162846189,0.3296432048,0.4601114705,0.1667970158,0,0.6120008826,0.170391926,0.06942766723,0.1773229479,0.04776632078,0.1286676992,0.2082715053,0.2754661521,0.07960380614,-0.01476977672,0.3861400634,68,1.842513626,1.91746144,1.391333466,2.25212013,-0.1350171855,1.707496441,0,0
jpeg_q75,4,ai_edited,14,jpeg_artifact_score,0.1877307741,0.1751440914,false,68,0.1643226497,0.1323680713,0.1309589744,0,0.0594455041,0.2648767605,0.3878856763,0.2054312564,0,0.5588443279,0.5017097259,0.2219410447,0.5230748355,0.1604284689,0.325692378,0.6592864096,0.920222941,0.3335940316,0,1,0.3373870763,0.1332661708,0.3546458958,0.09553264156,0.2573353983,0.4165430106,0.5226185154,0.1592076123,-0.02953955345,0.7653011382,68,1.926340041,2.024880731,1.469278217,2.378287542,-0.1336506661,1.792689375,0,0
jpeg_q75,4,ai_edited,15,laplacian_variance,0.02771657354,0.03572195923,false,68,0.02954461464,0.0353166853,0.01806723326,0.002836903092,0.008588609286,0.03418124001,0.1092759728,0.02559263073,0.001043430413,0.1876905411,0.02490511035,0.03095633962,0.01362627372,0.00263084179,0.006441306905,0.02728352789,0.08884879686,0.02084222098,0.001112030703,0.1756191552,-0.004639504294,0.006846754735,-0.002800683491,-0.01623746622,-0.005846071988,-0.000780754257,0.0001279588323,0.005065317731,-0.03200602531,0.02341878414,68,-0.1298782148,-0.07840229235,-0.163654853,-0.02185642316,0.05117415581,-0.07870405899,0,0
jpeg_q75,all,all,0,fft_high_freq_energy_ratio,,,false,682,0.2779526068,0.03480530152,0.2772023827,0.2232303187,0.2560663074,0.3010063693,0.3357982785,0.04494006187,0.1503369361,0.390927285,0.2778821755,0.0347793135,0.2772665918,0.223279532,0.2559442967,0.3006758541,0.3356500134,0.04473155737,0.151507467,0.390623033,-7.043129975e-05,0.0003573648271,-5.322694778e-05,-0.0005891531706,-0.0002165660262,0.0001031607389,0.0003777340055,0.0003197267652,-0.003054216504,0.001478478312,682,-0.002036757062,-0.001538411315,-0.006088943361,0.00293241744,0.000382490421,-0.001654266641,0.005865102639,0.005865102639
jpeg_q75,all,all,1,fft_spectral_peak_count,,,false,682,0.00161290325,0.01260642272,0,0,0,0,0,0,0,0.1000000015,0.00161290325,0.01260642272,0,0,0,0,0,0,0,0.1000000015,0,0,0,0,0,0,0,0,0,0,682,0,0,0,0,0.01344135653,0.01344135653,0,0
jpeg_q75,all,all,2,fft_radial_anomaly_score,,,false,682,0.01187683314,0.06427955859,0,0,0,0,0,0,0,0.400000006,0.01246334341,0.06597358212,0,0,0,0,0,0,0,0.400000006,0.0005865102727,0.01531679185,0,0,0,0,0,0,0,0.400000006,682,0.01019627928,0,0,0,0.006633750492,0.01683002977,0,0
jpeg_q75,all,all,3,fft_spectral_decay_slope,,,false,682,-1.393308439,0.1116713479,-1.395192921,-1.573706186,-1.462276548,-1.321887732,-1.211089444,0.1403888166,-1.800374389,-1.039516687,-1.393481211,0.1117208608,-1.395659506,-1.574064636,-1.462511748,-1.32210055,-1.211212152,0.1404111981,-1.798426747,-1.03952539,-0.000172772016,0.0009574803336,-0.00013422966,-0.00159291029,-0.0005622506142,0.0002782642841,0.001199811697,0.0008405148983,-0.009241223335,0.00393307209,682,-0.001562610724,-0.001209560391,-0.004954385667,0.002508311155,-0.000366779185,-0.001929389909,0.004398826979,0.004398826979
jpeg_q75,all,all,4,dct_mean_high_freq_energy,,,false,682,0.6204293421,0.5445884686,0.4749719203,0.1092386805,0.235785,0.7899457961,1.636770123,0.5541607961,0.03648391739,3.785670042,0.3681867439,0.3997661118,0.2492282614,0.06302534305,0.1221591551,0.4351725429,1.208228397,0.3130133878,0.02165250294,3.225898981,-0.2522425981,0.1989441052,-0.2113442943,-0.613881281,-0.3657475933,-0.100180937,-0.02550938204,0.2655666564,-0.9966953993,0.2958674431,682,-0.4637215063,-0.3867452426,-0.6723510962,-0.1844189782,0.0007067405136,-0.4630147658,0.004398826979,0.01026392962
jpeg_q75,all,all,5,dct_ac_energy_variance,,,false,682,0.6344739521,0.7702608184,0.3559415638,0.03144389428,0.1470905617,0.8218686134,2.200242543,0.6747780517,0.0002849863376,5.270551682,0.3773774633,0.6147821768,0.1573305652,0.009438731568,0.05429574102,0.4099302217,1.48012926,0.3556344807,0.0003709816665,5.435536861,-0.2570964888,0.271237648,-0.1875808351,-0.711578241,-0.3819565289,-0.07048654626,-0.006573217583,0.3114699826,-1.713612795,0.851600647,682,-0.3345230932,-0.2391771254,-0.5086942843,-0.09064686113,0.002603339059,-0.3319197542,0.005865102639,0.005865102639
jpeg_q75,all,all,6,dct_anomaly_score,,,false,682,0.8885014737,0.163628524,1,0.5308185458,0.7905588299,1,1,0.2094411701,0.3281230032,1,0.9553861267,0.1043587987,1,0.6855204225,1,1,1,0,0.4789781868,1,0.066884653,0.09891357045,0,0,0,0.1428944618,0.271441713,0.1428944618,-0.3026605844,0.3860518336,682,0.4089049336,0,0,0.8760514645,0.0002215072272,0.4091264408,0.004398826979,0
jpeg_q75,all,all,7,noise_global_level,,,false,682,0.08070204433,0.05591543646,0.06579048187,0.02044743085,0.03944128286,0.1031936537,0.183905039,0.06375237089,0.006162684411,0.3703222573,0.0721413328,0.05133860089,0.05901089869,0.01956700552,0.03681317437,0.08813736588,0.1826917566,0.0513241915,0.005897312891,0.3684872389,-0.008560711535,0.009782367287,-0.007249536924,-0.02531872168,-0.01361821033,-0.002241895534,0.0009795673192,0.0113763148,-0.04718142748,0.0383580029,682,-0.1531993353,-0.1296379546,-0.244259643,-0.04029568072,0.0005780905706,-0.1526212447,0.004398826979,0.007331378299
jpeg_q75,all,all,8,noise_max_to_min_ratio,,,false,682,0.4096389698,0.3355641775,0.2709191442,0.06314771362,0.1333026588,0.6455630511,1,0.5122603923,0.0300397668,1,0.3939578626,0.3316243612,0.2563369572,0.06362240762,0.1327865124,0.6166044772,1,0.4838179648,0.02731042169,1,-0.01568110715,0.0725986855,-0.008910223842,-0.1267601252,-0.03343735263,0.001001981087,0.05428105593,0.03443933371,-0.3361099958,0.5633622706,682,-0.04682620564,-0.02698290158,-0.09764088611,0.003044317038,0.002148262305,-0.04467794334,0.005865102639,0.005865102639
jpeg_q75,all,all,9,noise_std_of_variances,,,false,682,0.04513666011,0.02934102561,0.03778089583,0.01156980484,0.02386665251,0.05785426684,0.1024551384,0.03398761433,0.002154552378,0.1630911529,0.0405373591,0.02783298198,0.03417570144,0.01010072753,0.02125219721,0.05071403272,0.1001966871,0.02946183551,0.002649588743,0.1659181714,-0.004599301014,0.005072522594,-0.003938875161,-0.01382903783,-0.006954036653,-0.001367764722,0.001919913804,0.005586271931,-0.02203959227,0.01621459424,682,-0.1570342653,-0.1333193293,-0.2407804421,-0.04583644083,0.001063759081,-0.1559705062,0.004398826979,0.005865102639
jpeg_q75,all,all,10,noise_coef_variation,,,false,682,0.6113986937,0.2396497804,0.5881181061,0.2620754585,0.4282246828,0.7563671321,1.010074639,0.3281424493,0.1013499871,1.52797842,0.6019734553,0.2320463295,0.5860698223,0.2649382144,0.4233575985,0.7487232536,0.9952407181,0.3253656551,0.07722508907,1.419005036,-0.009425238419,0.04620913238,-0.01018692553,-0.08132015765,-0.03266252577,0.01214708388,0.05664911121,0.04480960965,-0.1858861446,0.2454818785,682,-0.03940279871,-0.04296689996,-0.1369764756,0.05002171305,0.001011510041,-0.03839128867,0.007331378299,0.008797653959
jpeg_q75,all,all,11,noise_inconsistency_score,,,false,682,0.4718683218,0.2820596629,0.4508241415,0.01610060567,0.2376329191,0.6751561761,1,0.437523257,0,1,0.4611757988,0.2748896162,0.4480930865,0.01991762398,0.231143456,0.6649643332,0.993654272,0.4338208772,0,1,-0.01069252305,0.05703498801,-0.008081078529,-0.100748688,-0.04027476907,0.01079137623,0.071261039,0.0510661453,-0.196208477,0.3273091465,682,-0.0379290605,-0.028702237,-0.142642081,0.03840673505,0.0005601600106,-0.03736890049,0,0
jpeg_q75,all,all,12,jpeg_boundary_difference_ratio,,,false,682,1.091633017,0.09075936839,1.067847133,0.9966444284,1.031480193,1.136814177,1.255306494,0.1053339839,0.9104481339,1.865938544,1.274198212,0.1303437013,1.258598745,1.100015479,1.200387806,1.336193383,1.486056024,0.135805577,0.9334542751,2.518882513,0.1825651955,0.07286599415,0.1862878799,0.06908741593,0.1486654729,0.2162085474,0.2873485386,0.06754307449,-0.06912767887,0.6529439688,682,2.020306261,2.04593118,1.644421396,2.384341028,0.003191135467,2.023497396,0.01026392962,0.007331378299
jpeg_q75,all,all,13,jpeg_periodic_grid_strength,,,false,682,0.09324290617,0.08861726578,0.06784714758,0,0.0314801475,0.1368141733,0.255306524,0.1053340258,0,0.8659385443,0.2744660427,0.1297275827,0.2585987449,0.1000155374,0.200387761,0.3361934349,0.4860560536,0.1358056739,0,1.518882632,0.1812231366,0.07349988924,0.1858219234,0.05759366173,0.1449091116,0.2162084989,0.2873485294,0.07129938737,-0.06912763976,0.652944088,682,2.056162747,2.088438285,1.645683781,2.445141456,0.003185049381,2.059347796,0.00146627566,0.007331378299
jpeg_q75,all,all,14,jpeg_artifact_score,,,false,682,0.1852336095,0.1690343142,0.1356942952,0,0.06296029501,0.2736283466,0.5106130481,0.2106680516,0,1,0.5369914216,0.2162689012,0.5171974897,0.2000310749,0.400775522,0.6723868698,0.9721121073,0.2716113478,0,1,0.3517578122,0.1351268842,0.368365515,0.07603033185,0.2870282736,0.4276766982,0.5451896578,0.1406484246,-0.1382552795,0.8051274568,682,2.086459688,2.167759699,1.706237491,2.524709696,0.001793001538,2.08825269,0,0
jpeg_q75,all,all,15,laplacian_variance,,,false,682,0.02814016544,0.03581610847,0.01723280735,0.00240588981,0.007098636706,0.03455301933,0.09506521598,0.02745438262,0.0001030618296,0.323674053,0.02330872069,0.03227649968,0.01325427461,0.002045568335,0.005884649116,0.02754863305,0.0837565504,0.02166398393,0.0001060341237,0.3210072815,-0.004831444749,0.006959701632,-0.003160266671,-0.01661260687,-0.00762678124,-0.000910967181,0.0001144945971,0.006715814059,-0.04178981483,0.03108343482,682,-0.1350563969,-0.0867250925,-0.2103480813,-0.02576666501,0.001910319392,-0.1331460775,0.005865102639,0.005865102639
jpeg_q75,all,authentic,0,fft_high_freq_energy_ratio,,,false,341,0.2763590832,0.03567788231,0.2766681612,0.2190896869,0.2537102401,0.3010176718,0.3351564407,0.0473074317,0.1503369361,0.3872631788,0.2762938828,0.03565168293,0.2765209079,0.2189915776,0.2537555099,0.3010323048,0.3350053728,0.04727679491,0.151507467,0.3869412541,-6.520035854e-05,0.0003488566077,-5.103647709e-05,-0.0005892515182,-0.0002182126045,0.000113338232,0.0003758370876,0.0003315508366,-0.003054216504,0.001228868961,341,-0.00188136028,-0.001502695833,-0.006144009314,0.003311398388,-0.04550187175,-0.04738323203,0.005865102639,0.005865102639
jpeg_q75,all,authentic,1,fft_spectral_peak_count,,,false,341,0.001466275682,0.0120375471,0,0,0,0,0,0,0,0.1000000015,0.001466275682,0.0120375471,0,0,0,0,0,0,0,0.1000000015,0,0,0,0,0,0,0,0,0,0,341,0,0,0,0,-0.0005170864113,-0.0005170864113,0,0
jpeg_q75,all,authentic,2,fft_radial_anomaly_score,,,false,341,0.01026392988,0.05975627715,0,0,0,0,0,0,0,0.400000006,0.01143695043,0.06337089601,0,0,0,0,0,0,0,0.400000006,0.001173020545,0.02166121477,0,0,0,0,0,0,0,0.400000006,341,0.02039255856,0,0,0,-0.01682904257,0.003563515991,0,0
jpeg_q75,all,authentic,3,fft_spectral_decay_slope,,,false,341,-1.399301727,0.1147474869,-1.399407744,-1.57991612,-1.468418837,-1.327606201,-1.209452987,0.1408126354,-1.800374389,-1.08317697,-1.399452543,0.1148096517,-1.399695873,-1.580625653,-1.468636036,-1.326507092,-1.209506869,0.1421289444,-1.798426747,-1.083849549,-0.0001508158323,0.0009479075988,-0.0001282691956,-0.001528501511,-0.0005292892456,0.0003156661987,0.001200437546,0.0008449554443,-0.009241223335,0.002250552177,341,-0.001362221809,-0.001163310549,-0.004800277728,0.002827364037,-0.05424270825,-0.05560493006,0.00293255132,0.00293255132
jpeg_q75,all,authentic,4,dct_mean_high_freq_energy,,,false,341,0.6153405956,0.553424314,0.4606769085,0.09986262769,0.2256875783,0.7825812101,1.636802316,0.5568936318,0.03648391739,3.785670042,0.3665694166,0.4066606015,0.2406116426,0.05941949412,0.1186886281,0.4274525642,1.20951283,0.3087639362,0.02165250294,3.225898981,-0.248771179,0.2034395189,-0.2053484768,-0.6161766052,-0.363713026,-0.09092334658,-0.01857991144,0.2727896795,-0.9966953993,0.2958674431,341,-0.4573362296,-0.3809659181,-0.6716484266,-0.1673016073,-0.008597064739,-0.4659332943,0.005865102639,0.01173020528
jpeg_q75,all,authentic,5,dct_ac_energy_variance,,,false,341,0.6372384148,0.7834668648,0.3561238945,0.02741183341,0.1307142228,0.834215939,2.200560808,0.7035017163,0.0002849863376,5.270551682,0.3755247979,0.6210737831,0.1517478675,0.007518325001,0.04777313024,0.4052948356,1.497873902,0.3575217053,0.0003741936525,5.435536861,-0.2617136169,0.2782659472,-0.1901390553,-0.7117465138,-0.393368572,-0.06656273454,-0.002291679382,0.3268058375,-1.713612795,0.7068071365,341,-0.3405866024,-0.2441765901,-0.5325764724,-0.08600661391,0.006407590097,-0.3341790123,0.005865102639,0.005865102639
jpeg_q75,all,authentic,6,dct_anomaly_score,,,false,341,0.8907559794,0.1631044533,1,0.5335618854,0.7993974686,1,1,0.2006025314,0.3281230032,1,0.9533122344,0.1068750251,1,0.6853791475,0.9950850606,1,1,0.004914939404,0.4789781868,1,0.06255625507,0.09742933638,0,0,0,0.1397949457,0.254103899,0.1397949457,-0.3026605844,0.3572561443,341,0.3823732802,0,0,0.8525074917,0.01409581228,0.3964690925,0.005865102639,0
jpeg_q75,all,authentic,7,noise_global_level,,,false,341,0.0809726772,0.05687431847,0.06542275101,0.02025177516,0.03888662159,0.1037373766,0.1839787811,0.06485075504,0.006162684411,0.3703222573,0.07202911841,0.05206812682,0.05902163684,0.01924214885,0.03657740727,0.08874839544,0.1828383356,0.05217098817,0.005912918132,0.3684872389,-0.008943558784,0.01012758344,-0.007436877117,-0.02577636763,-0.01413944364,-0.002383343875,0.001242808998,0.01175609976,-0.04718142748,0.0383580029,341,-0.1600440198,-0.1330517851,-0.2555097587,-0.04287274633,0.005461863697,-0.1545821561,0.005865102639,0.008797653959
jpeg_q75,all,authentic,8,noise_max_to_min_ratio,,,false,341,0.4070196823,0.3355474915,0.2636824846,0.06158592552,0.1299231499,0.6398617029,1,0.509938553,0.0300397668,1,0.3895786171,0.3311289109,0.2535632253,0.06353341788,0.1327181607,0.6010152698,1,0.468297109,0.02731042169,1,-0.01744106521,0.07194712263,-0.009785875678,-0.1267601252,-0.03567368537,0.000103533268,0.05106949806,0.03577721864,-0.3069716096,0.5633622706,341,-0.05210434078,-0.02861351836,-0.1055749024,0.0003027272327,-0.005645856496,-0.05775019728,0.005865102639,0.005865102639
jpeg_q75,all,authentic,9,noise_std_of_variances,,,false,341,0.0450838648,0.02966732232,0.03806832805,0.01116165146,0.02322033793,0.05813753232,0.1023390293,0.0349171944,0.002154552378,0.1630911529,0.04024726898,0.02814987598,0.03415501863,0.00953533873,0.02022329904,0.05093981326,0.1010352299,0.03071651421,0.002649588743,0.1638715416,-0.004836595813,0.005174406983,-0.004171907902,-0.01401341707,-0.007368579507,-0.001730112359,0.00193318259,0.005638467148,-0.02203959227,0.01621459424,341,-0.1651357405,-0.1470651301,-0.2572751749,-0.05787479462,-0.0006844868247,-0.1658202273,0.005865102639,0.005865102639
jpeg_q75,all,authentic,10,noise_coef_variation,,,false,341,0.6069329474,0.2375669564,0.5851406455,0.2555801272,0.4276348948,0.7512331009,1.008495092,0.323598206,0.1013499871,1.52797842,0.5953428381,0.2287986256,0.5873432755,0.259873718,0.4166964591,0.7401641011,0.9710934162,0.3234676421,0.07722508907,1.355716228,-0.01159010932,0.04769925303,-0.01137042046,-0.08541092277,-0.03515732288,0.01011037827,0.05682611465,0.04526770115,-0.1858861446,0.2454818785,341,-0.0484569939,-0.04856700157,-0.1456782779,0.04262120258,-0.01759306177,-0.06605005567,0.008797653959,0.01173020528
jpeg_q75,all,authentic,11,noise_inconsistency_score,,,false,341,0.4669020253,0.2804844366,0.4468541741,0.007440159563,0.2368465215,0.6683107615,1,0.43146424,0,1,0.4532459658,0.2723984167,0.4497910142,0.01316496544,0.2222619504,0.653552115,0.9614579082,0.4312901646,0,1,-0.01365605956,0.05906419346,-0.0127427578,-0.1105984449,-0.04319524765,0.008738771081,0.07457634807,0.05193401873,-0.196208477,0.3273091465,341,-0.04842297582,-0.04526019701,-0.1543418532,0.03098694491,-0.01711259463,-0.06553557045,0,0
jpeg_q75,all,authentic,12,jpeg_boundary_difference_ratio,,,false,341,1.096946526,0.09766904819,1.073817849,0.9968537688,1.032080889,1.142973185,1.270752311,0.1108922958,0.9246424437,1.865938544,1.280902538,0.1389048642,1.261789441,1.099821687,1.20741117,1.341161966,1.491447806,0.1337507963,0.9334542751,2.518882513,0.1839560113,0.07613521696,0.187759757,0.04862159491,0.1491686106,0.2191090584,0.2881850004,0.06994044781,-0.06912767887,0.6529439688,341,2.035770859,2.064181043,1.665073357,2.413881669,0.06231101437,2.098081873,0.01173020528,0.008797653959
jpeg_q75,all,authentic,13,jpeg_periodic_grid_strength,,,false,341,0.09855741202,0.09560260885,0.07381784916,0,0.0320808962,0.1429732293,0.2707523704,0.1108923331,0,0.8659385443,0.2811928476,0.1382611266,0.2617894411,0.09982174635,0.2074112147,0.3411619663,0.4914477766,0.1337507516,0,1.518882632,0.1826354355,0.07664334931,0.1870858371,0.03779530525,0.1474912725,0.2191090137,0.2881850898,0.07161774114,-0.06912763976,0.652944088,341,2.072303272,2.102178723,1.662043958,2.471363813,0.06380810505,2.136111377,0.00293255132,0.008797653959
jpeg_q75,all,authentic,14,jpeg_artifact_score,,,false,341,0.1948080593,0.1767903727,0.1476356983,0,0.0641617924,0.2859464586,0.5415047407,0.2217846662,0,1,0.5476199578,0.2201098145,0.5235788822,0.1996434927,0.4148224294,0.6823239326,0.9828955531,0.2675015032,0,1,0.3528118985,0.1384628254,0.3694062233,0.04987549782,0.2883712947,0.4287261367,0.546009399,0.1403548419,-0.1382552795,0.8019169569,341,2.092702822,2.191986519,1.710619299,2.534513232,0.05852525908,2.151228081,0,0
jpeg_q75,all,authentic,15,laplacian_variance,,,false,341,0.02845899406,0.03666029564,0.01743060164,0.002262115479,0.007088420447,0.03504155949,0.09527040273,0.02795313904,0.0001030618296,0.323674053,0.02336682871,0.0329604545,0.01279191114,0.001900787931,0.005500874482,0.02756541595,0.08440024406,0.02206454147,0.0001060341237,0.3210072815,-0.005092165345,0.007213071379,-0.00333972089,-0.01687403768,-0.008019657806,-0.00102823996,6.80955709e-05,0.006991417846,-0.04178981483,0.03108343482,341,-0.1423557834,-0.09106101467,-0.2200103399,-0.02942028487,0.01095567335,-0.1314001101,0.005865102639,0.005865102639
jpeg_q75,all,ai_edited,0,fft_high_freq_energy_ratio,,,false,341,0.2795461304,0.03388769892,0.2788356543,0.2240961194,0.2573487163,0.3006025553,0.3358320594,0.04325383902,0.1780514121,0.390927285,0.2794704682,0.03386231329,0.2782971263,0.22410357,0.2572975457,0.3006262779,0.3356839418,0.04332873225,0.1781223267,0.390623033,-7.566224095e-05,0.0003661134205,-5.325675011e-05,-0.000587284565,-0.0002116262913,9.387731552e-05,0.0003778338432,0.0003055036068,-0.00259308517,0.001478478312,341,-0.002192153844,-0.001574126797,-0.005935908479,0.002741481331,0.04626685259,0.04407469875,0.005865102639,0.005865102639
jpeg_q75,all,ai_edited,1,fft_spectral_peak_count,,,false,341,0.001759530818,0.01316683482,0,0,0,0,0,0,0,0.1000000015,0.001759530818,0.01316683482,0,0,0,0,0,0,0,0.1000000015,0,0,0,0,0,0,0,0,0,0,341,0,0,0,0,0.02739979947,0.02739979947,0,0
jpeg_q75,all,ai_edited,2,fft_radial_anomaly_score,,,false,341,0.0134897364,0.06855541527,0,0,0,0,0,0,0,0.400000006,0.0134897364,0.06855541527,0,0,0,0,0,0,0,0.400000006,0,0,0,0,0,0,0,0,0,0,341,0,0,0,0,0.03009654355,0.03009654355,0,0
jpeg_q75,all,ai_edited,3,fft_spectral_decay_slope,,,false,341,-1.38731515,0.1083449201,-1.392227292,-1.561380029,-1.458121657,-1.318790317,-1.213238955,0.1393313408,-1.719831467,-1.039516687,-1.387509878,0.1083837276,-1.392574072,-1.562019229,-1.457709908,-1.31902504,-1.213686943,0.1386848688,-1.719486713,-1.03952539,-0.0001947281997,0.0009678521361,-0.0001400709152,-0.001691222191,-0.0005943775177,0.0002467632294,0.001164674759,0.0008411407471,-0.007183790207,0.00393307209,341,-0.00176299964,-0.001295691397,-0.00527415133,0.002254184474,0.05350914988,0.05174615024,0.005865102639,0.005865102639
jpeg_q75,all,ai_edited,4,dct_mean_high_freq_energy,,,false,341,0.6255180885,0.5363721377,0.480499953,0.1195456088,0.2435116321,0.7945497036,1.636158466,0.5510380715,0.04187816754,3.636818409,0.3698040713,0.3933418801,0.2506940961,0.06801827252,0.1255474985,0.4402565062,1.183824182,0.3147090077,0.0224450808,3.078460455,-0.2557140172,0.1945818897,-0.2163109183,-0.5986171365,-0.3664257824,-0.1065449193,-0.03562373668,0.2598808631,-0.9825768471,0.1953613758,341,-0.470106783,-0.3937373736,-0.6725853194,-0.194028514,0.01001054577,-0.4600962372,0.00293255132,0.008797653959
jpeg_q75,all,ai_edited,5,dct_ac_energy_variance,,,false,341,0.6317094893,0.7579662289,0.3557592332,0.03911680356,0.1522630304,0.8105398417,2.194195509,0.6582768112,0.0004287126649,5.233992577,0.3792301286,0.6093327165,0.1650674641,0.01257996913,0.05962041393,0.4120161533,1.477656245,0.3523957394,0.0003709816665,5.393877983,-0.2524793607,0.2643509159,-0.1862882674,-0.7083810568,-0.372638762,-0.07521513104,-0.01118439529,0.297423631,-1.661035538,0.851600647,341,-0.3284595841,-0.2372297757,-0.4932019577,-0.09601927705,-0.00120091198,-0.3296604961,0.005865102639,0.005865102639
jpeg_q75,all,ai_edited,6,dct_anomaly_score,,,false,341,0.886246968,0.164359598,1,0.5288105011,0.7868204713,1,1,0.2131795287,0.3411827087,1,0.957460019,0.1018952944,1,0.6889439821,1,1,1,0,0.4866328537,1,0.07121305093,0.1003319946,0,0,0,0.1535640359,0.2801093459,0.1535640359,-0.2855421305,0.3860518336,341,0.4354365869,0,0,0.9242720357,-0.01365279783,0.4217837891,0.00293255132,0
jpeg_q75,all,ai_edited,7,noise_global_level,,,false,341,0.08043141146,0.05502211144,0.0661745742,0.02166654728,0.03996229172,0.1008927003,0.1823482811,0.06093040854,0.006754894275,0.3557565212,0.07225354718,0.05067485285,0.05900016055,0.02120644972,0.03701408952,0.08777968585,0.1796185672,0.05076559633,0.005897312891,0.3549804986,-0.008177864286,0.009423848576,-0.006940193474,-0.02477742732,-0.01288966089,-0.002118187025,0.000969806686,0.01077147387,-0.04554787278,0.03738687932,341,-0.1463546508,-0.1244900886,-0.2306065254,-0.03810297622,-0.004305682556,-0.1506603333,0.00293255132,0.005865102639
jpeg_q75,all,ai_edited,8,noise_max_to_min_ratio,,,false,341,0.4122582572,0.3360534777,0.27295959,0.0644280538,0.1333564967,0.6559305191,1,0.5225740224,0.0300397668,1,0.3983371082,0.3325478385,0.2608955503,0.06624335051,0.1328485161,0.6381321549,1,0.5052836388,0.02731042169,1,-0.0139211491,0.07330783291,-0.007060050964,-0.1267601252,-0.03167693317,0.001915514469,0.06012654305,0.03359244764,-0.3361099958,0.5633622706,341,-0.0415480705,-0.02056783053,-0.09398573888,0.00560088951,0.009942381105,-0.0316056894,0.005865102639,0.005865102639
jpeg_q75,all,ai_edited,9,noise_std_of_variances,,,false,341,0.04518945542,0.02905456952,0.03766378015,0.01234389655,0.02433099784,0.05708248913,0.102458559,0.03275149129,0.002187216189,0.1617175788,0.04082744921,0.02755075153,0.0342037715,0.01083661523,0.02163811773,0.05055708811,0.09741850942,0.02891897038,0.002877809806,0.1659181714,-0.004362006216,0.004964797311,-0.003667568788,-0.01324485987,-0.006694909185,-0.001164347865,0.001666156575,0.00553056132,-0.0202498734,0.01610415429,341,-0.1489327901,-0.1239870567,-0.2280850625,-0.04137133346,0.002812004987,-0.1461207851,0.00293255132,0.005865102639
jpeg_q75,all,ai_edited,10,noise_coef_variation,,,false,341,0.61586444,0.2419811776,0.5927323103,0.2746349871,0.4282916486,0.7578880787,1.043121576,0.3295964301,0.1038438156,1.520560622,0.6086040725,0.2353983162,0.5859946609,0.2787006199,0.4275006354,0.7600595951,1.009215236,0.3325589597,0.07864142209,1.419005036,-0.007260367515,0.04463438627,-0.007889568806,-0.07276964188,-0.03052610159,0.01357370615,0.05348914862,0.04409980774,-0.1712861061,0.2372751534,341,-0.03034860353,-0.03364408741,-0.1291461554,0.05484679747,0.01961608186,-0.01073252168,0.005865102639,0.005865102639
jpeg_q75,all,ai_edited,11,noise_inconsistency_score,,,false,341,0.4768346184,0.2839512414,0.4569764137,0.0328466557,0.2377222031,0.6771841049,1,0.4394619018,0,1,0.4691056318,0.2775316527,0.4479928613,0.0382674858,0.2366675138,0.6800794601,1,0.4434119463,0,1,-0.007728986539,0.05485755758,-0.004757285118,-0.0929697603,-0.03593242168,0.01330643892,0.06927964091,0.04923886061,-0.1579022408,0.3163668364,341,-0.02743514517,-0.01686893163,-0.1270240045,0.04764564913,0.01823291465,-0.009202230521,0,0
jpeg_q75,all,ai_edited,12,jpeg_boundary_difference_ratio,,,false,341,1.086319508,0.08308355629,1.064600468,0.9966334105,1.027333617,1.133227944,1.233633995,0.1058943272,0.9104481339,1.533506393,1.267493887,0.1210132569,1.253200173,1.103697538,1.196598649,1.33067143,1.464889765,0.1340727806,0.9410632253,1.967819452,0.1811743796,0.06952748283,0.1851127148,0.07007777691,0.1477507353,0.214242816,0.2787022591,0.06649208069,-0.06020355225,0.4676281214,341,2.004841663,2.019842175,1.618901478,2.361951894,-0.05592874343,1.948912919,0.008797653959,0.005865102639
jpeg_q75,all,ai_edited,13,jpeg_periodic_grid_strength,,,false,341,0.08792840032,0.08082464848,0.06460051239,0,0.02733365074,0.1332279742,0.2336339802,0.1058943234,0,0.533506453,0.2677392379,0.1204204471,0.2532001436,0.1036975682,0.1965986192,0.3306714296,0.4648897052,0.1340728104,0,0.9678194523,0.1798108376,0.07030044421,0.185106948,0.06903529167,0.1441398263,0.2142427862,0.2787023485,0.07010295987,-0.06020361185,0.4676281214,341,2.040022221,2.068466967,1.643351557,2.409753656,-0.05743800629,1.982584215,0,0.005865102639
jpeg_q75,all,ai_edited,14,jpeg_artifact_score,,,false,341,0.1756591597,0.160594273,0.1292010248,0,0.05466730148,0.2664559484,0.4672679603,0.2117886469,0,1,0.5263628855,0.212148802,0.5064002872,0.2073951364,0.3931972384,0.6613428593,0.9297794104,0.2681456208,0,1,0.3507037258,0.1319017463,0.3651731238,0.1140121222,0.2863625288,0.4258308075,0.5381891131,0.1394682787,-0.1204072237,0.8051274568,341,2.080216555,2.146707921,1.704776888,2.512298933,-0.054939256,2.025277299,0,0
jpeg_q75,all,ai_edited,15,laplacian_variance,,,false,341,0.02782133683,0.03500255701,0.01703501306,0.002462649252,0.007196201012,0.03406967968,0.09043558687,0.02687347867,0.0001044801684,0.304591924,0.02325061268,0.03162610575,0.01349377539,0.002259264933,0.006057523191,0.02712821402,0.0776547119,0.02107069083,0.0001060738723,0.3031124771,-0.004570724153,0.006697208945,-0.002897111699,-0.01587691158,-0.006952099502,-0.0008516628295,0.0001169100869,0.006100436673,-0.04058307409,0.0286269784,341,-0.1277570103,-0.08110170218,-0.1961991872,-0.02299717949,-0.007135034568,-0.1348920449,0.005865102639,0.005865102639
jpeg_q50,0,all,0,fft_high_freq_energy_ratio,0.2799905716,0.03453516356,false,138,0.2699188905,0.03470280166,0.271965012,0.2189435489,0.2513972744,0.2930865437,0.3192259714,0.04168926924,0.1760342121,0.3744005263,0.2698371673,0.03455015219,0.2715900242,0.2190420724,0.2516912445,0.2930642292,0.318670392,0.04137298465,0.1769302636,0.3746070862,-8.172325898e-05,0.0004904963004,-2.214312553e-05,-0.0009716525674,-0.0003111809492,0.0002123266459,0.0005433827639,0.0005235075951,-0.001655757427,0.0009672194719,138,-0.002366378223,-0.0006411762172,-0.009010553798,0.006148129152,-0.2916355391,-0.2940019173,0,0
jpeg_q50,0,all,1,fft_spectral_peak_count,0.002022058854,0.01407540999,false,138,0,0,0,0,0,0,0,0,0,0,0,0,0,0,0,0,0,0,0,0,0,0,0,0,0,0,0,0,0,0,138,0,0,0,0,-0.1436589666,-0.1436589666,0,0
jpeg_q50,0,all,2,fft_radial_anomaly_score,0.013419118,0.06768276676,false,138,0.005797101536,0.0479782743,0,0,0,0,0,0,0,0.400000006,0.005797101536,0.0479782743,0,0,0,0,0,0,0,0.400000006,0,0,0,0,0,0,0,0,0,0,138,0,0,0,0,-0.1126138429,-0.1126138429,0,0
jpeg_q50,0,all,3,fft_spectral_decay_slope,-1.385622557,0.1102622131,false,138,-1.423606407,0.1120404502,-1.425444186,-1.594202989,-1.487365931,-1.364293367,-1.25956108,0.1230725646,-1.73265934,-1.10025394,-1.423931505,0.1119821355,-1.425394237,-1.593941665,-1.487527817,-1.36347273,-1.258874166,0.1240550876,-1.732331395,-1.099457622,-0.000325097554,0.001330247961,-0.0002791285515,-0.002656060457,-0.0009385049343,0.0005265176296,0.00155134201,0.001465022564,-0.004625082016,0.003164291382,138,-0.002948404036,-0.002531497816,-0.008511573533,0.004775141139,-0.344486557,-0.347434961,0,0
jpeg_q50,0,all,4,dct_mean_high_freq_energy,0.6197976353,0.5345537214,false,138,0.6229195484,0.5827248687,0.4881677032,0.1002211858,0.2262522541,0.7755658478,1.437540543,0.5493135937,0.04105904698,3.785670042,0.2606066597,0.3721785318,0.1718883887,0.03494640756,0.06937804446,0.300495632,0.6991785735,0.2311175875,0.015280311,2.827816725,-0.3623128888,0.2614865187,-0.2905388549,-0.9076152727,-0.5073545575,-0.1552789547,-0.06016503647,0.3520756029,-0.9796463251,-0.02577873599,138,-0.6777857384,-0.5435166631,-0.9491179973,-0.2904833479,0.005840223367,-0.671945515,0.01449275362,0.0652173913
jpeg_q50,0,all,5,dct_ac_energy_variance,0.6284246377,0.7343028515,false,138,0.6583205247,0.8985589689,0.3575113565,0.02801060453,0.1286392771,0.8179667741,2.571643233,0.689327497,0.0002849863376,5.270551682,0.3007497028,0.7047940855,0.09254502878,0.004036056763,0.02432672586,0.2700396404,1.396861684,0.2457129145,0.0002902565175,5.133240223,-0.3575708219,0.3419976274,-0.2081942353,-1.094680172,-0.5321233943,-0.1031573135,-0.02163204339,0.4289660808,-1.694643497,5.270179827e-06,138,-0.4869527896,-0.2835263882,-0.7246647528,-0.1404833351,0.0407132928,-0.4462394968,0.02898550725,0.02898550725
jpeg_q50,0,all,6,dct_anomaly_score,0.8896165086,0.1617603228,false,138,0.8841059737,0.1707738684,1,0.5005223125,0.771111697,1,1,0.228888303,0.3281230032,1,0.9846674856,0.05899431256,1,0.8864572316,1,1,1,0,0.6409426332,1,0.1005615119,0.1384481,0,0,0,0.220727697,0.3934103668,0.220727697,0,0.5580445826,138,0.621669827,0,0,1.364535463,-0.0340660481,0.5876037789,0.02173913043,0
jpeg_q50,0,all,7,noise_global_level,0.08080894019,0.05559111742,false,138,0.08028065776,0.05718313319,0.07056604326,0.01799762454,0.0382585125,0.09814796411,0.1651149116,0.0598894516,0.006745913532,0.3703222573,0.06816574185,0.05277000832,0.06046216935,0.01684081452,0.03343212232,0.08596824668,0.1369128421,0.05253612436,0.005818080623,0.3753526211,-0.01211491592,0.009679193957,-0.01004276983,-0.03204249144,-0.01659866422,-0.004838194232,-0.0003693618812,0.01176046999,-0.04135132581,0.005030363798,138,-0.2179289872,-0.1806542178,-0.2985848279,-0.08703178596,-0.009503000644,-0.2274319878,0.01449275362,0.02898550725
jpeg_q50,0,all,8,noise_max_to_min_ratio,0.4005905392,0.3283078921,false,138,0.4453081456,0.3607283821,0.2647853196,0.07081967294,0.1493788511,0.8646017313,1,0.7152228802,0.04145768657,1,0.527411613,0.3860448493,0.3871353269,0.07471480556,0.1609579399,1,1,0.8390420601,0.04352788627,1,0.08210346742,0.1777416611,0.004268202931,-0.04678922445,0,0.09202995896,0.5759783357,0.09202995896,-0.07351589203,0.736666888,138,0.2500806998,0.0130006102,0,0.2803160118,0.1362063098,0.3862870097,0,0
jpeg_q50,0,all,9,noise_std_of_variances,0.04551184494,0.02989405613,false,138,0.04365767066,0.02698248863,0.03658255562,0.01399608413,0.02659451729,0.05501394998,0.1025388174,0.0284194327,0.002154552378,0.1580343544,0.03884936574,0.02726817422,0.03143254481,0.01368023665,0.02359122969,0.04834306426,0.07912053764,0.02475183457,0.003001033794,0.1769512892,-0.004808304921,0.005632558206,-0.004178854637,-0.01478685839,-0.007685680874,-0.00170051842,0.0008264673757,0.005985162454,-0.0235593915,0.01895853877,138,-0.1608448482,-0.1397888135,-0.2570972919,-0.05688483398,-0.06202484765,-0.2228696959,0.01449275362,0.02898550725
jpeg_q50,0,all,10,noise_coef_variation,0.6096584915,0.2357993102,false,138,0.6182586212,0.254247811,0.575843662,0.3000096932,0.4279938638,0.7567478418,1.127750921,0.328753978,0.1991848499,1.52797842,0.6391547762,0.2473941604,0.6045816541,0.2970677942,0.4470092803,0.7958016247,1.025992569,0.3487923443,0.2288930267,1.438842416,0.02089615501,0.06144409426,0.01599006355,-0.08773129582,-0.00782032311,0.0489910394,0.1327031046,0.0568113625,-0.1751217842,0.1923748553,138,0.08861838906,0.06781217272,-0.03316516534,0.20776583,0.0364722427,0.1250906318,0.02173913043,0.01449275362
jpeg_q50,0,all,11,noise_inconsistency_score,0.4720873315,0.2820146066,false,138,0.4710049793,0.2822368338,0.4344582111,0.06667959392,0.237325158,0.6756637841,1,0.4383386262,0,1,0.4995532074,0.2835008904,0.4727755636,0.06275704168,0.262679033,0.7277355045,0.9963891298,0.4650564715,0,1,0.02854822814,0.07368686505,0.01455516089,-0.08923603371,-0.005864843726,0.05949836224,0.1769374728,0.06536320597,-0.1520576179,0.2564998046,138,0.1012296082,0.05161137241,-0.020796241,0.2109761723,-0.003837929798,0.0973916784,0,0
jpeg_q50,0,all,12,jpeg_boundary_difference_ratio,1.090870751,0.09272478005,false,138,1.094637892,0.08242513027,1.073904634,1.004617625,1.038554549,1.140414715,1.241220397,0.1018601656,0.9367277026,1.366062284,1.435682723,0.1830523311,1.391498923,1.200512069,1.331550568,1.512949437,1.730732,0.1813988686,1.052394509,2.319061756,0.3410448307,0.1190862973,0.3315460086,0.2074574977,0.2733888924,0.3933765292,0.4966697812,0.1199876368,0.04278147221,0.9788397551,138,3.67803332,3.575592289,2.948390843,4.242409947,0.04062712246,3.718660443,0,0.01449275362
jpeg_q50,0,all,13,jpeg_periodic_grid_strength,0.09243611017,0.0907148422,false,138,0.09642331938,0.07966541225,0.07390465587,0.004617586674,0.03855454829,0.1404147036,0.2412204221,0.1018601554,0,0.3660622239,0.435682724,0.1830523379,0.3914989233,0.2005120881,0.3315505683,0.5129493922,0.7307319999,0.1813988239,0.05239452422,1.319061756,0.3392594046,0.119726417,0.3315460221,0.1974563353,0.2733889781,0.3753713919,0.4966697894,0.1019824138,0.04278145544,0.9788397551,138,3.739844511,3.654815618,3.013718279,4.137926967,0.04395321777,3.783797728,0,0.01449275362
jpeg_q50,0,all,14,jpeg_artifact_score,0.1833023631,0.171337667,false,138,0.1928466388,0.1593308245,0.1478093117,0.009235173347,0.07710909657,0.2808294073,0.4824408442,0.2037203107,0,0.7321244478,0.7819812991,0.1988082982,0.7829978466,0.4010241762,0.6631011367,0.9988402128,1,0.3357390761,0.1047890484,1,0.5891346603,0.1360008038,0.6052185632,0.335113579,0.5208183788,0.6980398679,0.7544037133,0.1772214891,0.08556291088,0.843574889,138,3.438442176,3.532314721,3.0397191,4.074059606,0.05570448035,3.494146656,0,0
jpeg_q50,0,all,15,laplacian_variance,0.02789879267,0.0338247289,false,138,0.02909166392,0.04280568419,0.01999837346,0.002280609007,0.006337314378,0.03559730481,0.08532636315,0.02925999044,0.0001030618296,0.323674053,0.02318199625,0.04162918799,0.01379143586,0.001801738585,0.004806791432,0.0266256961,0.06406906135,0.02181890467,0.0001205562585,0.3324856162,-0.005909667671,0.006226898412,-0.003811825532,-0.0173994978,-0.008754562587,-0.001258538803,-6.48398709e-05,0.007496023783,-0.02687264234,0.008811563253,138,-0.1747144135,-0.1126934541,-0.2588213674,-0.03720765381,0.03526624731,-0.1394481661,0.02898550725,0.02898550725
jpeg_q50,0,authentic,0,fft_high_freq_energy_ratio,0.2799905716,0.03453516356,false,69,0.2676152451,0.03527896482,0.2713539302,0.2168984205,0.247530669,0.2894434333,0.3214311659,0.04191276431,0.1760342121,0.3672825694,0.2675563166,0.03512800732,0.271307379,0.2171499372,0.2472106367,0.2893773019,0.3207842529,0.0421666652,0.1769302636,0.3675203025,-5.892847759e-05,0.0004895807364,1.284480095e-05,-0.0009234666824,-0.0003043413162,0.0002377331257,0.0005424499512,0.0005420744419,-0.001637846231,0.0009620189667,69,-0.001706332662,0.0003719339833,-0.008812505424,0.006883799037,-0.3583398836,-0.3600462162,0,0
jpeg_q50,0,authentic,1,fft_spectral_peak_count,0.002022058854,0.01407540999,false,69,0,0,0,0,0,0,0,0,0,0,0,0,0,0,0,0,0,0,0,0,0,0,0,0,0,0,0,0,0,0,69,0,0,0,0,-0.1436589666,-0.1436589666,0,0
jpeg_q50,0,authentic,2,fft_radial_anomaly_score,0.013419118,0.06768276676,false,69,0.005797101536,0.04815434195,0,0,0,0,0,0,0,0.400000006,0.005797101536,0.04815434195,0,0,0,0,0,0,0,0.400000006,0,0,0,0,0,0,0,0,0,0,69,0,0,0,0,-0.1126138429,-0.1126138429,0,0
jpeg_q50,0,authentic,3,fft_spectral_decay_slope,-1.385622557,0.1102622131,false,69,-1.430753112,0.1147607778,-1.426779509,-1.600326872,-1.487609267,-1.371150851,-1.261711669,0.116458416,-1.73265934,-1.110512137,-1.431058208,0.1146875493,-1.426355004,-1.60074327,-1.489869714,-1.371204138,-1.260653687,0.118665576,-1.732331395,-1.109730124,-0.0003050963084,0.001341851903,-0.0001765489578,-0.002664160728,-0.0009553432465,0.0005602836609,0.001359820366,0.001515626907,-0.004548788071,0.003164291382,69,-0.002767006937,-0.00160117372,-0.008664285071,0.005081375073,-0.409302097,-0.412069104,0,0
jpeg_q50,0,authentic,4,dct_mean_high_freq_energy,0.6197976353,0.5345537214,false,69,0.6180749267,0.5952769108,0.4740214944,0.09867266417,0.2234260589,0.7519392967,1.43703568,0.5285132378,0.04105904698,3.785670042,0.2615980123,0.3838052781,0.1724675447,0.03426659331,0.06762725115,0.2987212837,0.6560818195,0.2310940325,0.015280311,2.827816725,-0.3564769143,0.2640335425,-0.2774644718,-0.8944372594,-0.5041794181,-0.1335454807,-0.05874907374,0.3706339374,-0.9796463251,-0.02577873599,69,-0.666868268,-0.5190581613,-0.9431782025,-0.2498261172,-0.003222704407,-0.6700909724,0.01449275362,0.07246376812
jpeg_q50,0,authentic,5,dct_ac_energy_variance,0.6284246377,0.7343028515,false,69,0.6633549428,0.9142852431,0.3665522933,0.02697313018,0.1177308857,0.819165647,2.399181032,0.7014347613,0.0002849863376,5.270551682,0.3023398919,0.7101074836,0.09359199554,0.003910561744,0.02022948489,0.2697601318,1.168776631,0.249530647,0.0002902565175,5.133240223,-0.3610150508,0.3530783107,-0.2067817934,-1.03564682,-0.5116156936,-0.08792985231,-0.02123685824,0.4236858413,-1.694643497,5.270179827e-06,69,-0.4916432643,-0.281602874,-0.6967366292,-0.1197460314,0.0475693442,-0.4440739201,0.02898550725,0.02898550725
jpeg_q50,0,authentic,6,dct_anomaly_score,0.8896165086,0.1617603228,false,69,0.8879090625,0.1721135007,1,0.5240263104,0.7816799879,1,1,0.2183200121,0.3281230032,1,0.9841135066,0.06052949358,1,0.8863595843,1,1,1,0,0.6409426332,1,0.09620444412,0.1383742499,0,0,0,0.2101963758,0.3669587851,0.2101963758,0,0.5580445826,69,0.5947344963,0,0,1.299430986,-0.0105554074,0.5841790889,0.02898550725,0
jpeg_q50,0,authentic,7,noise_global_level,0.08080894019,0.05559111742,false,69,0.0805053915,0.05851415123,0.07197356224,0.01819529869,0.03660837561,0.1022324786,0.1648542762,0.06562410295,0.006745913532,0.3703222573,0.0681562918,0.05411375504,0.06072873622,0.0168028973,0.03321808204,0.08781658858,0.1367033571,0.05459850654,0.005818080623,0.3753526211,-0.01234909969,0.009841750276,-0.01029171795,-0.03227955699,-0.01663687825,-0.004997089505,-0.0004690218717,0.01163978875,-0.04135132581,0.005030363798,69,-0.2221415986,-0.1851324173,-0.2992722403,-0.08989007125,-0.005460381204,-0.2276019798,0.01449275362,0.02898550725
jpeg_q50,0,authentic,8,noise_max_to_min_ratio,0.4005905392,0.3283078921,false,69,0.4443641093,0.3622214853,0.2658881545,0.07129057646,0.142224431,0.8488205075,1,0.7065960765,0.04370579496,1,0.525508569,0.3900331919,0.364628166,0.07690610141,0.1469998062,1,1,0.8530001938,0.0461916849,1,0.08114445971,0.1800029892,0.004887610674,-0.05066902637,0,0.07719546556,0.5746081054,0.07719546556,-0.07351589203,0.7341118455,69,0.2471596378,0.01488727743,0,0.2351313125,0.1333308496,0.3804904874,0,0
jpeg_q50,0,authentic,9,noise_std_of_variances,0.04551184494,0.02989405613,false,69,0.04369038287,0.02724900578,0.03717752174,0.01391178984,0.02697456814,0.054776337,0.09540184885,0.02780176885,0.002154552378,0.1550073773,0.03867525981,0.02754015371,0.03198928759,0.01380366758,0.02358532697,0.04773497954,0.07819816321,0.02414965257,0.003001033794,0.173965916,-0.005015123062,0.005691529695,-0.004204021767,-0.01434848383,-0.007703512907,-0.001899061725,0.0007492250763,0.005804451182,-0.0235593915,0.01895853877,69,-0.1677632182,-0.1406306909,-0.2576937995,-0.06352639857,-0.06093057629,-0.2286937945,0.01449275362,0.02898550725
jpeg_q50,0,authentic,10,noise_coef_variation,0.6096584915,0.2357993102,false,69,0.619954743,0.2614177481,0.5725318193,0.3023601413,0.4268141091,0.7614194751,1.073199153,0.334605366,0.2025957406,1.52797842,0.638587415,0.2525581652,0.6125022769,0.3011829734,0.4326028228,0.8013730645,1.109524226,0.3687702417,0.2343161255,1.438842416,0.01863267197,0.06196541094,0.01472449303,-0.08487319946,-0.008726418018,0.04488858581,0.1283488512,0.05361500382,-0.1751217842,0.1923748553,69,0.07901919627,0.06244502164,-0.03700781827,0.1903677571,0.04366531661,0.1226845129,0.02898550725,0.01449275362
jpeg_q50,0,authentic,11,noise_inconsistency_score,0.4720873315,0.2820146066,false,69,0.4703471324,0.2843488453,0.4300424159,0.06981352568,0.2357521355,0.6818926334,0.9851087809,0.4461404979,0,1,0.496253537,0.2853490059,0.4833363891,0.06824396998,0.2434704304,0.7351641059,0.9929618359,0.4916936755,0,1,0.02590640462,0.07294963178,0.01335097849,-0.08484724164,-0.01102650166,0.05793553591,0.1711317956,0.06896203756,-0.1490908265,0.2564998046,69,0.0918619249,0.04734144324,-0.0390990445,0.205434522,-0.006170599333,0.08569132556,0,0
jpeg_q50,0,authentic,12,jpeg_boundary_difference_ratio,1.090870751,0.09272478005,false,69,1.099273489,0.08535653055,1.078463078,1.005254459,1.043555379,1.148357272,1.255086613,0.1048018932,0.9367277026,1.366062284,1.441638401,0.1873332199,1.392992854,1.200388622,1.335383296,1.537961006,1.735152102,0.2025777102,1.052394509,2.319061756,0.3423649116,0.1207325126,0.3323503733,0.2079586625,0.2728551626,0.3973612785,0.4927145958,0.1245061159,0.04278147221,0.9788397551,69,3.69226987,3.584267044,2.942634779,4.285383889,0.09062019928,3.782890069,0,0.01449275362
jpeg_q50,0,authentic,13,jpeg_periodic_grid_strength,0.09243611017,0.0907148422,false,69,0.1011309469,0.08243236445,0.0784631297,0.005254429486,0.04355535656,0.1483572572,0.2550866425,0.1048019007,0,0.3660622239,0.4416384079,0.1873332231,0.3929927945,0.2003886014,0.3353833258,0.5379610062,0.7351521015,0.2025776803,0.05239452422,1.319061756,0.340507461,0.121317718,0.3323503779,0.2003886014,0.2728551365,0.3881120533,0.4927146256,0.1152569167,0.04278145544,0.9788397551,69,3.753602528,3.663682479,3.007833447,4.278374342,0.09584800616,3.849450534,0,0.01449275362
jpeg_q50,0,authentic,14,jpeg_artifact_score,0.1833023631,0.171337667,false,69,0.2022618938,0.1648647289,0.1569262594,0.01050885897,0.08711071312,0.2967145145,0.510173285,0.2096038014,0,0.7321244478,0.7858906907,0.2002868054,0.785985589,0.4007772028,0.6707666516,1,1,0.3292333484,0.1047890484,1,0.5836287968,0.1357008801,0.6047964692,0.3386529535,0.5190660655,0.6906230897,0.7428299621,0.1715570241,0.08556291088,0.843574889,69,3.406307598,3.529851199,3.029491849,4.030772112,0.1106559411,3.516963539,0,0
jpeg_q50,0,authentic,15,laplacian_variance,0.02789879267,0.0338247289,false,69,0.02949938314,0.04420125242,0.02020472474,0.002270818315,0.005969624966,0.03699894622,0.07890564501,0.03102932125,0.0001030618296,0.323674053,0.02340044021,0.04302669011,0.01386971399,0.001785374177,0.004487354308,0.02666620724,0.05981866568,0.02217885293,0.0001205562585,0.3324856162,-0.006098942931,0.006418071387,-0.00385781005,-0.01765245125,-0.008862271905,-0.001359081827,-7.765181363e-05,0.007503190078,-0.02687264234,0.008811563253,69,-0.1803101792,-0.1140529481,-0.2620057039,-0.04018012475,0.04732012704,-0.1329900522,0.02898550725,0.02898550725
jpeg_q50,0,ai_edited,0,fft_high_freq_energy_ratio,0.2799905716,0.03453516356,false,69,0.272222536,0.03421847377,0.275267154,0.2219266862,0.2534981966,0.2949897945,0.3187403679,0.04149159789,0.1780514121,0.3744005263,0.2721180179,0.0340653221,0.2752928138,0.2220662534,0.2533414066,0.2944812179,0.3181304812,0.04113981128,0.1790186316,0.3746070862,-0.0001045180404,0.000493930659,-2.339482307e-05,-0.0009802401066,-0.0003335475922,0.0001640319824,0.0005424261093,0.0004975795746,-0.001655757427,0.0009672194719,69,-0.003026423783,-0.0006774203641,-0.009658202185,0.004749709152,-0.2249311946,-0.2279576184,0,0
jpeg_q50,0,ai_edited,1,fft_spectral_peak_count,0.002022058854,0.01407540999,false,69,0,0,0,0,0,0,0,0,0,0,0,0,0,0,0,0,0,0,0,0,0,0,0,0,0,0,0,0,0,0,69,0,0,0,0,-0.1436589666,-0.1436589666,0,0
jpeg_q50,0,ai_edited,2,fft_radial_anomaly_score,0.013419118,0.06768276676,false,69,0.005797101536,0.04815434195,0,0,0,0,0,0,0,0.400000006,0.005797101536,0.04815434195,0,0,0,0,0,0,0,0.400000006,0,0,0,0,0,0,0,0,0,0,69,0,0,0,0,-0.1126138429,-0.1126138429,0,0
jpeg_q50,0,ai_edited,3,fft_spectral_decay_slope,-1.385622557,0.1102622131,false,69,-1.416459702,0.1096222592,-1.419485807,-1.586987209,-1.482180834,-1.348156929,-1.257024431,0.1340239048,-1.719831467,-1.10025394,-1.416804801,0.1095814834,-1.420075297,-1.587232065,-1.486805916,-1.347072124,-1.257563972,0.1397337914,-1.717571855,-1.099457622,-0.0003450987996,0.001328067701,-0.0003595352173,-0.002300000191,-0.0009319782257,0.0005031824112,0.001608419418,0.001435160637,-0.004625082016,0.002376317978,69,-0.003129801135,-0.003260729196,-0.008452380919,0.004563507273,-0.2796710169,-0.282800818,0,0
jpeg_q50,0,ai_edited,4,dct_mean_high_freq_energy,0.6197976353,0.5345537214,false,69,0.6277641702,0.5742194395,0.5124770999,0.1108863637,0.2412195504,0.7892599106,1.429987264,0.5480403602,0.04187816754,3.636818409,0.259615307,0.3629906964,0.1713092327,0.03583085686,0.07660739869,0.3010870814,0.6811803699,0.2244796827,0.01528149191,2.666454077,-0.3681488632,0.260716486,-0.311937362,-0.8953969479,-0.5080176294,-0.1573791206,-0.07064225078,0.3506385088,-0.970849514,-0.02659667563,69,-0.6887032088,-0.5835472647,-0.9503584187,-0.294412169,0.01490315114,-0.6738000576,0.01449275362,0.05797101449
jpeg_q50,0,ai_edited,5,dct_ac_energy_variance,0.6284246377,0.7343028515,false,69,0.6532861066,0.8892250275,0.3484704196,0.03260450102,0.1522630304,0.8096401095,2.534277678,0.6573770791,0.0004287126649,5.233992577,0.2991595136,0.7046393105,0.09219122678,0.004385427386,0.0251553189,0.2701328099,1.301374626,0.244977491,0.0002905243891,5.122752666,-0.354126593,0.3331012181,-0.2096066773,-1.02100153,-0.5389592946,-0.1068662573,-0.02821907364,0.4320930373,-1.511070013,-0.0001381882757,69,-0.482262315,-0.2854499024,-0.7339741273,-0.1455343079,0.03385724141,-0.4484050735,0.02898550725,0.02898550725
jpeg_q50,0,ai_edited,6,dct_anomaly_score,0.8896165086,0.1617603228,false,69,0.8803028849,0.1705986428,1,0.5353471756,0.7646696568,1,1,0.2353303432,0.3411827087,1,0.9852214646,0.05785669133,1,0.8889150858,1,1,1,0,0.679033637,1,0.1049185797,0.1393975389,0,0,0,0.2326712012,0.37534585,0.2326712012,0,0.491915077,69,0.6486051577,0,0,1.438370035,-0.0575766888,0.5910284689,0.01449275362,0
jpeg_q50,0,ai_edited,7,noise_global_level,0.08080894019,0.05559111742,false,69,0.08005592403,0.05624855531,0.06915852427,0.01875221208,0.03857033327,0.09627329558,0.1622808248,0.05770296231,0.006754894275,0.3557565212,0.06817519189,0.05178802927,0.06019560248,0.01771538854,0.03411466256,0.08162762225,0.1361616164,0.04751295969,0.005820976105,0.3590347171,-0.01188073214,0.00958018751,-0.009782217443,-0.03144379556,-0.01608254761,-0.004802448675,-0.0005992930382,0.01128009893,-0.04013125598,0.003278195858,69,-0.2137163758,-0.1759672749,-0.2893006716,-0.08638877753,-0.01354562008,-0.2272619959,0.01449275362,0.02898550725
jpeg_q50,0,ai_edited,8,noise_max_to_min_ratio,0.4005905392,0.3283078921,false,69,0.4462521819,0.3618802574,0.2636824846,0.06979696006,0.1606089771,0.8698621392,1,0.7092531621,0.04145768657,1,0.5293146571,0.3848631416,0.4096424878,0.07443110496,0.1815485507,1,1,0.8184514493,0.04352788627,1,0.08306247514,0.176764938,0.003648795187,-0.04014323354,0,0.09777243435,0.5760835588,0.09777243435,-0.07351589203,0.736666888,69,0.2530017619,0.01111394296,0,0.2978071399,0.13908177,0.3920835319,0,0
jpeg_q50,0,ai_edited,9,noise_std_of_variances,0.04551184494,0.02989405613,false,69,0.04362495845,0.02691292598,0.03598758951,0.01447887011,0.02646783367,0.05509315431,0.09505370706,0.02862532064,0.002187216189,0.1580343544,0.03902347167,0.02719411104,0.03137001023,0.01359338127,0.02360893786,0.04854575917,0.07820150405,0.02493682131,0.003010151675,0.1769512892,-0.00460148678,0.005606929878,-0.004066416994,-0.01414325126,-0.00737118721,-0.001573000103,0.0007233028766,0.005798187107,-0.02339337766,0.01891693473,69,-0.1539264782,-0.1360276095,-0.2465770178,-0.05261915935,-0.06311911901,-0.2170455972,0.01449275362,0.02898550725
jpeg_q50,0,ai_edited,10,noise_coef_variation,0.6096584915,0.2357993102,false,69,0.6165624993,0.2487758798,0.5791555047,0.305921942,0.4383569956,0.7533271313,1.063267303,0.3149701357,0.1991848499,1.520560622,0.6397221373,0.2439703221,0.5966610312,0.3039354205,0.4686053991,0.7888616323,0.9947512507,0.3202562332,0.2288930267,1.433077216,0.02315963805,0.06128755285,0.01718229055,-0.08725194931,-0.002780407667,0.05506688356,0.1298594475,0.05784729123,-0.1348782182,0.1893140674,69,0.09821758185,0.07286828168,-0.01179141561,0.2335328442,0.02927916879,0.1274967506,0.01449275362,0.01449275362
jpeg_q50,0,ai_edited,11,noise_inconsistency_score,0.4720873315,0.2820146066,false,69,0.4716628262,0.2821906313,0.4388740063,0.07456259429,0.2511426508,0.6711028218,0.9827120781,0.419960171,0,1,0.5028528778,0.283692282,0.4622147381,0.07191387713,0.2914738953,0.7184821963,0.9930016637,0.427008301,0,1,0.03119005166,0.07485682985,0.01696370542,-0.08868316114,-0.003247320652,0.06482648849,0.173145926,0.06807380915,-0.1520576179,0.2524187639,69,0.1105972915,0.0601518681,-0.01151472504,0.2298692584,-0.001505260264,0.1090920312,0,0
jpeg_q50,0,ai_edited,12,jpeg_boundary_difference_ratio,1.090870751,0.09272478005,false,69,1.090002295,0.07973937343,1.072321057,1.004238486,1.038431048,1.1353513,1.231177855,0.09692025185,0.9374209642,1.356818676,1.429727045,0.1798425982,1.387734532,1.201368785,1.328956842,1.492067575,1.714769602,0.163110733,1.058285475,2.30902648,0.3397247498,0.118286806,0.3307416439,0.2092859507,0.2752642632,0.3766210079,0.4912497044,0.1013567448,0.04982054234,0.9779559374,69,3.663796771,3.566917535,2.968615973,4.061708291,-0.009365954367,3.654430817,0,0.01449275362
jpeg_q50,0,ai_edited,13,jpeg_periodic_grid_strength,0.09243611017,0.0907148422,false,69,0.09171569184,0.07711301969,0.07232104242,0.004238491366,0.03843105957,0.1353512853,0.2311778694,0.09692022577,0,0.3568187356,0.4297270401,0.1798426085,0.3877345622,0.2013687849,0.3289568126,0.4920675457,0.714769578,0.163110733,0.05828543007,1.309026599,0.3380113483,0.1189894124,0.3307416663,0.1955754936,0.2752641886,0.3713731728,0.4912497371,0.0961089842,0.04982046038,0.9779561162,69,3.726086493,3.645948758,3.034389764,4.093852382,-0.007941570622,3.718144923,0,0.01449275362
jpeg_q50,0,ai_edited,14,jpeg_artifact_score,0.1833023631,0.171337667,false,69,0.1834313837,0.1542260394,0.1446420848,0.008476982731,0.07686211914,0.2707025707,0.4623557389,0.1938404515,0,0.7136374712,0.7780719076,0.1987080884,0.7754691243,0.4027375698,0.6579136252,0.9841350913,1,0.3262214661,0.1165708601,1,0.5946405239,0.137070022,0.6145670414,0.3535463311,0.5252336673,0.7020323724,0.778552866,0.176798705,0.09964092076,0.8430715725,69,3.470576753,3.586876443,3.065488615,4.097361572,0.0007530196,3.471329773,0,0
jpeg_q50,0,ai_edited,15,laplacian_variance,0.02789879267,0.0338247289,false,69,0.02868394471,0.04168346319,0.01991919987,0.002396052377,0.007196201012,0.03478367627,0.08247068226,0.02758747526,0.0001044801684,0.304591924,0.0229635523,0.04049778785,0.01371315774,0.001919739647,0.005534659605,0.0265041627,0.06366593391,0.02096950309,0.0001210182745,0.3124153614,-0.005720392411,0.006070781924,-0.00380593352,-0.01706064306,-0.008431434631,-0.001011808403,-0.0001319101313,0.007419626229,-0.0231821239,0.007823437452,69,-0.1691186477,-0.1125192616,-0.2492683579,-0.02991327457,0.02321236758,-0.1459062801,0.02898550725,0.02898550725
jpeg_q50,1,all,0,fft_high_freq_energy_ratio,0.2786693905,0.0355163206,false,136,0.2750749312,0.03160326606,0.2767008096,0.222432591,0.2527769282,0.2948192582,0.3253226727,0.04204232991,0.2045774013,0.3512496948,0.2750755821,0.03140082399,0.2765627056,0.2224241532,0.2537264228,0.2944908366,0.3251990303,0.04076441377,0.2049715668,0.3512411118,6.50939696e-07,0.0005263077835,-1.782178879e-05,-0.000929273665,-0.0002893656492,0.0002102181315,0.0009595416486,0.0004995837808,-0.001223742962,0.001856163144,136,1.832790348e-05,-0.0005017915282,-0.008147399403,0.005918916375,-0.1012058459,-0.101187518,0,0
jpeg_q50,1,all,1,fft_spectral_peak_count,0.001648351673,0.01273256088,false,136,0.001470588257,0.01208178394,0,0,0,0,0,0,0,0.1000000015,0.001470588257,0.01208178394,0,0,0,0,0,0,0,0.1000000015,0,0,0,0,0,0,0,0,0,0,136,0,0,0,0,-0.01396132462,-0.01396132462,0,0
jpeg_q50,1,all,2,fft_radial_anomaly_score,0.01300366332,0.06736367464,false,136,0.007352941396,0.04963922265,0,0,0,0,0,0,0,0.400000006,0.007352941396,0.04963922265,0,0,0,0,0,0,0,0.400000006,0,0,0,0,0,0,0,0,0,0,136,0,0,0,0,-0.08388381356,-0.08388381356,0,0
jpeg_q50,1,all,3,fft_spectral_decay_slope,-1.392526299,0.1152052171,false,136,-1.3964485,0.09599708793,-1.394814312,-1.558979988,-1.457956523,-1.343144357,-1.236070007,0.1148121655,-1.652271986,-1.201180458,-1.396426548,0.09560451081,-1.395256341,-1.55855003,-1.455385208,-1.34348917,-1.236952811,0.1118960381,-1.651289463,-1.201239467,2.195204006e-05,0.001452021384,-0.0001391768456,-0.002286702394,-0.0008062124252,0.0005077421665,0.002896845341,0.001313954592,-0.003111004829,0.004732608795,136,0.0001905472739,-0.00120807763,-0.006998054826,0.004407284492,-0.03404534503,-0.03385479775,0,0
jpeg_q50,1,all,4,dct_mean_high_freq_energy,0.6181044546,0.5493786794,false,136,0.6297630816,0.524664406,0.4934166074,0.09328012168,0.2241934575,0.8972641379,1.519081235,0.6730706804,0.05065156892,2.925590038,0.2512769843,0.2544360552,0.1702109501,0.03480839822,0.07109505683,0.3586540297,0.8039821237,0.2875589728,0.02629821561,1.406116009,-0.3784860973,0.2876328874,-0.3291477114,-0.871557191,-0.5445466898,-0.1391949989,-0.0478275381,0.4053516909,-1.51947403,0.1372574866,136,-0.6889348122,-0.5991272027,-0.9912046286,-0.2533680394,0.02122147702,-0.6677133352,0,0.07352941176
jpeg_q50,1,all,5,dct_ac_energy_variance,0.6270257644,0.7701390409,false,136,0.6643762352,0.7700229038,0.3724529296,0.0212386502,0.1219567321,0.867768243,2.548336148,0.7458115108,0.004253847525,3.741172791,0.2517797313,0.3867293115,0.1017848812,0.00357498118,0.02764218254,0.3644816205,0.980207935,0.336839438,0.000642436964,2.173331976,-0.4125965038,0.4430205879,-0.2868357562,-1.36261338,-0.541634351,-0.09344608011,-0.01304339254,0.4481882709,-2.365456223,0.2606617957,136,-0.5357428749,-0.3724467153,-0.7032942394,-0.1213366355,0.04849834749,-0.4872445274,0,0
jpeg_q50,1,all,6,dct_anomaly_score,0.8892446845,0.1661288857,false,136,0.8855177008,0.1530633687,0.9908505976,0.5826226026,0.7990061194,1,1,0.2009938806,0.4697971344,1,0.9831419175,0.05521313762,1,0.8378133923,1,1,1,0,0.7184932828,1,0.09762421667,0.136715405,0.0003323554993,0,0,0.1918134391,0.3677089214,0.1918134391,-0.1972523332,0.4116870165,136,0.5876414344,0.002000588266,0,1.154606187,-0.02243429052,0.5652071439,0,0
jpeg_q50,1,all,7,noise_global_level,0.0804362417,0.05589460607,false,136,0.0817691637,0.05598680928,0.06610705703,0.01981766894,0.03725283872,0.1069633383,0.173744671,0.06971049961,0.009654874913,0.3072870076,0.06767724965,0.04644256156,0.05810759403,0.01735655498,0.02934310213,0.08906564116,0.1461322494,0.05972253904,0.008861183189,0.2423656434,-0.01409191405,0.01233009887,-0.0119440956,-0.0315993242,-0.01945522893,-0.006190263201,-0.0007653832436,0.01326496573,-0.06492136419,0.0266235508,136,-0.2521158129,-0.2136895927,-0.3480698819,-0.1107488474,0.02384705949,-0.2282687534,0,0
jpeg_q50,1,all,8,noise_max_to_min_ratio,0.4106514387,0.3299784221,false,136,0.4055742049,0.357236594,0.2709191442,0.06124536879,0.1055570152,0.7744327039,1,0.6688756887,0.03581236303,1,0.448546044,0.3664407796,0.2957833409,0.06781437807,0.1390409023,0.9650748968,1,0.8260339946,0.04034591839,1,0.04297183903,0.1156033276,0.007603801787,-0.07365304232,0,0.04325898364,0.333139658,0.04325898364,-0.1217076182,0.6286706328,136,0.1302262092,0.02304333035,0,0.1310964013,-0.01538656299,0.1148396462,0,0
jpeg_q50,1,all,9,noise_std_of_variances,0.04483697512,0.02864084927,false,136,0.04633980721,0.03198857211,0.04018729739,0.008991582785,0.022138,0.06126636732,0.1180320587,0.03912836732,0.003824761836,0.1617175788,0.04066456129,0.02878487729,0.0350648351,0.008116866113,0.01984073594,0.05418958049,0.09348225035,0.03434884455,0.003320556832,0.1439840049,-0.005675245922,0.007334190086,-0.004690729082,-0.01751357689,-0.01016051322,-0.001189214061,0.002071559895,0.008971299161,-0.02892058343,0.02453783527,136,-0.1981521521,-0.1637775835,-0.3547560034,-0.04152160607,0.05247163151,-0.1456805206,0,0
jpeg_q50,1,all,10,noise_coef_variation,0.6124711164,0.2372147582,false,136,0.607093232,0.2492087521,0.5931148529,0.2538701929,0.4148940369,0.7768195271,1.018683344,0.3619254902,0.1178079024,1.325475693,0.6376629379,0.2533729232,0.6257364154,0.2843818963,0.4384830445,0.8112247735,1.049606144,0.372741729,0.1570903361,1.447058558,0.03056970584,0.05827631599,0.02251842618,-0.05207292736,0.002390488982,0.05414637923,0.1201218367,0.05175589025,-0.1431679726,0.2973913848,136,0.1288693253,0.09492843678,0.01007731981,0.2282588977,-0.02267095178,0.1061983735,0,0
jpeg_q50,1,all,11,noise_inconsistency_score,0.4737415174,0.2792792032,false,136,0.4643479926,0.2929146226,0.4574864656,0.005580119672,0.2198587246,0.7024260759,1,0.4825673513,0,1,0.4994127921,0.2888295646,0.5009818822,0.04584252555,0.251310721,0.7482997328,1,0.4969890118,0,1,0.0350647995,0.07610533328,0.02046331763,-0.06943060458,0,0.06510261819,0.147079356,0.06510261819,-0.1908906698,0.3965218514,136,0.1255546389,0.07327189923,0,0.2331094383,-0.03363488819,0.09191975067,0,0
jpeg_q50,1,all,12,jpeg_boundary_difference_ratio,1.090441064,0.08958681008,false,136,1.096418357,0.09520352852,1.066247702,1.001485005,1.029974163,1.146678865,1.26335606,0.1167047024,0.9632553458,1.533506393,1.450768666,0.213339639,1.39494729,1.211494923,1.314437896,1.549459875,1.90545854,0.2350219786,1.136934757,2.287983894,0.3543503092,0.1394662746,0.33414644,0.198885709,0.2760903239,0.3939107358,0.7208379507,0.1178204119,-0.05292582512,0.7544775009,136,3.955384826,3.729862016,3.081818894,4.396972451,0.0667206799,4.022105506,0,0.05882352941
jpeg_q50,1,all,13,jpeg_periodic_grid_strength,0.09230288765,0.0870774111,false,136,0.09701680405,0.09449497051,0.06624772772,0.001556052652,0.02997411089,0.1466788873,0.2633560821,0.1167047764,0,0.533506453,0.4507686696,0.2133396429,0.3949472755,0.2114948779,0.3144378439,0.5494598299,0.9054585397,0.2350219861,0.1369347423,1.287984014,0.3537518656,0.1402671839,0.3341463888,0.1988856848,0.2760903295,0.3939107601,0.720837947,0.1178204305,-0.05292578042,0.7544775605,136,4.062498656,3.837348683,3.170630891,4.523684789,0.05413477887,4.116633435,0,0.05882352941
jpeg_q50,1,all,14,jpeg_artifact_score,0.1832646402,0.1648027988,false,136,0.1931384419,0.1849521611,0.1324954554,0.003112105303,0.05994822178,0.2933577746,0.5267121643,0.2334095528,0,1,0.7765662247,0.1998757226,0.789894551,0.4229897559,0.6288756877,1,1,0.3711243123,0.2738694847,1,0.5834277829,0.1657693825,0.6085491702,0.3479844667,0.5136081977,0.6891986355,0.7756312098,0.1755904378,-0.1058515608,0.9068784341,136,3.540157006,3.69259002,3.11650167,4.181959533,0.05991282741,3.600069834,0,0
jpeg_q50,1,all,15,laplacian_variance,0.02805360432,0.03645127683,false,136,0.02848768291,0.03312089592,0.01750809141,0.002079587575,0.006000415888,0.03995538224,0.09094562009,0.03395496635,0.0003404301242,0.1899305731,0.02116389519,0.0250886305,0.01238053478,0.001523885556,0.00453910802,0.02700784011,0.06947748736,0.02246873209,0.0003045570629,0.1366184503,-0.007323787715,0.009020546456,-0.004279640969,-0.02066145279,-0.01128752995,-0.001362732728,-0.0001229748887,0.009924797225,-0.05331212282,0.01405544579,136,-0.2009199225,-0.1174071621,-0.3096607563,-0.03738504784,0.01190846057,-0.1890114619,0,0
jpeg_q50,1,authentic,0,fft_high_freq_energy_ratio,0.2786693905,0.0355163206,false,68,0.2733628728,0.03274662963,0.2772905678,0.2159176648,0.2500021048,0.2949026823,0.3199210733,0.04490057752,0.2045774013,0.3497065008,0.273366462,0.03252691365,0.2772994041,0.2160418153,0.2496768311,0.2945268005,0.319862631,0.04484996945,0.2049715668,0.3496627212,3.589207635e-06,0.0005280528345,-4.221498966e-05,-0.0008093759418,-0.0003069452941,0.0002248138189,0.0009717188776,0.0005317591131,-0.001223742962,0.001453995705,68,0.0001010579805,-0.001188608193,-0.008642373112,0.006329873567,-0.1494106815,-0.1493096235,0,0
jpeg_q50,1,authentic,1,fft_spectral_peak_count,0.001648351673,0.01273256088,false,68,0,0,0,0,0,0,0,0,0,0,0,0,0,0,0,0,0,0,0,0,0,0,0,0,0,0,0,0,0,0,68,0,0,0,0,-0.1294595556,-0.1294595556,0,0
jpeg_q50,1,authentic,2,fft_radial_anomaly_score,0.01300366332,0.06736367464,false,68,0,0,0,0,0,0,0,0,0,0,0,0,0,0,0,0,0,0,0,0,0,0,0,0,0,0,0,0,0,0,68,0,0,0,0,-0.1930367277,-0.1930367277,0,0
jpeg_q50,1,authentic,3,fft_spectral_decay_slope,-1.392526299,0.1152052171,false,68,-1.402324428,0.1007527649,-1.393148303,-1.570171875,-1.464722425,-1.34111312,-1.24897173,0.1236093044,-1.652271986,-1.219006419,-1.402270705,0.1003496557,-1.392358601,-1.568861693,-1.465052515,-1.341501862,-1.24942854,0.1235506535,-1.651289463,-1.219139576,5.37230688e-05,0.001453543684,-0.0001453757286,-0.002003985643,-0.0007398426533,0.0005300939083,0.002855443954,0.001269936562,-0.00293469429,0.00453722477,68,0.0004663249648,-0.001261884942,-0.006421954423,0.004601301241,-0.08504935084,-0.08458302587,0,0
jpeg_q50,1,authentic,4,dct_mean_high_freq_energy,0.6181044546,0.5493786794,false,68,0.6237754021,0.5323617182,0.4812808037,0.08102234565,0.2218127847,0.8971287459,1.48335135,0.6753159612,0.05065156892,2.925590038,0.2510845134,0.2585181962,0.1667191088,0.0332880456,0.06724279933,0.3594963476,0.7398064315,0.2922535483,0.02629821561,1.406116009,-0.3726908887,0.2911389905,-0.324239254,-0.8419560984,-0.5439551063,-0.1375413248,-0.04211956151,0.4064137815,-1.51947403,0.1372574866,68,-0.6783861528,-0.5901926416,-0.9901278057,-0.2503579589,0.0103224748,-0.668063678,0,0.1029411765
jpeg_q50,1,authentic,5,dct_ac_energy_variance,0.6270257644,0.7701390409,false,68,0.6665845175,0.7898398409,0.3676359504,0.0135241867,0.111851234,0.9044802934,2.539147532,0.7926290594,0.004253847525,3.741172791,0.2525911584,0.3933592253,0.1007926948,0.001939519629,0.02650019573,0.3650127426,0.9903796434,0.3385125468,0.0007016609306,2.159070015,-0.4139933591,0.4558780291,-0.2858995982,-1.233991574,-0.5221425742,-0.08446308039,-0.009263336123,0.4376794938,-2.365456223,0.2606617957,68,-0.5375566451,-0.3712311452,-0.6779848137,-0.1096725083,0.05136572889,-0.4861909162,0,0
jpeg_q50,1,authentic,6,dct_anomaly_score,0.8892446845,0.1661288857,false,68,0.8866295486,0.1536179382,1,0.5795079291,0.8052253276,1,1,0.1947746724,0.4697971344,1,0.9789467287,0.05940999136,1,0.819111672,1,1,1,0,0.7184932828,1,0.09231718016,0.1334834232,0,0,0,0.1860965043,0.3508084983,0.1860965043,-0.1972523332,0.3938537836,68,0.555696138,0,0,1.120193539,-0.01574160894,0.539954529,0,0
jpeg_q50,1,authentic,7,noise_global_level,0.0804362417,0.05589460607,false,68,0.08198762176,0.0569568084,0.06611519307,0.0195174234,0.03756597731,0.1069633383,0.1747408912,0.06939736102,0.009654874913,0.3072870076,0.06760578356,0.0471526698,0.05802521668,0.01583083756,0.02906549908,0.08963911608,0.1459386453,0.060573617,0.008861183189,0.2423656434,-0.0143818382,0.01258266782,-0.01199564245,-0.03278730735,-0.02004122268,-0.006565906573,-0.001038945373,0.01347531611,-0.06492136419,0.0266235508,68,-0.2573027919,-0.2146118076,-0.3585537871,-0.1174694131,0.02775545193,-0.22954734,0,0
jpeg_q50,1,authentic,8,noise_max_to_min_ratio,0.4106514387,0.3299784221,false,68,0.4010826803,0.3583591559,0.2624567151,0.0611833889,0.09823947586,0.6852737963,1,0.5870343205,0.03581236303,1,0.4405676631,0.3672737637,0.2622584775,0.0668232929,0.1455347203,0.9033533335,1,0.7578186132,0.04034591839,1,0.03948498282,0.1148372359,0.006864108145,-0.07290208638,0,0.04094086215,0.2674994074,0.04094086215,-0.1217076182,0.6286706328,68,0.1196592873,0.02080168789,0,0.1240713314,-0.02899813372,0.0906611536,0,0
jpeg_q50,1,authentic,9,noise_std_of_variances,0.04483697512,0.02864084927,false,68,0.04608611444,0.03275048442,0.040336648,0.008739187988,0.02089014929,0.06161098834,0.1141096987,0.04072083905,0.003824761836,0.1610382348,0.04025251119,0.02952039185,0.03514123335,0.007377902302,0.01745856227,0.05418958049,0.09375114366,0.03673101822,0.003320556832,0.1435979903,-0.005833603257,0.007442103025,-0.00479359366,-0.01692019291,-0.01036960073,-0.001438948326,0.001765505504,0.008930652402,-0.02892058343,0.02453783527,68,-0.2036812247,-0.1673691173,-0.3620563284,-0.05024111933,0.0436139066,-0.1600673181,0,0
jpeg_q50,1,authentic,10,noise_coef_variation,0.6124711164,0.2372147582,false,68,0.593418267,0.2341099746,0.5878559351,0.251134298,0.4029719904,0.7628622949,0.9462462753,0.3598903045,0.1178079024,1.282613516,0.6207129055,0.2353630789,0.6312461197,0.2792111218,0.4376901165,0.7988854498,0.9865772545,0.3611953333,0.1570903361,1.357882261,0.02729463851,0.05949270498,0.02102512121,-0.05546172261,0.00202101469,0.05025066435,0.1096626163,0.04822964966,-0.1431679726,0.2973913848,68,0.1150629865,0.08863327632,0.008519767933,0.2118361637,-0.08031898842,0.03474399803,0,0
jpeg_q50,1,authentic,11,noise_inconsistency_score,0.4737415174,0.2792792032,false,68,0.4538630905,0.2908948762,0.4504745901,0.002604055847,0.2039626539,0.6838164479,0.9283283472,0.479853794,0,1,0.4863762918,0.2852097245,0.5083281696,0.03894815911,0.2502534688,0.7318472564,0.9821030319,0.4815937877,0,1,0.0325132013,0.07839528637,0.0202332288,-0.07394900322,0,0.06298820302,0.1462168217,0.06298820302,-0.1908906698,0.3965218514,68,0.1164182686,0.07244803255,0,0.2255384658,-0.07117761255,0.04524065608,0,0
jpeg_q50,1,authentic,12,jpeg_boundary_difference_ratio,1.090441064,0.08958681008,false,68,1.102201956,0.09919414517,1.072005451,1.00478794,1.031614214,1.148838431,1.265370679,0.1172242165,0.9684098363,1.52736485,1.459335699,0.2202924254,1.397002578,1.215836424,1.316801161,1.553546637,1.8686019,0.2367454767,1.142421007,2.245999813,0.3571337426,0.1424084335,0.3316538334,0.2023819268,0.2770677805,0.4067097306,0.6687886536,0.1296419501,-0.05292582512,0.7543984652,68,3.986454505,3.702038649,3.092729613,4.539839406,0.1312792805,4.117733786,0,0.05882352941
jpeg_q50,1,authentic,13,jpeg_periodic_grid_strength,0.09230288765,0.0870774111,false,68,0.102754766,0.09853478291,0.07200545818,0.00478794392,0.03161426308,0.1488383971,0.2653707281,0.117224134,0,0.52736485,0.4593357016,0.2202924292,0.3970026076,0.215836405,0.316801168,0.5535465777,0.8686019212,0.2367454097,0.1424210519,1.245999813,0.3565809357,0.1431537263,0.3316537915,0.2017701423,0.277067814,0.4067097604,0.6687886588,0.1296419464,-0.05292578042,0.754398495,68,4.094987795,3.808723609,3.181856357,4.670668952,0.1200297322,4.215017527,0,0.05882352941
jpeg_q50,1,authentic,14,jpeg_artifact_score,0.1832646402,0.1648027988,false,68,0.2047046834,0.1936312807,0.1440109164,0.009575887839,0.06322852615,0.2976767942,0.5307414562,0.2344482681,0,1,0.7817202478,0.201927207,0.7940052152,0.43167281,0.633602336,1,1,0.366397664,0.2848421037,1,0.5770155643,0.1689006668,0.5989783518,0.3174244374,0.5085645327,0.6878063455,0.7706223434,0.1792418128,-0.1058515608,0.9063262343,68,3.501248574,3.634515652,3.085897427,4.173511315,0.1300951401,3.631343714,0,0
jpeg_q50,1,authentic,15,laplacian_variance,0.02805360432,0.03645127683,false,68,0.02872774246,0.03375286642,0.01748526562,0.001561056438,0.005996976397,0.04018329084,0.08783781491,0.03418631444,0.0003404301242,0.1899305731,0.02120492078,0.02547971409,0.0121424445,0.001148942299,0.003638297843,0.02715725964,0.06595499385,0.0235189618,0.0003045570629,0.1366184503,-0.007522821673,0.009248660004,-0.004279640969,-0.0220984716,-0.0119378888,-0.001379460678,-0.000114057149,0.01055842813,-0.05331212282,0.01405544579,68,-0.2063801965,-0.1174071621,-0.3275026239,-0.03784396044,0.01849422567,-0.1878859708,0,0
jpeg_q50,1,ai_edited,0,fft_high_freq_energy_ratio,0.2786693905,0.0355163206,false,68,0.2767869896,0.03056383936,0.276038751,0.2314612336,0.2556170747,0.2933698148,0.32843429,0.03775274009,0.2173138261,0.3512496948,0.2767847023,0.03037779775,0.2759705633,0.2317813694,0.2555250823,0.2934583426,0.3283720508,0.0379332602,0.2185854316,0.3512411118,-2.287328243e-06,0.0005284664342,1.700222492e-05,-0.000928863883,-0.0002652257681,0.0001736581326,0.0008255824447,0.0004388839006,-0.001191020012,0.001856163144,68,-6.440217356e-05,0.0004787158308,-0.007467715226,0.004889530493,-0.05300101025,-0.05306541242,0,0
jpeg_q50,1,ai_edited,1,fft_spectral_peak_count,0.001648351673,0.01273256088,false,68,0.002941176514,0.0170213936,0,0,0,0,0,0,0,0.1000000015,0.002941176514,0.0170213936,0,0,0,0,0,0,0,0.1000000015,0,0,0,0,0,0,0,0,0,0,68,0,0,0,0,0.1015369064,0.1015369064,0,0
jpeg_q50,1,ai_edited,2,fft_radial_anomaly_score,0.01300366332,0.06736367464,false,68,0.01470588279,0.06967880851,0,0,0,0,0,0,0,0.400000006,0.01470588279,0.06967880851,0,0,0,0,0,0,0,0.400000006,0,0,0,0,0,0,0,0,0,0,68,0,0,0,0,0.0252691006,0.0252691006,0,0
jpeg_q50,1,ai_edited,3,fft_spectral_decay_slope,-1.392526299,0.1152052171,false,68,-1.390572572,0.09136313452,-1.3964535,-1.547401798,-1.44770658,-1.343721837,-1.232522863,0.1039847434,-1.594462514,-1.201180458,-1.390582391,0.09098068453,-1.396576285,-1.54557097,-1.447660953,-1.344376117,-1.23319217,0.1032848358,-1.595367789,-1.201239467,-9.818988688e-06,0.001460603361,-0.0001391768456,-0.00208889246,-0.0008216500282,0.0003785192966,0.002729094028,0.001200169325,-0.003111004829,0.004732608795,68,-8.523041697e-05,-0.00120807763,-0.007132055728,0.003285608988,0.01695866078,0.01687343036,0,0
jpeg_q50,1,ai_edited,4,dct_mean_high_freq_energy,0.6181044546,0.5493786794,false,68,0.635750761,0.520742021,0.4991213828,0.1336027481,0.2307545505,0.8972641379,1.482214439,0.6665095873,0.06417360902,2.899906635,0.2514694551,0.252210059,0.1718923897,0.03857093044,0.07352808304,0.3554400653,0.7322152078,0.2819119822,0.02683147788,1.395560622,-0.3842813059,0.2861294963,-0.3313749284,-0.8472292498,-0.5468381606,-0.1462207343,-0.07367118001,0.4006174263,-1.504346013,0.1195005178,68,-0.6994834717,-0.6031812678,-0.9953756509,-0.2661565507,0.03212047925,-0.6673629924,0,0.04411764706
jpeg_q50,1,ai_edited,5,dct_ac_energy_variance,0.6270257644,0.7701390409,false,68,0.6621679528,0.7555550622,0.3757830411,0.04000221398,0.1357366722,0.845849812,2.274911338,0.7101131398,0.005530878901,3.667944431,0.2509683043,0.3829079999,0.1017848812,0.004773398768,0.0323657752,0.356722191,0.8487094879,0.3243564158,0.000642436964,2.173331976,-0.4111996485,0.4331686812,-0.2884979844,-1.243435645,-0.5485516787,-0.09520682413,-0.01922011455,0.4533448545,-2.305831075,0.2490582466,68,-0.5339291046,-0.3746050636,-0.7122761599,-0.1236229032,0.04563096608,-0.4882981385,0,0
jpeg_q50,1,ai_edited,6,dct_anomaly_score,0.8892446845,0.1661288857,false,68,0.8844058531,0.1536407725,0.9771933258,0.59221102,0.7936108261,1,1,0.2063891739,0.4759403467,1,0.9873371063,0.05076622242,1,0.9516373634,1,1,1,0,0.7243010402,1,0.1029312532,0.1406633617,0.00914940238,0,0,0.2063891739,0.3783052117,0.2063891739,-0.1727526784,0.4116870165,68,0.6195867309,0.05507412118,0,1.242343696,-0.02912697209,0.5904597588,0,0
jpeg_q50,1,ai_edited,7,noise_global_level,0.0804362417,0.05589460607,false,68,0.08155070564,0.05542251037,0.06610705703,0.02067494458,0.03725283872,0.1062622312,0.1698040694,0.06900939252,0.01007437985,0.304135561,0.06774871574,0.04607202103,0.05810759403,0.01921645449,0.02953410335,0.08861809783,0.1444617897,0.05908399448,0.009393922053,0.24077411,-0.0138019899,0.01215885069,-0.01181401964,-0.03068254516,-0.01908349618,-0.006094465032,-0.0006780666299,0.01298903115,-0.06336145103,0.02557959035,68,-0.2469288339,-0.2113624279,-0.3414192804,-0.1090349402,0.01993866704,-0.2269901669,0,0
jpeg_q50,1,ai_edited,8,noise_max_to_min_ratio,0.4106514387,0.3299784221,false,68,0.4100657296,0.3587178276,0.271502912,0.06183575299,0.1126139536,0.7744327039,1,0.6618187502,0.03853657097,1,0.4565244248,0.36816114,0.313174054,0.07168462351,0.1357125975,0.9668992609,1,0.8311866634,0.04303861782,1,0.04645869525,0.1171129938,0.009722180665,-0.06409356743,0,0.0461620409,0.2998538882,0.0461620409,-0.1217076182,0.617452234,68,0.1407931311,0.02946308005,0,0.1398941198,-0.001774992248,0.1390181389,0,0
jpeg_q50,1,ai_edited,9,noise_std_of_variances,0.04483697512,0.02864084927,false,68,0.04659349997,0.03144972636,0.04006984457,0.009733316395,0.02383435331,0.06027588341,0.1074726801,0.0364415301,0.004072027747,0.1617175788,0.04107661139,0.02824370464,0.0350648351,0.009492103476,0.02187262382,0.05452218,0.09279319867,0.03264955617,0.003894780297,0.1439840049,-0.005516888587,0.007276519037,-0.004577307031,-0.01714971177,-0.01010182034,-0.001097138622,0.001359861786,0.00900468172,-0.02832084149,0.02404186875,68,-0.1926230795,-0.1598174337,-0.3527067318,-0.03830677685,0.06132935642,-0.1312937231,0,0
jpeg_q50,1,ai_edited,10,noise_coef_variation,0.6124711164,0.2372147582,false,68,0.6207681971,0.2644803827,0.5958660543,0.2671356946,0.4254678264,0.7925625294,1.147141469,0.367094703,0.1282581687,1.325475693,0.6546129703,0.2708779999,0.6183194518,0.3045293689,0.4551523849,0.8141483217,1.195771688,0.3589959368,0.1824598908,1.447058558,0.03384477316,0.05728692908,0.0257987082,-0.03252057433,0.002455800772,0.05510478467,0.1153850913,0.0526489839,-0.09250196815,0.2967553735,68,0.1426756641,0.1087567586,0.01035264749,0.2322991414,0.03497708486,0.177652749,0,0
jpeg_q50,1,ai_edited,11,noise_inconsistency_score,0.4737415174,0.2792792032,false,68,0.4748328948,0.2967078649,0.461154744,0.02284759097,0.2339571044,0.7234166712,1,0.4894595668,0,1,0.5124492925,0.2939397663,0.4910925925,0.07270581946,0.2735365108,0.752197817,1,0.4786613062,0,1,0.03761639769,0.07423917439,0.02135284245,-0.04336077869,0,0.0679245377,0.1389637664,0.0679245377,-0.1233359948,0.3956738561,68,0.1346910091,0.07645697284,0,0.2432137335,0.003907836166,0.1385988453,0,0
jpeg_q50,1,ai_edited,12,jpeg_boundary_difference_ratio,1.090441064,0.08958681008,false,68,1.090634758,0.09140747227,1.064912379,1.001823804,1.02749306,1.138997495,1.256250519,0.1115044355,0.9632553458,1.533506393,1.442201634,0.2074347654,1.39067167,1.215956718,1.312659025,1.548417389,1.867050707,0.2357583642,1.136934757,2.287983894,0.3515668757,0.1374631091,0.3359078169,0.203039211,0.2742724419,0.3887441158,0.6749386489,0.114471674,-0.04224169254,0.7544775009,68,3.924315146,3.749523134,3.061527044,4.339300791,0.002162079314,3.926477225,0,0.05882352941
jpeg_q50,1,ai_edited,13,jpeg_periodic_grid_strength,0.09230288765,0.0870774111,false,68,0.09127884211,0.09064180801,0.06491238996,0.002240874828,0.02749303496,0.138997484,0.2562505484,0.111504449,0,0.533506453,0.4422016376,0.2074347695,0.3906716406,0.215956673,0.3126590103,0.5484173894,0.8670507282,0.2357583791,0.1369347423,1.287984014,0.3509227955,0.138326372,0.3359077862,0.2027140709,0.2742724465,0.3887440842,0.6749386586,0.1144716376,-0.04224166274,0.7544775605,68,4.030009518,3.857576631,3.14975426,4.464350504,-0.0117601744,4.018249343,0,0.05882352941
jpeg_q50,1,ai_edited,14,jpeg_artifact_score,0.1832646402,0.1648027988,false,68,0.1815722003,0.1765234783,0.1298247799,0.004481749656,0.05498606991,0.277994968,0.5125010967,0.2230088981,0,1,0.7714122017,0.1991691853,0.7813432813,0.4319133461,0.6253180206,1,1,0.3746819794,0.2738694847,1,0.5898400014,0.1635794066,0.6165692885,0.3792311464,0.5197410714,0.6897605658,0.7683899013,0.1700194944,-0.08448332548,0.9068784341,68,3.579065438,3.74125496,3.153715077,4.185369246,-0.01026948531,3.568795953,0,0
jpeg_q50,1,ai_edited,15,laplacian_variance,0.02805360432,0.03645127683,false,68,0.02824762336,0.03272594636,0.01773670036,0.002483886853,0.006036094506,0.03968336154,0.08326021172,0.03364726703,0.0003405403404,0.1877391487,0.02112286961,0.02488079846,0.01245678775,0.001846086886,0.005082933465,0.02640222805,0.06345314104,0.02131929458,0.0003420946014,0.135589391,-0.007124753756,0.008850812097,-0.004248328041,-0.02026791573,-0.01117896102,-0.00135399081,-0.0001512583811,0.009824970213,-0.05214975774,0.01358123776,68,-0.1954596485,-0.116548127,-0.3066822892,-0.03714522311,0.005322695478,-0.190136953,0,0
jpeg_q50,2,all,0,fft_high_freq_energy_ratio,0.2767552759,0.03390628361,false,136,0.2827595381,0.03784402716,0.2792742252,0.2306737341,0.2628660202,0.3033375368,0.3478536904,0.04047151655,0.1503369361,0.390927285,0.2826260581,0.03769183867,0.2793221176,0.2306304313,0.2622235641,0.3033641204,0.3478176445,0.04114055634,0.1532534212,0.3906937838,-0.0001334800001,0.0006478320472,-9.921193123e-05,-0.001363798976,-0.0003369376063,0.0001676157117,0.0006481856108,0.000504553318,-0.002955913544,0.002916485071,136,-0.003936733429,-0.002926063274,-0.009937320473,0.00494349996,0.1770840562,0.1731473227,0.02941176471,0.02941176471
jpeg_q50,2,all,1,fft_spectral_peak_count,0.001831501859,0.01340879523,false,136,0.0007352941286,0.008574929385,0,0,0,0,0,0,0,0.1000000015,0.0007352941286,0.008574929385,0,0,0,0,0,0,0,0.1000000015,0,0,0,0,0,0,0,0,0,0,136,0,0,0,0,-0.08175288766,-0.08175288766,0,0
jpeg_q50,2,all,2,fft_radial_anomaly_score,0.009890110174,0.0575219898,false,136,0.01985294153,0.08591111223,0,0,0,0,0.07500000298,0,0,0.400000006,0.01985294153,0.08591111223,0,0,0,0,0.07500000298,0,0,0.400000006,0,0,0,0,0,0,0,0,0,0,136,0,0,0,0,0.173200395,0.173200395,0,0
jpeg_q50,2,all,3,fft_spectral_decay_slope,-1.3969114,0.1091601511,false,136,-1.378843606,0.1202083962,-1.386909127,-1.567417204,-1.449373335,-1.306906223,-1.190552086,0.1424671113,-1.800374389,-1.039516687,-1.379202511,0.1199072887,-1.388238907,-1.566961974,-1.451481462,-1.307719886,-1.189190596,0.1437615752,-1.792355418,-1.039885521,-0.0003589041093,0.001641560236,-0.0003116726875,-0.003347456455,-0.0008711516857,0.0002369582653,0.001476407051,0.001108109951,-0.007351756096,0.00801897049,136,-0.003287867465,-0.002855187395,-0.007980491753,0.002170739623,0.1655163884,0.1622285209,0.02205882353,0.02205882353
jpeg_q50,2,all,4,dct_mean_high_freq_energy,0.6155877339,0.5360504518,false,136,0.639866975,0.5774229764,0.4458633065,0.129406495,0.2592509463,0.7641175389,2.056315362,0.5048665926,0.03648391739,3.017126799,0.2544548465,0.3037738619,0.1456524208,0.04543317668,0.09151492082,0.2739492059,0.9129808247,0.1824342851,0.009138471447,1.765381455,-0.3854121285,0.2933809902,-0.3031762615,-0.9305525646,-0.5206019282,-0.1702626832,-0.06908632535,0.3503392451,-1.398068428,0.009306356311,136,-0.7189848031,-0.565574118,-0.9711808403,-0.3176243628,0.04529282841,-0.6736919746,0.007352941176,0.03676470588
jpeg_q50,2,all,5,dct_ac_energy_variance,0.6260638713,0.7427319564,false,136,0.6682379529,0.8719645902,0.3155802637,0.03802424669,0.1553034298,0.7506808341,2.282469511,0.5953774042,0.002016707323,4.559772015,0.2553473114,0.466289016,0.07626346871,0.005339222844,0.03529262636,0.2043852732,1.083055258,0.1690926468,0.0004557767825,2.991474152,-0.4128906415,0.4471652541,-0.237639213,-1.368830837,-0.5088632703,-0.1133224992,-0.03009119874,0.3955407711,-2.280964017,0.02244077623,136,-0.5559080068,-0.3199528591,-0.6851237057,-0.1525752302,0.05678237116,-0.4991256357,0,0
jpeg_q50,2,all,6,dct_anomaly_score,0.8888184044,0.1615391807,false,136,0.88722909,0.1718138513,1,0.5230182707,0.8389044553,1,1,0.1610955447,0.347407639,1,0.9770063885,0.07269541659,1,0.7859104872,1,1,1,0,0.6750757694,1,0.08977729849,0.1278444919,0,0,0,0.1521176249,0.3435307965,0.1521176249,0,0.552834034,136,0.5557617546,0,0,0.9416763428,-0.009838569406,0.5459231852,0,0
jpeg_q50,2,all,7,noise_global_level,0.08032378116,0.05507776625,false,136,0.08222065971,0.05915800131,0.06577218696,0.02487943321,0.04091345053,0.1044109352,0.2261268795,0.06349748466,0.006162684411,0.3078919053,0.06810049768,0.05048007354,0.05465097539,0.02170068864,0.03481003828,0.08128646575,0.1835482828,0.04647642747,0.004054528661,0.2792976201,-0.01412016203,0.01146238139,-0.01168853417,-0.03792707995,-0.0199828716,-0.005611159839,-0.001514062751,0.01437171176,-0.05387212336,0.003246378154,136,-0.2563677323,-0.2122187403,-0.3628119468,-0.1018770408,0.03444000521,-0.2219277271,0.007352941176,0.007352941176
jpeg_q50,2,all,8,noise_max_to_min_ratio,0.4183471071,0.3420018313,false,136,0.3746783597,0.3056529355,0.2352581918,0.0516613964,0.1442288384,0.5315124691,1,0.3872836307,0.04176577926,1,0.462107082,0.3549786221,0.3253097087,0.0655789189,0.1678450853,0.9365659803,1,0.7687208951,0.04463336617,1,0.08742872237,0.164312622,0.0188195426,-0.05935054272,0,0.09994123876,0.5240300968,0.09994123876,-0.1144048572,0.5900177062,136,0.2556381702,0.05502760769,0,0.2922242796,-0.1276857123,0.1279524579,0,0
jpeg_q50,2,all,9,noise_std_of_variances,0.04492015684,0.02814383215,false,136,0.04600585706,0.03373849107,0.0346801728,0.0137668848,0.02359387605,0.05544948857,0.1184691675,0.03185561253,0.003663647687,0.1630911529,0.03985382378,0.03027430587,0.02971681487,0.01099147415,0.02107620006,0.04261868075,0.1004651636,0.02154248068,0.003605723614,0.1486860514,-0.006152033282,0.005937513303,-0.004769226536,-0.01694648992,-0.008929265663,-0.002251313417,0.0008526721504,0.006677952246,-0.02717547119,0.004768565297,136,-0.2185925943,-0.1694590314,-0.3172725596,-0.07999313688,0.03857684382,-0.1800157505,0.007352941176,0
jpeg_q50,2,all,10,noise_coef_variation,0.6144639838,0.24194044,false,136,0.5990924556,0.2297385119,0.5682199895,0.2124049366,0.4630648419,0.7024145275,1.037446082,0.2393496856,0.1819193065,1.202168822,0.6229504613,0.2435193697,0.5829862356,0.2342436276,0.4694639966,0.7538953573,1.007654995,0.2844313607,0.1576121598,1.361432791,0.02385800573,0.06531157572,0.01538516581,-0.04495869577,-0.007815852761,0.04107835889,0.1339811683,0.04889421165,-0.1487542391,0.2829055786,136,0.09861107025,0.063590716,-0.03230486297,0.1697870719,-0.0635343483,0.03507672195,0,0
jpeg_q50,2,all,11,noise_inconsistency_score,0.4752493619,0.2843380814,false,136,0.4582944405,0.2722250629,0.4242933393,0,0.2840864584,0.6032193601,1,0.3191329017,0,1,0.4821678376,0.2728791391,0.4439816475,0,0.292618677,0.6718604863,0.9694604129,0.3792418092,0,1,0.02387339707,0.07901049844,0.005478665233,-0.05782271922,-0.008857771754,0.04602913558,0.145970434,0.05488690734,-0.1863913536,0.3772074282,136,0.08396130742,0.01926813744,-0.03115225266,0.1618817126,-0.0596294429,0.02433186452,0,0
jpeg_q50,2,all,12,jpeg_boundary_difference_ratio,1.089415697,0.08408517691,false,136,1.100534905,0.1133895761,1.066890717,1.000068188,1.03252995,1.136225581,1.313581795,0.103695631,0.9704236984,1.865938544,1.447813116,0.2400785983,1.400880814,1.215957046,1.338187158,1.520694822,1.673716456,0.182507664,1.136624932,3.459049225,0.347278211,0.1531988145,0.3281019926,0.177233994,0.2774102688,0.3940130174,0.5210023522,0.1166027486,-0.01042461395,1.593110681,136,4.130076475,3.902019412,3.299157818,4.685879627,0.1322374273,4.262313902,0.007352941176,0.2279411765
jpeg_q50,2,all,13,jpeg_periodic_grid_strength,0.09128993284,0.08140805125,false,136,0.1010835197,0.1128412023,0.06689070538,0.0001516572775,0.03252999205,0.1362256221,0.313581802,0.1036956301,0,0.8659385443,0.4478131172,0.2400785968,0.4008807838,0.2159570456,0.3381871432,0.5206948221,0.673716411,0.1825076789,0.1366249621,2.459049225,0.3467295975,0.1538221375,0.3281020317,0.1772339828,0.2774102632,0.3940129466,0.5210023671,0.1166026834,-0.01042464375,1.593110681,136,4.259156093,4.030338851,3.407651441,4.839975169,0.1203024358,4.379458529,0.007352941176,0.2279411765
jpeg_q50,2,all,14,jpeg_artifact_score,0.1823568939,0.1616502381,false,136,0.1967827765,0.1956539863,0.1337814108,0.0003033145549,0.0650599841,0.2724512443,0.6271636039,0.2073912602,0,1,0.7919626321,0.1963225455,0.8017615676,0.4319140911,0.6763742864,1,1,0.3236257136,0.2732499242,1,0.5951798556,0.1677105655,0.6424969137,0.3095404282,0.5118471626,0.6978293248,0.8223411436,0.1859821621,-0.02084928751,0.8753480464,136,3.681899034,3.974611613,3.166386691,4.316908734,0.08924133259,3.771140367,0,0
jpeg_q50,2,all,15,laplacian_variance,0.02784605102,0.03524024655,false,136,0.02932094835,0.03803330639,0.01514708577,0.002933170414,0.00879213959,0.03088945942,0.1144630257,0.02209731983,0.0001551782916,0.2211144865,0.02188193121,0.03021198371,0.01012799796,0.002641587984,0.006176912808,0.02254305221,0.08379325829,0.0163661394,0.0001147273942,0.1870779097,-0.00743901715,0.008658760097,-0.004300803412,-0.02773405612,-0.009057363495,-0.00176525244,-1.441751374e-05,0.007292111055,-0.04050602019,0.001578028314,136,-0.2110943559,-0.1220423758,-0.2570175972,-0.05009194353,0.04185263955,-0.1692417164,0,0
jpeg_q50,2,authentic,0,fft_high_freq_energy_ratio,0.2767552759,0.03390628361,false,68,0.2818425841,0.03914881914,0.278065607,0.2307437688,0.2583016306,0.3032359257,0.3489625752,0.04493429512,0.1503369361,0.3872631788,0.2817446883,0.03895689576,0.2778752446,0.2305918239,0.25811214,0.3032983169,0.3488490671,0.0451861769,0.1532534212,0.3869760633,-9.789580808e-05,0.0006610431872,-7.882714272e-05,-0.001192720234,-0.0003369376063,0.0001547411084,0.0006652727723,0.0004916787148,-0.001999810338,0.002916485071,68,-0.002887246777,-0.002324853517,-0.009937320473,0.004563788535,0.1500402778,0.147153031,0.02941176471,0.02941176471
jpeg_q50,2,authentic,1,fft_spectral_peak_count,0.001831501859,0.01340879523,false,68,0.001470588257,0.01212678143,0,0,0,0,0,0,0,0.1000000015,0.001470588257,0.01212678143,0,0,0,0,0,0,0,0.1000000015,0,0,0,0,0,0,0,0,0,0,68,0,0,0,0,-0.02691618414,-0.02691618414,0,0
jpeg_q50,2,authentic,2,fft_radial_anomaly_score,0.009890110174,0.0575219898,false,68,0.02205882397,0.08951876188,0,0,0,0,0.1950000077,0,0,0.400000006,0.02205882397,0.08951876188,0,0,0,0,0.1950000077,0,0,0.400000006,0,0,0,0,0,0,0,0,0,0,68,0,0,0,0,0.2115489022,0.2115489022,0,0
jpeg_q50,2,authentic,3,fft_spectral_decay_slope,-1.3969114,0.1091601511,false,68,-1.383784578,0.1237658635,-1.386909127,-1.55922972,-1.462771416,-1.316817075,-1.185676634,0.1459543407,-1.800374389,-1.08317697,-1.384050413,0.123381122,-1.388238907,-1.56081093,-1.462840855,-1.31620571,-1.185379487,0.1466351449,-1.792355418,-1.083617449,-0.0002658349626,0.001674123723,-0.0002104640007,-0.003167611361,-0.000813215971,0.0002820193768,0.001371318102,0.001095235348,-0.004642367363,0.00801897049,68,-0.002435274777,-0.001928029584,-0.007449751239,0.002583537801,0.1202528771,0.1178176023,0.01470588235,0.01470588235
jpeg_q50,2,authentic,4,dct_mean_high_freq_energy,0.6155877339,0.5360504518,false,68,0.6384219779,0.58892775,0.4374671876,0.1238827191,0.2551825866,0.7540779859,1.955703193,0.4988953993,0.03648391739,3.017126799,0.2571791399,0.309906339,0.1454880387,0.04297574982,0.09204406478,0.2751602754,0.9383770287,0.1831162106,0.009138471447,1.765381455,-0.381242838,0.2988874637,-0.2839246765,-0.9214453861,-0.5127897132,-0.1645088568,-0.06695594955,0.3482808564,-1.398068428,0.009306356311,68,-0.711207008,-0.5296603622,-0.956607184,-0.3068906225,0.04259719198,-0.668609816,0.01470588235,0.04411764706
jpeg_q50,2,authentic,5,dct_ac_energy_variance,0.6260638713,0.7427319564,false,68,0.6790038138,0.892273999,0.3155802637,0.03502400741,0.1520429999,0.7672698051,2.295161009,0.6152268052,0.002016707323,4.559772015,0.2594233804,0.4727877184,0.07626346871,0.005309744435,0.0364772398,0.213285584,1.043412179,0.1768083442,0.0004557767825,2.991474152,-0.4195804334,0.4610119714,-0.2477881331,-1.395997454,-0.5460257418,-0.1120020673,-0.0267788986,0.4340236746,-2.280964017,0.02244077623,68,-0.5649150138,-0.3336171697,-0.7351585416,-0.1507974261,0.07127731884,-0.493637695,0,0
jpeg_q50,2,authentic,6,dct_anomaly_score,0.8888184044,0.1615391807,false,68,0.8925775395,0.1706067463,1,0.5262048811,0.8556690216,1,1,0.1443309784,0.3514554203,1,0.9761214449,0.0743191908,1,0.7909558743,1,1,1,0,0.6750757694,1,0.08354390544,0.1232476186,0,0,0,0.1443309784,0.3330243498,0.1443309784,0,0.4749692082,68,0.5171742551,0,0,0.8934735077,0.02327073226,0.5404449874,0,0
jpeg_q50,2,authentic,7,noise_global_level,0.08032378116,0.05507776625,false,68,0.08286224569,0.06039418747,0.06598769873,0.02432313627,0.04057512525,0.1051788963,0.218475987,0.06460377108,0.006162684411,0.3078919053,0.06846490501,0.05134509008,0.05511971377,0.0215157995,0.03481003828,0.08312349208,0.1857431822,0.04831345379,0.004054528661,0.2792976201,-0.01439734068,0.01182642444,-0.01173367724,-0.03784239069,-0.02155800536,-0.005716953427,-0.001578163728,0.01584105194,-0.05387212336,0.003246378154,68,-0.2614002284,-0.2130383644,-0.3914103064,-0.1037978447,0.04608873418,-0.2153114942,0.01470588235,0.01470588235
jpeg_q50,2,authentic,8,noise_max_to_min_ratio,0.4183471071,0.3420018313,false,68,0.3729480514,0.3078346378,0.2308695838,0.05260525793,0.1440739632,0.5102948099,1,0.3662208468,0.04176577926,1,0.4575825173,0.3552542374,0.316777423,0.06761686951,0.1855965927,0.9365659803,1,0.7509693876,0.04463336617,1,0.08463446588,0.1609585532,0.01956417598,-0.06446179003,0,0.09212633222,0.4882162362,0.09212633222,-0.1144048572,0.5633622706,68,0.2474678734,0.05720488661,0,0.269373798,-0.1327450662,0.1147228072,0,0
jpeg_q50,2,authentic,9,noise_std_of_variances,0.04492015684,0.02814383215,false,68,0.04620273525,0.03419543762,0.0346813444,0.01257682913,0.02410534257,0.05662582256,0.1173988443,0.03252047999,0.003663647687,0.1630911529,0.03998427141,0.03072148089,0.02926221211,0.01004828187,0.02107620006,0.04325464182,0.1006050911,0.02217844175,0.003605723614,0.1461158246,-0.006218463833,0.006087732108,-0.004632409662,-0.01700107437,-0.008745103376,-0.002242279239,0.0009136618581,0.006502824137,-0.02717547119,0.003905408084,68,-0.2209529889,-0.1645976865,-0.3107289487,-0.07967213659,0.04557227309,-0.1753807158,0.01470588235,0
jpeg_q50,2,authentic,10,noise_coef_variation,0.6144639838,0.24194044,false,68,0.5938514351,0.2254591691,0.5653454363,0.211648228,0.4696943983,0.6932710558,1.008797753,0.2235766575,0.1819193065,1.198948979,0.617165936,0.2352678088,0.5774613619,0.2487078741,0.4859036207,0.7486199886,0.9562980264,0.2627163678,0.1576121598,1.323686361,0.02331450099,0.06764206096,0.01486006379,-0.04408251941,-0.008406177163,0.03798510134,0.1320581853,0.04639127851,-0.1487542391,0.2829055786,68,0.09636463003,0.06142033878,-0.03474482051,0.1570018693,-0.08519678938,0.01116784065,0,0
jpeg_q50,2,authentic,11,noise_inconsistency_score,0.4752493619,0.2843380814,false,68,0.4527305821,0.2669001956,0.4204605967,0,0.2929258794,0.5910280645,1,0.2981021851,0,1,0.4774589382,0.2687003244,0.4366151392,0.01171213519,0.3145381734,0.6648266613,0.9417307019,0.350288488,0,1,0.02472835609,0.08530525985,0.004954978824,-0.05428370237,-0.007450517267,0.04589439929,0.1372057825,0.05334491655,-0.1863913536,0.3772074282,68,0.0869681471,0.01742636371,-0.02620302293,0.1614078531,-0.07919719962,0.007770947487,0,0
jpeg_q50,2,authentic,12,jpeg_boundary_difference_ratio,1.089415697,0.08408517691,false,68,1.107446561,0.1305798637,1.071897924,1.002334964,1.036235839,1.140135974,1.311442232,0.1039001346,0.9731683135,1.865938544,1.458232306,0.2870529479,1.400880814,1.223128611,1.337219954,1.522455722,1.676939183,0.1852357686,1.139722228,3.459049225,0.3507857454,0.1833739969,0.3273380399,0.1815561056,0.2761537731,0.3925298452,0.5230139375,0.1163760722,-0.01042461395,1.593110681,68,4.171790538,3.89293395,3.284214688,4.668240701,0.2144357016,4.386226239,0.01470588235,0.2352941176
jpeg_q50,2,authentic,13,jpeg_periodic_grid_strength,0.09128993284,0.08140805125,false,68,0.1079567161,0.1301076909,0.07189789787,0.002334995766,0.03623584379,0.1401359625,0.3114422217,0.1039001187,0,0.8659385443,0.4582323062,0.2870529493,0.4008807838,0.2231286108,0.3372199908,0.5224557072,0.6769391626,0.1852357164,0.1397222728,2.459049225,0.3502755901,0.183867211,0.3273380324,0.1815560778,0.2761537824,0.392529808,0.5230139285,0.1163760256,-0.01042464375,1.593110681,68,4.302714347,4.020954038,3.392217086,4.821756595,0.2047313867,4.507445734,0.01470588235,0.2352941176
jpeg_q50,2,authentic,14,jpeg_artifact_score,0.1823568939,0.1616502381,false,68,0.2051505337,0.2060819946,0.1437957957,0.004669991531,0.07247168757,0.280271925,0.6228844434,0.2078002375,0,1,0.793010287,0.1979185255,0.8017615676,0.4462572217,0.6744399816,1,1,0.3255600184,0.2794445455,1,0.5878597532,0.1742118164,0.6424969137,0.293691732,0.5117496494,0.6950206887,0.8084018447,0.1832710393,-0.02084928751,0.8672030568,68,3.636615449,3.974611613,3.165783456,4.299533962,0.1410059159,3.777621365,0,0
jpeg_q50,2,authentic,15,laplacian_variance,0.02784605102,0.03524024655,false,68,0.02987835999,0.03896735475,0.01514708577,0.002920347161,0.008375941659,0.03212670982,0.1151369814,0.02375076816,0.0001551782916,0.2211144865,0.02219307211,0.0308348771,0.01002649497,0.002616880229,0.006389218033,0.02277625771,0.08369694352,0.01638703968,0.0001147273942,0.1870779097,-0.00768528788,0.008999628371,-0.004597004503,-0.02824743092,-0.009581472317,-0.001762039377,-2.348731468e-05,0.00781943294,-0.04050602019,0.001578028314,68,-0.2180826933,-0.1304475693,-0.2718900477,-0.05000076758,0.05767011214,-0.1604125811,0,0
jpeg_q50,2,ai_edited,0,fft_high_freq_energy_ratio,0.2767552759,0.03390628361,false,68,0.2836764922,0.03676111686,0.2802170664,0.2307629533,0.2631917968,0.3041585684,0.3415075526,0.04096677154,0.1927021295,0.390927285,0.283507428,0.03665156155,0.2799443752,0.2307540044,0.2627923787,0.3041402549,0.3414027229,0.04134787619,0.1936874837,0.3906937838,-0.0001690641922,0.0006372506065,-0.0001518130302,-0.001289467514,-0.0003315322101,0.0001688748598,0.0006208285689,0.0005004070699,-0.002955913544,0.001162618399,68,-0.00498622008,-0.004477430554,-0.009777898807,0.004980636089,0.2041278346,0.1991416145,0.02941176471,0.02941176471
jpeg_q50,2,ai_edited,1,fft_spectral_peak_count,0.001831501859,0.01340879523,false,68,0,0,0,0,0,0,0,0,0,0,0,0,0,0,0,0,0,0,0,0,0,0,0,0,0,0,0,0,0,0,68,0,0,0,0,-0.1365895912,-0.1365895912,0,0
jpeg_q50,2,ai_edited,2,fft_radial_anomaly_score,0.009890110174,0.0575219898,false,68,0.01764705909,0.0827533237,0,0,0,0,0,0,0,0.400000006,0.01764705909,0.0827533237,0,0,0,0,0,0,0,0.400000006,0,0,0,0,0,0,0,0,0,0,68,0,0,0,0,0.1348518878,0.1348518878,0,0
jpeg_q50,2,ai_edited,3,fft_spectral_decay_slope,-1.3969114,0.1091601511,false,68,-1.373902635,0.1172529122,-1.383838713,-1.557281238,-1.440398455,-1.305307359,-1.198805016,0.1350910962,-1.653275132,-1.039516687,-1.374354608,0.1170448718,-1.384071887,-1.556915694,-1.441700757,-1.305725157,-1.198611367,0.1359755993,-1.648789048,-1.039885521,-0.0004519732559,0.001615359769,-0.0003542900085,-0.003272593021,-0.0008922815323,0.000225096941,0.001508641243,0.001117378473,-0.007351756096,0.004486083984,68,-0.004140460153,-0.00324559837,-0.008174059153,0.002062079786,0.2107798997,0.2066394395,0.02941176471,0.02941176471
jpeg_q50,2,ai_edited,4,dct_mean_high_freq_energy,0.6155877339,0.5360504518,false,68,0.6413119721,0.5700621297,0.4502046108,0.1405274406,0.2687817067,0.7648668289,1.962032241,0.4960851222,0.07285682112,2.955441713,0.2517305531,0.2997956073,0.1467757225,0.04696917906,0.09073620662,0.2671206519,0.8668112963,0.1763844453,0.01463560853,1.712887645,-0.3895814191,0.2899318415,-0.3155212067,-0.9362695441,-0.5206019282,-0.1778301392,-0.0755567411,0.3427717891,-1.337200463,-0.05822121259,68,-0.7267625981,-0.5886035645,-0.9711808403,-0.331741422,0.04798846485,-0.6787741332,0,0.02941176471
jpeg_q50,2,ai_edited,5,dct_ac_energy_variance,0.6260638713,0.7427319564,false,68,0.6574720921,0.8576738481,0.3129613101,0.04753812384,0.161751397,0.732687369,2.21009711,0.570935972,0.02768284827,4.460515976,0.2512712425,0.4631782568,0.0765228644,0.008433650015,0.03496543784,0.2042171396,1.024341521,0.1692517018,0.001943743671,2.971955061,-0.4062008496,0.4362053162,-0.2342977319,-1.329243882,-0.4803901576,-0.1144373072,-0.0318667691,0.3659528503,-2.216675043,-0.02471799403,68,-0.5469009999,-0.3154539533,-0.6467880551,-0.1540761862,0.04228742348,-0.5046135764,0,0
jpeg_q50,2,ai_edited,6,dct_anomaly_score,0.8888184044,0.1615391807,false,68,0.8818806405,0.1741145266,1,0.5235244036,0.7972424179,1,1,0.2027575821,0.347407639,1,0.9778913321,0.07157646553,1,0.7931026638,1,1,1,0,0.6753162742,1,0.09601069154,0.1329041985,0,0,0,0.178026855,0.340367347,0.178026855,0,0.552834034,68,0.5943492541,0,0,1.102066101,-0.04294787107,0.551401383,0,0
jpeg_q50,2,ai_edited,7,noise_global_level,0.08032378116,0.05507776625,false,68,0.08157907374,0.05833762657,0.06492707133,0.02548312051,0.04138899781,0.09872991592,0.2188048109,0.05734091811,0.009654868394,0.3000894189,0.06773609035,0.04997920793,0.05452171713,0.02219600035,0.03583840374,0.07854288071,0.1804505154,0.04270447697,0.00683250837,0.2730466723,-0.01384298339,0.01116750186,-0.01162022911,-0.03644263931,-0.01890068222,-0.005611159839,-0.001681805961,0.01328952238,-0.04972058535,0.002043310553,68,-0.2513352362,-0.2109785836,-0.3431635577,-0.1018770408,0.02279127624,-0.22854396,0,0
jpeg_q50,2,ai_edited,8,noise_max_to_min_ratio,0.4183471071,0.3420018313,false,68,0.376408668,0.3057344866,0.2427220568,0.05510749351,0.1442288384,0.5326346755,1,0.3884058371,0.04176577926,1,0.4666316468,0.3572859642,0.345162183,0.06795379035,0.1659664065,0.9365659803,1,0.7705995739,0.04464949667,1,0.09022297885,0.1687505128,0.01505373046,-0.04817897081,0,0.1043756194,0.5317127183,0.1043756194,-0.1144048572,0.5900177062,68,0.2638084671,0.04401652003,0,0.3051902355,-0.1226263584,0.1411821087,0,0
jpeg_q50,2,ai_edited,9,noise_std_of_variances,0.04492015684,0.02814383215,false,68,0.04580897887,0.03352840983,0.0346801728,0.01515695807,0.02357894089,0.05367177166,0.1132531788,0.03009283077,0.009926590137,0.1605671644,0.03972337614,0.03004834218,0.02986849286,0.01165620876,0.02106263814,0.04231797718,0.09740650207,0.02125533903,0.007068312261,0.1486860514,-0.006085602731,0.005827938616,-0.00501088053,-0.01604906097,-0.00898260437,-0.002251313417,0.000581154041,0.006731290952,-0.0255946219,0.004768565297,68,-0.2162321996,-0.1780454241,-0.319167778,-0.07999313688,0.03158141456,-0.1846507851,0,0
jpeg_q50,2,ai_edited,10,noise_coef_variation,0.6144639838,0.24194044,false,68,0.6043334761,0.2354989007,0.572545737,0.24131874,0.4558931068,0.7184180915,1.082028264,0.2625249848,0.1857114881,1.202168822,0.6287349866,0.2531197432,0.6007350683,0.2545089863,0.4612858966,0.7539967149,1.068766397,0.2927108184,0.1672578454,1.361432791,0.02440151046,0.06339417577,0.01587380469,-0.04428522587,-0.007610931993,0.0411118865,0.1293507636,0.04872281849,-0.1229888797,0.2512592375,68,0.1008575105,0.06561038198,-0.03145787447,0.1699256499,-0.04187190721,0.05898560325,0,0
jpeg_q50,2,ai_edited,11,noise_inconsistency_score,0.4752493619,0.2843380814,false,68,0.4638582989,0.2793214727,0.4300609827,0.02003316749,0.2745241523,0.6245574355,1,0.3500332832,0,1,0.4868767369,0.2789131833,0.4676467478,0.02032916788,0.2817145213,0.6719956249,0.9857481927,0.3902811036,0,1,0.02301843804,0.07280124074,0.005934208632,-0.05904697478,-0.008857771754,0.04689823091,0.1370042164,0.05575600266,-0.1639851332,0.3350123018,68,0.08095446774,0.02087025629,-0.03115225266,0.1649382688,-0.04006168618,0.04089278156,0,0
jpeg_q50,2,ai_edited,12,jpeg_boundary_difference_ratio,1.089415697,0.08408517691,false,68,1.093623248,0.09358537071,1.063393056,0.9998538017,1.027195573,1.13437441,1.305681551,0.1071788371,0.9704236984,1.500191331,1.437393925,0.1830736923,1.40085876,1.220969951,1.344665021,1.515911192,1.665683693,0.171246171,1.136624932,2.395397663,0.3437706767,0.116786363,0.3286837935,0.1816150606,0.2836192548,0.3951487839,0.50473997,0.1115295291,0.06834053993,0.8952063322,68,4.088362412,3.908938598,3.372999442,4.69938696,0.05003915301,4.138401565,0,0.2205882353
jpeg_q50,2,ai_edited,13,jpeg_periodic_grid_strength,0.09128993284,0.08140805125,false,68,0.09421032334,0.09291080477,0.06339309365,7.077339615e-05,0.02719561057,0.1343744472,0.3056815594,0.1071788366,0,0.5001913309,0.4373939283,0.1830736865,0.400858745,0.2209699668,0.344665058,0.5159111917,0.6656836331,0.1712461337,0.1366249621,1.395397663,0.3431836049,0.1176561864,0.3286838066,0.181615081,0.2836191859,0.3951487392,0.5047399066,0.1115295533,0.06834053993,0.8952063322,68,4.215597839,4.037485255,3.483920589,4.853927015,0.03587348503,4.251471324,0,0.2205882353
jpeg_q50,2,ai_edited,14,jpeg_artifact_score,0.1823568939,0.1616502381,false,68,0.1884150193,0.1857966574,0.1267861873,0.0001415467923,0.05439122114,0.2687488943,0.6113631189,0.2143576732,0,1,0.7909149773,0.1961794458,0.80171749,0.4419399336,0.6893301159,1,1,0.3106698841,0.2732499242,1,0.602499958,0.1619103046,0.6427089032,0.3316938822,0.5119787026,0.6981461085,0.8237886625,0.1861674059,0,0.8753480464,68,3.72718262,3.975923022,3.167200424,4.31886842,0.03747674927,3.764659369,0,0
jpeg_q50,2,ai_edited,15,laplacian_variance,0.02784605102,0.03524024655,false,68,0.02876353672,0.03735732055,0.01502119517,0.003408925352,0.00885904883,0.03057757718,0.1083497912,0.02171852835,0.0006821614807,0.2125537097,0.0215707903,0.02980209908,0.01047331141,0.002930519811,0.00617363432,0.0223671603,0.0793485079,0.01619352598,0.0005077221431,0.1808433086,-0.007192746419,0.008363662468,-0.004217564128,-0.02706947327,-0.008817827271,-0.001801770297,-7.043911319e-05,0.007016056974,-0.03547328711,0.0009733811021,68,-0.2041060186,-0.1196803241,-0.2502203626,-0.05112819781,0.02603516695,-0.1780708516,0,0
jpeg_q50,3,all,0,fft_high_freq_energy_ratio,0.2770639687,0.03598589593,false,136,0.2815202273,0.02928097965,0.2798248529,0.2368883081,0.2636265829,0.3019885123,0.3297664821,0.03836192936,0.1939708143,0.3533691168,0.2815443281,0.02923370106,0.2797124088,0.2368667759,0.2637746036,0.3015813306,0.3296913654,0.03780672699,0.1940819025,0.3521507084,2.410076559e-05,0.0004597660619,-4.291534424e-06,-0.0005460530519,-0.0002444908023,0.0001952946186,0.0007750317454,0.0004397854209,-0.001218408346,0.002030014992,136,0.0006697280967,-0.0001192560116,-0.006794072955,0.005426976697,0.1238334761,0.1245032041,0,0
jpeg_q50,3,all,1,fft_spectral_peak_count,0.001465201487,0.01201554558,false,136,0.002205882386,0.01474178646,0,0,0,0,0,0,0,0.1000000015,0.002205882386,0.01474178646,0,0,0,0,0,0,0,0.1000000015,0,0,0,0,0,0,0,0,0,0,136,0,0,0,0,0.06164355119,0.06164355119,0,0
jpeg_q50,3,all,2,fft_radial_anomaly_score,0.01245421275,0.06623456294,false,136,0.009558823836,0.05561598191,0,0,0,0,0,0,0,0.400000006,0.009558823836,0.05561598191,0,0,0,0,0,0,0,0.400000006,0,0,0,0,0,0,0,0,0,0,136,0,0,0,0,-0.04371416953,-0.04371416953,0,0
jpeg_q50,3,all,3,fft_spectral_decay_slope,-1.396382714,0.1146397732,false,136,-1.380966125,0.09778443748,-1.368546486,-1.544825912,-1.433422506,-1.323596537,-1.236613393,0.1098259687,-1.727806091,-1.145753503,-1.380921311,0.09794428861,-1.369320214,-1.54499203,-1.432644933,-1.322963625,-1.236154288,0.1096813083,-1.728422523,-1.145476222,4.481392748e-05,0.001073628464,1.633167267e-05,-0.001363992691,-0.0005402266979,0.0005071163177,0.001302093267,0.001047343016,-0.002861857414,0.005435705185,136,0.0003909108177,0.0001424607901,-0.004712384567,0.004423563512,0.1344785389,0.1348694497,0,0
jpeg_q50,3,all,4,dct_mean_high_freq_energy,0.6292782821,0.5635890252,false,136,0.5849034503,0.4580706157,0.4920225739,0.1249861922,0.2332047597,0.7661382556,1.350411505,0.5329334959,0.05247817934,2.947056532,0.2123106092,0.2071349186,0.1597971395,0.04764239211,0.07929876633,0.2812703475,0.4726547599,0.2019715812,0.0194758866,1.46705246,-0.3725928411,0.2665298832,-0.353522554,-0.8275960907,-0.513718728,-0.1545110736,-0.06267326791,0.3592076544,-1.480004072,0.07632873952,136,-0.6611073397,-0.6272701175,-0.9115130087,-0.2741555756,-0.07873615323,-0.7398434929,0,0.02205882353
jpeg_q50,3,all,5,dct_ac_energy_variance,0.6612464179,0.8145449238,false,136,0.5269903759,0.5430640046,0.3512299061,0.03601752687,0.1217378397,0.8404435813,1.280292571,0.7187057417,0.006817433983,3.392128229,0.1733136677,0.2874004776,0.09463361278,0.006762417732,0.02597782714,0.233638294,0.5273410231,0.2076604669,0.0006170471315,2.209141254,-0.3536767082,0.3055259593,-0.2571251392,-0.9014497101,-0.5886030719,-0.09411747567,-0.02514443058,0.4944855962,-1.304059386,0.1116926745,136,-0.4342015988,-0.3156672293,-0.7226158493,-0.1155460834,-0.1648233734,-0.5990249721,0,0
jpeg_q50,3,all,6,dct_anomaly_score,0.889356059,0.1661459289,false,136,0.8850705652,0.1529767363,0.9981177449,0.5990535021,0.766791746,1,1,0.233208254,0.4475267231,1,0.9899311622,0.03974019473,1,0.9423894584,1,1,1,0,0.7216720581,1,0.104860597,0.1398631838,0.001882255077,0,0,0.2275889665,0.35027951,0.2275889665,0,0.5524732769,136,0.6311355188,0.01132892687,0,1.369813682,-0.02579355267,0.6053419662,0,0
jpeg_q50,3,all,7,noise_global_level,0.08145926638,0.05773810375,false,136,0.0776620205,0.0477188607,0.06811753288,0.02355681453,0.03972288966,0.09635535628,0.1567692123,0.05663246661,0.008498129435,0.3005185127,0.06381697198,0.03840876978,0.05552962981,0.02256776206,0.03692533821,0.08295310847,0.1217736248,0.04602777027,0.007946001366,0.2473139614,-0.01384504852,0.01199977334,-0.01219791174,-0.03521637991,-0.02141677029,-0.004509003367,-0.0004789810628,0.01690776693,-0.05320455134,0.01912928745,136,-0.2397904956,-0.2112627701,-0.3709295752,-0.07809406743,-0.0657667232,-0.3055572188,0,0
jpeg_q50,3,all,8,noise_max_to_min_ratio,0.4198563956,0.3432569591,false,136,0.3686190101,0.2989411518,0.2614229023,0.07979653776,0.1244912632,0.5089045316,1,0.3844132684,0.03719126061,1,0.4639959974,0.3568583585,0.3270002455,0.07598169893,0.1499550976,0.8439229727,1,0.6939678751,0.04134965315,1,0.09537698723,0.1661397576,0.01625923067,-0.0323683694,0,0.1534667313,0.4717674255,0.1534667313,-0.07732591033,0.7186972797,136,0.2778588597,0.04736751941,0,0.4470899344,-0.1492683081,0.1285905516,0,0
jpeg_q50,3,all,9,noise_std_of_variances,0.04548419132,0.03027924304,false,136,0.04374142453,0.02514384662,0.03729434498,0.01211746526,0.02433698578,0.06439554319,0.088554129,0.04005855741,0.007698957808,0.1245050952,0.03727560211,0.02159178428,0.03227675892,0.01070343168,0.02046104148,0.04911858588,0.07536136173,0.0286575444,0.007071143948,0.1198402569,-0.006465822424,0.006659534992,-0.005543060601,-0.01903245691,-0.009707328398,-0.001633317675,7.427670062e-05,0.008074010722,-0.02503187954,0.01439559087,136,-0.2135397644,-0.1830647019,-0.3205934965,-0.05394182652,-0.05755648451,-0.2710962489,0,0
jpeg_q50,3,all,10,noise_coef_variation,0.6137265787,0.2479366501,false,136,0.6020529202,0.2024358371,0.597428441,0.3081655577,0.4407893196,0.7282086015,0.9515992999,0.2874192819,0.1544704735,1.140060663,0.61881248,0.2113066709,0.6203793287,0.305317834,0.465636529,0.7381142378,0.9981861413,0.2724777088,0.1594773233,1.158971667,0.01675955973,0.05084713828,0.01458993554,-0.05558237433,-0.01500181109,0.03990465403,0.09723569453,0.05490646511,-0.1217567325,0.1918196082,136,0.06759613685,0.0588454169,-0.06050662974,0.1609469758,-0.04708323043,0.02051290642,0,0
jpeg_q50,3,all,11,noise_inconsistency_score,0.472709908,0.2872541289,false,136,0.468489601,0.2599667847,0.4632379413,0.07755407505,0.2543857545,0.6376114935,0.9354657233,0.383225739,0,1,0.4896871192,0.270338097,0.4938391149,0.07375712134,0.2875153497,0.6508189887,0.9975392967,0.363303639,0,1,0.02119751814,0.06441643555,0.01791106164,-0.07410981506,-0.01395012625,0.05320620909,0.1105532013,0.06715633534,-0.1623422503,0.255759418,136,0.07379360645,0.06235266908,-0.04856371011,0.1852234789,-0.0146918931,0.05910171335,0,0
jpeg_q50,3,all,12,jpeg_boundary_difference_ratio,1.093948336,0.09273773244,false,136,1.082337692,0.08161071092,1.060392857,0.9912209213,1.026367247,1.118151486,1.222925007,0.09178423882,0.9520630836,1.365483165,1.426352359,0.1482316776,1.387056887,1.253691792,1.311842293,1.507097125,1.671668798,0.1952548325,1.203879476,2.044751406,0.3440146665,0.102874988,0.3263347745,0.215829134,0.2753892392,0.3983625174,0.5313288271,0.1229732782,-0.003838539124,0.6882514954,136,3.709543651,3.518899653,2.969548985,4.295581819,-0.1251987007,3.58434495,0,0.02205882353
jpeg_q50,3,all,13,jpeg_periodic_grid_strength,0.09553520438,0.09058293146,false,136,0.08404000305,0.07950975276,0.06039283425,0,0.02636727365,0.1181514598,0.2229249701,0.0917841862,0,0.3654832244,0.4263523581,0.1482316776,0.3870568871,0.2536917627,0.3118423074,0.5070970803,0.6716687977,0.1952547729,0.2038794458,1.044751406,0.3423123551,0.1037595635,0.3263348145,0.2158291141,0.2716183281,0.3983625043,0.5313288285,0.1267441763,-0.003838568926,0.6882514358,136,3.778994007,3.602608232,2.998559703,4.397765649,-0.1269025096,3.652091497,0,0.02205882353
jpeg_q50,3,all,14,jpeg_artifact_score,0.1895063019,0.1711530738,false,136,0.1680800061,0.1590195055,0.1207856685,0,0.05273454729,0.2363029197,0.4458499402,0.1835683724,0,0.7309664488,0.7905116443,0.1813201556,0.7741137743,0.5073835254,0.6236846149,1,1,0.3763153851,0.4077588916,1,0.6224316382,0.1580998426,0.6193977976,0.4177930281,0.5297452956,0.7384295948,0.8518060483,0.2086842991,-0.007677137852,1,136,3.636695646,3.618969756,3.095155021,4.314439575,-0.1251879111,3.511507735,0,0
jpeg_q50,3,all,15,laplacian_variance,0.02918492153,0.0375752336,false,136,0.02394577704,0.02717534999,0.01534168934,0.00259178417,0.007541473606,0.0335185295,0.05879470799,0.02597705589,0.0007509294082,0.1964241564,0.01733106273,0.0200313801,0.01314910688,0.002192394342,0.005458195345,0.02299881587,0.03766366839,0.01754062052,0.0005931467749,0.1473314911,-0.00661471431,0.007826632054,-0.004306734772,-0.02006519167,-0.009267292917,-0.001068057143,-0.0001645128796,0.008199235774,-0.04909266531,0.007649254054,136,-0.1760392066,-0.114616314,-0.2466330088,-0.02842449776,-0.1394307895,-0.3154699961,0,0
jpeg_q50,3,authentic,0,fft_high_freq_energy_ratio,0.2770639687,0.03598589593,false,68,0.2802247753,0.02958164251,0.2775896192,0.236006666,0.263284862,0.3020432144,0.3289889097,0.0387583524,0.1939708143,0.3368470669,0.2802752999,0.02952026108,0.2774249613,0.236162398,0.2630966529,0.3017827272,0.3289770424,0.03868607432,0.1940819025,0.3364755213,5.052457837e-05,0.0004614624401,4.461407661e-05,-0.0004905074835,-0.0002312362194,0.0002154745162,0.000797700882,0.0004467107356,-0.0006937384605,0.002030014992,68,0.001404010573,0.001239765621,-0.006425745794,0.005987749106,0.08783459599,0.08923860656,0,0
jpeg_q50,3,authentic,1,fft_spectral_peak_count,0.001465201487,0.01201554558,false,68,0.002941176514,0.0170213936,0,0,0,0,0,0,0,0.1000000015,0.002941176514,0.0170213936,0,0,0,0,0,0,0,0.1000000015,0,0,0,0,0,0,0,0,0,0,68,0,0,0,0,0.1228387856,0.1228387856,0,0
jpeg_q50,3,authentic,2,fft_radial_anomaly_score,0.01245421275,0.06623456294,false,68,0.008823529762,0.05106418207,0,0,0,0,0,0,0,0.3000000119,0.008823529762,0.05106418207,0,0,0,0,0,0,0,0.3000000119,0,0,0,0,0,0,0,0,0,0,68,0,0,0,0,-0.05481553475,-0.05481553475,0,0
jpeg_q50,3,authentic,3,fft_spectral_decay_slope,-1.396382714,0.1146397732,false,68,-1.386156375,0.1002783463,-1.373494685,-1.551214135,-1.43973875,-1.325330079,-1.24484846,0.1144086719,-1.727806091,-1.145753503,-1.386028335,0.1003630037,-1.37387085,-1.550516343,-1.439697415,-1.325574309,-1.244509852,0.114123106,-1.728422523,-1.145476222,0.0001280395424,0.001073268472,6.037950516e-05,-0.001199489832,-0.0005694329739,0.0005370378494,0.001477658749,0.001106470823,-0.001657009125,0.005435705185,68,0.001116885866,0.0005266889796,-0.004967150213,0.004684568318,0.08920411445,0.09032100032,0,0
jpeg_q50,3,authentic,4,dct_mean_high_freq_energy,0.6292782821,0.5635890252,false,68,0.5773162136,0.4635349999,0.4883050323,0.1221976575,0.220300857,0.7608941793,1.347974223,0.5405933224,0.05247817934,2.947056532,0.2105175032,0.2094498887,0.1662402079,0.04732664991,0.07901327498,0.2769723982,0.4764483333,0.1979591232,0.0194758866,1.46705246,-0.3667987104,0.2697966739,-0.3482487649,-0.8230476573,-0.5101096332,-0.1312652724,-0.05724559929,0.3788443608,-1.480004072,0.07632873952,68,-0.6508265669,-0.6179126089,-0.9051092382,-0.2329095609,-0.09219851027,-0.7430250772,0,0.02941176471
jpeg_q50,3,authentic,5,dct_ac_energy_variance,0.6612464179,0.8145449238,false,68,0.5240311355,0.5538703296,0.3292368203,0.03536250908,0.1004689299,0.84002994,1.278597277,0.7395610102,0.006817433983,3.392128229,0.1708432593,0.2898333602,0.09463361278,0.006625430984,0.02339982148,0.2339680567,0.528396146,0.2105682353,0.0006170471315,2.209141254,-0.3531878762,0.315585306,-0.2553965691,-0.8914460272,-0.5900716782,-0.08105361718,-0.02459068382,0.509018061,-1.304059386,0.1116926745,68,-0.4336014699,-0.3135450995,-0.7244188269,-0.09950785379,-0.1684563717,-0.6020578415,0,0
jpeg_q50,3,authentic,6,dct_anomaly_score,0.889356059,0.1661459289,false,68,0.8861795681,0.1510468274,0.9964952171,0.6086750209,0.7715208828,1,1,0.2284791172,0.453714937,1,0.9896385407,0.04279324622,1,0.9393984139,1,1,1,0,0.7216720581,1,0.1034589725,0.1369261273,0.003504782915,0,0,0.2251975238,0.3233572572,0.2251975238,0,0.546285063,68,0.622699414,0.02109460604,0,1.355420054,-0.01911867996,0.603580734,0,0
jpeg_q50,3,authentic,7,noise_global_level,0.08145926638,0.05773810375,false,68,0.07773085362,0.04853446933,0.06774162129,0.02424513912,0.03916308936,0.09999490902,0.156540788,0.06083181966,0.008498129435,0.3005185127,0.06354750493,0.0388366179,0.05392141454,0.02267632419,0.03666539304,0.08283527754,0.1213062041,0.0461698845,0.007946001366,0.2473139614,-0.01418334869,0.01225854825,-0.01225804538,-0.03524618819,-0.02182913199,-0.004632547032,-0.0006468219217,0.01719658496,-0.05320455134,0.01912928745,68,-0.2456497143,-0.2123042597,-0.3780715086,-0.08023379244,-0.06457456212,-0.3102242764,0,0
jpeg_q50,3,authentic,8,noise_max_to_min_ratio,0.4198563956,0.3432569591,false,68,0.3641783925,0.2954842022,0.2533352673,0.08042030744,0.1287994534,0.5065153539,1,0.3777159005,0.03719126061,1,0.4595079338,0.3530256114,0.3270002455,0.07866078205,0.1528340541,0.8438489437,1,0.6910148896,0.04134965315,1,0.09532954127,0.1666660289,0.02039314061,-0.03118192442,-0.0002139769495,0.1534667313,0.4621669784,0.1536807083,-0.07355457544,0.686263293,68,0.2777206368,0.0594107128,-0.0006233725021,0.4470899344,-0.1622050234,0.1155156134,0,0
jpeg_q50,3,authentic,9,noise_std_of_variances,0.04548419132,0.03027924304,false,68,0.04356616948,0.02540781963,0.03764902055,0.01210393175,0.02447021659,0.05869416427,0.0898496598,0.03422394767,0.007698957808,0.1207790449,0.03699372024,0.02179937596,0.03201009333,0.01059203399,0.02009277511,0.04788006283,0.07599030696,0.02778728772,0.007071143948,0.1177856848,-0.006572449237,0.006717971491,-0.005798535421,-0.01910035368,-0.009475340135,-0.001684672432,3.074542619e-05,0.007790667703,-0.02503187954,0.01436024904,68,-0.2170612135,-0.1915019941,-0.3129318696,-0.05563786485,-0.0633444448,-0.2804056583,0,0
jpeg_q50,3,authentic,10,noise_coef_variation,0.6137265787,0.2479366501,false,68,0.5981716724,0.197276098,0.597428441,0.3099574596,0.4423480853,0.7228698879,0.9137503356,0.2805218026,0.1544704735,1.062339783,0.6146814613,0.2062210918,0.6229859889,0.3065001205,0.4626099765,0.7309666127,0.9661789805,0.2683566362,0.1594773233,1.076208353,0.01650978888,0.05162783961,0.01305158436,-0.05497573018,-0.01546119899,0.04083030671,0.09205679446,0.05629150569,-0.103726387,0.1918196082,68,0.06658873898,0.05264080303,-0.0623594736,0.1646804,-0.06273742202,0.003851316959,0,0
jpeg_q50,3,authentic,11,noise_inconsistency_score,0.472709908,0.2872541289,false,68,0.464879679,0.2564121435,0.4632379413,0.07994327508,0.2564641088,0.630493179,0.8850004673,0.3740290701,0,1,0.4859645334,0.2670558202,0.4973146766,0.07533348426,0.2834799439,0.641288802,0.9549053341,0.3578088582,0,1,0.02108485438,0.06541470943,0.01740209758,-0.0733009547,-0.0158965569,0.05444039777,0.1079047799,0.07033695467,-0.138301909,0.255759418,68,0.07340139707,0.06058084403,-0.05533969854,0.1895199835,-0.02725889098,0.04614250609,0,0
jpeg_q50,3,authentic,12,jpeg_boundary_difference_ratio,1.093948336,0.09273773244,false,68,1.086161798,0.08560502869,1.062512159,0.9901258528,1.030339122,1.12294969,1.226612198,0.09261056781,0.9602760077,1.365275621,1.431603625,0.1560269685,1.387056887,1.257396096,1.314767718,1.504098922,1.662437385,0.1893312037,1.203879476,2.044751406,0.3454418261,0.1060378478,0.3275508881,0.2171564817,0.2753892392,0.3995275795,0.5321976721,0.1241383404,-0.003838539124,0.6882514954,68,3.724932852,3.532013124,2.969548985,4.308144798,-0.0839629929,3.640969859,0,0.02941176471
jpeg_q50,3,authentic,13,jpeg_periodic_grid_strength,0.09553520438,0.09058293146,false,68,0.08785988211,0.08355739431,0.0625121668,0,0.03033912973,0.1229496785,0.226612173,0.09261054872,0,0.3652756512,0.431603623,0.1560269653,0.3870568871,0.2573961258,0.3147677183,0.5040989369,0.6624373853,0.1893312186,0.2038794458,1.044751406,0.3437437409,0.1068660586,0.3275508666,0.2171564765,0.2736612242,0.3995275684,0.5321976758,0.1258663442,-0.003838568926,0.6882514358,68,3.794795944,3.61603297,3.021112474,4.410627498,-0.08473254451,3.7100634,0,0.02941176471
jpeg_q50,3,authentic,14,jpeg_artifact_score,0.1895063019,0.1711530738,false,68,0.1757197642,0.1671147886,0.1250243336,0,0.06067825947,0.2458993569,0.453224346,0.1852210974,0,0.7305513024,0.79452673,0.1814426271,0.7741137743,0.5147922516,0.6295354366,1,1,0.3704645634,0.4077588916,1,0.6188069657,0.1608887146,0.6178609608,0.4121852487,0.5259092487,0.7168828435,0.8505220365,0.1909735948,-0.007677137852,0.9983507991,68,3.615517689,3.609990444,3.072742062,4.188547876,-0.08055092064,3.534966768,0,0
jpeg_q50,3,authentic,15,laplacian_variance,0.02918492153,0.0375752336,false,68,0.02403727478,0.0277269892,0.01534168934,0.002676711767,0.007541473606,0.03309382405,0.05826079007,0.02555235045,0.0007509294082,0.1964241564,0.01721719225,0.0203053286,0.01316151721,0.00215787543,0.00533724227,0.02311500721,0.0373470543,0.01777776494,0.0005931467749,0.1473314911,-0.006820082539,0.008074523507,-0.004427141743,-0.02070327289,-0.009421800263,-0.001200324914,-0.0001806577784,0.008221475349,-0.04909266531,0.007649254054,68,-0.1815047276,-0.1178207377,-0.2507449552,-0.03194457623,-0.136995735,-0.3185004626,0,0
jpeg_q50,3,ai_edited,0,fft_high_freq_energy_ratio,0.2770639687,0.03598589593,false,68,0.2828156793,0.02913877368,0.2821039855,0.2395771317,0.2655462772,0.3016602769,0.3286440969,0.03611399978,0.2022096664,0.3533691168,0.2828133562,0.02910771661,0.2820753753,0.2395763859,0.2669411749,0.3015813306,0.3288548142,0.03464015573,0.2017953396,0.3521507084,-2.323047203e-06,0.0004599563013,-2.664327621e-05,-0.0005903795362,-0.0003111511469,0.0001587420702,0.0006492227316,0.0004698932171,-0.001218408346,0.001792609692,68,-6.455438008e-05,-0.0007403810723,-0.008646474928,0.004411230181,0.1598323561,0.1597678017,0,0
jpeg_q50,3,ai_edited,1,fft_spectral_peak_count,0.001465201487,0.01201554558,false,68,0.001470588257,0.01212678143,0,0,0,0,0,0,0,0.1000000015,0.001470588257,0.01212678143,0,0,0,0,0,0,0,0.1000000015,0,0,0,0,0,0,0,0,0,0,68,0,0,0,0,0.0004483167359,0.0004483167359,0,0
jpeg_q50,3,ai_edited,2,fft_radial_anomaly_score,0.01245421275,0.06623456294,false,68,0.01029411791,0.06019794825,0,0,0,0,0,0,0,0.400000006,0.01029411791,0.06019794825,0,0,0,0,0,0,0,0.400000006,0,0,0,0,0,0,0,0,0,0,68,0,0,0,0,-0.0326128043,-0.0326128043,0,0
jpeg_q50,3,ai_edited,3,fft_spectral_decay_slope,-1.396382714,0.1146397732,false,68,-1.375775875,0.09568634979,-1.368546486,-1.531256497,-1.422361106,-1.318440676,-1.238985956,0.1039204299,-1.680384636,-1.146538377,-1.375814287,0.09593577665,-1.369320214,-1.531382447,-1.421792895,-1.318527132,-1.238262409,0.1032657623,-1.683246493,-1.146292686,-3.84116874e-05,0.001075451219,-3.033876419e-05,-0.001571977139,-0.000449359417,0.0004922151566,0.001246881485,0.0009415745735,-0.002861857414,0.004881978035,68,-0.0003350642306,-0.0002646443145,-0.003919751448,0.00429358104,0.1797529634,0.1794178991,0,0
jpeg_q50,3,ai_edited,4,dct_mean_high_freq_energy,0.6292782821,0.5635890252,false,68,0.592490687,0.4558591915,0.5053685457,0.1338216439,0.2424968779,0.7700662464,1.331547052,0.5275693685,0.0634676218,2.882460594,0.2141037152,0.2063354984,0.1560074985,0.04870624207,0.079850832,0.284692727,0.465356189,0.204841895,0.01982036419,1.423558235,-0.3783869718,0.2651004287,-0.3567201346,-0.8312749371,-0.5232965797,-0.1682662982,-0.06924386118,0.3550302815,-1.458902359,0.07140429318,68,-0.6713881124,-0.6329437209,-0.9285073988,-0.2985620563,-0.06527379618,-0.7366619086,0,0.01470588235
jpeg_q50,3,ai_edited,5,dct_ac_energy_variance,0.6612464179,0.8145449238,false,68,0.5299496162,0.5361424041,0.3525126725,0.05104755405,0.1419496629,0.8421262056,1.23644278,0.7001765426,0.009631031193,3.336702347,0.1757840761,0.2870803471,0.09233108535,0.009687356325,0.02863572119,0.2303987779,0.5111798242,0.2017630567,0.001079090987,2.180578232,-0.3541655402,0.2974741649,-0.2574760262,-0.8827453509,-0.5842706114,-0.1037613922,-0.02769950447,0.4805092192,-1.156124115,0.1078671664,68,-0.4348017277,-0.316098006,-0.717296977,-0.1273857207,-0.161190375,-0.5959921027,0,0
jpeg_q50,3,ai_edited,6,dct_anomaly_score,0.889356059,0.1661459289,false,68,0.8839615623,0.1559980927,0.9981177449,0.6058991462,0.762401998,1,1,0.237598002,0.4475267231,1,0.9902237838,0.03675189534,1,0.9481997788,1,1,1,0,0.771024704,1,0.1062622215,0.1437450316,0.001882255077,0,0,0.2307894826,0.3504065394,0.2307894826,0,0.5524732769,68,0.6395716237,0.01132892687,0,1.389076965,-0.03246842537,0.6071031983,0,0
jpeg_q50,3,ai_edited,7,noise_global_level,0.08145926638,0.05773810375,false,68,0.07759318738,0.04724998852,0.06814750656,0.0245583117,0.04199169856,0.09520376846,0.154824429,0.05321206991,0.01242605317,0.2921302319,0.06408643903,0.03826297585,0.05594423786,0.02318384992,0.03753364924,0.08313507587,0.1217697874,0.04560142662,0.01167566329,0.2416383177,-0.01350674834,0.01181668217,-0.0112859197,-0.03387720548,-0.02071652003,-0.004509003367,-0.0004427667242,0.01620751666,-0.05049191415,0.01880197227,68,-0.233931277,-0.1954674463,-0.3588015311,-0.07809406743,-0.06695888428,-0.3008901613,0,0
jpeg_q50,3,ai_edited,8,noise_max_to_min_ratio,0.4198563956,0.3432569591,false,68,0.3730596277,0.3044905614,0.2694365084,0.08128768615,0.1238110848,0.5089045316,1,0.3850934468,0.03719126061,1,0.4684840609,0.3632196605,0.3309454918,0.07849815823,0.1401967704,0.866353035,1,0.7261562645,0.04134965315,1,0.09542443318,0.1668509656,0.01500044018,-0.02643120028,0,0.1534667313,0.4459948897,0.1534667313,-0.07732591033,0.7186972797,68,0.2779970825,0.04370032357,0,0.4470899344,-0.1363315927,0.1416654898,0,0
jpeg_q50,3,ai_edited,9,noise_std_of_variances,0.04548419132,0.03027924304,false,68,0.04391667959,0.02506476444,0.03708861209,0.01220234898,0.02433698578,0.06463584863,0.08635382056,0.04029886285,0.0116578443,0.1245050952,0.03755748398,0.02154053165,0.03258339502,0.01102473303,0.02124460135,0.04911858588,0.0723922722,0.02787398454,0.008353003301,0.1198402569,-0.006359195611,0.006648798776,-0.004899972118,-0.01890264694,-0.009707328398,-0.001607807353,0.0001015964895,0.008099521045,-0.02408400178,0.01439559087,68,-0.2100183152,-0.1618261101,-0.3205934965,-0.05309932454,-0.05176852422,-0.2617868395,0,0
jpeg_q50,3,ai_edited,10,noise_coef_variation,0.6137265787,0.2479366501,false,68,0.605934168,0.2088629822,0.6024837792,0.3094294921,0.4398408756,0.729135409,0.9569785535,0.2892945334,0.1593853831,1.140060663,0.6229434986,0.2177284205,0.6203362346,0.3067720681,0.4688873664,0.7409768254,0.991616115,0.272089459,0.1657264829,1.158971667,0.01700933058,0.05043700047,0.01697380841,-0.05364381075,-0.009515099227,0.03990465403,0.09272326678,0.04941975325,-0.1217567325,0.1810891628,68,0.06860353472,0.06846026354,-0.03837713877,0.1609469758,-0.03142903884,0.03717449589,0,0
jpeg_q50,3,ai_edited,11,noise_inconsistency_score,0.472709908,0.2872541289,false,68,0.4720995231,0.2653309562,0.4699783623,0.07923931442,0.2531211637,0.6388472319,0.9426380843,0.3857260682,0,1,0.493409705,0.2755162784,0.4937816709,0.07569610737,0.2918497995,0.6546357721,0.9887116492,0.3627859727,0,1,0.0213101819,0.06388878508,0.01976579428,-0.07152508497,-0.00884799473,0.05320620909,0.1092920892,0.06205420382,-0.1623422503,0.2414522171,68,0.07418581582,0.06880943487,-0.03080197581,0.1852234789,-0.002124895217,0.07206092061,0,0
jpeg_q50,3,ai_edited,12,jpeg_boundary_difference_ratio,1.093948336,0.09273773244,false,68,1.078513586,0.07785960965,1.05481112,0.9920105815,1.025272816,1.113544852,1.208841461,0.08827203512,0.9520630836,1.365483165,1.421101093,0.1409709919,1.387038112,1.250023389,1.311200738,1.507097125,1.674478453,0.1958963871,1.204977632,1.970347166,0.3425875069,0.1003809041,0.325977087,0.2175377548,0.2821125686,0.3967908621,0.5237570733,0.1146782935,0.0003038644791,0.6230621338,68,3.69415445,3.515042674,3.042047301,4.278634507,-0.1664344084,3.527720041,0,0.01470588235
jpeg_q50,3,ai_edited,13,jpeg_periodic_grid_strength,0.09553520438,0.09058293146,false,68,0.08022012399,0.07567364232,0.0548111219,0,0.02527279966,0.1135448217,0.2088414364,0.08827202208,0,0.3654832244,0.4211010933,0.1409709955,0.3870381117,0.2500233591,0.3112007901,0.5070970803,0.6744784534,0.1958962902,0.2049776167,0.9703472257,0.3408809693,0.1013324625,0.3259771559,0.2175377388,0.2705483986,0.3967909366,0.5212792642,0.126242538,0.0003038346767,0.6230621934,68,3.76319207,3.598659821,2.986748102,4.380416158,-0.1690724747,3.594119595,0,0.01470588235
jpeg_q50,3,ai_edited,14,jpeg_artifact_score,0.1895063019,0.1711530738,false,68,0.160440248,0.1513472846,0.1096222438,0,0.05054559931,0.2270896435,0.4176828727,0.1765440442,0,0.7309664488,0.7864965586,0.1824569789,0.7740762234,0.5000467181,0.6224015802,1,1,0.3775984198,0.4099552333,1,0.6260563106,0.1563724443,0.6201184001,0.4249711965,0.5317257438,0.7384295948,0.8525883894,0.206703851,0.0006076693535,1,68,3.657873603,3.623180037,3.106726231,4.314439575,-0.1698249015,3.488048702,0,0
jpeg_q50,3,ai_edited,15,laplacian_variance,0.02918492153,0.0375752336,false,68,0.0238542793,0.0268182541,0.01502414793,0.002805999166,0.007615783834,0.03353293054,0.0565951407,0.0259171467,0.0007818382583,0.1884857267,0.01744493322,0.01990398418,0.01252989145,0.002407395735,0.005647112615,0.02276969794,0.03786053248,0.01712258533,0.0006177909672,0.1422915906,-0.006409346081,0.007625160243,-0.004221659387,-0.01971002929,-0.008990862872,-0.001009337604,-0.0002043443936,0.007981525268,-0.04619413614,0.007526827976,68,-0.1705736856,-0.1123521794,-0.2392763002,-0.02686177856,-0.141865844,-0.3124395296,0,0
jpeg_q50,4,all,0,fft_high_freq_energy_ratio,0.2772912924,0.03379470165,false,136,0.2806075897,0.03850881595,0.2823493928,0.2247225791,0.2523871139,0.3061808795,0.3457480147,0.0537937656,0.186509192,0.3788720965,0.2805298738,0.03852098568,0.2824793458,0.2242148854,0.2514450923,0.3060967475,0.3452912048,0.05465165526,0.1865281463,0.378760457,-7.771591053e-05,0.000610573247,-3.057718277e-05,-0.0006541907787,-0.0002934746444,0.0002118945122,0.0007079839706,0.0005053691566,-0.003826037049,0.001050695777,136,-0.002299647777,-0.0009047922093,-0.008684043062,0.006270051275,0.09813068766,0.09583103988,0,0
jpeg_q50,4,all,1,fft_spectral_peak_count,0.001098901115,0.01042509134,false,136,0.003676470643,0.01888792798,0,0,0,0,0,0,0,0.1000000015,0.003676470643,0.01888792798,0,0,0,0,0,0,0,0.1000000015,0,0,0,0,0,0,0,0,0,0,136,0,0,0,0,0.2472467092,0.2472467092,0,0
jpeg_q50,4,all,2,fft_radial_anomaly_score,0.01062271086,0.06169742377,false,136,0.01691176523,0.0735906085,0,0,0,0,0.07500000298,0,0,0.400000006,0.01691176523,0.0735906085,0,0,0,0,0.07500000298,0,0,0.400000006,0,0,0,0,0,0,0,0,0,0,136,0,0,0,0,0.1019338245,0.1019338245,0,0
jpeg_q50,4,all,3,fft_spectral_decay_slope,-1.395071069,0.1081051518,false,136,-1.386231996,0.1248093578,-1.388402462,-1.567102671,-1.47300902,-1.304937065,-1.176903129,0.1680719554,-1.680339456,-1.072325468,-1.386439905,0.1251633271,-1.386698902,-1.575190425,-1.474167496,-1.305223823,-1.176584601,0.1689436734,-1.680341959,-1.072862506,-0.0002079088898,0.001784421834,-6.04391098e-05,-0.001956790686,-0.000732332468,0.0007321834564,0.00189435482,0.001464515924,-0.01205766201,0.002539396286,136,-0.001923209822,-0.000559077054,-0.006774260576,0.006772882181,0.08176366375,0.07984045392,0,0
jpeg_q50,4,all,4,dct_mean_high_freq_energy,0.6193762905,0.5366699776,false,136,0.6246570343,0.575484475,0.4199665189,0.1139723808,0.2421660833,0.7904714942,1.906940579,0.5483054109,0.0488383323,3.120204687,0.2676732873,0.3148497053,0.1525666639,0.04390131123,0.0806387011,0.3293470889,0.9446118921,0.2487083878,0.02718164027,1.987588048,-0.3569837471,0.2852650375,-0.2761014625,-0.9573283643,-0.4654256217,-0.1579244658,-0.05791277066,0.3075011559,-1.350139558,0.1619968414,136,-0.6651830025,-0.5144716009,-0.8672473608,-0.2942673755,0.009839834595,-0.6553431679,0,0.02205882353
jpeg_q50,4,all,5,dct_ac_energy_variance,0.6295869104,0.7833336529,false,136,0.6540939869,0.7146153804,0.4082358479,0.0308582182,0.1493869834,0.7946500927,2.135314763,0.6452631094,0.002281752881,3.695193529,0.2737381849,0.4042864302,0.1129800864,0.005624011741,0.03479972295,0.2547585666,1.024306357,0.2199588437,0.0005235425779,1.968873262,-0.380355802,0.3794220838,-0.2571743689,-1.069311112,-0.5531943478,-0.1100361827,-0.01726976916,0.4431581651,-1.816215396,0.422082752,136,-0.4855604002,-0.3283075711,-0.7062052622,-0.1404716653,0.03128561671,-0.4542747835,0,0
jpeg_q50,4,all,6,dct_anomaly_score,0.8854757963,0.1618540456,false,136,0.9006486785,0.1700721526,1,0.468439959,0.8060800284,1,1,0.1939199716,0.3729226589,1,0.9712787994,0.08938210851,1,0.7031023204,1,1,1,0,0.5602938533,1,0.07063012088,0.1194752391,0,0,0,0.1380744874,0.3089425266,0.1380744874,-0.1268260479,0.428725481,136,0.4363815599,0,0,0.8530802364,0.09374422558,0.5301257855,0,0
jpeg_q50,4,all,7,noise_global_level,0.08048238378,0.05501788475,false,136,0.08158391684,0.05939912676,0.06303627416,0.01989928773,0.04177078418,0.10236446,0.2022186518,0.06059367582,0.0110670086,0.3236872554,0.06959408098,0.05329679098,0.05146793462,0.0166941504,0.03409288265,0.08527423069,0.1755357124,0.05118134804,0.01070264727,0.3101169467,-0.01198983586,0.01102912762,-0.01121504977,-0.03139210586,-0.01523856446,-0.004138436168,-0.001007418148,0.01110012829,-0.04936310649,0.02657046914,136,-0.2179261509,-0.2038437105,-0.2769747425,-0.07521983419,0.02002136334,-0.1979047876,0,0
jpeg_q50,4,all,8,noise_max_to_min_ratio,0.3987162239,0.3321587738,false,136,0.4534905819,0.3455142641,0.3879249692,0.06338350475,0.1265477277,0.7369337082,1,0.6103859805,0.0300397668,1,0.5482002083,0.3829779329,0.5437377393,0.06154461671,0.1488067806,1,1,0.8511932194,0.0296959579,1,0.09470962637,0.1738458321,0.01578076556,-0.06652066112,0,0.1543031856,0.4740188383,0.1543031856,-0.2524157166,0.5972009599,136,0.2851335983,0.04750970563,0,0.4645464694,0.1649041432,0.4500377415,0.02941176471,0.02941176471
jpeg_q50,4,all,9,noise_std_of_variances,0.04493150664,0.02958025528,false,136,0.04596029094,0.02833783372,0.0404331889,0.01057637902,0.02389561944,0.06240804959,0.09797646292,0.03851243015,0.004058144521,0.1357585639,0.04082863004,0.02692234434,0.03471695073,0.0102282064,0.0188585748,0.05315096304,0.08771693334,0.03429238824,0.003040690674,0.1223776564,-0.005131660896,0.005931254278,-0.004239233211,-0.01522973925,-0.007310196757,-0.001496414654,0.0009858694393,0.005813782103,-0.02436547726,0.01493782178,136,-0.173482644,-0.1433129353,-0.2471309557,-0.05058829412,0.03477942586,-0.1387032181,0,0
jpeg_q50,4,all,10,noise_coef_variation,0.6066669238,0.2341182303,false,136,0.6303953582,0.2599559144,0.6288309693,0.248521734,0.4270838499,0.7941017896,1.057026237,0.3670179397,0.1013499871,1.295623899,0.6533540517,0.2741591202,0.6247088015,0.2818340957,0.4286571145,0.8433518857,1.135468841,0.4146947712,0.08888822794,1.412597775,0.02295869353,0.05860668251,0.02602773905,-0.07380286604,-0.00930531323,0.04923110455,0.1411685795,0.05853641778,-0.1348009109,0.2548277974,136,0.09806452709,0.1111734828,-0.03974621378,0.2102830886,0.1013523566,0.1994168837,0.01470588235,0.02205882353
jpeg_q50,4,all,11,noise_inconsistency_score,0.4655542926,0.2761477501,false,136,0.497217292,0.3034733063,0.505107969,0.001652285282,0.2361118011,0.7254690379,1,0.4893572368,0,1,0.52061197,0.3109179633,0.4996117502,0.04244545661,0.2382094748,0.7911358476,1,0.5529263727,0,1,0.02339467797,0.0660931858,0.02417767048,-0.09405421838,0,0.05024712346,0.1036823168,0.05024712346,-0.1797346175,0.3397704363,136,0.08471797419,0.0875533857,0,0.1819573885,0.1146596318,0.199377606,0,0
jpeg_q50,4,all,12,jpeg_boundary_difference_ratio,1.093486445,0.09390043672,false,136,1.08419205,0.07630003957,1.072595596,0.9925839305,1.031727135,1.134876192,1.231296629,0.1031490564,0.9104481339,1.299650311,1.412033477,0.1713585832,1.405355513,1.173351288,1.266774386,1.533866316,1.724639684,0.2670919299,1.072674155,1.882214189,0.3278414274,0.111956041,0.3197771311,0.1982359886,0.2426555455,0.3859994709,0.5277512968,0.1433439255,-0.00177526474,0.6695113182,136,3.491372765,3.405491415,2.584179094,4.110731371,-0.09898138087,3.392391384,0.04411764706,0.007352941176
jpeg_q50,4,all,13,jpeg_periodic_grid_strength,0.09464744051,0.09247797334,false,136,0.08760411388,0.07060674983,0.07259557396,0,0.03172709793,0.1348761879,0.2312966399,0.10314909,0,0.2996502519,0.4120334741,0.1713585885,0.4053554684,0.1733513139,0.2667743415,0.5338662863,0.724639684,0.2670919448,0.07267416269,0.8822141886,0.3244293602,0.1151735514,0.3197770938,0.169327975,0.2402029,0.3859994784,0.5277513005,0.1457965784,-0.001775227487,0.6695112735,136,3.508179824,3.457873073,2.597406619,4.173961263,-0.07616220786,3.432017616,0,0.007352941176
jpeg_q50,4,all,14,jpeg_artifact_score,0.1877307741,0.1751440914,false,136,0.1752082278,0.1412134997,0.1451911479,0,0.06345419586,0.2697523758,0.4625932798,0.2062981799,0,0.5993005037,0.7528508269,0.2385785323,0.8107109368,0.3467026278,0.5335486829,1,1,0.4664513171,0.1453483254,1,0.5776425992,0.1561838325,0.6053147167,0.33865595,0.4714549654,0.6974161714,0.7726284228,0.225961206,-0.003550454974,0.8735429794,136,3.298099265,3.45609556,2.691811991,3.981956604,-0.07149853744,3.226600728,0,0
jpeg_q50,4,all,15,laplacian_variance,0.02771657354,0.03572195923,false,136,0.02984076236,0.03614408448,0.01788531337,0.002879146778,0.008638437837,0.03398433514,0.1130660344,0.0253458973,0.0003647030098,0.2088879496,0.02353396487,0.03034060877,0.01211557444,0.002370271075,0.005724336021,0.02709843591,0.08286477253,0.02137409989,0.0003907053906,0.1916948706,-0.006306797496,0.007934112847,-0.003651092993,-0.02078512497,-0.008200411685,-0.001002367819,-0.000273150421,0.007198043866,-0.03939545155,0.01707416214,136,-0.1765523961,-0.1022086434,-0.2295622038,-0.02806026994,0.05946451067,-0.1170878855,0,0
jpeg_q50,4,authentic,0,fft_high_freq_energy_ratio,0.2772912924,0.03379470165,false,68,0.2788785245,0.03970325146,0.2801967263,0.2224504076,0.2490844652,0.3065289408,0.3455745861,0.05744447559,0.1887102574,0.3711397052,0.2788304588,0.039708747,0.2803830802,0.2198573239,0.2487496398,0.306600824,0.3450776249,0.05785118416,0.1887874901,0.3711764216,-4.806566764e-05,0.0005978424972,5.36441803e-06,-0.0005775697529,-0.0003077164292,0.0002355724573,0.0006823003292,0.0005432888865,-0.003826037049,0.001050695777,68,-0.001422284124,0.0001587354753,-0.009105463702,0.006970692025,0.04696689159,0.04554460746,0,0
jpeg_q50,4,authentic,1,fft_spectral_peak_count,0.001098901115,0.01042509134,false,68,0.002941176514,0.0170213936,0,0,0,0,0,0,0,0.1000000015,0.002941176514,0.0170213936,0,0,0,0,0,0,0,0.1000000015,0,0,0,0,0,0,0,0,0,0,68,0,0,0,0,0.1767155163,0.1767155163,0,0
jpeg_q50,4,authentic,2,fft_radial_anomaly_score,0.01062271086,0.06169742377,false,68,0.01470588279,0.06967880851,0,0,0,0,0,0,0,0.400000006,0.01470588279,0.06967880851,0,0,0,0,0,0,0,0.400000006,0,0,0,0,0,0,0,0,0,0,68,0,0,0,0,0.06618059036,0.06618059036,0,0
jpeg_q50,4,authentic,3,fft_spectral_decay_slope,-1.395071069,0.1081051518,false,68,-1.393027625,0.1282122567,-1.40049988,-1.58098858,-1.486094415,-1.310151756,-1.183244878,0.1759426594,-1.677996755,-1.106623292,-1.393173631,0.1284973563,-1.400472999,-1.5826065,-1.484935552,-1.310386926,-1.182746834,0.1745486259,-1.677223921,-1.107400417,-0.0001460068366,0.00180975404,-6.04391098e-05,-0.001680409908,-0.0007415413857,0.0008552968502,0.001838868856,0.001596838236,-0.01205766201,0.002539396286,68,-0.001350600172,-0.000559077054,-0.006859445394,0.007911712216,0.01890237667,0.0175517765,0,0
jpeg_q50,4,authentic,4,dct_mean_high_freq_energy,0.6193762905,0.5366699776,false,68,0.619074247,0.5894011392,0.3964817971,0.1050579589,0.2415498458,0.7882015407,1.81207124,0.5466516949,0.0488383323,3.120204687,0.2686058742,0.3252577248,0.1465545669,0.04294759594,0.0806387011,0.3182504103,0.8833024949,0.2376117092,0.02718164027,1.987588048,-0.3504683728,0.2915752366,-0.2572700195,-0.9340179265,-0.4603030793,-0.1525830245,-0.04898531549,0.3077200549,-1.350139558,0.1619968414,68,-0.6530426284,-0.479382172,-0.8577023097,-0.2843144406,-0.0005628105104,-0.6536054389,0,0.02941176471
jpeg_q50,4,authentic,5,dct_ac_energy_variance,0.6295869104,0.7833336529,false,68,0.652833598,0.7232856715,0.4082358479,0.0278990061,0.1388221048,0.8187793642,2.114781368,0.6799572594,0.002281752881,3.695193529,0.2739683052,0.4086876886,0.1137569435,0.00452065788,0.03248167597,0.2551665977,0.975413093,0.2226849217,0.0005235425779,1.937975287,-0.3788652928,0.3889245323,-0.2429764457,-1.075249785,-0.5644603483,-0.09803720936,-0.01332230916,0.466423139,-1.816215396,0.422082752,68,-0.4836576233,-0.3101825701,-0.7205873847,-0.1251538332,0.02967661034,-0.453981013,0,0
jpeg_q50,4,authentic,6,dct_anomaly_score,0.8854757963,0.1618540456,false,68,0.9005260446,0.1710789769,1,0.5059590265,0.8380032927,1,1,0.1619967073,0.3729226589,1,0.9676224028,0.09647530498,1,0.684661448,1,1,1,0,0.5602938533,1,0.06709635827,0.1187616613,0,0,0,0.1082540005,0.2992229491,0.1082540005,-0.1268260479,0.4277240634,68,0.41454854,0,0,0.6688371623,0.0929865434,0.5075350834,0,0
jpeg_q50,4,authentic,7,noise_global_level,0.08048238378,0.05501788475,false,68,0.08178414528,0.06063387544,0.06277976371,0.02107844064,0.04174822848,0.1023419909,0.2037630282,0.06059376244,0.0110670086,0.3236872554,0.06962283194,0.05440837522,0.05304598808,0.0178485495,0.03441901784,0.08519637957,0.1750106588,0.05077736173,0.01070264727,0.3101169467,-0.01216131334,0.0113767501,-0.01230498403,-0.03145832811,-0.01546295546,-0.004000179237,-0.0009495420381,0.01146277622,-0.04936310649,0.02657046914,68,-0.2210429098,-0.2236542551,-0.2810532526,-0.07270688895,0.02366069695,-0.1973822129,0,0
jpeg_q50,4,authentic,8,noise_max_to_min_ratio,0.3987162239,0.3321587738,false,68,0.4519759954,0.3480542095,0.3923391402,0.06474506743,0.1224327013,0.7403258979,1,0.6178931966,0.0300397668,1,0.5466596551,0.3861910798,0.5253344178,0.06476065982,0.1415953338,1,1,0.8584046662,0.0296959579,1,0.09468365973,0.1738580066,0.01578076556,-0.06141450927,0,0.1513845846,0.463508226,0.1513845846,-0.2524157166,0.5972009599,68,0.2850554229,0.04750970563,0,0.4557597046,0.1603443162,0.4453997391,0.02941176471,0.02941176471
jpeg_q50,4,authentic,9,noise_std_of_variances,0.04493150664,0.02958025528,false,68,0.04589441433,0.02860189695,0.0404331889,0.009091384057,0.02376076765,0.06314694323,0.09577749372,0.03938617557,0.004058144521,0.1357585639,0.04072046797,0.02712839599,0.03462164663,0.009122849489,0.01896431018,0.05311662704,0.08636164516,0.03415231686,0.003040690674,0.1223776564,-0.005173946364,0.006292852552,-0.004239233211,-0.0157348793,-0.007564252242,-0.001324400771,0.0008556925226,0.006239851471,-0.02436547726,0.01493782178,68,-0.1749121607,-0.1433129353,-0.2557196404,-0.04477313529,0.03255237918,-0.1423597815,0,0
jpeg_q50,4,authentic,10,noise_coef_variation,0.6066669238,0.2341182303,false,68,0.6290771225,0.2671636483,0.6167426705,0.2516984895,0.4208881184,0.7941017896,1.105585682,0.3732136711,0.1013499871,1.295623899,0.6522841799,0.2791715408,0.6234488189,0.2788699359,0.4285854325,0.8463277072,1.16680364,0.4177422747,0.08888822794,1.384926558,0.02320705738,0.05771436269,0.02415043116,-0.06758349985,-0.009321421385,0.04764211923,0.1201787025,0.05696354061,-0.1348009109,0.2394723296,68,0.09912537504,0.103154851,-0.03981501729,0.2034959823,0.09572171584,0.1948470909,0.01470588235,0.02941176471
jpeg_q50,4,authentic,11,noise_inconsistency_score,0.4655542926,0.2761477501,false,68,0.4926389793,0.3074081949,0.4889902323,0.002264665603,0.2278508171,0.7254690379,1,0.4976182207,0,1,0.5172071519,0.3148692911,0.4979317784,0.03849323913,0.2381138951,0.7951036245,1,0.5569897294,0,1,0.02456817264,0.06419551421,0.02470576763,-0.07111130059,0,0.0504308762,0.1004437342,0.0504308762,-0.1797346175,0.3192964792,68,0.08896749159,0.08946575744,0,0.1826228031,0.09808041764,0.1870479092,0,0
jpeg_q50,4,authentic,12,jpeg_boundary_difference_ratio,1.093486445,0.09390043672,false,68,1.089614608,0.08047800144,1.07416594,0.9886158407,1.031998813,1.138077199,1.244434547,0.1060783863,0.9246424437,1.299650311,1.418183739,0.1777553355,1.406737387,1.17646994,1.272132725,1.535429448,1.750365216,0.2632967234,1.072674155,1.882214189,0.3285691309,0.1157270407,0.3215032816,0.1987518549,0.2444923222,0.3859994709,0.5336299181,0.1415071487,-0.00177526474,0.6658700705,68,3.4991225,3.423874189,2.60373999,4.110731371,-0.04123342817,3.457889072,0.04411764706,0.01470588235
jpeg_q50,4,authentic,13,jpeg_periodic_grid_strength,0.09464744051,0.09247797334,false,68,0.09304690293,0.07486371033,0.07416598126,0,0.03199881036,0.1380772218,0.244434534,0.1060784115,0,0.2996502519,0.4181837457,0.1777553414,0.4067373723,0.1764699645,0.2721326798,0.5354294926,0.7503652155,0.2632968128,0.07267416269,0.8822141886,0.3251368428,0.1189373299,0.3215032928,0.1703804135,0.2389594936,0.3859994784,0.5336299814,0.1470399848,-0.001775227487,0.6658701599,68,3.515830106,3.476539128,2.583961185,4.173961263,-0.01730723025,3.498522875,0,0.01470588235
jpeg_q50,4,authentic,14,jpeg_artifact_score,0.1877307741,0.1751440914,false,68,0.1860938059,0.1497274207,0.1483319625,0,0.06399762072,0.2761544436,0.488869068,0.2121568229,0,0.5993005037,0.7573087917,0.2397996729,0.8134747446,0.3529399291,0.5442653596,1,1,0.4557346404,0.1453483254,1,0.5712149858,0.1593023313,0.5960562229,0.3407608271,0.4677994298,0.6902111024,0.771723111,0.2224116726,-0.003550454974,0.8684020191,68,3.261400263,3.403233407,2.670940401,3.940818653,-0.009346408786,3.252053854,0,0
jpeg_q50,4,authentic,15,laplacian_variance,0.02771657354,0.03572195923,false,68,0.03013691008,0.03721346303,0.01788531337,0.002924423118,0.008923721034,0.03329556901,0.1101148304,0.02437184798,0.0003647030098,0.2088879496,0.02367939555,0.03129464335,0.01168318512,0.002397706395,0.005764345988,0.02604365163,0.0830635298,0.02027930564,0.0003907053906,0.1916948706,-0.006457514534,0.008162196958,-0.003923847107,-0.02080056556,-0.009018213023,-0.0009924595361,-0.0002903367393,0.008025753486,-0.03939545155,0.01707416214,68,-0.1807715666,-0.1098441181,-0.2524557224,-0.02778289762,0.06775486553,-0.1130167011,0,0
jpeg_q50,4,ai_edited,0,fft_high_freq_energy_ratio,0.2772912924,0.03379470165,false,68,0.2823366549,0.03749098993,0.2823493928,0.2257553063,0.2547905222,0.3049883246,0.3452540711,0.05019780248,0.186509192,0.3788720965,0.2822292888,0.03751310589,0.282515198,0.2253569558,0.2544554248,0.3046855479,0.3446448073,0.0502301231,0.1865281463,0.378760457,-0.0001073661534,0.0006260697933,-6.479769945e-05,-0.0007909476757,-0.000282548368,0.0001575052738,0.0007286801934,0.0004400536418,-0.003525272012,0.001028433442,68,-0.00317701143,-0.001917392262,-0.008360729764,0.004660649928,0.1492944837,0.1461174723,0,0
jpeg_q50,4,ai_edited,1,fft_spectral_peak_count,0.001098901115,0.01042509134,false,68,0.004411764772,0.02068833092,0,0,0,0,0,0,0,0.1000000015,0.004411764772,0.02068833092,0,0,0,0,0,0,0,0.1000000015,0,0,0,0,0,0,0,0,0,0,68,0,0,0,0,0.3177779021,0.3177779021,0,0
jpeg_q50,4,ai_edited,2,fft_radial_anomaly_score,0.01062271086,0.06169742377,false,68,0.01911764767,0.07776227488,0,0,0,0,0.1950000077,0,0,0.400000006,0.01911764767,0.07776227488,0,0,0,0,0.1950000077,0,0,0.400000006,0,0,0,0,0,0,0,0,0,0,68,0,0,0,0,0.1376870587,0.1376870587,0,0
jpeg_q50,4,ai_edited,3,fft_spectral_decay_slope,-1.395071069,0.1081051518,false,68,-1.379436367,0.1218816118,-1.375953257,-1.552094215,-1.4640975,-1.304937065,-1.17120049,0.1591604352,-1.680339456,-1.072325468,-1.379706178,0.1223189495,-1.375893772,-1.552548635,-1.465983361,-1.305223823,-1.171332031,0.1607595384,-1.680341959,-1.072862506,-0.000269810943,0.001769988576,-7.110834122e-05,-0.002005380392,-0.0006637573242,0.0006156861782,0.001945257187,0.001279443502,-0.01003551483,0.002521276474,68,-0.002495819473,-0.0006577701435,-0.00613992315,0.005695252889,0.1446249508,0.1421291313,0,0
jpeg_q50,4,ai_edited,4,dct_mean_high_freq_energy,0.6193762905,0.5366699776,false,68,0.6302398216,0.5655535467,0.463764295,0.1201540031,0.2485368662,0.7922516614,1.813129681,0.5437147953,0.08344591409,2.887669325,0.2667407003,0.3065059188,0.1555375829,0.04495852385,0.08088778891,0.3338225335,0.8744700164,0.2529347446,0.03000127524,1.795041323,-0.3634991214,0.2808283577,-0.2994185612,-0.9442945153,-0.476951912,-0.1589180995,-0.07023383044,0.3180338126,-1.348361194,-0.0008901953697,68,-0.6773233766,-0.5579193427,-0.8887247879,-0.2961188554,0.0202424797,-0.6570808969,0,0.01470588235
jpeg_q50,4,ai_edited,5,dct_ac_energy_variance,0.6295869104,0.7833336529,false,68,0.6553543757,0.7112150966,0.4090529233,0.0402990602,0.1564569734,0.7578237802,2.145369208,0.6013668068,0.0117617324,3.600648165,0.2735080646,0.4028756832,0.1097859368,0.00666652231,0.0393101424,0.2516038977,0.9465456337,0.2122937553,0.001563952886,1.968873262,-0.3818463111,0.3725642325,-0.2602429204,-1.044211233,-0.5387491882,-0.1157406266,-0.02516221496,0.4230085616,-1.799875855,0.212169826,68,-0.487463177,-0.3322248692,-0.6877646405,-0.1477539311,0.03289462308,-0.4545685539,0,0
jpeg_q50,4,ai_edited,6,dct_anomaly_score,0.8854757963,0.1618540456,false,68,0.9007713124,0.1703312562,1,0.5009026289,0.8060800284,1,1,0.1939199716,0.4136717618,1,0.9749351959,0.08223710741,1,0.7657590091,1,1,1,0,0.6253169775,1,0.07416388349,0.1209629503,0,0,0,0.1490224898,0.3122880876,0.1490224898,0,0.428725481,68,0.4582145799,0,0,0.9207214393,0.09450190777,0.5527164876,0,0
jpeg_q50,4,ai_edited,7,noise_global_level,0.08048238378,0.05501788475,false,68,0.0813836884,0.05858860665,0.06364727765,0.02157525085,0.04177078418,0.1027253196,0.2006555527,0.06095453538,0.01520370506,0.3025949597,0.06956533003,0.0525663307,0.05146793462,0.01854981314,0.03402746655,0.08598091081,0.1734256208,0.05195344426,0.01512348466,0.2912173271,-0.01181835837,0.01075215,-0.01090731099,-0.03087834753,-0.01444453746,-0.004189140163,-0.001149559952,0.0102553973,-0.04902715981,0.01927554607,68,-0.214809392,-0.1982502788,-0.262542581,-0.07614142533,0.01638202973,-0.1984273623,0,0
jpeg_q50,4,ai_edited,8,noise_max_to_min_ratio,0.3987162239,0.3321587738,false,68,0.4550051684,0.3455367085,0.3845108151,0.06474506743,0.1333430372,0.7369337082,1,0.603590671,0.0300397668,1,0.5497407615,0.3826028782,0.5557597876,0.06573741734,0.1517259143,1,1,0.8482740857,0.0296959579,1,0.09473559301,0.1751262947,0.01549221203,-0.0617923364,0,0.1600980014,0.4728665002,0.1600980014,-0.2524157166,0.5496115983,68,0.2852117737,0.04664098392,0,0.4819923904,0.1694639702,0.4546757439,0.02941176471,0.02941176471
jpeg_q50,4,ai_edited,9,noise_std_of_variances,0.04493150664,0.02958025528,false,68,0.04602616755,0.0282838096,0.04039666243,0.01135097537,0.02406382887,0.05915413052,0.0984832,0.03509030165,0.004149815533,0.1336439252,0.04093679212,0.02691597541,0.03481256962,0.01056638579,0.01875372743,0.05315096304,0.08599661663,0.03439723561,0.003043931676,0.120362334,-0.005089375427,0.005592942266,-0.004181656986,-0.01443044879,-0.007124020718,-0.001864282414,0.0009115367662,0.005259738304,-0.02314626053,0.007995381951,68,-0.1720531273,-0.1413664942,-0.2408370263,-0.06302455462,0.03700647254,-0.1350466548,0,0
jpeg_q50,4,ai_edited,10,noise_coef_variation,0.6066669238,0.2341182303,false,68,0.6317135938,0.2545247053,0.633387208,0.2435482256,0.4305301309,0.7959031165,1.012163094,0.3653729856,0.1038438156,1.247354269,0.6544239235,0.2711258249,0.6278086901,0.2849019036,0.4286817238,0.8394571841,1.109721404,0.4107754603,0.08914080262,1.412597775,0.02271032969,0.05991392511,0.02741095424,-0.07630602121,-0.006899047643,0.04934995621,0.1259683013,0.05624900386,-0.1335510015,0.2548277974,68,0.09700367914,0.1170816737,-0.02946822055,0.2107907452,0.1069829975,0.2039866766,0.01470588235,0.01470588235
jpeg_q50,4,ai_edited,11,noise_inconsistency_score,0.4655542926,0.2761477501,false,68,0.5017956047,0.3017023653,0.5111829638,0.0008181927959,0.2407068312,0.727870822,0.9956711709,0.4871639907,0,1,0.524016788,0.3092193288,0.5037449449,0.0465358749,0.2382422984,0.7859429568,1,0.5477006584,0,1,0.0222211833,0.06839559732,0.02325431257,-0.0997115545,-0.0005293935537,0.05003670417,0.1071356609,0.05056609772,-0.178068012,0.3397704363,68,0.0804684568,0.08420967603,-0.001917066329,0.1811954077,0.131238846,0.2117073028,0,0
jpeg_q50,4,ai_edited,12,jpeg_boundary_difference_ratio,1.093486445,0.09390043672,false,68,1.078769492,0.07206863633,1.065479457,0.9972284168,1.02972278,1.132438362,1.193942833,0.1027155817,0.9104481339,1.279422164,1.405883216,0.1658072777,1.40176326,1.17683804,1.266243011,1.532350093,1.707197136,0.2661070824,1.091554403,1.84523356,0.3271137239,0.1089108089,0.3197771311,0.2006993711,0.2426555455,0.3836272061,0.5141653657,0.1409716606,0.04785168171,0.6695113182,68,3.48362303,3.405491415,2.584179094,4.085467752,-0.1567293336,3.326893697,0.04411764706,0
jpeg_q50,4,ai_edited,13,jpeg_periodic_grid_strength,0.09464744051,0.09247797334,false,68,0.08216132483,0.06618403564,0.06547948718,0,0.02972275205,0.1324383803,0.1939428382,0.1027156282,0,0.279422164,0.4058832025,0.1658072816,0.4017632455,0.1768380553,0.2662429512,0.5323500782,0.7071971357,0.2661071271,0.0915543884,0.8452336192,0.3237218777,0.1121640482,0.3197770938,0.1706873788,0.2425009347,0.3836271539,0.514165356,0.1411262192,0.04785164073,0.6695112735,68,3.500529543,3.457873073,2.622256155,4.148308403,-0.1350171855,3.365512357,0,0
jpeg_q50,4,ai_edited,14,jpeg_artifact_score,0.1877307741,0.1751440914,false,68,0.1643226497,0.1323680713,0.1309589744,0,0.0594455041,0.2648767605,0.3878856763,0.2054312564,0,0.5588443279,0.7483928622,0.2390496954,0.8035264909,0.3536761105,0.5324859023,1,1,0.4675140977,0.1831087768,1,0.5840702125,0.153914798,0.6097042486,0.3413747576,0.4810638498,0.6999458298,0.772419548,0.2188819801,0.09570328146,0.8735429794,68,3.334798267,3.481157964,2.746674729,3.996399902,-0.1336506661,3.201147601,0,0
jpeg_q50,4,ai_edited,15,laplacian_variance,0.02771657354,0.03572195923,false,68,0.02954461464,0.0353166853,0.01806723326,0.002836903092,0.008588609286,0.03418124001,0.1092759728,0.02559263073,0.001043430413,0.1876905411,0.02338853419,0.02958795426,0.01244419254,0.002450557775,0.005722689442,0.02748521836,0.08211319745,0.02176252892,0.001101610833,0.1736403257,-0.006156080459,0.0077570793,-0.003425861476,-0.02021234371,-0.007673357148,-0.001027212827,-0.0002332262753,0.00664614432,-0.0389053598,0.01276680827,68,-0.1723332256,-0.09590351564,-0.2148078468,-0.02875578075,0.05117415581,-0.1211590698,0,0
jpeg_q50,all,all,0,fft_high_freq_energy_ratio,,,false,682,0.2779526068,0.03480530152,0.2772023827,0.2232303187,0.2560663074,0.3010063693,0.3357982785,0.04494006187,0.1503369361,0.390927285,0.2778988909,0.03469980861,0.2771309465,0.2233226538,0.255982466,0.3008656874,0.335542506,0.04488322139,0.1532534212,0.3906937838,-5.371586756e-05,0.000552866381,-3.607571125e-05,-0.0008719235659,-0.000301297754,0.0002055168152,0.0007241547108,0.0005068145692,-0.003826037049,0.002916485071,682,-0.001585238156,-0.00105431558,-0.008587121996,0.005890335992,0.000382490421,-0.001202747736,0.005865102639,0.005865102639
jpeg_q50,all,all,1,fft_spectral_peak_count,,,false,682,0.00161290325,0.01260642272,0,0,0,0,0,0,0,0.1000000015,0.00161290325,0.01260642272,0,0,0,0,0,0,0,0.1000000015,0,0,0,0,0,0,0,0,0,0,682,0,0,0,0,0.01344135653,0.01344135653,0,0
jpeg_q50,all,all,2,fft_radial_anomaly_score,,,false,682,0.01187683314,0.06427955859,0,0,0,0,0,0,0,0.400000006,0.01187683314,0.06427955859,0,0,0,0,0,0,0,0.400000006,0,0,0,0,0,0,0,0,0,0,682,0,0,0,0,0.006633750492,0.006633750492,0,0
jpeg_q50,all,all,3,fft_spectral_decay_slope,,,false,682,-1.393308439,0.1116713479,-1.395192921,-1.573706186,-1.462276548,-1.321887732,-1.211089444,0.1403888166,-1.800374389,-1.039516687,-1.393473937,0.1116419006,-1.395528436,-1.574240178,-1.462428719,-1.322643995,-1.21140793,0.1397847235,-1.792355418,-1.039885521,-0.0001654983266,0.001482130816,-0.0001381039619,-0.002289193869,-0.0007827579975,0.0005328655243,0.002004730701,0.001315623522,-0.01205766201,0.00801897049,682,-0.001519806404,-0.0012277484,-0.006941822956,0.00480644626,-0.000366779185,-0.001886585589,0.004398826979,0.004398826979
jpeg_q50,all,all,4,dct_mean_high_freq_energy,,,false,682,0.6204293421,0.5445884686,0.4749719203,0.1092386805,0.235785,0.7899457961,1.636770123,0.5541607961,0.03648391739,3.785670042,0.2492977389,0.2958413035,0.1584849879,0.03868170176,0.07802945748,0.2989811227,0.7846659511,0.2209516652,0.009138471447,2.827816725,-0.3711316032,0.2784616789,-0.3086456805,-0.902940461,-0.5090666525,-0.1555062719,-0.05929053538,0.3535603806,-1.51947403,0.1619968414,682,-0.6823856101,-0.5705409357,-0.9340079972,-0.2886307721,0.0007067405136,-0.6816788696,0.004398826979,0.04398826979
jpeg_q50,all,all,5,dct_ac_energy_variance,,,false,682,0.6344739521,0.7702608184,0.3559415638,0.03144389428,0.1470905617,0.8218686134,2.200242543,0.6747780517,0.0002849863376,5.270551682,0.2511316551,0.472515076,0.09387481585,0.004196519591,0.03015911626,0.2524951324,0.9259916067,0.2223360161,0.0002902565175,5.133240223,-0.383342297,0.387010549,-0.2571743689,-1.148876837,-0.5508416221,-0.1050646943,-0.01952940531,0.4457769278,-2.365456223,0.422082752,682,-0.499635831,-0.3250751569,-0.7148602692,-0.1401658362,0.002603339059,-0.4970324919,0.005865102639,0.005865102639
jpeg_q50,all,all,6,dct_anomaly_score,,,false,682,0.8885014737,0.163628524,1,0.5308185458,0.7905588299,1,1,0.2094411701,0.3281230032,1,0.9812153041,0.06550194063,1,0.805379948,1,1,1,0,0.5602938533,1,0.09271383041,0.1328716782,0,0,0,0.1885415167,0.3500782222,0.1885415167,-0.1972523332,0.5580445826,682,0.5666797545,0,0,1.158252717,0.0002215072272,0.5669012617,0.004398826979,0
jpeg_q50,all,all,7,noise_global_level,,,false,682,0.08070204433,0.05591543646,0.06579048187,0.02044743085,0.03944128286,0.1031936537,0.183905039,0.06375237089,0.006162684411,0.3703222573,0.06747294606,0.04849998314,0.05553427897,0.01786641274,0.03371065389,0.08414737508,0.155174613,0.05043672118,0.004054528661,0.3753526211,-0.01322909827,0.01134160216,-0.01129767392,-0.03388426937,-0.01888353564,-0.004942997359,-0.0007941429503,0.01394053828,-0.06492136419,0.0266235508,682,-0.2367704198,-0.2036006502,-0.3362443595,-0.08750795341,0.0005780905706,-0.2361923292,0.004398826979,0.007331378299
jpeg_q50,all,all,8,noise_max_to_min_ratio,,,false,682,0.4096389698,0.3355641775,0.2709191442,0.06314771362,0.1333026588,0.6455630511,1,0.5122603923,0.0300397668,1,0.4901617474,0.3708032783,0.3489246666,0.07054480352,0.1522435099,1,1,0.8477564901,0.0296959579,1,0.08052277757,0.1618515262,0.01068106294,-0.0541177392,0,0.09780418873,0.4717674255,0.09780418873,-0.2524157166,0.736666888,682,0.2398176928,0.03180287952,0,0.2961411771,0.002148262305,0.2419659551,0.005865102639,0.005865102639
jpeg_q50,all,all,9,noise_std_of_variances,,,false,682,0.04513666011,0.02934102561,0.03778089583,0.01156980484,0.02386665251,0.05785426684,0.1024551384,0.03398761433,0.002154552378,0.1630911529,0.039492505,0.02708055972,0.03280234523,0.0101959608,0.02059406228,0.04938966502,0.09214645885,0.02879560273,0.003001033794,0.1769512892,-0.005644155106,0.006338820675,-0.004545608535,-0.01724142954,-0.008706618799,-0.001598093426,0.0008104183711,0.007108525373,-0.02892058343,0.02453783527,682,-0.1928283315,-0.1546103789,-0.2956261533,-0.05412586146,0.001063759081,-0.1917645724,0.004398826979,0.005865102639
jpeg_q50,all,all,10,noise_coef_variation,,,false,682,0.6113986937,0.2396497804,0.5881181061,0.2620754585,0.4282246828,0.7563671321,1.010074639,0.3281424493,0.1013499871,1.52797842,0.6344009233,0.2463731598,0.6182128191,0.2862390906,0.4486006126,0.8010317087,1.072924352,0.3524310961,0.08888822794,1.447058558,0.02300222963,0.05909354628,0.01801902056,-0.06743930876,-0.007070764899,0.0477842167,0.1323289424,0.0548549816,-0.1751217842,0.2973913848,682,0.09632921082,0.07503990389,-0.02944272744,0.1998003246,0.001011510041,0.09734072086,0.007331378299,0.007331378299
jpeg_q50,all,all,11,noise_inconsistency_score,,,false,682,0.4718683218,0.2820596629,0.4508241415,0.01610060567,0.2376329191,0.6751561761,1,0.437523257,0,1,0.4982902997,0.2851070772,0.4909504503,0.04831878319,0.2648008093,0.7347089499,1,0.4699081406,0,1,0.02642197784,0.07204872793,0.01871475577,-0.07838824391,-0.005137698725,0.05486737192,0.1422945783,0.06000507064,-0.1908906698,0.3965218514,682,0.09387306392,0.06734975028,-0.01829493452,0.1957235217,0.0005601600106,0.09443322393,0,0
jpeg_q50,all,all,12,jpeg_boundary_difference_ratio,,,false,682,1.091633017,0.09075936839,1.067847133,0.9966444284,1.031480193,1.136814177,1.255306494,0.1053339839,0.9104481339,1.865938544,1.434533448,0.1938271068,1.394939899,1.205021298,1.320882648,1.524305522,1.736117911,0.2034228742,1.052394509,3.459049225,0.3429004313,0.1265720037,0.328224957,0.2024020016,0.2729161382,0.3949107528,0.5318085313,0.1219946146,-0.05292582512,1.593110681,682,3.792545407,3.658186621,2.979800676,4.33853553,0.003191135467,3.795736543,0.01026392962,0.06598240469
jpeg_q50,all,all,13,jpeg_periodic_grid_strength,,,false,682,0.09324290617,0.08861726578,0.06784714758,0,0.0314801475,0.1368141733,0.255306524,0.1053340258,0,0.8659385443,0.4345334489,0.1938271097,0.3949398845,0.205021286,0.3208827004,0.5243055224,0.7361179113,0.2034228221,0.05239452422,2.459049225,0.3412905427,0.1278013271,0.328225052,0.1922721374,0.2674726481,0.3939431496,0.5318085626,0.1264705015,-0.05292578042,1.593110681,682,3.869353709,3.739171124,3.040276756,4.458081212,0.003185049381,3.872538758,0.00146627566,0.06598240469
jpeg_q50,all,all,14,jpeg_artifact_score,,,false,682,0.1852336095,0.1690343142,0.1356942952,0,0.06296029501,0.2736283466,0.5106130481,0.2106680516,0,1,0.7787839295,0.2037455758,0.7898797691,0.410042572,0.6417654008,1,1,0.3582345992,0.1047890484,1,0.59355032,0.1574073541,0.6157806888,0.3373928457,0.5082053151,0.6961611658,0.8039300077,0.1879558507,-0.1058515608,1,682,3.518822214,3.64146131,3.006641409,4.120971253,0.001793001538,3.520615215,0,0
jpeg_q50,all,all,15,laplacian_variance,,,false,682,0.02814016544,0.03581610847,0.01723280735,0.00240588981,0.007098636706,0.03455301933,0.09506521598,0.02745438262,0.0001030618296,0.323674053,0.02142374139,0.03035301683,0.01223267009,0.001869716827,0.005546931643,0.02551497892,0.0723749388,0.01996804727,0.0001147273942,0.3324856162,-0.006716424055,0.007985085584,-0.004164760001,-0.0209726315,-0.009530861862,-0.001360589173,-0.000127677538,0.008170272689,-0.05331212282,0.01707416214,682,-0.1878254969,-0.1150136015,-0.2622911741,-0.03758151936,0.001910319392,-0.1859151775,0.005865102639,0.005865102639
jpeg_q50,all,authentic,0,fft_high_freq_energy_ratio,,,false,341,0.2763590832,0.03567788231,0.2766681612,0.2190896869,0.2537102401,0.3010176718,0.3351564407,0.0473074317,0.1503369361,0.3872631788,0.2763288436,0.03555838951,0.2766289115,0.2191661894,0.254039675,0.3010987341,0.3349533081,0.04705905914,0.1532534212,0.3869760633,-3.023961248e-05,0.0005514260645,-1.767277718e-05,-0.0008476674557,-0.0003013163805,0.0002322494984,0.0007212758064,0.0005335658789,-0.003826037049,0.002916485071,341,-0.0009045172825,-0.0005229452048,-0.008693417513,0.006707322489,-0.04550187175,-0.04640638903,0.005865102639,0.005865102639
jpeg_q50,all,authentic,1,fft_spectral_peak_count,,,false,341,0.001466275682,0.0120375471,0,0,0,0,0,0,0,0.1000000015,0.001466275682,0.0120375471,0,0,0,0,0,0,0,0.1000000015,0,0,0,0,0,0,0,0,0,0,341,0,0,0,0,-0.0005170864113,-0.0005170864113,0,0
jpeg_q50,all,authentic,2,fft_radial_anomaly_score,,,false,341,0.01026392988,0.05975627715,0,0,0,0,0,0,0,0.400000006,0.01026392988,0.05975627715,0,0,0,0,0,0,0,0.400000006,0,0,0,0,0,0,0,0,0,0,341,0,0,0,0,-0.01682904257,-0.01682904257,0,0
jpeg_q50,all,authentic,3,fft_spectral_decay_slope,,,false,341,-1.399301727,0.1147474869,-1.399407744,-1.57991612,-1.468418837,-1.327606201,-1.209452987,0.1408126354,-1.800374389,-1.08317697,-1.399409343,0.1146699535,-1.400768638,-1.580379725,-1.468575597,-1.326416969,-1.209548712,0.1421586275,-1.792355418,-1.083617449,-0.000107615924,0.001493546968,-0.0001170635223,-0.002260446548,-0.0007296800613,0.0005602836609,0.002157449722,0.001289963722,-0.01205766201,0.00801897049,341,-0.0009991338376,-0.001021142306,-0.006501997806,0.00507580213,-0.05424270825,-0.05524184209,0.00293255132,0.00293255132
jpeg_q50,all,authentic,4,dct_mean_high_freq_energy,,,false,341,0.6153405956,0.553424314,0.4606769085,0.09986262769,0.2256875783,0.7825812101,1.636802316,0.5568936318,0.03648391739,3.785670042,0.2498316157,0.3024367486,0.1567693204,0.0357894972,0.07657068223,0.2990677357,0.7848285437,0.2224970534,0.009138471447,2.827816725,-0.3655089799,0.2819023188,-0.2915518135,-0.8962872624,-0.5089117885,-0.1439627558,-0.05080296285,0.3649490327,-1.51947403,0.1619968414,341,-0.6720508818,-0.5313484552,-0.9317687848,-0.2673312934,-0.008597064739,-0.6806479466,0.005865102639,0.05571847507
jpeg_q50,all,authentic,5,dct_ac_energy_variance,,,false,341,0.6372384148,0.7834668648,0.3561238945,0.02741183341,0.1307142228,0.834215939,2.200560808,0.7035017163,0.0002849863376,5.270551682,0.2519813125,0.476231656,0.09359199554,0.003765936941,0.02844448015,0.2463540435,0.942006588,0.2179095633,0.0002902565175,5.133240223,-0.3852571023,0.3974106634,-0.2524916083,-1.173527241,-0.5527958125,-0.09133540653,-0.01567718852,0.461460406,-2.365456223,0.422082752,341,-0.5022436257,-0.320986623,-0.7191306242,-0.1197460314,0.006407590097,-0.4958360356,0.005865102639,0.005865102639
jpeg_q50,all,authentic,6,dct_anomaly_score,,,false,341,0.8907559794,0.1631044533,1,0.5335618854,0.7993974686,1,1,0.2006025314,0.3281230032,1,0.9793026743,0.06904420268,1,0.8027476668,1,1,1,0,0.5602938533,1,0.0885466949,0.1302467103,0,0,0,0.1804516912,0.3431324959,0.1804516912,-0.1972523332,0.5580445826,341,0.5411282341,0,0,1.115189826,0.01409581228,0.5552240464,0.005865102639,0
jpeg_q50,all,authentic,7,noise_global_level,,,false,341,0.0809726772,0.05687431847,0.06542275101,0.02025177516,0.03888662159,0.1037373766,0.1839787811,0.06485075504,0.006162684411,0.3703222573,0.06748144828,0.04927650821,0.05613663793,0.01685345359,0.03331006691,0.08416502923,0.155234918,0.05085496232,0.004054528661,0.3753526211,-0.01349122891,0.01158824858,-0.01155924052,-0.0341174826,-0.01922413707,-0.004997089505,-0.0008027162403,0.01422704756,-0.06492136419,0.0266235508,341,-0.2414506572,-0.2100996898,-0.3408788702,-0.08989007125,0.005461863697,-0.2359887935,0.005865102639,0.008797653959
jpeg_q50,all,authentic,8,noise_max_to_min_ratio,,,false,341,0.4070196823,0.3355474915,0.2636824846,0.06158592552,0.1299231499,0.6398617029,1,0.509938553,0.0300397668,1,0.4860812304,0.3709348613,0.332195878,0.07052419335,0.1518967897,1,1,0.8481032103,0.0296959579,1,0.07906154809,0.1613586217,0.01101827621,-0.05599588156,0,0.09267276525,0.471662879,0.09267276525,-0.2524157166,0.7341118455,341,0.2354470205,0.03209920709,0,0.2808449252,-0.005645856496,0.229801164,0.005865102639,0.005865102639
jpeg_q50,all,authentic,9,noise_std_of_variances,,,false,341,0.0450838648,0.02966732232,0.03806832805,0.01116165146,0.02322033793,0.05813753232,0.1023390293,0.0349171944,0.002154552378,0.1630911529,0.03932334,0.02738424679,0.0328056328,0.009261606261,0.01973732002,0.04966580495,0.09231973439,0.02992848493,0.003001033794,0.173965916,-0.005760524793,0.006461371774,-0.004680708051,-0.01744024456,-0.008719418198,-0.00167458877,0.0008464814164,0.007044829428,-0.02892058343,0.02453783527,341,-0.1967887919,-0.1612830589,-0.297160121,-0.05608218418,-0.0006844868247,-0.1974732787,0.005865102639,0.005865102639
jpeg_q50,all,authentic,10,noise_coef_variation,,,false,341,0.6069329474,0.2375669564,0.5851406455,0.2555801272,0.4276348948,0.7512331009,1.008495092,0.323598206,0.1013499871,1.52797842,0.6287154148,0.2419276083,0.6158294082,0.2789852023,0.4445758462,0.788017869,1.028257251,0.3434420228,0.08888822794,1.438842416,0.02178246744,0.05969260429,0.01679085195,-0.0668309927,-0.008269906044,0.04694396257,0.1247373819,0.05521386862,-0.1751217842,0.2973913848,341,0.09119637014,0.07134382649,-0.03507179914,0.1924066227,-0.01759306177,0.07360330836,0.008797653959,0.008797653959
jpeg_q50,all,authentic,11,noise_inconsistency_score,,,false,341,0.4669020253,0.2804844366,0.4468541741,0.007440159563,0.2368465215,0.6683107615,1,0.43146424,0,1,0.4926626519,0.2834065093,0.4877725244,0.03864695504,0.2594344616,0.7173571587,1,0.4579226971,0,1,0.02576062656,0.07333982368,0.01817089319,-0.07845616341,-0.007929205894,0.0528585799,0.1294572353,0.0607877858,-0.1908906698,0.3965218514,341,0.09152443847,0.06390594289,-0.02839168046,0.1914141248,-0.01711259463,0.07441184384,0,0
jpeg_q50,all,authentic,12,jpeg_boundary_difference_ratio,,,false,341,1.096946526,0.09766904819,1.073817849,0.9968537688,1.032080889,1.142973185,1.270752311,0.1108922958,0.9246424437,1.865938544,1.441798284,0.209978293,1.399120927,1.205850959,1.32224381,1.533191204,1.756411791,0.2109473944,1.052394509,3.459049225,0.3448517571,0.1359573909,0.3274633884,0.2023966312,0.2728551626,0.3982623816,0.5348869562,0.1254072189,-0.05292582512,1.593110681,341,3.814554392,3.65963552,2.969969486,4.350793673,0.06231101437,3.876865407,0.01173020528,0.07038123167
jpeg_q50,all,authentic,13,jpeg_periodic_grid_strength,,,false,341,0.09855741202,0.09560260885,0.07381784916,0,0.0320808962,0.1429732293,0.2707523704,0.1108923331,0,0.8659385443,0.4417982867,0.2099782951,0.3991209269,0.2058510035,0.3222438395,0.5331912637,0.7564117312,0.2109474242,0.05239452422,2.459049225,0.3432408746,0.1370934706,0.3274633735,0.1967315142,0.2669419087,0.3973612934,0.5348870158,0.1304193847,-0.05292578042,1.593110681,341,3.891979154,3.740720037,3.031777592,4.470189042,0.06380810505,3.955787259,0.00293255132,0.07038123167
jpeg_q50,all,authentic,14,jpeg_artifact_score,,,false,341,0.1948080593,0.1767903727,0.1476356983,0,0.0641617924,0.2859464586,0.5415047407,0.2217846662,0,1,0.7825013182,0.2043932327,0.7982418537,0.4117020071,0.644487679,1,1,0.355512321,0.1047890484,1,0.5876932589,0.1601905317,0.6096142307,0.3201507926,0.497615695,0.6923966482,0.7923315763,0.1947809532,-0.1058515608,0.9983507991,341,3.483989439,3.593083856,2.935627859,4.098832996,0.05852525908,3.542514698,0,0
jpeg_q50,all,authentic,15,laplacian_variance,,,false,341,0.02845899406,0.03666029564,0.01743060164,0.002262115479,0.007088420447,0.03504155949,0.09527040273,0.02795313904,0.0001030618296,0.323674053,0.02154446293,0.03106857581,0.01187380962,0.001661793678,0.005088931415,0.02553947829,0.07276955247,0.02045054687,0.0001147273942,0.3324856162,-0.006914531123,0.008209888919,-0.004294498824,-0.02128536999,-0.009836422279,-0.001384243835,-0.000107307802,0.008452178445,-0.05331212282,0.01707416214,341,-0.1933714571,-0.1190253199,-0.2696196746,-0.03887139107,0.01095567335,-0.1824157838,0.005865102639,0.005865102639
jpeg_q50,all,ai_edited,0,fft_high_freq_energy_ratio,,,false,341,0.2795461304,0.03388769892,0.2788356543,0.2240961194,0.2573487163,0.3006025553,0.3358320594,0.04325383902,0.1780514121,0.390927285,0.2794689383,0.033798686,0.2786030173,0.2236791998,0.2570278645,0.3006733954,0.3355695307,0.04364553094,0.1790186316,0.3906937838,-7.719212264e-05,0.0005541166469,-4.711747169e-05,-0.0009863674641,-0.0002991557121,0.0001617372036,0.0007241666317,0.0004608929157,-0.003525272012,0.001856163144,341,-0.002265959031,-0.001389638341,-0.008518017178,0.004735845274,0.04626685259,0.04400089356,0.005865102639,0.005865102639
jpeg_q50,all,ai_edited,1,fft_spectral_peak_count,,,false,341,0.001759530818,0.01316683482,0,0,0,0,0,0,0,0.1000000015,0.001759530818,0.01316683482,0,0,0,0,0,0,0,0.1000000015,0,0,0,0,0,0,0,0,0,0,341,0,0,0,0,0.02739979947,0.02739979947,0,0
jpeg_q50,all,ai_edited,2,fft_radial_anomaly_score,,,false,341,0.0134897364,0.06855541527,0,0,0,0,0,0,0,0.400000006,0.0134897364,0.06855541527,0,0,0,0,0,0,0,0.400000006,0,0,0,0,0,0,0,0,0,0,341,0,0,0,0,0.03009654355,0.03009654355,0,0
jpeg_q50,all,ai_edited,3,fft_spectral_decay_slope,,,false,341,-1.38731515,0.1083449201,-1.392227292,-1.561380029,-1.458121657,-1.318790317,-1.213238955,0.1393313408,-1.719831467,-1.039516687,-1.38753853,0.1083726115,-1.392147303,-1.561485529,-1.457990527,-1.319220781,-1.214515209,0.1387697458,-1.717571855,-1.039885521,-0.0002233807293,0.001470537804,-0.0002008676529,-0.002289533615,-0.0008314847946,0.000505566597,0.001894116402,0.001337051392,-0.01003551483,0.004881978035,341,-0.00204047897,-0.001850917899,-0.007476112097,0.004563507273,0.05350914988,0.05146867091,0.005865102639,0.005865102639
jpeg_q50,all,ai_edited,4,dct_mean_high_freq_energy,,,false,341,0.6255180885,0.5363721377,0.480499953,0.1195456088,0.2435116321,0.7945497036,1.636158466,0.5510380715,0.04187816754,3.636818409,0.2487638621,0.2895393116,0.158662349,0.04122062773,0.07924347371,0.2970540226,0.7815766931,0.2178105488,0.01463560853,2.666454077,-0.3767542264,0.2752772124,-0.3247139454,-0.9032906294,-0.5174668431,-0.1582311243,-0.06932643056,0.3592357188,-1.504346013,0.1195005178,341,-0.6927203384,-0.5881979356,-0.9347544013,-0.2951279579,0.01001054577,-0.6827097927,0.00293255132,0.03225806452
jpeg_q50,all,ai_edited,5,dct_ac_energy_variance,,,false,341,0.6317094893,0.7579662289,0.3557592332,0.03911680356,0.1522630304,0.8105398417,2.194195509,0.6582768112,0.0004287126649,5.233992577,0.2502819976,0.4694673936,0.09468644857,0.004703898914,0.03056576289,0.2609661222,0.924562633,0.2304003593,0.0002905243891,5.122752666,-0.3814274917,0.3768982106,-0.2596058473,-1.131781697,-0.5392475426,-0.1102931565,-0.02556667477,0.4289543862,-2.305831075,0.2490582466,341,-0.4970280362,-0.3260660838,-0.7120387945,-0.1443622665,-0.00120091198,-0.4982289482,0.005865102639,0.005865102639
jpeg_q50,all,ai_edited,6,dct_anomaly_score,,,false,341,0.886246968,0.164359598,1,0.5288105011,0.7868204713,1,1,0.2131795287,0.3411827087,1,0.983127934,0.06179957794,1,0.8499358892,1,1,1,0,0.6253169775,1,0.09688096592,0.1355088712,0,0,0,0.2032115459,0.3595879674,0.2032115459,-0.1727526784,0.552834034,341,0.5922312748,0,0,1.247077244,-0.01365279783,0.578578477,0.00293255132,0
jpeg_q50,all,ai_edited,7,noise_global_level,,,false,341,0.08043141146,0.05502211144,0.0661745742,0.02166654728,0.03996229172,0.1008927003,0.1823482811,0.06093040854,0.006754894275,0.3557565212,0.06746444385,0.047783268,0.0553923212,0.01999595948,0.03404745832,0.08322826028,0.154028818,0.04918080196,0.005820976105,0.3590347171,-0.01296696762,0.01110030964,-0.01088510454,-0.03267462552,-0.01864667237,-0.004831075668,-0.0007830448449,0.0138155967,-0.06336145103,0.02557959035,341,-0.2320901824,-0.1966724626,-0.3336041468,-0.08693502683,-0.004305682556,-0.2363958649,0.00293255132,0.005865102639
jpeg_q50,all,ai_edited,8,noise_max_to_min_ratio,,,false,341,0.4122582572,0.3360534777,0.27295959,0.0644280538,0.1333564967,0.6559305191,1,0.5225740224,0.0300397668,1,0.4942422643,0.3711717516,0.3581284881,0.07093639672,0.1528901607,1,1,0.8471098393,0.0296959579,1,0.08198400705,0.1625668851,0.01034384966,-0.05308791995,0,0.09994123876,0.4810867161,0.09994123876,-0.2524157166,0.736666888,341,0.244188365,0.03150655195,0,0.3040940714,0.009942381105,0.2541307461,0.005865102639,0.005865102639
jpeg_q50,all,ai_edited,9,noise_std_of_variances,,,false,341,0.04518945542,0.02905456952,0.03766378015,0.01234389655,0.02433099784,0.05708248913,0.102458559,0.03275149129,0.002187216189,0.1617175788,0.03966167001,0.02681260874,0.03279905766,0.01075098384,0.02167857438,0.0492433086,0.091943793,0.02756473422,0.003010151675,0.1769512892,-0.005527785419,0.006221172302,-0.004409233108,-0.01691767573,-0.008653640747,-0.001551859081,0.0007369499654,0.007101781666,-0.02832084149,0.02404186875,341,-0.1888678712,-0.1522401109,-0.2926852183,-0.05261915935,0.002812004987,-0.1860558662,0.00293255132,0.005865102639
jpeg_q50,all,ai_edited,10,noise_coef_variation,,,false,341,0.61586444,0.2419811776,0.5927323103,0.2746349871,0.4282916486,0.7578880787,1.043121576,0.3295964301,0.1038438156,1.520560622,0.6400864318,0.2509665089,0.6222009659,0.2935625017,0.4532029927,0.8079712391,1.085836411,0.3547682464,0.08914080262,1.447058558,0.02422199182,0.05855060848,0.01842188835,-0.0674713254,-0.004363507032,0.0492708683,0.1326817274,0.05363437533,-0.1348782182,0.2967553735,341,0.1014620515,0.0762735322,-0.01839475362,0.2104529333,0.01961608186,0.1210781334,0.005865102639,0.005865102639
jpeg_q50,all,ai_edited,11,noise_inconsistency_score,,,false,341,0.4768346184,0.2839512414,0.4569764137,0.0328466557,0.2377222031,0.6771841049,1,0.4394619018,0,1,0.5039179475,0.2871034499,0.4962679148,0.0580833368,0.2709372938,0.7439616323,1,0.4730243385,0,1,0.02708332911,0.07083571849,0.01974871755,-0.0739325583,-0.001956596971,0.05508685112,0.1428497136,0.05704344809,-0.178068012,0.3956738561,341,0.09622168937,0.07151504054,-0.006811379797,0.1963040955,0.01823291465,0.114454604,0,0
jpeg_q50,all,ai_edited,12,jpeg_boundary_difference_ratio,,,false,341,1.086319508,0.08308355629,1.064600468,0.9966334105,1.027333617,1.133227944,1.233633995,0.1058943272,0.9104481339,1.533506393,1.427268613,0.1762147608,1.39120543,1.204977632,1.320787668,1.518039107,1.712244272,0.1972514391,1.058285475,2.395397663,0.3409491056,0.1166019442,0.328404665,0.2043428421,0.2730990648,0.3939343691,0.528978467,0.1208353043,-0.04224169254,0.9779559374,341,3.770536422,3.633007443,2.997898652,4.323315303,-0.05592874343,3.714607678,0.008797653959,0.06158357771
jpeg_q50,all,ai_edited,13,jpeg_periodic_grid_strength,,,false,341,0.08792840032,0.08082464848,0.06460051239,0,0.02733365074,0.1332279742,0.2336339802,0.1058943234,0,0.533506453,0.427268611,0.1762147644,0.3912054002,0.2049776167,0.3207876682,0.5180390477,0.7122442722,0.1972513795,0.05828543007,1.395397663,0.3393402107,0.1179497671,0.3284046873,0.1920374334,0.269064866,0.3936455399,0.5289784819,0.1245806739,-0.04224166274,0.9779561162,341,3.846728264,3.696859138,3.05545278,4.427091971,-0.05743800629,3.789290257,0,0.06158357771
jpeg_q50,all,ai_edited,14,jpeg_artifact_score,,,false,341,0.1756591597,0.160594273,0.1292010248,0,0.05466730148,0.2664559484,0.4672679603,0.2117886469,0,1,0.7750665408,0.2033280635,0.7824108005,0.4099552333,0.6415753365,1,1,0.3584246635,0.1165708601,1,0.5994073811,0.1545872097,0.6218467876,0.3456268609,0.5126678571,0.6998383626,0.8076925576,0.1871705055,-0.08448332548,1,341,3.553654989,3.681776755,3.052454885,4.139052287,-0.054939256,3.498715733,0,0
jpeg_q50,all,ai_edited,15,laplacian_variance,,,false,341,0.02782133683,0.03500255701,0.01703501306,0.002462649252,0.007196201012,0.03406967968,0.09043558687,0.02687347867,0.0001044801684,0.304591924,0.02130301984,0.02966538974,0.01232792437,0.002053579083,0.00566096697,0.0252830144,0.06914084405,0.01962204743,0.0001210182745,0.3124153614,-0.006518316988,0.007760780755,-0.004108892288,-0.02044869214,-0.009081373923,-0.001349651953,-0.00015673507,0.007731721969,-0.05214975774,0.01358123776,341,-0.1822795367,-0.1140002633,-0.2561486971,-0.03718490034,-0.007135034568,-0.1894145713,0.005865102639,0.005865102639
resize_0.5,0,all,0,fft_high_freq_energy_ratio,0.2799905716,0.03453516356,false,138,0.2699188905,0.03470280166,0.271965012,0.2189435489,0.2513972744,0.2930865437,0.3192259714,0.04168926924,0.1760342121,0.3744005263,0.2689527031,0.03537065506,0.2711399049,0.2171594992,0.2491981536,0.2907242775,0.3193605289,0.04152612388,0.1750216037,0.3796007931,-0.0009661874045,0.002854624348,-0.002223342657,-0.003296044469,-0.002722296864,-0.001481149346,0.004895102978,0.001241147518,-0.004629552364,0.005326271057,138,-0.027976917,-0.06437909735,-0.07882681253,-0.04288815204,-0.2916355391,-0.3196124561,0,0
resize_0.5,0,all,1,fft_spectral_peak_count,0.002022058854,0.01407540999,false,138,0,0,0,0,0,0,0,0,0,0,0,0,0,0,0,0,0,0,0,0,0,0,0,0,0,0,0,0,0,0,138,0,0,0,0,-0.1436589666,-0.1436589666,0,0
resize_0.5,0,all,2,fft_radial_anomaly_score,0.013419118,0.06768276676,false,138,0.005797101536,0.0479782743,0,0,0,0,0,0,0,0.400000006,0.005797101536,0.0479782743,0,0,0,0,0,0,0,0.400000006,0,0,0,0,0,0,0,0,0,0,138,0,0,0,0,-0.1126138429,-0.1126138429,0,0
resize_0.5,0,all,3,fft_spectral_decay_slope,-1.385622557,0.1102622131,false,138,-1.423606407,0.1120404502,-1.425444186,-1.594202989,-1.487365931,-1.364293367,-1.25956108,0.1230725646,-1.73265934,-1.10025394,-1.42560536,0.1135711359,-1.421391726,-1.598308426,-1.489069968,-1.360684425,-1.258044732,0.1283855438,-1.737574577,-1.090395093,-0.001998953197,0.006225084514,-0.004877567291,-0.006984180212,-0.00589621067,-0.002679407597,0.01079113483,0.003216803074,-0.009358882904,0.01156318188,138,-0.01812908649,-0.04423607287,-0.05347444521,-0.02430032486,-0.344486557,-0.3626156435,0,0
resize_0.5,0,all,4,dct_mean_high_freq_energy,0.6197976353,0.5345537214,false,138,0.6229195484,0.5827248687,0.4881677032,0.1002211858,0.2262522541,0.7755658478,1.437540543,0.5493135937,0.04105904698,3.785670042,0.7756526954,0.4197061982,0.736361146,0.2471669912,0.46091488,0.9849777967,1.624020535,0.5240629166,0.08881143481,2.360372066,0.152733147,0.2561820781,0.168404907,-0.2077314019,0.09446782619,0.2708763629,0.4582713187,0.1764085367,-1.425297976,0.5929726362,138,0.2857208563,0.3150383212,0.1767227921,0.5067336585,0.005840223367,0.2915610796,0.01449275362,0
resize_0.5,0,all,5,dct_ac_energy_variance,0.6284246377,0.7343028515,false,138,0.6583205247,0.8985589689,0.3575113565,0.02801060453,0.1286392771,0.8179667741,2.571643233,0.689327497,0.0002849863376,5.270551682,0.4657684593,0.3455435771,0.3928624243,0.0752846241,0.2136691958,0.6187560856,1.344642085,0.4050868899,0.005876559764,1.512080193,-0.1925520654,0.6205696811,0.01292077452,-1.301258862,-0.241728276,0.08948111255,0.198952461,0.3312093886,-3.829831243,0.4356939644,138,-0.2622243193,0.01759597487,-0.3291942494,0.1218585933,0.0407132928,-0.2215110265,0.02898550725,0
resize_0.5,0,all,6,dct_anomaly_score,0.8896165086,0.1617603228,false,138,0.8841059737,0.1707738684,1,0.5005223125,0.771111697,1,1,0.228888303,0.3281230032,1,0.7189930278,0.2059833308,0.7073992491,0.3981892169,0.5586676598,0.913141802,1,0.3544741422,0.2909377813,1,-0.1651129459,0.1405977659,-0.1630063355,-0.3964086413,-0.2742594481,-0.05179901421,0,0.2224604338,-0.4251986146,0.364184171,138,-1.020725868,-1.007702833,-1.695467982,-0.3202207643,-0.0340660481,-1.054791916,0.02173913043,0.02173913043
resize_0.5,0,all,7,noise_global_level,0.08080894019,0.05559111742,false,138,0.08028065776,0.05718313319,0.07056604326,0.01799762454,0.0382585125,0.09814796411,0.1651149116,0.0598894516,0.006745913532,0.3703222573,0.0800518544,0.04020669895,0.0800585039,0.0272993912,0.05187243316,0.100086052,0.1567298241,0.04821361881,0.01023298036,0.2441806793,-0.0002288033619,0.02264149255,0.005050655454,-0.03411532156,-0.00731565617,0.01102110371,0.02235306166,0.01833675988,-0.126141578,0.04074081779,138,-0.004115825918,0.09085364154,-0.1315975737,0.1982529624,-0.009503000644,-0.01361882656,0.01449275362,0
resize_0.5,0,all,8,noise_max_to_min_ratio,0.4005905392,0.3283078921,false,138,0.4453081456,0.3607283821,0.2647853196,0.07081967294,0.1493788511,0.8646017313,1,0.7152228802,0.04145768657,1,0.3970773479,0.3411687644,0.2582849264,0.06062586568,0.1175300051,0.6132429838,1,0.4957129788,0.04226980731,1,-0.04823079775,0.09735334421,-0.02094496787,-0.2221836448,-0.0834665671,0,0.05403658226,0.0834665671,-0.4709432423,0.223033905,138,-0.146907214,-0.06379672365,-0.2542325942,0,0.1362063098,-0.01070090416,0,0
resize_0.5,0,all,9,noise_std_of_variances,0.04551184494,0.02989405613,false,138,0.04365767066,0.02698248863,0.03658255562,0.01399608413,0.02659451729,0.05501394998,0.1025388174,0.0284194327,0.002154552378,0.1580343544,0.03970498999,0.01642375948,0.03614332713,0.02009159876,0.0275258203,0.04890904203,0.07182694897,0.02138322173,0.005395431072,0.09544501454,-0.003952680665,0.01417434793,-0.002210904844,-0.03108560666,-0.008987354115,0.005535545759,0.01125196088,0.01452289987,-0.06258933991,0.02170513198,138,-0.1322229626,-0.07395800806,-0.3006401699,0.1851721203,-0.06202484765,-0.1942478102,0.01449275362,0
resize_0.5,0,all,10,noise_coef_variation,0.6096584915,0.2357993102,false,138,0.6182586212,0.254247811,0.575843662,0.3000096932,0.4279938638,0.7567478418,1.127750921,0.328753978,0.1991848499,1.52797842,0.5588109568,0.2193705166,0.55448246,0.2552028462,0.3826589733,0.6948328018,0.8945825964,0.3121738285,0.1943233311,1.335551977,-0.05944766439,0.09564505462,-0.04407128692,-0.254840681,-0.1036913916,-0.01966882125,0.07051213682,0.0840225704,-0.2783939838,0.2094172835,138,-0.2521112735,-0.1869016787,-0.4397442536,-0.08341339604,0.0364722427,-0.2156390308,0.02173913043,0.01449275362
resize_0.5,0,all,11,noise_inconsistency_score,0.4720873315,0.2820146066,false,138,0.4710049793,0.2822368338,0.4344582111,0.06667959392,0.237325158,0.6756637841,1,0.4383386262,0,1,0.4049184796,0.2679093979,0.4059766382,0.006937128073,0.1768786423,0.5931104273,0.8594434589,0.416231785,0,1,-0.06608649969,0.1132713735,-0.05650375783,-0.2484341055,-0.1085391417,-0.01183400489,0.09401616976,0.09670513682,-0.3602634966,0.2792230546,138,-0.2343371518,-0.2003575577,-0.3848706385,-0.04196238285,-0.003837929798,-0.2381750816,0,0
resize_0.5,0,all,12,jpeg_boundary_difference_ratio,1.090870751,0.09272478005,false,138,1.094637892,0.08242513027,1.073904634,1.004617625,1.038554549,1.140414715,1.241220397,0.1018601656,0.9367277026,1.366062284,1.009404985,0.05536213082,1.003857732,0.9588332325,0.9918940812,1.01578638,1.035354519,0.02389229834,0.9219594002,1.413603306,-0.08523290745,0.0789899247,-0.06430160999,-0.2181637704,-0.134992063,-0.02970267832,0.01654888391,0.1052893847,-0.328045845,0.05783039331,138,-0.9192031235,-0.6934673768,-1.455835894,-0.3203316126,0.04062712246,-0.878576001,0,0
resize_0.5,0,all,13,jpeg_periodic_grid_strength,0.09243611017,0.0907148422,false,138,0.09642331938,0.07966541225,0.07390465587,0.004617586674,0.03855454829,0.1404147036,0.2412204221,0.1018601554,0,0.3660622239,0.01603338187,0.05168915069,0.003857729724,0,0,0.01578641194,0.03535456546,0.01578641194,0,0.4136032462,-0.08038993752,0.07486797285,-0.06179140694,-0.2077858401,-0.1342424509,-0.02568655205,0.01468657823,0.1085558988,-0.3280457854,0.05404910445,138,-0.8861828513,-0.6811609373,-1.479828963,-0.2831571045,0.04395321777,-0.8422296335,0,0
resize_0.5,0,all,14,jpeg_artifact_score,0.1833023631,0.171337667,false,138,0.1928466388,0.1593308245,0.1478093117,0.009235173347,0.07710909657,0.2808294073,0.4824408442,0.2037203107,0,0.7321244478,0.03206676373,0.1033783014,0.007715459447,0,0,0.03157282388,0.07070913091,0.03157282388,0,0.8272064924,-0.160779875,0.1497359457,-0.1235828139,-0.4155716803,-0.2684849018,-0.0513731041,0.02937315647,0.2171117977,-0.6560915709,0.1080982089,138,-0.9383802049,-0.7212822264,-1.566992866,-0.2998354361,0.05570448035,-0.8826757246,0,0
resize_0.5,0,all,15,laplacian_variance,0.02789879267,0.0338247289,false,138,0.02909166392,0.04280568419,0.01999837346,0.002280609007,0.006337314378,0.03559730481,0.08532636315,0.02925999044,0.0001030618296,0.323674053,0.02265967904,0.01921848694,0.02031845972,0.003724938165,0.00978848571,0.02712417115,0.06060952023,0.01733568544,0.0003448015195,0.1255370378,-0.00643198488,0.0258901171,0.0003240552578,-0.02845692039,-0.008858012967,0.003212601761,0.008093825844,0.01207061473,-0.1981370151,0.01388407219,138,-0.1901562877,0.009580424391,-0.2618797919,0.09497790124,0.03526624731,-0.1548900404,0.02898550725,0
resize_0.5,0,authentic,0,fft_high_freq_energy_ratio,0.2799905716,0.03453516356,false,69,0.2676152451,0.03527896482,0.2713539302,0.2168984205,0.247530669,0.2894434333,0.3214311659,0.04191276431,0.1760342121,0.3672825694,0.2666677297,0.03601048834,0.2698968947,0.2150895357,0.2455050498,0.2889073491,0.3208806098,0.04340229928,0.1750216037,0.3724491298,-0.0009475153857,0.002834016521,-0.002108842134,-0.003229433298,-0.002685278654,-0.001459553838,0.004604882002,0.001225724816,-0.004509985447,0.005326271057,69,-0.02743625013,-0.06106362087,-0.07775491346,-0.04226283264,-0.3583398836,-0.3857761337,0,0
resize_0.5,0,authentic,1,fft_spectral_peak_count,0.002022058854,0.01407540999,false,69,0,0,0,0,0,0,0,0,0,0,0,0,0,0,0,0,0,0,0,0,0,0,0,0,0,0,0,0,0,0,69,0,0,0,0,-0.1436589666,-0.1436589666,0,0
resize_0.5,0,authentic,2,fft_radial_anomaly_score,0.013419118,0.06768276676,false,69,0.005797101536,0.04815434195,0,0,0,0,0,0,0,0.400000006,0.005797101536,0.04815434195,0,0,0,0,0,0,0,0.400000006,0,0,0,0,0,0,0,0,0,0,69,0,0,0,0,-0.1126138429,-0.1126138429,0,0
resize_0.5,0,authentic,3,fft_spectral_decay_slope,-1.385622557,0.1102622131,false,69,-1.430753112,0.1147607778,-1.426779509,-1.600326872,-1.487609267,-1.371150851,-1.261711669,0.116458416,-1.73265934,-1.110512137,-1.432726874,0.1164459841,-1.417387962,-1.60710659,-1.490975738,-1.377276659,-1.263280511,0.1136990786,-1.737574577,-1.100595951,-0.001973762028,0.006220455622,-0.004873871803,-0.006975317001,-0.005855798721,-0.002696037292,0.01046085358,0.003159761429,-0.008771538734,0.01156318188,69,-0.01790062047,-0.04420255742,-0.05310793752,-0.02445114439,-0.409302097,-0.4272027175,0,0
resize_0.5,0,authentic,4,dct_mean_high_freq_energy,0.6197976353,0.5345537214,false,69,0.6180749267,0.5952769108,0.4740214944,0.09867266417,0.2234260589,0.7519392967,1.43703568,0.5285132378,0.04105904698,3.785670042,0.7733717222,0.4289580255,0.7387492061,0.2446706593,0.4446056485,0.9864547253,1.628034806,0.5418490767,0.08899688721,2.360372066,0.1552967955,0.261178479,0.1728524044,-0.1717014313,0.09409484267,0.2827614248,0.446521771,0.1886665821,-1.425297976,0.5929726362,69,0.2905167232,0.3233583408,0.1760250446,0.5289672739,-0.003222704407,0.2872940188,0.01449275362,0
resize_0.5,0,authentic,5,dct_ac_energy_variance,0.6284246377,0.7343028515,false,69,0.6633549428,0.9142852431,0.3665522933,0.02697313018,0.1177308857,0.819165647,2.399181032,0.7014347613,0.0002849863376,5.270551682,0.4622133389,0.3506979047,0.3873950541,0.07657388002,0.1957350075,0.6248751283,1.304983616,0.4291401207,0.005944875069,1.512080193,-0.2011416039,0.6323410237,0.01736939698,-1.13792913,-0.2419679165,0.08553762734,0.1892852992,0.3275055438,-3.829831243,0.4356939644,69,-0.2739218614,0.02365426874,-0.3295206004,0.1164882135,0.0475693442,-0.2263525172,0.02898550725,0
resize_0.5,0,authentic,6,dct_anomaly_score,0.8896165086,0.1617603228,false,69,0.8879090625,0.1721135007,1,0.5240263104,0.7816799879,1,1,0.2183200121,0.3281230032,1,0.7182197329,0.2082329287,0.7045294046,0.4006553829,0.5579403043,0.9212272167,1,0.3632869124,0.2909377813,1,-0.1696893296,0.1465254085,-0.1630253792,-0.4074832499,-0.2774671912,-0.05199021101,0,0.2254769802,-0.4251986146,0.364184171,69,-1.049017007,-1.00782056,-1.715298204,-0.3214027402,-0.0105554074,-1.059572414,0.02898550725,0.01449275362
resize_0.5,0,authentic,7,noise_global_level,0.08080894019,0.05559111742,false,69,0.0805053915,0.05851415123,0.07197356224,0.01819529869,0.03660837561,0.1022324786,0.1648542762,0.06562410295,0.006745913532,0.3703222573,0.07961397382,0.04109777655,0.08001661301,0.02674677819,0.05177893117,0.09988411516,0.1552899867,0.04810518399,0.01023298036,0.2441806793,-0.0008914176766,0.02304765007,0.004855044186,-0.03377850801,-0.00737901032,0.01068785973,0.02213362232,0.01806687005,-0.126141578,0.04039092362,69,-0.0160352538,0.08733489111,-0.1327372189,0.1922584079,-0.005460381204,-0.021495635,0.01449275362,0
resize_0.5,0,authentic,8,noise_max_to_min_ratio,0.4005905392,0.3283078921,false,69,0.4443641093,0.3622214853,0.2658881545,0.07129057646,0.142224431,0.8488205075,1,0.7065960765,0.04370579496,1,0.3938690848,0.3426828028,0.2526361942,0.06054380015,0.1102165505,0.6132429838,1,0.5030264333,0.04329386726,1,-0.0504950245,0.09475914682,-0.02501881495,-0.2170817971,-0.08189812303,0,0.05213852525,0.08189812303,-0.4709432423,0.1243135929,69,-0.1538038704,-0.07620534124,-0.249455237,0,0.1333308496,-0.02047302086,0,0
resize_0.5,0,authentic,9,noise_std_of_variances,0.04551184494,0.02989405613,false,69,0.04369038287,0.02724900578,0.03717752174,0.01391178984,0.02697456814,0.054776337,0.09540184885,0.02780176885,0.002154552378,0.1550073773,0.03920322149,0.01670566583,0.03536825627,0.01863923036,0.02609294467,0.04894697666,0.06933871061,0.02285403199,0.005395431072,0.09303799272,-0.004487161376,0.01410421274,-0.003015361726,-0.02913345993,-0.009280323982,0.004769582301,0.01069653407,0.01404990628,-0.06196938455,0.02083680406,69,-0.1501021259,-0.10086827,-0.3104404415,0.1595495198,-0.06093057629,-0.2110327022,0.01449275362,0
resize_0.5,0,authentic,10,noise_coef_variation,0.6096584915,0.2357993102,false,69,0.619954743,0.2614177481,0.5725318193,0.3023601413,0.4268141091,0.7614194751,1.073199153,0.334605366,0.2025957406,1.52797842,0.556474216,0.223679573,0.5544674397,0.25762586,0.3808651567,0.6936009526,0.8773093462,0.312735796,0.2009202242,1.335551977,-0.06348052707,0.09524057073,-0.04524207115,-0.2574734926,-0.1057165265,-0.02080768347,0.0639408648,0.08490884304,-0.2783939838,0.2094172835,69,-0.2692142188,-0.1918668512,-0.4483326369,-0.08824319059,0.04366531661,-0.2255489022,0.02898550725,0.01449275362
resize_0.5,0,authentic,11,noise_inconsistency_score,0.4720873315,0.2820146066,false,69,0.4703471324,0.2843488453,0.4300424159,0.06981352568,0.2357521355,0.6818926334,0.9851087809,0.4461404979,0,1,0.4000530291,0.2700833782,0.4059565961,0.01016782122,0.1744868755,0.5914679766,0.8364124775,0.416981101,0,1,-0.07029410333,0.1116370234,-0.05648249388,-0.2366369486,-0.1210074425,-0.01634177566,0.08278384507,0.1046656668,-0.3467454538,0.2792230546,69,-0.2492569593,-0.2002821575,-0.4290821809,-0.05794655763,-0.006170599333,-0.2554275586,0,0
resize_0.5,0,authentic,12,jpeg_boundary_difference_ratio,1.090870751,0.09272478005,false,69,1.099273489,0.08535653055,1.078463078,1.005254459,1.043555379,1.148357272,1.255086613,0.1048018932,0.9367277026,1.366062284,1.009137554,0.05560228127,1.004561067,0.9621302962,0.991400063,1.017781854,1.027422237,0.02638179064,0.9219594002,1.413603306,-0.09013593542,0.08256993764,-0.06594902277,-0.2213142395,-0.1447533369,-0.03373551369,0.01576423645,0.1110178232,-0.328045845,0.05783039331,69,-0.9720803368,-0.7112340707,-1.561107363,-0.3638241435,0.09062019928,-0.8814601375,0,0
resize_0.5,0,authentic,13,jpeg_periodic_grid_strength,0.09243611017,0.0907148422,false,69,0.1011309469,0.08243236445,0.0784631297,0.005254429486,0.04355535656,0.1483572572,0.2550866425,0.1048019007,0,0.3660622239,0.01571980821,0.05182586924,0.004561035428,0,0,0.01778190397,0.02742220387,0.01778190397,0,0.4136032462,-0.08541113872,0.07823038576,-0.06451363862,-0.2112528306,-0.1398596764,-0.02574239019,0.01372137666,0.1141172862,-0.3280457854,0.0475410223,69,-0.941534336,-0.7111696063,-1.541750754,-0.2837726393,0.09584800616,-0.8456863298,0,0
resize_0.5,0,authentic,14,jpeg_artifact_score,0.1833023631,0.171337667,false,69,0.2022618938,0.1648647289,0.1569262594,0.01050885897,0.08711071312,0.2967145145,0.510173285,0.2096038014,0,0.7321244478,0.03143961641,0.1036517385,0.009122070856,0,0,0.03556380793,0.05484440774,0.03556380793,0,0.8272064924,-0.1708222774,0.1564607715,-0.1290272772,-0.4225056611,-0.2797193527,-0.05148478039,0.02744275331,0.2282345723,-0.6560915709,0.0950820446,69,-0.996991966,-0.7530584461,-1.632561933,-0.3004872268,0.1106559411,-0.8863360249,0,0
resize_0.5,0,authentic,15,laplacian_variance,0.02789879267,0.0338247289,false,69,0.02949938314,0.04420125242,0.02020472474,0.002270818315,0.005969624966,0.03699894622,0.07890564501,0.03102932125,0.0001030618296,0.323674053,0.02253111581,0.01974821311,0.0202747751,0.003654932929,0.008506572805,0.02719926648,0.05698939934,0.01869269367,0.0003448015195,0.1255370378,-0.006968267331,0.02678630061,0.0001279972494,-0.02746364251,-0.008761227131,0.002536382526,0.007692370377,0.01129760966,-0.1981370151,0.01360993367,69,-0.2060110327,0.003784132305,-0.2590183991,0.07498604153,0.04732012704,-0.1586909056,0.02898550725,0
resize_0.5,0,ai_edited,0,fft_high_freq_energy_ratio,0.2799905716,0.03453516356,false,69,0.272222536,0.03421847377,0.275267154,0.2219266862,0.2534981966,0.2949897945,0.3187403679,0.04149159789,0.1780514121,0.3744005263,0.2712376766,0.03483121764,0.2727257907,0.2199712485,0.2516376078,0.2928023338,0.3172064662,0.04116472602,0.1770615131,0.3796007931,-0.0009848594234,0.002895727823,-0.002228438854,-0.003315776587,-0.00282150507,-0.001545935869,0.004899340868,0.001275569201,-0.004629552364,0.005200266838,69,-0.02851758387,-0.06452666281,-0.08169948478,-0.04476411025,-0.2249311946,-0.2534487785,0,0
resize_0.5,0,ai_edited,1,fft_spectral_peak_count,0.002022058854,0.01407540999,false,69,0,0,0,0,0,0,0,0,0,0,0,0,0,0,0,0,0,0,0,0,0,0,0,0,0,0,0,0,0,0,69,0,0,0,0,-0.1436589666,-0.1436589666,0,0
resize_0.5,0,ai_edited,2,fft_radial_anomaly_score,0.013419118,0.06768276676,false,69,0.005797101536,0.04815434195,0,0,0,0,0,0,0,0.400000006,0.005797101536,0.04815434195,0,0,0,0,0,0,0,0.400000006,0,0,0,0,0,0,0,0,0,0,69,0,0,0,0,-0.1126138429,-0.1126138429,0,0
resize_0.5,0,ai_edited,3,fft_spectral_decay_slope,-1.385622557,0.1102622131,false,69,-1.416459702,0.1096222592,-1.419485807,-1.586987209,-1.482180834,-1.348156929,-1.257024431,0.1340239048,-1.719831467,-1.10025394,-1.418483846,0.1110130507,-1.425395489,-1.592778468,-1.484389424,-1.357515812,-1.257077742,0.1268736124,-1.722189188,-1.090395093,-0.002024144366,0.006275179363,-0.004886507988,-0.006918215752,-0.00590968132,-0.002673864365,0.01043281555,0.003235816956,-0.009358882904,0.01133620739,69,-0.01835755251,-0.04431715864,-0.05359661444,-0.02425005168,-0.2796710169,-0.2980285694,0,0
resize_0.5,0,ai_edited,4,dct_mean_high_freq_energy,0.6197976353,0.5345537214,false,69,0.6277641702,0.5742194395,0.5124770999,0.1108863637,0.2412195504,0.7892599106,1.429987264,0.5480403602,0.04187816754,3.636818409,0.7779336687,0.4133781911,0.7354760766,0.2544530094,0.4795986116,0.9805470109,1.591200495,0.5009483993,0.08881143481,2.28263998,0.1501694985,0.2529745336,0.1642952263,-0.1843801022,0.09558677673,0.2658002377,0.438783145,0.1702134609,-1.354178429,0.5840267539,69,0.2809249894,0.307350262,0.1788160346,0.4972376527,0.01490315114,0.2958281405,0.01449275362,0
resize_0.5,0,ai_edited,5,dct_ac_energy_variance,0.6284246377,0.7343028515,false,69,0.6532861066,0.8892250275,0.3484704196,0.03260450102,0.1522630304,0.8096401095,2.534277678,0.6573770791,0.0004287126649,5.233992577,0.4693235797,0.3428439078,0.3983297944,0.08525180668,0.2211009562,0.6003989577,1.350825858,0.3792980015,0.005876559764,1.46284771,-0.1839625269,0.6130839191,0.01232512295,-1.189369702,-0.2410093546,0.09500396252,0.2250933409,0.3360133171,-3.785158753,0.4008126259,69,-0.2505267773,0.01678479517,-0.3282151964,0.1293798088,0.03385724141,-0.2166695358,0.02898550725,0
resize_0.5,0,ai_edited,6,dct_anomaly_score,0.8896165086,0.1617603228,false,69,0.8803028849,0.1705986428,1,0.5353471756,0.7646696568,1,1,0.2353303432,0.3411827087,1,0.7197663227,0.205231715,0.7102690935,0.3984367073,0.5608497262,0.9126155972,1,0.351765871,0.2969934642,1,-0.1605365622,0.1353291085,-0.1606909037,-0.3734886408,-0.2666554451,-0.05173528194,0,0.2149201632,-0.4209671021,0.2951602638,69,-0.9924347293,-0.9933888661,-1.648460144,-0.3198267724,-0.0575766888,-1.050011418,0.01449275362,0.02898550725
resize_0.5,0,ai_edited,7,noise_global_level,0.08080894019,0.05559111742,false,69,0.08005592403,0.05624855531,0.06915852427,0.01875221208,0.03857033327,0.09627329558,0.1622808248,0.05770296231,0.006754894275,0.3557565212,0.08048973498,0.03959184437,0.08010039479,0.03014077358,0.05215293914,0.1014071107,0.1544838607,0.04925417155,0.01024340931,0.2364285886,0.0004338109528,0.02237695129,0.005143642426,-0.03263640702,-0.007310420275,0.01254328713,0.02243799046,0.0198537074,-0.1193279326,0.04074081779,69,0.00780360196,0.0925263363,-0.1315033879,0.2256347365,-0.01354562008,-0.005742018123,0.01449275362,0
resize_0.5,0,ai_edited,8,noise_max_to_min_ratio,0.4005905392,0.3283078921,false,69,0.4462521819,0.3618802574,0.2636824846,0.06979696006,0.1606089771,0.8698621392,1,0.7092531621,0.04145768657,1,0.4002856109,0.3421279984,0.261898309,0.06070551798,0.1211844236,0.6132429838,1,0.4920585603,0.04226980731,1,-0.04596657101,0.1005237518,-0.02006137371,-0.2170817971,-0.08398938179,0,0.0525090307,0.08398938179,-0.4709432423,0.223033905,69,-0.1400105575,-0.0611053654,-0.2558250466,0,0.13908177,-0.0009287874639,0,0
resize_0.5,0,ai_edited,9,noise_std_of_variances,0.04551184494,0.02989405613,false,69,0.04362495845,0.02691292598,0.03598758951,0.01447887011,0.02646783367,0.05509315431,0.09505370706,0.02862532064,0.002187216189,0.1580343544,0.04020675849,0.01624365398,0.03637512401,0.02143791877,0.02869922109,0.04816262797,0.06997465938,0.01946340688,0.005433813669,0.09544501454,-0.003418199954,0.01432725761,-0.001486413181,-0.02925499678,-0.008445061743,0.005797243677,0.0113625288,0.01424230542,-0.06258933991,0.02170513198,69,-0.1143437993,-0.04972269987,-0.2824996951,0.1939262993,-0.06311911901,-0.1774629183,0.01449275362,0
resize_0.5,0,ai_edited,10,noise_coef_variation,0.6096584915,0.2357993102,false,69,0.6165624993,0.2487758798,0.5791555047,0.305921942,0.4383569956,0.7533271313,1.063267303,0.3149701357,0.1991848499,1.520560622,0.5611476976,0.2165892698,0.5544974804,0.2629625022,0.3959511518,0.6952434182,0.9034072161,0.2992922664,0.1943233311,1.33286798,-0.05541480171,0.09657489002,-0.04240584373,-0.2377094746,-0.09404850006,-0.01481831074,0.07660544515,0.07923018932,-0.2701976299,0.2062669992,69,-0.2350083283,-0.1798387099,-0.3988497676,-0.06284289266,0.02927916879,-0.2057291595,0.01449275362,0.01449275362
resize_0.5,0,ai_edited,11,noise_inconsistency_score,0.4720873315,0.2820146066,false,69,0.4716628262,0.2821906313,0.4388740063,0.07456259429,0.2511426508,0.6711028218,0.9827120781,0.419960171,0,1,0.4097839301,0.2676066883,0.4059966803,0.01728334059,0.1946015507,0.5936579108,0.8712096572,0.3990563601,0,1,-0.06187889605,0.1155453892,-0.05652502179,-0.2493607402,-0.1033533812,-0.01023393869,0.1021405995,0.09311944246,-0.3602634966,0.275022693,69,-0.2194173443,-0.2004329579,-0.3664823691,-0.03628868311,-0.001505260264,-0.2209226046,0,0
resize_0.5,0,ai_edited,12,jpeg_boundary_difference_ratio,1.090870751,0.09272478005,false,69,1.090002295,0.07973937343,1.072321057,1.004238486,1.038431048,1.1353513,1.231177855,0.09692025185,0.9374209642,1.356818676,1.009672415,0.05552697773,1.002338648,0.9599788427,0.9919617176,1.014812589,1.040107965,0.02285087109,0.937430799,1.41086781,-0.08032987947,0.07552477337,-0.05968207121,-0.2056000471,-0.1271489859,-0.02969276905,0.01725172997,0.09745621681,-0.3237433434,0.05404913425,69,-0.8663259101,-0.6436474821,-1.371251415,-0.320224745,-0.009365954367,-0.8756918645,0,0
resize_0.5,0,ai_edited,13,jpeg_periodic_grid_strength,0.09243611017,0.0907148422,false,69,0.09171569184,0.07711301969,0.07232104242,0.004238491366,0.03843105957,0.1353512853,0.2311778694,0.09692022577,0,0.3568187356,0.01634695553,0.05192982801,0.002338702325,0,0,0.01481257938,0.04010795727,0.01481257938,0,0.4108678401,-0.07536873632,0.07156602967,-0.05692908634,-0.1992331002,-0.1271490483,-0.0235685613,0.01132432707,0.103580487,-0.3237433136,0.05404910445,69,-0.8308313666,-0.6275608815,-1.401634453,-0.2598093182,-0.007941570622,-0.8387729372,0,0
resize_0.5,0,ai_edited,14,jpeg_artifact_score,0.1833023631,0.171337667,false,69,0.1834313837,0.1542260394,0.1446420848,0.008476982731,0.07686211914,0.2707025707,0.4623557389,0.1938404515,0,0.7136374712,0.03269391106,0.103859656,0.00467740465,0,0,0.02962515876,0.08021591455,0.02962515876,0,0.8217356801,-0.1507374726,0.1431320593,-0.1138581727,-0.3984662004,-0.2542980965,-0.0471371226,0.02264865413,0.2071609739,-0.6474866271,0.1080982089,69,-0.8797684439,-0.6645250556,-1.484192595,-0.2751124341,0.0007530196,-0.8790154243,0,0
resize_0.5,0,ai_edited,15,laplacian_variance,0.02789879267,0.0338247289,false,69,0.02868394471,0.04168346319,0.01991919987,0.002396052377,0.007196201012,0.03478367627,0.08247068226,0.02758747526,0.0001044801684,0.304591924,0.02278824228,0.01881772136,0.02032319643,0.003921215143,0.01003456302,0.02703861706,0.05530126318,0.01700405404,0.0003509540984,0.1196162999,-0.005895702428,0.02514685061,0.0006989743561,-0.02905425131,-0.008890274912,0.004169047344,0.008173716068,0.01305932226,-0.1849756241,0.01388407219,69,-0.1743015427,0.02066459595,-0.2628335895,0.1232544201,0.02321236758,-0.1510891751,0.02898550725,0
resize_0.5,1,all,0,fft_high_freq_energy_ratio,0.2786693905,0.0355163206,false,136,0.2750749312,0.03160326606,0.2767008096,0.222432591,0.2527769282,0.2948192582,0.3253226727,0.04204232991,0.2045774013,0.3512496948,0.2738991219,0.03119205698,0.2744712681,0.224633906,0.2523098439,0.2936155871,0.3227789328,0.04130574316,0.2070338428,0.3501200676,-0.001175809323,0.002658934621,-0.002281196415,-0.003584221005,-0.002846255898,-0.001018799841,0.004253827035,0.001827456057,-0.004828304052,0.005276247859,136,-0.03310616931,-0.06422952539,-0.08013937961,-0.0286853994,-0.1012058459,-0.1343120152,0,0
resize_0.5,1,all,1,fft_spectral_peak_count,0.001648351673,0.01273256088,false,136,0.001470588257,0.01208178394,0,0,0,0,0,0,0,0.1000000015,0.001470588257,0.01208178394,0,0,0,0,0,0,0,0.1000000015,0,0,0,0,0,0,0,0,0,0,136,0,0,0,0,-0.01396132462,-0.01396132462,0,0
resize_0.5,1,all,2,fft_radial_anomaly_score,0.01300366332,0.06736367464,false,136,0.007352941396,0.04963922265,0,0,0,0,0,0,0,0.400000006,0.007352941396,0.04963922265,0,0,0,0,0,0,0,0.400000006,0,0.04868645028,0,0,0,0,0,0,-0.400000006,0.400000006,136,0,0,0,0,-0.08388381356,-0.08388381356,0,0
resize_0.5,1,all,3,fft_spectral_decay_slope,-1.392526299,0.1152052171,false,136,-1.3964485,0.09599708793,-1.394814312,-1.558979988,-1.457956523,-1.343144357,-1.236070007,0.1148121655,-1.652271986,-1.201180458,-1.398634666,0.09490968518,-1.399601996,-1.557336092,-1.460663289,-1.344897598,-1.24194923,0.1157656908,-1.645735979,-1.204618573,-0.002186166013,0.005981858798,-0.004787862301,-0.007833749056,-0.006016522646,-0.001649528742,0.009666860104,0.004366993904,-0.009242892265,0.01473605633,136,-0.01897627615,-0.04155942259,-0.05222439399,-0.01431817746,-0.03404534503,-0.05302162118,0,0
resize_0.5,1,all,4,dct_mean_high_freq_energy,0.6181044546,0.5493786794,false,136,0.6297630816,0.524664406,0.4934166074,0.09328012168,0.2241934575,0.8972641379,1.519081235,0.6730706804,0.05065156892,2.925590038,0.7780443003,0.4066126611,0.7101564407,0.24512095,0.4315922633,1.024156481,1.500197083,0.5925642177,0.1374246031,1.889652967,0.1482812187,0.2624610288,0.1873666942,-0.3776415735,0.08878405765,0.2744594924,0.3783651441,0.1856754348,-1.311917424,0.8772435188,136,0.2699071228,0.3410519943,0.1616081238,0.4995816232,0.02122147702,0.2911285998,0,0
resize_0.5,1,all,5,dct_ac_energy_variance,0.6270257644,0.7701390409,false,136,0.6643762352,0.7700229038,0.3724529296,0.0212386502,0.1219567321,0.867768243,2.548336148,0.7458115108,0.004253847525,3.741172791,0.4725447574,0.3512352911,0.3866793811,0.06144920457,0.2045958824,0.6644571275,1.088106692,0.459861245,0.01467440743,1.828174233,-0.1918314778,0.5178723711,0.005318348296,-1.752951995,-0.2838887498,0.08176766755,0.2434317339,0.3656564173,-2.164818347,0.3136319518,136,-0.249086811,0.006905698859,-0.3686201253,0.1061726042,0.04849834749,-0.2005884636,0,0
resize_0.5,1,all,6,dct_anomaly_score,0.8892446845,0.1661288857,false,136,0.8855177008,0.1530633687,0.9908505976,0.5826226026,0.7990061194,1,1,0.2009938806,0.4697971344,1,0.7108162957,0.1973557732,0.7066506147,0.4149040431,0.5391761959,0.8589381129,1,0.319761917,0.3054614365,1,-0.1747014051,0.1124155341,-0.1745733023,-0.3461535573,-0.2488349602,-0.1015219763,0,0.1473129839,-0.4606148005,0,136,-1.051601619,-1.050830514,-1.49784283,-0.6111036976,-0.02243429052,-1.07403591,0,0.007352941176
resize_0.5,1,all,7,noise_global_level,0.0804362417,0.05589460607,false,136,0.0817691637,0.05598680928,0.06610705703,0.01981766894,0.03725283872,0.1069633383,0.173744671,0.06971049961,0.009654874913,0.3072870076,0.08025697023,0.04006556258,0.0710154064,0.02711572964,0.04926435277,0.1025467962,0.1507591978,0.05328244343,0.01522919722,0.1860556453,-0.00151219347,0.02686028558,0.004391773604,-0.0500392057,-0.006765663624,0.01230177097,0.0224963678,0.01906743459,-0.1490323991,0.05940426141,136,-0.02705437209,0.07857240462,-0.1210432294,0.2200886961,0.02384705949,-0.0032073126,0,0
resize_0.5,1,all,8,noise_max_to_min_ratio,0.4106514387,0.3299784221,false,136,0.4055742049,0.357236594,0.2709191442,0.06124536879,0.1055570152,0.7744327039,1,0.6688756887,0.03581236303,1,0.3510980982,0.3365060359,0.1990509629,0.05889239535,0.09895982593,0.5382291079,1,0.4392692819,0.03662890568,1,-0.05447610668,0.09831946893,-0.007317297161,-0.2901378274,-0.08489444852,8.720159531e-05,0.04300555959,0.08498165011,-0.4276998341,0.1089549065,136,-0.165089906,-0.02217507774,-0.2572727271,0.0002642645381,-0.01538656299,-0.180476469,0,0
resize_0.5,1,all,9,noise_std_of_variances,0.04483697512,0.02864084927,false,136,0.04633980721,0.03198857211,0.04018729739,0.008991582785,0.022138,0.06126636732,0.1180320587,0.03912836732,0.003824761836,0.1617175788,0.0412581846,0.02026170695,0.04068302922,0.01404738077,0.02396354359,0.05497068167,0.07357726432,0.03100713808,0.004916792735,0.1097376123,-0.005081622613,0.01602934464,-0.0008804928511,-0.04835025407,-0.01020391658,0.005415773019,0.01171659725,0.0156196896,-0.06032003462,0.01631603763,136,-0.1774256959,-0.03074255385,-0.3562714388,0.1890926127,0.05247163151,-0.1249540644,0,0
resize_0.5,1,all,10,noise_coef_variation,0.6124711164,0.2372147582,false,136,0.607093232,0.2492087521,0.5931148529,0.2538701929,0.4148940369,0.7768195271,1.018683344,0.3619254902,0.1178079024,1.325475693,0.5564964288,0.2164244239,0.5461266637,0.2325162143,0.3736191168,0.6842918545,0.9384572804,0.3106727377,0.151739791,1.159412622,-0.05059680326,0.08217295917,-0.04764656723,-0.1979051456,-0.09187677503,-0.008700139821,0.05548048019,0.08317663521,-0.3057739735,0.2589212358,136,-0.2132953432,-0.2008583597,-0.387314751,-0.03667621646,-0.02267095178,-0.235966295,0,0
resize_0.5,1,all,11,noise_inconsistency_score,0.4737415174,0.2792792032,false,136,0.4643479926,0.2929146226,0.4574864656,0.005580119672,0.2198587246,0.7024260759,1,0.4825673513,0,1,0.4074099798,0.2714584159,0.3948355615,0,0.1648254879,0.579055801,0.9179430306,0.4142303132,0,1,-0.05693801279,0.1008120308,-0.0527527649,-0.2159392573,-0.09877038747,0,0.07397395838,0.09877038747,-0.4076986611,0.3452282995,136,-0.2038748756,-0.1888889838,-0.3536618064,0,-0.03363488819,-0.2375097637,0,0
resize_0.5,1,all,12,jpeg_boundary_difference_ratio,1.090441064,0.08958681008,false,136,1.096418357,0.09520352852,1.066247702,1.001485005,1.029974163,1.146678865,1.26335606,0.1167047024,0.9632553458,1.533506393,1.009563511,0.03291598883,1.004992545,0.9608770758,0.9924592078,1.02169475,1.06180495,0.02923554182,0.9163628221,1.138811111,-0.08685484572,0.09464510051,-0.05895018578,-0.2615377307,-0.1331024915,-0.02713100612,0.01026925445,0.1059714854,-0.4774693251,0.05062013865,136,-0.9695048372,-0.6580230474,-1.485737592,-0.3028459892,0.0667206799,-0.9027841573,0,0
resize_0.5,1,all,13,jpeg_periodic_grid_strength,0.09230288765,0.0870774111,false,136,0.09701680405,0.09449497051,0.06624772772,0.001556052652,0.02997411089,0.1466788873,0.2633560821,0.1167047764,0,0.533506453,0.01620993193,0.0256292068,0.004992491333,0,0,0.02169471746,0.06180491857,0.02169471746,0,0.1388111711,-0.08080687212,0.09380595366,-0.0488629546,-0.2614680592,-0.1240856256,-0.01474310923,0.009414111497,0.1093425164,-0.4774694219,0.03269845992,136,-0.9279889135,-0.5611438602,-1.425003615,-0.1693103762,0.05413477887,-0.8738541346,0,0
resize_0.5,1,all,14,jpeg_artifact_score,0.1832646402,0.1648027988,false,136,0.1931384419,0.1849521611,0.1324954554,0.003112105303,0.05994822178,0.2933577746,0.5267121643,0.2334095528,0,1,0.03241986386,0.05125841359,0.009984982666,0,0,0.04338943493,0.1236098371,0.04338943493,0,0.2776223421,-0.160718578,0.1839175157,-0.0977259092,-0.5229361183,-0.2481712513,-0.02948621847,0.01882822299,0.2186850328,-0.8957491219,0.06539691985,136,-0.9752175277,-0.5929869511,-1.505867941,-0.17891819,0.05991282741,-0.9153047003,0,0
resize_0.5,1,all,15,laplacian_variance,0.02805360432,0.03645127683,false,136,0.02848768291,0.03312089592,0.01750809141,0.002079587575,0.006000415888,0.03995538224,0.09094562009,0.03395496635,0.0003404301242,0.1899305731,0.02204239851,0.01682534667,0.01844742242,0.002465571451,0.009377578739,0.02931069303,0.05740586482,0.01993311429,0.0008286210941,0.07192849368,-0.006445284395,0.02189374425,-0.0002600258449,-0.04229383403,-0.007094792556,0.003190425836,0.006852025399,0.01028521839,-0.136166241,0.02738198079,136,-0.1768191667,-0.007133518152,-0.1946376965,0.08752576352,0.01190846057,-0.1649107062,0,0
resize_0.5,1,authentic,0,fft_high_freq_energy_ratio,0.2786693905,0.0355163206,false,68,0.2733628728,0.03274662963,0.2772905678,0.2159176648,0.2500021048,0.2949026823,0.3199210733,0.04490057752,0.2045774013,0.3497065008,0.272150932,0.03221065766,0.2746423036,0.2172707543,0.2510017976,0.2925596163,0.3170710146,0.04155781865,0.2070338428,0.3490516245,-0.001211940804,0.002627766182,-0.002281799912,-0.003542140126,-0.00280816853,-0.001018799841,0.004186712205,0.001789368689,-0.004828304052,0.004822388291,68,-0.03412348981,-0.06424651749,-0.07906698902,-0.0286853994,-0.1494106815,-0.1835341713,0,0
resize_0.5,1,authentic,1,fft_spectral_peak_count,0.001648351673,0.01273256088,false,68,0,0,0,0,0,0,0,0,0,0,0,0,0,0,0,0,0,0,0,0,0,0,0,0,0,0,0,0,0,0,68,0,0,0,0,-0.1294595556,-0.1294595556,0,0
resize_0.5,1,authentic,2,fft_radial_anomaly_score,0.01300366332,0.06736367464,false,68,0,0,0,0,0,0,0,0,0,0,0,0,0,0,0,0,0,0,0,0,0,0,0,0,0,0,0,0,0,0,68,0,0,0,0,-0.1930367277,-0.1930367277,0,0
resize_0.5,1,authentic,3,fft_spectral_decay_slope,-1.392526299,0.1152052171,false,68,-1.402324428,0.1007527649,-1.393148303,-1.570171875,-1.464722425,-1.34111312,-1.24897173,0.1236093044,-1.652271986,-1.219006419,-1.40453275,0.09949668355,-1.397241354,-1.569761699,-1.466874778,-1.341223657,-1.254035515,0.1256511211,-1.645735979,-1.210845947,-0.002208322287,0.005939714142,-0.004882216454,-0.00762834549,-0.005774259567,-0.001866787672,0.00926425457,0.003907471895,-0.009242892265,0.01462852955,68,-0.0191685962,-0.04237843197,-0.05012151111,-0.01620402027,-0.08504935084,-0.104217947,0,0
resize_0.5,1,authentic,4,dct_mean_high_freq_energy,0.6181044546,0.5493786794,false,68,0.6237754021,0.5323617182,0.4812808037,0.08102234565,0.2218127847,0.8971287459,1.48335135,0.6753159612,0.05065156892,2.925590038,0.7767885792,0.4146358488,0.7132399082,0.2435128525,0.4205252901,1.019584209,1.506303459,0.5990589187,0.1374246031,1.889652967,0.1530131771,0.2664202851,0.1946966797,-0.3512792706,0.09083357081,0.2809340656,0.3685618088,0.1901004948,-1.311917424,0.8772435188,68,0.2785204137,0.3543943131,0.1653387258,0.5113668879,0.0103224748,0.2888428885,0,0
resize_0.5,1,authentic,5,dct_ac_energy_variance,0.6270257644,0.7701390409,false,68,0.6665845175,0.7898398409,0.3676359504,0.0135241867,0.111851234,0.9044802934,2.539147532,0.7926290594,0.004253847525,3.741172791,0.4688350232,0.3600352212,0.3866793811,0.05510152504,0.1978305392,0.6900079399,1.099032682,0.4921774007,0.01467440743,1.828174233,-0.1977494943,0.5301519039,0.005318348296,-1.666283464,-0.2902182788,0.07487132214,0.2365658298,0.3650896009,-2.142276585,0.3136319518,68,-0.2567711593,0.006905698859,-0.3768388088,0.0972179284,0.05136572889,-0.2054054304,0,0
resize_0.5,1,authentic,6,dct_anomaly_score,0.8892446845,0.1661288857,false,68,0.8866295486,0.1536179382,1,0.5795079291,0.8052253276,1,1,0.1947746724,0.4697971344,1,0.7055837779,0.1977734999,0.7015413344,0.4145791978,0.5371459126,0.8488112241,1,0.3116653115,0.3054614365,1,-0.1810457706,0.1128969834,-0.1787851155,-0.3612195164,-0.2510734946,-0.1305637509,0,0.1205097437,-0.4606148005,0,68,-1.089791037,-1.076183198,-1.511317515,-0.7859184172,-0.01574160894,-1.105532646,0,0.01470588235
resize_0.5,1,authentic,7,noise_global_level,0.0804362417,0.05589460607,false,68,0.08198762176,0.0569568084,0.06611519307,0.0195174234,0.03756597731,0.1069633383,0.1747408912,0.06939736102,0.009654874913,0.3072870076,0.08000293651,0.04080120367,0.07222944126,0.02580966735,0.04885324463,0.1022756882,0.1514243945,0.05342244357,0.01522919722,0.1860556453,-0.001984685249,0.02720661252,0.004391773604,-0.04992747642,-0.007285483181,0.01199932327,0.02170600072,0.01928480645,-0.1490323991,0.05940426141,68,-0.0355076346,0.07857240462,-0.1303432244,0.2146776605,0.02775545193,-0.007752182672,0,0
resize_0.5,1,authentic,8,noise_max_to_min_ratio,0.4106514387,0.3299784221,false,68,0.4010826803,0.3583591559,0.2624567151,0.0611833889,0.09823947586,0.6852737963,1,0.5870343205,0.03581236303,1,0.34662524,0.3374822169,0.1845870018,0.05961062331,0.09819388203,0.4942778274,1,0.3960839454,0.03662890568,1,-0.05445744031,0.09742593571,-0.007326133549,-0.2780872136,-0.08397516236,0.0002041356638,0.03910494074,0.08417929802,-0.4276998341,0.07274091244,68,-0.1650333376,-0.02220185642,-0.2544868293,0.0006186333716,-0.02899813372,-0.1940314713,0,0
resize_0.5,1,authentic,9,noise_std_of_variances,0.04483697512,0.02864084927,false,68,0.04608611444,0.03275048442,0.040336648,0.008739187988,0.02089014929,0.06161098834,0.1141096987,0.04072083905,0.003824761836,0.1610382348,0.04074053035,0.02098314003,0.04101623222,0.01285595796,0.0235234797,0.05426679179,0.07416584343,0.03074331209,0.004916792735,0.1094590202,-0.005345584095,0.01598509367,-0.0007845396176,-0.04218709543,-0.01015128847,0.005199834006,0.01144740144,0.01535112248,-0.05897073448,0.01631603763,68,-0.1866419548,-0.0273923308,-0.3544339198,0.1815530663,0.0436139066,-0.1430280482,0,0
resize_0.5,1,authentic,10,noise_coef_variation,0.6124711164,0.2372147582,false,68,0.593418267,0.2341099746,0.5878559351,0.251134298,0.4029719904,0.7628622949,0.9462462753,0.3598903045,0.1178079024,1.282613516,0.5446706206,0.2042387147,0.542224884,0.2388457254,0.3683175817,0.6734809279,0.8712391555,0.3051633462,0.151739791,1.057861805,-0.04874764635,0.08010313123,-0.04803010821,-0.1731740236,-0.09187677503,-0.007401421666,0.05208863765,0.08447535336,-0.2948839068,0.2589212358,68,-0.2055000571,-0.202475211,-0.387314751,-0.03120135409,-0.08031898842,-0.2858190455,0,0
resize_0.5,1,authentic,11,noise_inconsistency_score,0.4737415174,0.2792792032,false,68,0.4538630905,0.2908948762,0.4504745901,0.002604055847,0.2039626539,0.6838164479,0.9283283472,0.479853794,0,1,0.3955856447,0.2631528098,0.3896331936,0,0.1577567868,0.5646412224,0.8283188671,0.4068844356,0,1,-0.05827744582,0.1018303157,-0.0527527649,-0.2176976651,-0.1076418608,-0.005502931774,0.06813066751,0.1021389291,-0.3931785226,0.3452282995,68,-0.2086709113,-0.1888889838,-0.3854274132,-0.0197040514,-0.07117761255,-0.2798485238,0,0
resize_0.5,1,authentic,12,jpeg_boundary_difference_ratio,1.090441064,0.08958681008,false,68,1.102201956,0.09919414517,1.072005451,1.00478794,1.031614214,1.148838431,1.265370679,0.1172242165,0.9684098363,1.52736485,1.008678051,0.03259376724,1.003903925,0.961489591,0.9927960187,1.019937217,1.054620308,0.02714119852,0.9172344208,1.138811111,-0.09352390468,0.09958223813,-0.06058168411,-0.2631139249,-0.148558706,-0.03003877401,0.008573126793,0.118519932,-0.4752393961,0.04117053747,68,-1.043947257,-0.6762344151,-1.658265384,-0.3353035339,0.1312792805,-0.9126679769,0,0
resize_0.5,1,authentic,13,jpeg_periodic_grid_strength,0.09230288765,0.0870774111,false,68,0.102754766,0.09853478291,0.07200545818,0.00478794392,0.03161426308,0.1488383971,0.2653707281,0.117224134,0,0.52736485,0.01526917096,0.02559288662,0.003903947305,0,0,0.0199371851,0.05462026093,0.0199371851,0,0.1388111711,-0.08748559503,0.09868546373,-0.05092652375,-0.2593581133,-0.1372911321,-0.01690616789,0.007872236636,0.1203849642,-0.475239411,0.02773814648,68,-1.004687598,-0.5848419597,-1.576656108,-0.1941510166,0.1200297322,-0.8846578662,0,0
resize_0.5,1,authentic,14,jpeg_artifact_score,0.1832646402,0.1648027988,false,68,0.2047046834,0.1936312807,0.1440109164,0.009575887839,0.06322852615,0.2976767942,0.5307414562,0.2344482681,0,1,0.03053834191,0.05118577324,0.00780789461,0,0,0.03987437021,0.1092405219,0.03987437021,0,0.2776223421,-0.1741663415,0.1942482122,-0.1018530475,-0.5187162266,-0.2745822642,-0.03381233578,0.01574447327,0.2407699284,-0.8957491219,0.05547629297,68,-1.056816649,-0.6180298407,-1.66612622,-0.205168456,0.1300951401,-0.9267215085,0,0
resize_0.5,1,authentic,15,laplacian_variance,0.02805360432,0.03645127683,false,68,0.02872774246,0.03375286642,0.01748526562,0.001561056438,0.005996976397,0.04018329084,0.08783781491,0.03418631444,0.0003404301242,0.1899305731,0.02192432666,0.01717773325,0.01790343411,0.002462721884,0.009346547769,0.02931069303,0.05609704442,0.01996414526,0.0008286210941,0.07192849368,-0.006803415792,0.0222700399,-2.035638317e-05,-0.04396690819,-0.007635021582,0.002957482153,0.006651293766,0.01059250374,-0.136166241,0.02738198079,68,-0.1866441009,-0.0005584545987,-0.2094582754,0.08113521418,0.01849422567,-0.1681498753,0,0
resize_0.5,1,ai_edited,0,fft_high_freq_energy_ratio,0.2786693905,0.0355163206,false,68,0.2767869896,0.03056383936,0.276038751,0.2314612336,0.2556170747,0.2933698148,0.32843429,0.03775274009,0.2173138261,0.3512496948,0.2756473117,0.03027672975,0.2737966627,0.2300497517,0.2537543252,0.295225285,0.3256773502,0.04147095978,0.2179239392,0.3501200676,-0.001139677842,0.002708797331,-0.002281196415,-0.003582619131,-0.002852067351,-0.001017097384,0.004234820604,0.001834969968,-0.004642039537,0.005276247859,68,-0.03208884881,-0.06422952539,-0.08030300728,-0.02863746488,-0.05300101025,-0.08508985906,0,0
resize_0.5,1,ai_edited,1,fft_spectral_peak_count,0.001648351673,0.01273256088,false,68,0.002941176514,0.0170213936,0,0,0,0,0,0,0,0.1000000015,0.002941176514,0.0170213936,0,0,0,0,0,0,0,0.1000000015,0,0,0,0,0,0,0,0,0,0,68,0,0,0,0,0.1015369064,0.1015369064,0,0
resize_0.5,1,ai_edited,2,fft_radial_anomaly_score,0.01300366332,0.06736367464,false,68,0.01470588279,0.06967880851,0,0,0,0,0,0,0,0.400000006,0.01470588279,0.06967880851,0,0,0,0,0,0,0,0.400000006,0,0.06910947508,0,0,0,0,0,0,-0.400000006,0.400000006,68,0,0,0,0,0.0252691006,0.0252691006,0,0
resize_0.5,1,ai_edited,3,fft_spectral_decay_slope,-1.392526299,0.1152052171,false,68,-1.390572572,0.09136313452,-1.3964535,-1.547401798,-1.44770658,-1.343721837,-1.232522863,0.1039847434,-1.594462514,-1.201180458,-1.392736582,0.0904430148,-1.40038687,-1.535191262,-1.450649112,-1.349408329,-1.237225527,0.1012407839,-1.597082257,-1.204618573,-0.002164009739,0.006067795151,-0.00474268198,-0.007875949144,-0.006037592888,-0.001537680626,0.009776437283,0.004499912262,-0.009109258652,0.01473605633,68,-0.0187839561,-0.04116725007,-0.05240728711,-0.01334731764,0.01695866078,-0.001825295314,0,0
resize_0.5,1,ai_edited,4,dct_mean_high_freq_energy,0.6181044546,0.5493786794,false,68,0.635750761,0.520742021,0.4991213828,0.1336027481,0.2307545505,0.8972641379,1.482214439,0.6665095873,0.06417360902,2.899906635,0.7793000213,0.401508772,0.7073741853,0.2618633181,0.4513628557,1.026305348,1.484589773,0.5749424919,0.1482966244,1.845143318,0.1435492603,0.2603353795,0.184851706,-0.3351984411,0.08724431321,0.2719270326,0.3827054113,0.1846827194,-1.293652654,0.8194853663,68,0.2612938319,0.336474117,0.1588054224,0.4949719434,0.03212047925,0.2934143111,0,0
resize_0.5,1,ai_edited,5,dct_ac_energy_variance,0.6270257644,0.7701390409,false,68,0.6621679528,0.7555550622,0.3757830411,0.04000221398,0.1357366722,0.845849812,2.274911338,0.7101131398,0.005530878901,3.667944431,0.4762544916,0.3448484463,0.3860136718,0.07539547347,0.2269472443,0.6485864222,1.078642702,0.4216391779,0.02626238205,1.799567461,-0.1859134612,0.5091702227,-0.001545580104,-1.521910658,-0.2602036819,0.08970791195,0.2274794586,0.3499115938,-2.164818347,0.2882008255,68,-0.2414024628,-0.0020068845,-0.3378658503,0.1164827482,0.04563096608,-0.1957714967,0,0
resize_0.5,1,ai_edited,6,dct_anomaly_score,0.8892446845,0.1661288857,false,68,0.8844058531,0.1536407725,0.9771933258,0.59221102,0.7936108261,1,1,0.2063891739,0.4759403467,1,0.7160488135,0.1982675017,0.7229685783,0.4188725486,0.5412916541,0.8768398762,1,0.3355482221,0.370242089,1,-0.1683570396,0.1124085761,-0.1745733023,-0.341907841,-0.2465214357,-0.09223912656,0,0.1542823091,-0.4463014007,0,68,-1.013412201,-1.050830514,-1.483916748,-0.5552263004,-0.02912697209,-1.042539173,0,0
resize_0.5,1,ai_edited,7,noise_global_level,0.0804362417,0.05589460607,false,68,0.08155070564,0.05542251037,0.06610705703,0.02067494458,0.03725283872,0.1062622312,0.1698040694,0.06900939252,0.01007437985,0.304135561,0.08051100395,0.03961803052,0.07002335787,0.02799731065,0.05012302008,0.1025467962,0.1495182164,0.05242377613,0.01676430739,0.1824022382,-0.001039701692,0.02670328143,0.004383744672,-0.04776444696,-0.006436981261,0.01254849136,0.02263559084,0.01898547262,-0.1462455243,0.05810301006,68,-0.01860110957,0.07842876049,-0.1151628344,0.2245027247,0.01993866704,0.001337557472,0,0
resize_0.5,1,ai_edited,8,noise_max_to_min_ratio,0.4106514387,0.3299784221,false,68,0.4100657296,0.3587178276,0.271502912,0.06183575299,0.1126139536,0.7744327039,1,0.6618187502,0.03853657097,1,0.3555709565,0.337976126,0.1995326951,0.05961062331,0.1075129882,0.5418682545,1,0.4343552664,0.03965194523,1,-0.05449477304,0.09992948342,-0.006934490055,-0.2780872136,-0.08845895529,8.720159531e-05,0.03740893677,0.08854615688,-0.4276998341,0.1089549065,68,-0.1651464744,-0.02101498035,-0.2680749691,0.0002642645381,-0.001774992248,-0.1669214667,0,0
resize_0.5,1,ai_edited,9,noise_std_of_variances,0.04483697512,0.02864084927,false,68,0.04659349997,0.03144972636,0.04006984457,0.009733316395,0.02383435331,0.06027588341,0.1074726801,0.0364415301,0.004072027747,0.1617175788,0.04177583884,0.01965616583,0.04016304389,0.01566435895,0.02599172667,0.05512653757,0.0734588787,0.0291348109,0.005621032789,0.1097376123,-0.004817661131,0.0161879601,-0.0008804928511,-0.04179733172,-0.01031811535,0.005783657311,0.01183209093,0.01610177266,-0.06032003462,0.01522727683,68,-0.168209437,-0.03074255385,-0.360258708,0.2019373537,0.06132935642,-0.1068800806,0,0
resize_0.5,1,ai_edited,10,noise_coef_variation,0.6124711164,0.2372147582,false,68,0.6207681971,0.2644803827,0.5958660543,0.2671356946,0.4254678264,0.7925625294,1.147141469,0.367094703,0.1282581687,1.325475693,0.5683222369,0.228868594,0.5546088517,0.2366600163,0.3868126348,0.6979376078,1.022155514,0.311124973,0.1719721705,1.159412622,-0.05244596018,0.08474738927,-0.04764150083,-0.2113697693,-0.08888439834,-0.01367436349,0.060491734,0.07521003485,-0.3057739735,0.2568503022,68,-0.2210906293,-0.2008370018,-0.3747001199,-0.05764550063,0.03497708486,-0.1861135444,0,0
resize_0.5,1,ai_edited,11,noise_inconsistency_score,0.4737415174,0.2792792032,false,68,0.4748328948,0.2967078649,0.461154744,0.02284759097,0.2339571044,0.7234166712,1,0.4894595668,0,1,0.419234315,0.2809732803,0.4061451107,0,0.1824168414,0.5972501189,0.9746544182,0.4148332775,0,1,-0.05559857976,0.100522454,-0.05300587416,-0.2061585702,-0.09731434658,0,0.07574344631,0.09731434658,-0.4076986611,0.3424671143,68,-0.1990788398,-0.1897952785,-0.3484482392,0,0.003907836166,-0.1951710037,0,0
resize_0.5,1,ai_edited,12,jpeg_boundary_difference_ratio,1.090441064,0.08958681008,false,68,1.090634758,0.09140747227,1.064912379,1.001823804,1.02749306,1.138997495,1.256250519,0.1115044355,0.9632553458,1.533506393,1.010448971,0.03345370796,1.005818129,0.9623994052,0.9924592078,1.024706423,1.071033561,0.03224721551,0.9163628221,1.12993753,-0.08018578677,0.08967822781,-0.05732119083,-0.2524386704,-0.106730327,-0.02227017283,0.01020393968,0.08446015418,-0.4774693251,0.05062013865,68,-0.8950624171,-0.6398396235,-1.191362065,-0.2485876304,0.002162079314,-0.8929003378,0,0
resize_0.5,1,ai_edited,13,jpeg_periodic_grid_strength,0.09230288765,0.0870774111,false,68,0.09127884211,0.09064180801,0.06491238996,0.002240874828,0.02749303496,0.138997484,0.2562505484,0.111504449,0,0.533506453,0.0171506929,0.02582099881,0.005818127887,0,0,0.02470646054,0.07103353851,0.02470646054,0,0.1299375296,-0.07412814921,0.0888880623,-0.04794935137,-0.2524387066,-0.10148717,-0.01338266954,0.008604162931,0.08810450044,-0.4774694219,0.03269845992,68,-0.8512902287,-0.5506520091,-1.165482169,-0.1536870397,-0.0117601744,-0.8630504031,0,0
resize_0.5,1,ai_edited,14,jpeg_artifact_score,0.1832646402,0.1648027988,false,68,0.1815722003,0.1765234783,0.1298247799,0.004481749656,0.05498606991,0.277994968,0.5125010967,0.2230088981,0,1,0.03430138581,0.05164199762,0.01163625577,0,0,0.04941292107,0.142067077,0.04941292107,0,0.2598750591,-0.1472708145,0.1733687248,-0.09589870274,-0.5048774133,-0.2029743399,-0.02676533908,0.01720832586,0.1762090009,-0.8879259378,0.06539691985,68,-0.8936184068,-0.5818997216,-1.231619496,-0.1624082799,-0.01026948531,-0.9038878921,0,0
resize_0.5,1,ai_edited,15,laplacian_variance,0.02805360432,0.03645127683,false,68,0.02824762336,0.03272594636,0.01773670036,0.002483886853,0.006036094506,0.03968336154,0.08326021172,0.03364726703,0.0003405403404,0.1877391487,0.02216047036,0.01659237841,0.01882540248,0.003199796076,0.01006775163,0.02905954467,0.05628262088,0.01899179304,0.0012051292,0.06796426326,-0.006087152998,0.02167051734,-0.0003106895601,-0.03961196542,-0.006696025375,0.003563259903,0.007414240716,0.01025928528,-0.1340281367,0.02566828765,68,-0.1669942325,-0.008523420499,-0.183697965,0.09775404904,0.005322695478,-0.161671537,0,0
resize_0.5,2,all,0,fft_high_freq_energy_ratio,0.2767552759,0.03390628361,false,136,0.2827595381,0.03784402716,0.2792742252,0.2306737341,0.2628660202,0.3033375368,0.3478536904,0.04047151655,0.1503369361,0.390927285,0.2822739608,0.03785548992,0.2781115621,0.2293621488,0.2609843835,0.3034923002,0.3477885425,0.04250791669,0.1527104825,0.38952443,-0.0004855773466,0.00323772708,-0.00227214396,-0.003426782787,-0.002729721367,0.003074474633,0.005274906754,0.005804196,-0.004421263933,0.006832927465,136,-0.014321161,-0.06701247432,-0.08050783148,0.09067565964,0.1770840562,0.1627628952,0.02941176471,0.02941176471
resize_0.5,2,all,1,fft_spectral_peak_count,0.001831501859,0.01340879523,false,136,0.0007352941286,0.008574929385,0,0,0,0,0,0,0,0.1000000015,0.0007352941286,0.008574929385,0,0,0,0,0,0,0,0.1000000015,0,0,0,0,0,0,0,0,0,0,136,0,0,0,0,-0.08175288766,-0.08175288766,0,0
resize_0.5,2,all,2,fft_radial_anomaly_score,0.009890110174,0.0575219898,false,136,0.01985294153,0.08591111223,0,0,0,0,0.07500000298,0,0,0.400000006,0.02279411804,0.09186698409,0,0,0,0,0.3250000104,0,0,0.400000006,0.002941176514,0.03429971754,0,0,0,0,0,0,0,0.400000006,136,0.05113134168,0,0,0,0.173200395,0.2243317366,0,0
resize_0.5,2,all,3,fft_spectral_decay_slope,-1.3969114,0.1091601511,false,136,-1.378843606,0.1202083962,-1.386909127,-1.567417204,-1.449373335,-1.306906223,-1.190552086,0.1424671113,-1.800374389,-1.039516687,-1.379569348,0.1200307621,-1.3853091,-1.570503533,-1.44772616,-1.30725193,-1.186661273,0.1404742301,-1.794905782,-1.028527498,-0.0007257417721,0.007116889639,-0.004749298096,-0.006962329149,-0.005618214607,0.007231891155,0.01099959016,0.01285010576,-0.008062839508,0.01718354225,136,-0.00664841304,-0.04350761745,-0.05146763311,0.06625028531,0.1655163884,0.1588679753,0.02205882353,0.01470588235
resize_0.5,2,all,4,dct_mean_high_freq_energy,0.6155877339,0.5360504518,false,136,0.639866975,0.5774229764,0.4458633065,0.129406495,0.2592509463,0.7641175389,2.056315362,0.5048665926,0.03648391739,3.017126799,0.804346078,0.4389681612,0.7205678821,0.2877245173,0.5193784386,0.9933980405,1.726113051,0.4740196019,0.0764471367,2.289672613,0.164479103,0.2392254394,0.1921658665,-0.3620958924,0.08377322555,0.3016815297,0.4660547562,0.2179083042,-0.7274541855,0.53546758,136,0.3068351167,0.3584846647,0.1562786213,0.5627857018,0.04529282841,0.3521279452,0.007352941176,0
resize_0.5,2,all,5,dct_ac_energy_variance,0.6260638713,0.7427319564,false,136,0.6682379529,0.8719645902,0.3155802637,0.03802424669,0.1553034298,0.7506808341,2.282469511,0.5953774042,0.002016707323,4.559772015,0.4863532254,0.3551540488,0.4184813499,0.08243247494,0.232254684,0.5811364055,1.314439654,0.3488817215,0.009451444261,1.536894202,-0.1818847275,0.5943084119,-0.00263511762,-1.278625265,-0.1494355053,0.1095598871,0.3010549955,0.2589953924,-3.0939399,0.4439666867,136,-0.2448860937,-0.003547871608,-0.201197086,0.1475093217,0.05678237116,-0.1881037226,0,0
resize_0.5,2,all,6,dct_anomaly_score,0.8888184044,0.1615391807,false,136,0.88722909,0.1718138513,1,0.5230182707,0.8389044553,1,1,0.1610955447,0.347407639,1,0.7050804272,0.2021997171,0.7009795308,0.3776605055,0.598260209,0.8650268614,1,0.2667666525,0.1657632291,1,-0.1821486628,0.1204345421,-0.179423362,-0.3703138679,-0.2773671299,-0.1059759334,0,0.1713911965,-0.4866528511,0.01973158121,136,-1.12758194,-1.110711106,-1.71702697,-0.6560385717,-0.009838569406,-1.13742051,0,0.02941176471
resize_0.5,2,all,7,noise_global_level,0.08032378116,0.05507776625,false,136,0.08222065971,0.05915800131,0.06577218696,0.02487943321,0.04091345053,0.1044109352,0.2261268795,0.06349748466,0.006162684411,0.3078919053,0.08291923128,0.04374688805,0.0743034184,0.03176996391,0.05265757907,0.1017701235,0.1690553986,0.0491125444,0.007653686684,0.2306739539,0.0006985715693,0.02409835273,0.005120284855,-0.05884240381,-0.003267602995,0.01667929534,0.02864176501,0.01994689833,-0.08677622676,0.04310701042,136,0.01268336784,0.09296464261,-0.0593270791,0.3028317318,0.03444000521,0.04712337305,0.007352941176,0
resize_0.5,2,all,8,noise_max_to_min_ratio,0.4183471071,0.3420018313,false,136,0.3746783597,0.3056529355,0.2352581918,0.0516613964,0.1442288384,0.5315124691,1,0.3872836307,0.04176577926,1,0.3184456565,0.2823104279,0.2197218612,0.05442458391,0.1253060419,0.4010578021,1,0.2757517602,0.03510304913,1,-0.05623270314,0.1075199247,-0.01902644336,-0.3299655467,-0.09337228537,0.001164208166,0.0550657101,0.09453649353,-0.3985622525,0.1357638612,136,-0.1644222282,-0.05563257744,-0.2730169164,0.003404099218,-0.1276857123,-0.2921079405,0,0
resize_0.5,2,all,9,noise_std_of_variances,0.04492015684,0.02814383215,false,136,0.04600585706,0.03373849107,0.0346801728,0.0137668848,0.02359387605,0.05544948857,0.1184691675,0.03185561253,0.003663647687,0.1630911529,0.04165104059,0.02096631094,0.03727241419,0.01454578619,0.02761791274,0.05171517842,0.0808708109,0.02409726568,0.004750270862,0.1042837799,-0.004354816473,0.01781957777,-0.001148425974,-0.04184736405,-0.009549717186,0.00531153148,0.01908738958,0.01486124867,-0.06400775909,0.03031933308,136,-0.1547343109,-0.0408056006,-0.3393182967,0.1887280827,0.03857684382,-0.1161574671,0.007352941176,0
resize_0.5,2,all,10,noise_coef_variation,0.6144639838,0.24194044,false,136,0.5990924556,0.2297385119,0.5682199895,0.2124049366,0.4630648419,0.7024145275,1.037446082,0.2393496856,0.1819193065,1.202168822,0.5404684406,0.2031383576,0.5041656792,0.2303691916,0.4178903028,0.6403443515,0.9088401943,0.2224540487,0.1117557138,1.143910646,-0.05862401503,0.09017566332,-0.04604576528,-0.1939728409,-0.105868265,-0.005766294897,0.04663383961,0.1001019701,-0.388330996,0.1907220185,136,-0.2423076316,-0.1903185977,-0.4375798648,-0.02383353066,-0.0635343483,-0.3058419799,0,0
resize_0.5,2,all,11,noise_inconsistency_score,0.4752493619,0.2843380814,false,136,0.4582944405,0.2722250629,0.4242933393,0,0.2840864584,0.6032193601,1,0.3191329017,0,1,0.3884181583,0.2527898644,0.3388875574,0,0.2238537446,0.5204591155,0.8784536272,0.2966053709,0,1,-0.06987628217,0.1178251561,-0.05167285353,-0.2586304396,-0.1197551582,0,0.06217847019,0.1197551582,-0.5177746713,0.2542960197,136,-0.2457506987,-0.1817303306,-0.4211717178,0,-0.0596294429,-0.3053801416,0,0
resize_0.5,2,all,12,jpeg_boundary_difference_ratio,1.089415697,0.08408517691,false,136,1.100534905,0.1133895761,1.066890717,1.000068188,1.03252995,1.136225581,1.313581795,0.103695631,0.9704236984,1.865938544,1.003216632,0.0446084263,1.004768729,0.9571605325,0.9925248921,1.021907717,1.047641426,0.0293828249,0.695389092,1.091839075,-0.09731827282,0.1204642054,-0.07445555925,-0.2976842523,-0.1169237196,-0.02429692447,0.00240328908,0.09262679517,-0.7740994692,0.09401780367,136,-1.157377274,-0.8854778213,-1.390539022,-0.2889560962,0.1322374273,-1.025139846,0.007352941176,0.01470588235
resize_0.5,2,all,13,jpeg_periodic_grid_strength,0.09128993284,0.08140805125,false,136,0.1010835197,0.1128412023,0.06689070538,0.0001516572775,0.03252999205,0.1362256221,0.313581802,0.1036956301,0,0.8659385443,0.01305144907,0.0180366627,0.00476876786,0,0,0.02190775936,0.04764144775,0.02190775936,0,0.09183903039,-0.08803207063,0.1051442003,-0.06617242465,-0.2934684334,-0.1140136276,-0.02033514762,0.0001747489441,0.09367848001,-0.7740995139,0.06718613207,136,-1.081368111,-0.812848651,-1.400520291,-0.2497928314,0.1203024358,-0.9610656755,0.007352941176,0
resize_0.5,2,all,14,jpeg_artifact_score,0.1823568939,0.1616502381,false,136,0.1967827765,0.1956539863,0.1337814108,0.0003033145549,0.0650599841,0.2724512443,0.6271636039,0.2073912602,0,1,0.02610289813,0.03607332541,0.00953753572,0,0,0.04381551873,0.09528289549,0.04381551873,0,0.1836780608,-0.1706798784,0.1824239069,-0.1323448493,-0.5869368669,-0.2280272553,-0.04067029525,0.0003494978882,0.18735696,-0.8314334601,0.1343722641,136,-1.055859121,-0.8187111311,-1.410621215,-0.2515944036,0.08924133259,-0.9666177889,0,0
resize_0.5,2,all,15,laplacian_variance,0.02784605102,0.03524024655,false,136,0.02932094835,0.03803330639,0.01514708577,0.002933170414,0.00879213959,0.03088945942,0.1144630257,0.02209731983,0.0001551782916,0.2211144865,0.02410116582,0.02125434272,0.01736194082,0.004201527452,0.0120857181,0.02906388231,0.06012846995,0.0169781642,0.0002832812897,0.1067089364,-0.005219782534,0.02124843335,0.0005868871522,-0.05326072779,-0.005204105517,0.005306587089,0.01314632338,0.01051069261,-0.1184070408,0.01775824837,136,-0.148119921,0.01665388893,-0.1476750598,0.1505831431,0.04185263955,-0.1062672814,0,0
resize_0.5,2,authentic,0,fft_high_freq_energy_ratio,0.2767552759,0.03390628361,false,68,0.2818425841,0.03914881914,0.278065607,0.2307437688,0.2583016306,0.3032359257,0.3489625752,0.04493429512,0.1503369361,0.3872631788,0.2813656869,0.03915996444,0.2772890627,0.2292346805,0.2603054643,0.3022497818,0.350405854,0.04194431752,0.1527104825,0.3838089705,-0.0004768972011,0.00323774339,-0.002267539501,-0.003348490596,-0.002735354006,0.002873662859,0.00530358851,0.005609016865,-0.004421263933,0.006423026323,68,-0.01406515696,-0.06687667475,-0.08067395523,0.08475310629,0.1500402778,0.1359751208,0.02941176471,0.02941176471
resize_0.5,2,authentic,1,fft_spectral_peak_count,0.001831501859,0.01340879523,false,68,0.001470588257,0.01212678143,0,0,0,0,0,0,0,0.1000000015,0.001470588257,0.01212678143,0,0,0,0,0,0,0,0.1000000015,0,0,0,0,0,0,0,0,0,0,68,0,0,0,0,-0.02691618414,-0.02691618414,0,0
resize_0.5,2,authentic,2,fft_radial_anomaly_score,0.009890110174,0.0575219898,false,68,0.02205882397,0.08951876188,0,0,0,0,0.1950000077,0,0,0.400000006,0.027941177,0.1005144817,0,0,0,0,0.365000008,0,0,0.400000006,0.005882353029,0.04850712573,0,0,0,0,0,0,0,0.400000006,68,0.1022626834,0,0,0,0.2115489022,0.3138115855,0,0
resize_0.5,2,authentic,3,fft_spectral_decay_slope,-1.3969114,0.1091601511,false,68,-1.383784578,0.1237658635,-1.386909127,-1.55922972,-1.462771416,-1.316817075,-1.185676634,0.1459543407,-1.800374389,-1.08317697,-1.384481386,0.1235188217,-1.389241815,-1.564578432,-1.455516189,-1.31119442,-1.185138875,0.1443217695,-1.794905782,-1.089389682,-0.0006968080997,0.007102519489,-0.004729807377,-0.006895905733,-0.00551995635,0.006974041462,0.0111877501,0.01249399781,-0.007931351662,0.01639974117,68,-0.006383355947,-0.04332906586,-0.05056750375,0.0638881624,0.1202528771,0.1138695211,0.01470588235,0.01470588235
resize_0.5,2,authentic,4,dct_mean_high_freq_energy,0.6155877339,0.5360504518,false,68,0.6384219779,0.58892775,0.4374671876,0.1238827191,0.2551825866,0.7540779859,1.955703193,0.4988953993,0.03648391739,3.017126799,0.8058489788,0.4447625878,0.7089135647,0.2826262519,0.524532631,0.9972904027,1.769610637,0.4727577716,0.0764471367,2.289672613,0.1674270009,0.2419149455,0.1933866441,-0.3040361881,0.09069567174,0.3053609058,0.4672567017,0.2146652341,-0.7274541855,0.5304509997,68,0.3123344087,0.3607620206,0.1691924173,0.5696495634,0.04259719198,0.3549316007,0.01470588235,0
resize_0.5,2,authentic,5,dct_ac_energy_variance,0.6260638713,0.7427319564,false,68,0.6790038138,0.892273999,0.3155802637,0.03502400741,0.1520429999,0.7672698051,2.295161009,0.6152268052,0.002016707323,4.559772015,0.488454064,0.363551996,0.4239808917,0.08242852204,0.2497337386,0.5790461153,1.305781138,0.3293123767,0.009451444261,1.536894202,-0.1905497498,0.6035994743,-0.009401049465,-1.291321751,-0.1494355053,0.1083204709,0.295026321,0.2577559762,-3.0939399,0.4247587919,68,-0.2565525129,-0.01265739192,-0.201197086,0.1458405956,0.07127731884,-0.185275194,0,0
resize_0.5,2,authentic,6,dct_anomaly_score,0.8888184044,0.1615391807,false,68,0.8925775395,0.1706067463,1,0.5262048811,0.8556690216,1,1,0.1443309784,0.3514554203,1,0.7043707222,0.2030704871,0.6965111792,0.3896181524,0.6069259495,0.8650268614,1,0.258100912,0.1657632291,1,-0.1882068173,0.1251304902,-0.1816598177,-0.377128014,-0.2799909785,-0.1129828393,0,0.1670081392,-0.4747887254,0.01797801256,68,-1.165084635,-1.12455577,-1.73326977,-0.6994144632,0.02327073226,-1.141813902,0,0.02941176471
resize_0.5,2,authentic,7,noise_global_level,0.08032378116,0.05507776625,false,68,0.08286224569,0.06039418747,0.06598769873,0.02432313627,0.04057512525,0.1051788963,0.218475987,0.06460377108,0.006162684411,0.3078919053,0.08288525384,0.044212447,0.07561472058,0.03127490198,0.05271538068,0.1012014691,0.1716112182,0.0484860884,0.007653686684,0.2305484712,2.300815301e-05,0.02443271998,0.004678918049,-0.05349711701,-0.003869335167,0.01668754313,0.02780830823,0.0205568783,-0.08677622676,0.04050025344,68,0.0004177393996,0.08495112215,-0.07025221665,0.30298148,0.04608873418,0.04650647358,0.01470588235,0
resize_0.5,2,authentic,8,noise_max_to_min_ratio,0.4183471071,0.3420018313,false,68,0.3729480514,0.3078346378,0.2308695838,0.05260525793,0.1440739632,0.5102948099,1,0.3662208468,0.04176577926,1,0.3164611521,0.283534162,0.2077963054,0.05768084545,0.1253060419,0.4010578021,1,0.2757517602,0.03510304913,1,-0.05648689931,0.1080362938,-0.0180981122,-0.3131888717,-0.09361561015,0.00163512025,0.05329403505,0.0952507304,-0.3769643605,0.1357638612,68,-0.1651654878,-0.05291817336,-0.2737283885,0.004781027763,-0.1327450662,-0.297910554,0,0
resize_0.5,2,authentic,9,noise_std_of_variances,0.04492015684,0.02814383215,false,68,0.04620273525,0.03419543762,0.0346813444,0.01257682913,0.02410534257,0.05662582256,0.1173988443,0.03252047999,0.003663647687,0.1630911529,0.04156484281,0.02147616989,0.03862923384,0.01440191041,0.02761791274,0.05124885589,0.08109358214,0.02363094315,0.004750270862,0.1042502895,-0.004637892437,0.01755466505,-0.0008795214817,-0.04166655317,-0.0095369505,0.005065594334,0.01769758835,0.01460254483,-0.06207975745,0.02357888035,68,-0.1647924992,-0.03125094966,-0.3388646738,0.1799895021,0.04557227309,-0.1192202261,0.01470588235,0
resize_0.5,2,authentic,10,noise_coef_variation,0.6144639838,0.24194044,false,68,0.5938514351,0.2254591691,0.5653454363,0.211648228,0.4696943983,0.6932710558,1.008797753,0.2235766575,0.1819193065,1.198948979,0.5341608051,0.1967150478,0.501919806,0.2403289005,0.4255226552,0.6320503801,0.8712803006,0.2065277249,0.1117557138,1.055990458,-0.05969062995,0.08965668139,-0.043967098,-0.1954686254,-0.1027211398,-0.004547424614,0.0331966877,0.09817371517,-0.3772628903,0.1758420169,68,-0.2467162164,-0.181726949,-0.4245720136,-0.0187956367,-0.08519678938,-0.3319130057,0,0
resize_0.5,2,authentic,11,noise_inconsistency_score,0.4752493619,0.2843380814,false,68,0.4527305821,0.2669001956,0.4204605967,0,0.2929258794,0.5910280645,1,0.2981021851,0,1,0.3808866159,0.2475885088,0.3358930796,0,0.234030202,0.5094005018,0.8283737481,0.2753702998,0,1,-0.07184396624,0.116841732,-0.04893604666,-0.2606248692,-0.1187846381,0,0.03578104377,0.1187846381,-0.4910695553,0.2344560176,68,-0.2526709257,-0.1721051447,-0.4177584568,0,-0.07919719962,-0.3318681253,0,0
resize_0.5,2,authentic,12,jpeg_boundary_difference_ratio,1.089415697,0.08408517691,false,68,1.107446561,0.1305798637,1.071897924,1.002334964,1.036235839,1.140135974,1.311442232,0.1039001346,0.9731683135,1.865938544,1.002535925,0.04513156163,1.003774583,0.9643217355,0.9923556894,1.016898423,1.049359286,0.02454273403,0.695389092,1.091839075,-0.1049106358,0.1357808892,-0.08000183105,-0.35795421,-0.1246899366,-0.02953362465,0.001070585847,0.09515631199,-0.7740994692,0.09401780367,68,-1.247670988,-0.9514379822,-1.482900331,-0.3512346139,0.2144357016,-1.033235287,0.01470588235,0.01470588235
resize_0.5,2,authentic,13,jpeg_periodic_grid_strength,0.09128993284,0.08140805125,false,68,0.1079567161,0.1301076909,0.07189789787,0.002334995766,0.03623584379,0.1401359625,0.3114422217,0.1039001187,0,0.8659385443,0.01260586162,0.01862643447,0.00377460767,0,0,0.01689838944,0.04935930725,0.01689838944,0,0.09183903039,-0.09535085443,0.1224397184,-0.06647998095,-0.3062900677,-0.1204004602,-0.02315583173,0.0004543472547,0.09724462847,-0.7740995139,0.06718613207,68,-1.171270568,-0.8166266103,-1.478974848,-0.2844415433,0.2047313867,-0.9665391814,0.01470588235,0
resize_0.5,2,authentic,14,jpeg_artifact_score,0.1823568939,0.1616502381,false,68,0.2051505337,0.2060819946,0.1437957957,0.004669991531,0.07247168757,0.280271925,0.6228844434,0.2078002375,0,1,0.02521172324,0.03725286893,0.007549215341,0,0,0.03379677888,0.0987186145,0.03379677888,0,0.1836780608,-0.1799388105,0.1954116386,-0.1329599619,-0.6125801355,-0.2408009204,-0.04631166346,0.0009086945094,0.1944892569,-0.8254035991,0.1343722641,68,-1.113136687,-0.822516338,-1.489641607,-0.2864930111,0.1410059159,-0.9721307711,0,0
resize_0.5,2,authentic,15,laplacian_variance,0.02784605102,0.03524024655,false,68,0.02987835999,0.03896735475,0.01514708577,0.002920347161,0.008375941659,0.03212670982,0.1151369814,0.02375076816,0.0001551782916,0.2211144865,0.02410740122,0.02150928918,0.0174125554,0.004147243639,0.0120857181,0.02811053721,0.05963871926,0.01602481911,0.0002832812897,0.1067089364,-0.005770958768,0.02169054224,0.0004342908505,-0.05219879523,-0.005668289028,0.005176067818,0.01222615063,0.01084435685,-0.1184070408,0.01554226875,68,-0.1637604538,0.01232371771,-0.1608470309,0.1468794439,0.05767011214,-0.1060903417,0,0
resize_0.5,2,ai_edited,0,fft_high_freq_energy_ratio,0.2767552759,0.03390628361,false,68,0.2836764922,0.03676111686,0.2802170664,0.2307629533,0.2631917968,0.3041585684,0.3415075526,0.04096677154,0.1927021295,0.390927285,0.2831822347,0.03677346189,0.2788740396,0.2296246849,0.2609843835,0.3044556975,0.3415664479,0.04347131401,0.1960636228,0.38952443,-0.0004942574922,0.003261760098,-0.002273082733,-0.003490807116,-0.002720400691,0.003157578409,0.005147089064,0.0058779791,-0.004196286201,0.006832927465,68,-0.01457716504,-0.06704016161,-0.08023293623,0.09312664415,0.2041278346,0.1895506695,0.02941176471,0.02941176471
resize_0.5,2,ai_edited,1,fft_spectral_peak_count,0.001831501859,0.01340879523,false,68,0,0,0,0,0,0,0,0,0,0,0,0,0,0,0,0,0,0,0,0,0,0,0,0,0,0,0,0,0,0,68,0,0,0,0,-0.1365895912,-0.1365895912,0,0
resize_0.5,2,ai_edited,2,fft_radial_anomaly_score,0.009890110174,0.0575219898,false,68,0.01764705909,0.0827533237,0,0,0,0,0,0,0,0.400000006,0.01764705909,0.0827533237,0,0,0,0,0,0,0,0.400000006,0,0,0,0,0,0,0,0,0,0,68,0,0,0,0,0.1348518878,0.1348518878,0,0
resize_0.5,2,ai_edited,3,fft_spectral_decay_slope,-1.3969114,0.1091601511,false,68,-1.373902635,0.1172529122,-1.383838713,-1.557281238,-1.440398455,-1.305307359,-1.198805016,0.1350910962,-1.653275132,-1.039516687,-1.37465731,0.1171491677,-1.382994294,-1.560474175,-1.438763142,-1.303660482,-1.203617907,0.1351026595,-1.643062115,-1.028527498,-0.0007546754444,0.007183921338,-0.004763126373,-0.007038831711,-0.005712002516,0.007428765297,0.01096282005,0.01314076781,-0.008062839508,0.01718354225,68,-0.006913470133,-0.04363429626,-0.05232681027,0.0680538202,0.2107798997,0.2038664295,0.02941176471,0.01470588235
resize_0.5,2,ai_edited,4,dct_mean_high_freq_energy,0.6155877339,0.5360504518,false,68,0.6413119721,0.5700621297,0.4502046108,0.1405274406,0.2687817067,0.7648668289,1.962032241,0.4960851222,0.07285682112,2.955441713,0.8028431771,0.4363986302,0.7236588895,0.2963892698,0.5151201189,0.9604907781,1.696384716,0.4453706592,0.1209612489,2.239248514,0.161531205,0.2382672923,0.1895881146,-0.306965059,0.08065894246,0.2989938557,0.4513085306,0.2183349133,-0.7161931992,0.53546758,68,0.3013358248,0.3536758788,0.1504689385,0.5577718565,0.04798846485,0.3493242896,0,0
resize_0.5,2,ai_edited,5,dct_ac_energy_variance,0.6260638713,0.7427319564,false,68,0.6574720921,0.8576738481,0.3129613101,0.04753812384,0.161751397,0.732687369,2.21009711,0.570935972,0.02768284827,4.460515976,0.4842523869,0.3492454539,0.4112957418,0.08658937626,0.2289265469,0.5831397772,1.301000249,0.3542132303,0.012385902,1.437805057,-0.1732197052,0.5892299414,0.004899665713,-1.251123005,-0.1512961611,0.1116896169,0.3048742883,0.262985778,-3.022710919,0.4439666867,68,-0.2332196746,0.006596815542,-0.2037022371,0.1503767489,0.04228742348,-0.1909322511,0,0
resize_0.5,2,ai_edited,6,dct_anomaly_score,0.8888184044,0.1615391807,false,68,0.8818806405,0.1741145266,1,0.5235244036,0.7972424179,1,1,0.2027575821,0.347407639,1,0.7057901323,0.2028325069,0.7037827075,0.3840071768,0.5955990255,0.8615172654,1,0.26591824,0.1715044677,1,-0.1760905083,0.1161606862,-0.1785612255,-0.3421204418,-0.2596021295,-0.1046486795,0,0.15495345,-0.4866528511,0.01973158121,68,-1.090079246,-1.105374094,-1.607053647,-0.6478222748,-0.04294787107,-1.133027117,0,0.02941176471
resize_0.5,2,ai_edited,7,noise_global_level,0.08032378116,0.05507776625,false,68,0.08157907374,0.05833762657,0.06492707133,0.02548312051,0.04138899781,0.09872991592,0.2188048109,0.05734091811,0.009654868394,0.3000894189,0.08295320873,0.04360506447,0.07414986566,0.03246557917,0.05242726486,0.1021354236,0.1658552811,0.04970815871,0.01185264997,0.2306739539,0.001374134986,0.02392163514,0.005499174818,-0.05091290809,-0.003147076815,0.01667929534,0.0297063889,0.01982637215,-0.08362606168,0.04310701042,68,0.02494899629,0.09984382434,-0.05713878811,0.3028317318,0.02279127624,0.04774027252,0,0
resize_0.5,2,ai_edited,8,noise_max_to_min_ratio,0.4183471071,0.3420018313,false,68,0.376408668,0.3057344866,0.2427220568,0.05510749351,0.1442288384,0.5326346755,1,0.3884058371,0.04176577926,1,0.320430161,0.2831753525,0.2271436304,0.05229836944,0.1262844559,0.4081600681,1,0.2818756122,0.03510304913,1,-0.05597850697,0.1078037188,-0.02151175961,-0.3005298004,-0.09077202901,0,0.05598386601,0.09077202901,-0.3985622525,0.1357638612,68,-0.1636789685,-0.06289954509,-0.2654138683,0,-0.1226263584,-0.2863053269,0,0
resize_0.5,2,ai_edited,9,noise_std_of_variances,0.04492015684,0.02814383215,false,68,0.04580897887,0.03352840983,0.0346801728,0.01515695807,0.02357894089,0.05367177166,0.1132531788,0.03009283077,0.009926590137,0.1605671644,0.04173723836,0.02060321387,0.03679701686,0.01475127223,0.02780794725,0.05171517842,0.08033232354,0.02390723117,0.006095480639,0.1042837799,-0.004071740509,0.01820673354,-0.001276993658,-0.04034048077,-0.009664828074,0.006072985008,0.02089275438,0.01573781308,-0.06400775909,0.03031933308,68,-0.1446761226,-0.04537383721,-0.3434083896,0.2157838697,0.03158141456,-0.113094708,0,0
resize_0.5,2,ai_edited,10,noise_coef_variation,0.6144639838,0.24194044,false,68,0.6043334761,0.2354989007,0.572545737,0.24131874,0.4558931068,0.7184180915,1.082028264,0.2625249848,0.1857114881,1.202168822,0.546776076,0.2106388209,0.5179696381,0.2282709114,0.4178903028,0.6634318382,0.9527629286,0.2455415353,0.1175931394,1.143910646,-0.0575574001,0.09134570932,-0.0480017364,-0.1852437437,-0.1059896499,-0.009025476873,0.07617180794,0.09696417302,-0.388330996,0.1907220185,68,-0.2378990469,-0.1984031127,-0.4380815786,-0.03730454021,-0.04187190721,-0.2797709541,0,0
resize_0.5,2,ai_edited,11,noise_inconsistency_score,0.4752493619,0.2843380814,false,68,0.4638582989,0.2793214727,0.4300609827,0.02003316749,0.2745241523,0.6245574355,1,0.3500332832,0,1,0.3959497008,0.2595072094,0.3572928607,0,0.2238537446,0.5512424409,0.937017265,0.3273886964,0,1,-0.06790859811,0.1196364945,-0.05383430794,-0.2469916463,-0.1221523788,0,0.1015624434,0.1221523788,-0.5177746713,0.2542960197,68,-0.2388304717,-0.1893320362,-0.429602599,0,-0.04006168618,-0.2788921579,0,0
resize_0.5,2,ai_edited,12,jpeg_boundary_difference_ratio,1.089415697,0.08408517691,false,68,1.093623248,0.09358537071,1.063393056,0.9998538017,1.027195573,1.13437441,1.305681551,0.1071788371,0.9704236984,1.500191331,1.003897338,0.04440411195,1.006043434,0.9614186049,0.9925251603,1.024064362,1.045159781,0.03153920174,0.7004143596,1.084283233,-0.08972590986,0.1033749605,-0.07252526283,-0.2749344409,-0.1108918786,-0.02185690403,0.003629890084,0.08903497458,-0.6135442853,0.06632184982,68,-1.067083559,-0.8625213801,-1.31880413,-0.2599376588,0.05003915301,-1.017044406,0,0.01470588235
resize_0.5,2,ai_edited,13,jpeg_periodic_grid_strength,0.09128993284,0.08140805125,false,68,0.09421032334,0.09291080477,0.06339309365,7.077339615e-05,0.02719561057,0.1343744472,0.3056815594,0.1071788366,0,0.5001913309,0.01349703651,0.01755422625,0.00604347093,0,0,0.02406434994,0.04515974075,0.02406434994,0,0.08428326994,-0.08071328683,0.08470771764,-0.0609328784,-0.2749344775,-0.1107411222,-0.01736528752,0,0.09337583464,-0.415908061,0.03674552217,68,-0.9914656547,-0.7484871271,-1.360321497,-0.213311672,0.03587348503,-0.9555921696,0,0
resize_0.5,2,ai_edited,14,jpeg_artifact_score,0.1823568939,0.1616502381,false,68,0.1884150193,0.1857966574,0.1267861873,0.0001415467923,0.05439122114,0.2687488943,0.6113631189,0.2143576732,0,1,0.02699407302,0.03510845249,0.01208694186,0,0,0.04812869988,0.09031948149,0.04812869988,0,0.1685665399,-0.1614209463,0.1693928398,-0.1218657568,-0.5498689551,-0.2214822443,-0.03473057505,0,0.1867516693,-0.8314334601,0.07349104434,68,-0.9985815559,-0.7538854148,-1.370132497,-0.2148501323,0.03747674927,-0.9611048066,0,0
resize_0.5,2,ai_edited,15,laplacian_variance,0.02784605102,0.03524024655,false,68,0.02876353672,0.03735732055,0.01502119517,0.003408925352,0.00885904883,0.03057757718,0.1083497912,0.02171852835,0.0006821614807,0.2125537097,0.02409493042,0.02115625352,0.01736194082,0.004396367399,0.01208931347,0.02927827416,0.05836920664,0.01718896069,0.001196238096,0.1063455716,-0.004668606301,0.02094359814,0.0005868871522,-0.04928731583,-0.004507389618,0.005690316437,0.01399902133,0.01019770605,-0.11364308,0.01775824837,68,-0.1324793881,0.01665388893,-0.1279045994,0.1614720949,0.02603516695,-0.1064442212,0,0
resize_0.5,3,all,0,fft_high_freq_energy_ratio,0.2770639687,0.03598589593,false,136,0.2815202273,0.02928097965,0.2798248529,0.2368883081,0.2636265829,0.3019885123,0.3297664821,0.03836192936,0.1939708143,0.3533691168,0.2802254026,0.02922341277,0.2820163667,0.2371694706,0.2618232667,0.3005948663,0.3287728205,0.03877159953,0.1929244548,0.3503418267,-0.001294824678,0.002811596022,-0.002464964986,-0.003533579409,-0.002832397819,-0.001727480441,0.004616059363,0.001104917377,-0.00536224246,0.006518512964,136,-0.03598144898,-0.06849808577,-0.07870855361,-0.04800437496,0.1238334761,0.08785202707,0,0
resize_0.5,3,all,1,fft_spectral_peak_count,0.001465201487,0.01201554558,false,136,0.002205882386,0.01474178646,0,0,0,0,0,0,0,0.1000000015,0.002205882386,0.01474178646,0,0,0,0,0,0,0,0.1000000015,0,0,0,0,0,0,0,0,0,0,136,0,0,0,0,0.06164355119,0.06164355119,0,0
resize_0.5,3,all,2,fft_radial_anomaly_score,0.01245421275,0.06623456294,false,136,0.009558823836,0.05561598191,0,0,0,0,0,0,0,0.400000006,0.009558823836,0.05561598191,0,0,0,0,0,0,0,0.400000006,0,0,0,0,0,0,0,0,0,0,136,0,0,0,0,-0.04371416953,-0.04371416953,0,0
resize_0.5,3,all,3,fft_spectral_decay_slope,-1.396382714,0.1146397732,false,136,-1.380966125,0.09778443748,-1.368546486,-1.544825912,-1.433422506,-1.323596537,-1.236613393,0.1098259687,-1.727806091,-1.145753503,-1.383491477,0.09797480865,-1.373084426,-1.539406002,-1.43790555,-1.322819501,-1.232138425,0.1150860488,-1.729715586,-1.150141358,-0.002525351503,0.006112771775,-0.005079746246,-0.007104367018,-0.005746454,-0.004040420055,0.01065057516,0.001706033945,-0.01101374626,0.01445150375,136,-0.02202858077,-0.04431050503,-0.05012618082,-0.03524448752,0.1344785389,0.1124499581,0,0
resize_0.5,3,all,4,dct_mean_high_freq_energy,0.6292782821,0.5635890252,false,136,0.5849034503,0.4580706157,0.4920225739,0.1249861922,0.2332047597,0.7661382556,1.350411505,0.5329334959,0.05247817934,2.947056532,0.7771182175,0.3460277983,0.7136184573,0.2992650643,0.4881478027,1.02565524,1.31013307,0.5375074372,0.1135564074,1.751691222,0.1922147672,0.2320693783,0.2060350403,-0.05224531889,0.1073431969,0.294195205,0.4683854878,0.1868520081,-1.231053829,0.6875541434,136,0.3410548442,0.3655767432,0.1904636039,0.5220030764,-0.07873615323,0.262318691,0,0
resize_0.5,3,all,5,dct_ac_energy_variance,0.6612464179,0.8145449238,false,136,0.5269903759,0.5430640046,0.3512299061,0.03601752687,0.1217378397,0.8404435813,1.280292571,0.7187057417,0.006817433983,3.392128229,0.4307596707,0.2683907893,0.3832368106,0.1066245548,0.2090498582,0.5973852575,0.9421316832,0.3883353993,0.03935290873,1.078691363,-0.09623070521,0.3790736236,0.01435492933,-0.505767405,-0.2027107179,0.08001376782,0.2506763216,0.2827244857,-2.4852162,0.633995533,136,-0.1181404517,0.01762325061,-0.2488637668,0.09823125218,-0.1648233734,-0.282963825,0,0
resize_0.5,3,all,6,dct_anomaly_score,0.889356059,0.1661459289,false,136,0.8850705652,0.1529767363,0.9981177449,0.5990535021,0.766791746,1,1,0.233208254,0.4475267231,1,0.6883629116,0.1826883718,0.6863943338,0.408875145,0.5320735723,0.8478348553,1,0.315761283,0.3609630466,1,-0.1967076536,0.1130815018,-0.1835025251,-0.3825399131,-0.2754600644,-0.1363138109,0,0.1391462535,-0.5035620034,0,136,-1.183945072,-1.104465974,-1.6579405,-0.8204462901,-0.02579355267,-1.209738624,0,0
resize_0.5,3,all,7,noise_global_level,0.08145926638,0.05773810375,false,136,0.0776620205,0.0477188607,0.06811753288,0.02355681453,0.03972288966,0.09635535628,0.1567692123,0.05663246661,0.008498129435,0.3005185127,0.080853409,0.03427931297,0.07446108013,0.03760182299,0.05204373691,0.1066167597,0.133321818,0.05457302276,0.01155478042,0.1762079,0.003191388507,0.02372087788,0.006502291188,-0.027200941,-0.008132038638,0.01445844956,0.02826359402,0.0225904882,-0.1352438033,0.06231679022,136,0.05527352475,0.1126169854,-0.140843535,0.2504143472,-0.0657667232,-0.01049319845,0,0
resize_0.5,3,all,8,noise_max_to_min_ratio,0.4198563956,0.3432569591,false,136,0.3686190101,0.2989411518,0.2614229023,0.07979653776,0.1244912632,0.5089045316,1,0.3844132684,0.03719126061,1,0.2988610761,0.2527579826,0.2116188258,0.06284409575,0.1115922257,0.4117836282,0.8928782046,0.3001914024,0.04113940522,1,-0.06975793403,0.09283282276,-0.0429498516,-0.2559324503,-0.1129095331,-0.01266405173,0.04206088558,0.1002454814,-0.383893609,0.1499702632,136,-0.2032236556,-0.125124489,-0.3289358893,-0.03689379455,-0.1492683081,-0.3524919636,0,0
resize_0.5,3,all,9,noise_std_of_variances,0.04548419132,0.03027924304,false,136,0.04374142453,0.02514384662,0.03729434498,0.01211746526,0.02433698578,0.06439554319,0.088554129,0.04005855741,0.007698957808,0.1245050952,0.0406021044,0.01733687703,0.03795918077,0.01634056773,0.02793398127,0.05216815881,0.0721272286,0.02423417754,0.01014329121,0.0819112435,-0.003139320131,0.01400439815,-0.0004989663139,-0.02811153978,-0.0093678548,0.005630281288,0.01547973044,0.01499813609,-0.05868917704,0.02389957011,136,-0.1036789502,-0.0164788239,-0.309382067,0.1859452457,-0.05755648451,-0.1612354347,0,0
resize_0.5,3,all,10,noise_coef_variation,0.6137265787,0.2479366501,false,136,0.6020529202,0.2024358371,0.597428441,0.3081655577,0.4407893196,0.7282086015,0.9515992999,0.2874192819,0.1544704735,1.140060663,0.5385164005,0.1938729126,0.5320003331,0.2586963773,0.397038132,0.6360820085,0.8762871325,0.2390438765,0.1679069847,1.144145489,-0.06353651973,0.08220050871,-0.04804266989,-0.2163388878,-0.1002867222,-0.01046848297,0.03530225903,0.08981823921,-0.4254289865,0.08113130927,136,-0.2562611042,-0.1937699403,-0.4044852673,-0.04222241031,-0.04708323043,-0.3033443346,0,0
resize_0.5,3,all,11,noise_inconsistency_score,0.472709908,0.2872541289,false,136,0.468489601,0.2599667847,0.4632379413,0.07755407505,0.2543857545,0.6376114935,0.9354657233,0.383225739,0,1,0.3850215304,0.2515297198,0.3760004789,0.0115951671,0.1960508525,0.5147759914,0.8350494802,0.3187251389,0,1,-0.08346807067,0.108152486,-0.06405688915,-0.2884518541,-0.1265983861,-0.01395791024,0.04706967995,0.1126404759,-0.5672386438,0.1081751138,136,-0.2905722225,-0.2229972791,-0.4407191171,-0.04859080804,-0.0146918931,-0.3052641156,0,0
resize_0.5,3,all,12,jpeg_boundary_difference_ratio,1.093948336,0.09273773244,false,136,1.082337692,0.08161071092,1.060392857,0.9912209213,1.026367247,1.118151486,1.222925007,0.09178423882,0.9520630836,1.365483165,0.9959048471,0.02860019335,1.001332879,0.9599474818,0.985292837,1.011570543,1.02899456,0.02627770603,0.8768410087,1.045485258,-0.08643284528,0.07394669429,-0.07283008099,-0.2175208777,-0.119444564,-0.03398546576,-0.0008480399847,0.08545909822,-0.3442696333,0.02386337519,136,-0.9320137878,-0.7853338557,-1.287982365,-0.366468587,-0.1251987007,-1.057212488,0,0.03676470588
resize_0.5,3,all,13,jpeg_periodic_grid_strength,0.09553520438,0.09058293146,false,136,0.08404000305,0.07950975276,0.06039283425,0,0.02636727365,0.1181514598,0.2229249701,0.0917841862,0,0.3654832244,0.007002666212,0.01029296081,0.001332840999,0,0,0.01157056727,0.02899461053,0.01157056727,0,0.04548525065,-0.07703733684,0.07456961185,-0.05399628589,-0.2140894705,-0.1097204513,-0.02383458312,0,0.08588586817,-0.3442696584,0.01028747298,136,-0.8504619535,-0.596097797,-1.211270705,-0.26312444,-0.1269025096,-0.9773644631,0,0
resize_0.5,3,all,14,jpeg_artifact_score,0.1895063019,0.1711530738,false,136,0.1680800061,0.1590195055,0.1207856685,0,0.05273454729,0.2363029197,0.4458499402,0.1835683724,0,0.7309664488,0.01400533242,0.02058592162,0.002665681997,0,0,0.02314113453,0.05798922107,0.02314113453,0,0.0909705013,-0.1540746737,0.1491392237,-0.1079925718,-0.428178941,-0.2194409026,-0.04766916623,0,0.1717717363,-0.6885393169,0.02057494596,136,-0.9002156391,-0.6309706826,-1.282132408,-0.2785177338,-0.1251879111,-1.02540355,0,0
resize_0.5,3,all,15,laplacian_variance,0.02918492153,0.0375752336,false,136,0.02394577704,0.02717534999,0.01534168934,0.00259178417,0.007541473606,0.0335185295,0.05879470799,0.02597705589,0.0007509294082,0.1964241564,0.02115140082,0.01407242899,0.0195483081,0.005153888022,0.009635511087,0.02987721749,0.04251262266,0.0202417064,0.001376082539,0.07202856243,-0.002794376222,0.01833067833,0.0009407850448,-0.01997930044,-0.004378653131,0.003525052452,0.01098618493,0.007903705584,-0.1364435889,0.02341054566,136,-0.07436750099,0.02503737049,-0.116530297,0.09381318797,-0.1394307895,-0.2137982905,0,0
resize_0.5,3,authentic,0,fft_high_freq_energy_ratio,0.2770639687,0.03598589593,false,68,0.2802247753,0.02958164251,0.2775896192,0.236006666,0.263284862,0.3020432144,0.3289889097,0.0387583524,0.1939708143,0.3368470669,0.2789620218,0.02956110056,0.2762456089,0.2361944735,0.261135377,0.3005948663,0.3270893395,0.03945948929,0.1929244548,0.3370386958,-0.001262753544,0.002825823603,-0.002452850342,-0.003545506299,-0.002791419625,-0.001803226769,0.004593113065,0.0009881928563,-0.004851907492,0.006451308727,68,-0.03509023499,-0.06816143599,-0.07756982433,-0.05010926427,0.08783459599,0.052744361,0,0
resize_0.5,3,authentic,1,fft_spectral_peak_count,0.001465201487,0.01201554558,false,68,0.002941176514,0.0170213936,0,0,0,0,0,0,0,0.1000000015,0.002941176514,0.0170213936,0,0,0,0,0,0,0,0.1000000015,0,0,0,0,0,0,0,0,0,0,68,0,0,0,0,0.1228387856,0.1228387856,0,0
resize_0.5,3,authentic,2,fft_radial_anomaly_score,0.01245421275,0.06623456294,false,68,0.008823529762,0.05106418207,0,0,0,0,0,0,0,0.3000000119,0.008823529762,0.05106418207,0,0,0,0,0,0,0,0.3000000119,0,0,0,0,0,0,0,0,0,0,68,0,0,0,0,-0.05481553475,-0.05481553475,0,0
resize_0.5,3,authentic,3,fft_spectral_decay_slope,-1.396382714,0.1146397732,false,68,-1.386156375,0.1002783463,-1.373494685,-1.551214135,-1.43973875,-1.325330079,-1.24484846,0.1144086719,-1.727806091,-1.145753503,-1.388590981,0.1004206672,-1.378135502,-1.54839009,-1.447562397,-1.32925427,-1.237639076,0.1183081269,-1.729715586,-1.150141358,-0.002434606061,0.006147029315,-0.005033433437,-0.00705614686,-0.005630046129,-0.003800034523,0.01071109772,0.001830011606,-0.01063811779,0.01443326473,68,-0.02123701045,-0.0439065195,-0.04911075775,-0.03314761027,0.08920411445,0.067967104,0,0
resize_0.5,3,authentic,4,dct_mean_high_freq_energy,0.6292782821,0.5635890252,false,68,0.5773162136,0.4635349999,0.4883050323,0.1221976575,0.220300857,0.7608941793,1.347974223,0.5405933224,0.05247817934,2.947056532,0.7741789661,0.3506576068,0.7152892947,0.3115204766,0.4846925586,0.9981501251,1.305455917,0.5134575665,0.1135564074,1.751691222,0.1968627525,0.2349238902,0.2101539299,-0.04491553605,0.1243766882,0.301390592,0.4751668274,0.1770139039,-1.231053829,0.6875541434,68,0.3493019624,0.3728850643,0.2206868527,0.534770158,-0.09219851027,0.2571034522,0,0
resize_0.5,3,authentic,5,dct_ac_energy_variance,0.6612464179,0.8145449238,false,68,0.5240311355,0.5538703296,0.3292368203,0.03536250908,0.1004689299,0.84002994,1.278597277,0.7395610102,0.006817433983,3.392128229,0.4230555882,0.2714608199,0.3832368106,0.1054075968,0.2041849233,0.5828770697,0.9386065125,0.3786921464,0.03935290873,1.078691363,-0.1009755473,0.3820719353,0.02466411889,-0.5086198151,-0.2144726887,0.07648021169,0.2353695931,0.2909529004,-2.4852162,0.2893194854,68,-0.1239655964,0.03027962997,-0.2633036957,0.09389317821,-0.1684563717,-0.2924219681,0,0
resize_0.5,3,authentic,6,dct_anomaly_score,0.889356059,0.1661459289,false,68,0.8861795681,0.1510468274,0.9964952171,0.6086750209,0.7715208828,1,1,0.2284791172,0.453714937,1,0.6836595724,0.1829248094,0.6820427775,0.4106055185,0.5395400375,0.8314584047,1,0.2919183671,0.3706057072,1,-0.2025199958,0.1154592967,-0.1958286166,-0.409326449,-0.2762778848,-0.1380241066,0,0.1382537782,-0.5035620034,0,68,-1.218928427,-1.178654319,-1.662862802,-0.8307402268,-0.01911867996,-1.238047107,0,0
resize_0.5,3,authentic,7,noise_global_level,0.08145926638,0.05773810375,false,68,0.07773085362,0.04853446933,0.06774162129,0.02424513912,0.03916308936,0.09999490902,0.156540788,0.06083181966,0.008498129435,0.3005185127,0.0804374325,0.03457254769,0.07446108013,0.03731951751,0.0504462542,0.1064566374,0.1327511318,0.05601038318,0.01155478042,0.1762079,0.002706578878,0.02399274867,0.00636411272,-0.02672080845,-0.008272117004,0.01402692404,0.02995651942,0.02229904104,-0.1352438033,0.06103043631,68,0.04687682314,0.1102237917,-0.1432696342,0.2429405042,-0.06457456212,-0.01769773898,0,0
resize_0.5,3,authentic,8,noise_max_to_min_ratio,0.4198563956,0.3432569591,false,68,0.3641783925,0.2954842022,0.2533352673,0.08042030744,0.1287994534,0.5065153539,1,0.3777159005,0.03719126061,1,0.2932784514,0.2469788054,0.2034199983,0.06309572048,0.1147699673,0.4011332914,0.8558243811,0.2863633242,0.04113940522,1,-0.07089994119,0.09007107809,-0.05412666127,-0.2448945016,-0.1129095331,-0.01277997345,0.03677399792,0.1001295596,-0.3247020841,0.1499702632,68,-0.2065506301,-0.1576855468,-0.3289358893,-0.03723150575,-0.1622050234,-0.3687556536,0,0
resize_0.5,3,authentic,9,noise_std_of_variances,0.04548419132,0.03027924304,false,68,0.04356616948,0.02540781963,0.03764902055,0.01210393175,0.02447021659,0.05869416427,0.0898496598,0.03422394767,0.007698957808,0.1207790449,0.04035082587,0.01758701417,0.03648090921,0.01662486978,0.02807719912,0.05198347103,0.07224476598,0.0239062719,0.01014329121,0.0819112435,-0.003215343609,0.01380776043,-4.04776074e-05,-0.02863425016,-0.009371515363,0.005170705728,0.01420337204,0.01454222109,-0.05526845902,0.02387839928,68,-0.1061896959,-0.001336810413,-0.3095029605,0.1707673379,-0.0633444448,-0.1695341406,0,0
resize_0.5,3,authentic,10,noise_coef_variation,0.6137265787,0.2479366501,false,68,0.5981716724,0.197276098,0.597428441,0.3099574596,0.4423480853,0.7228698879,0.9137503356,0.2805218026,0.1544704735,1.062339783,0.5359247612,0.1876479285,0.5261425078,0.2631893829,0.3924585134,0.6353512853,0.8615470201,0.242892772,0.1679069847,0.9359875917,-0.06224691123,0.08033791554,-0.0496789366,-0.1774477959,-0.09709097818,-0.01316040754,0.03742162138,0.08393057063,-0.417324394,0.08113130927,68,-0.2510597413,-0.2003694757,-0.3915959102,-0.0530797183,-0.06273742202,-0.3137971633,0,0
resize_0.5,3,authentic,11,noise_inconsistency_score,0.472709908,0.2872541289,false,68,0.464879679,0.2564121435,0.4632379413,0.07994327508,0.2564641088,0.630493179,0.8850004673,0.3740290701,0,1,0.3828986852,0.2472404338,0.3681900054,0.01758585013,0.1899446957,0.5138017386,0.8153960347,0.3238570429,0,0.9146501422,-0.08198099382,0.105696731,-0.0662385677,-0.236597052,-0.1265983861,-0.01754727587,0.04989550635,0.1090511102,-0.5564325452,0.1081751138,68,-0.285395354,-0.2305922214,-0.4407191171,-0.06108624421,-0.02725889098,-0.312654245,0,0
resize_0.5,3,authentic,12,jpeg_boundary_difference_ratio,1.093948336,0.09273773244,false,68,1.086161798,0.08560502869,1.062512159,0.9901258528,1.030339122,1.12294969,1.226612198,0.09261056781,0.9602760077,1.365275621,0.9962050398,0.02840456265,1.001332879,0.9668382913,0.9858323634,1.012355298,1.027547747,0.02652293444,0.8768410087,1.038925409,-0.08995675865,0.07797205331,-0.07636654377,-0.2249285072,-0.1302503347,-0.03430232406,-0.001613277197,0.09594801068,-0.3442696333,0.02386337519,68,-0.9700124889,-0.8234678783,-1.404502044,-0.3698853008,-0.0839629929,-1.053975482,0,0.02941176471
resize_0.5,3,authentic,13,jpeg_periodic_grid_strength,0.09553520438,0.09058293146,false,68,0.08785988211,0.08355739431,0.0625121668,0,0.03033912973,0.1229496785,0.226612173,0.09261054872,0,0.3652756512,0.007056365668,0.009997396531,0.001332840999,0,0,0.01235532109,0.02754778275,0.01235532109,0,0.03892541677,-0.08080351644,0.07853540489,-0.05877828598,-0.2169892845,-0.1221189521,-0.02909585496,0,0.09302309717,-0.3442696584,0,68,-0.8920390977,-0.6488892006,-1.348145287,-0.3212068156,-0.08473254451,-0.9767716422,0,0
resize_0.5,3,authentic,14,jpeg_artifact_score,0.1895063019,0.1711530738,false,68,0.1757197642,0.1671147886,0.1250243336,0,0.06067825947,0.2458993569,0.453224346,0.1852210974,0,0.7305513024,0.01411273134,0.01999479306,0.002665681997,0,0,0.02471064217,0.05509556551,0.02471064217,0,0.07785083354,-0.1616070329,0.1570708098,-0.117556572,-0.4339785691,-0.2442379043,-0.05819170992,0,0.1860461943,-0.6885393169,0,68,-0.9442251274,-0.6868504864,-1.42701442,-0.3399980417,-0.08055092064,-1.024776048,0,0
resize_0.5,3,authentic,15,laplacian_variance,0.02918492153,0.0375752336,false,68,0.02403727478,0.0277269892,0.01534168934,0.002676711767,0.007541473606,0.03309382405,0.05826079007,0.02555235045,0.0007509294082,0.1964241564,0.02089886399,0.01417674526,0.01966462843,0.005119004496,0.009480754612,0.02872007573,0.04061764292,0.01923932112,0.001376082539,0.07202856243,-0.003138410793,0.01868163998,0.0007572144095,-0.02001625467,-0.004736578092,0.003343675926,0.01066482686,0.008080254018,-0.1364435889,0.01886188774,68,-0.08352338742,0.02015195481,-0.1260558522,0.08898616471,-0.136995735,-0.2205191224,0,0
resize_0.5,3,ai_edited,0,fft_high_freq_energy_ratio,0.2770639687,0.03598589593,false,68,0.2828156793,0.02913877368,0.2821039855,0.2395771317,0.2655462772,0.3016602769,0.3286440969,0.03611399978,0.2022096664,0.3533691168,0.2814887834,0.02904588645,0.2838309705,0.2398385845,0.2644781768,0.3000905663,0.3285589471,0.03561238945,0.200489819,0.3503418267,-0.001326895812,0.002817936067,-0.002486824989,-0.003492453694,-0.002874679863,-0.001727480441,0.004542890191,0.001147199422,-0.00536224246,0.006518512964,68,-0.03687266296,-0.06910554608,-0.07988351518,-0.04800437496,0.1598323561,0.1229596931,0,0
resize_0.5,3,ai_edited,1,fft_spectral_peak_count,0.001465201487,0.01201554558,false,68,0.001470588257,0.01212678143,0,0,0,0,0,0,0,0.1000000015,0.001470588257,0.01212678143,0,0,0,0,0,0,0,0.1000000015,0,0,0,0,0,0,0,0,0,0,68,0,0,0,0,0.0004483167359,0.0004483167359,0,0
resize_0.5,3,ai_edited,2,fft_radial_anomaly_score,0.01245421275,0.06623456294,false,68,0.01029411791,0.06019794825,0,0,0,0,0,0,0,0.400000006,0.01029411791,0.06019794825,0,0,0,0,0,0,0,0.400000006,0,0,0,0,0,0,0,0,0,0,68,0,0,0,0,-0.0326128043,-0.0326128043,0,0
resize_0.5,3,ai_edited,3,fft_spectral_decay_slope,-1.396382714,0.1146397732,false,68,-1.375775875,0.09568634979,-1.368546486,-1.531256497,-1.422361106,-1.318440676,-1.238985956,0.1039204299,-1.680384636,-1.146538377,-1.378391972,0.09593903951,-1.372141838,-1.531984448,-1.426881939,-1.319526732,-1.237488812,0.1073552072,-1.685197592,-1.151031017,-0.002616096945,0.006122660699,-0.005186736584,-0.007001042366,-0.005787849426,-0.004108816385,0.01021447182,0.001679033041,-0.01101374626,0.01445150375,68,-0.02282015109,-0.04524377918,-0.05048727213,-0.03584110707,0.1797529634,0.1569328123,0,0
resize_0.5,3,ai_edited,4,dct_mean_high_freq_energy,0.6292782821,0.5635890252,false,68,0.592490687,0.4558591915,0.5053685457,0.1338216439,0.2424968779,0.7700662464,1.331547052,0.5275693685,0.0634676218,2.882460594,0.7800574688,0.3439175395,0.7123904228,0.3139099568,0.4930364192,1.02565524,1.31606158,0.5326188207,0.1688559055,1.722912788,0.1875667819,0.2308313886,0.2016434819,-0.0498303622,0.1073431969,0.2902041376,0.4014514416,0.1828609407,-1.197606921,0.683796376,68,0.332807726,0.3577846141,0.1904636039,0.5149215556,-0.06527379618,0.2675339298,0,0
resize_0.5,3,ai_edited,5,dct_ac_energy_variance,0.6612464179,0.8145449238,false,68,0.5299496162,0.5361424041,0.3525126725,0.05104755405,0.1419496629,0.8421262056,1.23644278,0.7001765426,0.009631031193,3.336702347,0.4384637531,0.2670784639,0.3867856711,0.1144757692,0.2339572534,0.6022604555,0.9308062732,0.3683032021,0.0457021594,1.062421918,-0.09148586313,0.3788320076,0.00821480155,-0.4969488204,-0.1970475912,0.09003807232,0.2408248669,0.2870856635,-2.44513613,0.633995533,68,-0.1123153069,0.0100851424,-0.2419112629,0.110537884,-0.161190375,-0.273505682,0,0
resize_0.5,3,ai_edited,6,dct_anomaly_score,0.889356059,0.1661459289,false,68,0.8839615623,0.1559980927,0.9981177449,0.6058991462,0.762401998,1,1,0.237598002,0.4475267231,1,0.6930662508,0.1836894888,0.7026890516,0.4120483786,0.5304106176,0.8530675769,1,0.3226569593,0.3609630466,1,-0.1908953115,0.1112037991,-0.178657636,-0.3576183051,-0.2623897344,-0.1340731233,0,0.1283166111,-0.4917373061,0,68,-1.148961716,-1.07530553,-1.579272728,-0.8069600276,-0.03246842537,-1.181430141,0,0
resize_0.5,3,ai_edited,7,noise_global_level,0.08145926638,0.05773810375,false,68,0.07759318738,0.04724998852,0.06814750656,0.0245583117,0.04199169856,0.09520376846,0.154824429,0.05321206991,0.01242605317,0.2921302319,0.08126938551,0.03423548861,0.07537764683,0.03796793185,0.05230850819,0.1066167597,0.1340176404,0.05430825148,0.01786571741,0.173828721,0.003676198135,0.02361417411,0.006648689508,-0.02461246774,-0.008132038638,0.01491201762,0.02699825671,0.02304405626,-0.1297379285,0.06231679022,68,0.06367022636,0.1151525436,-0.140843535,0.2582699578,-0.06695888428,-0.003288657918,0,0
resize_0.5,3,ai_edited,8,noise_max_to_min_ratio,0.4198563956,0.3432569591,false,68,0.3730596277,0.3044905614,0.2694365084,0.08128768615,0.1238110848,0.5089045316,1,0.3850934468,0.03719126061,1,0.3044437008,0.2601248446,0.216190286,0.06277801506,0.107844796,0.4138301164,0.8948636115,0.3059853204,0.04113940522,1,-0.06861592687,0.0961719576,-0.03628562391,-0.250164409,-0.1117414068,-0.01266405173,0.04816526547,0.09907735512,-0.383893609,0.1112636328,68,-0.199896681,-0.1057097983,-0.3255328228,-0.03689379455,-0.1363315927,-0.3362282737,0,0
resize_0.5,3,ai_edited,9,noise_std_of_variances,0.04548419132,0.03027924304,false,68,0.04391667959,0.02506476444,0.03708861209,0.01220234898,0.02433698578,0.06463584863,0.08635382056,0.04029886285,0.0116578443,0.1245050952,0.04085338294,0.01721015558,0.03853442334,0.01664037006,0.0277550905,0.05216815881,0.07192121819,0.02441306831,0.01236917544,0.08084256947,-0.003063296653,0.01430061421,-0.000650298316,-0.02738188766,-0.0093678548,0.006215373287,0.01447599716,0.01558322809,-0.05868917704,0.02389957011,68,-0.1011682045,-0.0214767032,-0.309382067,0.20526845,-0.05176852422,-0.1529367287,0,0
resize_0.5,3,ai_edited,10,noise_coef_variation,0.6137265787,0.2479366501,false,68,0.605934168,0.2088629822,0.6024837792,0.3094294921,0.4398408756,0.729135409,0.9569785535,0.2892945334,0.1593853831,1.140060663,0.5411080398,0.2012685503,0.5334601104,0.2540583849,0.4031150341,0.6360820085,0.8870291322,0.2329669744,0.1705457121,1.144145489,-0.06482612824,0.08459988399,-0.04804266989,-0.2241223723,-0.1040299088,-0.00481838733,0.02512946278,0.09921152145,-0.4254289865,0.07998776436,68,-0.2614624672,-0.1937699403,-0.4195826181,-0.01943394544,-0.03142903884,-0.292891506,0,0
resize_0.5,3,ai_edited,11,noise_inconsistency_score,0.472709908,0.2872541289,false,68,0.4720995231,0.2653309562,0.4699783623,0.07923931442,0.2531211637,0.6388472319,0.9426380843,0.3857260682,0,1,0.3871443755,0.2575688391,0.3779468536,0.005411186465,0.2041533887,0.5147759914,0.8493721694,0.3106226027,0,1,-0.08495514752,0.1113203225,-0.06405688915,-0.2988298155,-0.1261522174,-0.006424501538,0.03350595757,0.1197277158,-0.5672386438,0.1066503823,68,-0.295749091,-0.2229972791,-0.4391658976,-0.02236521912,-0.002124895217,-0.2978739862,0,0
resize_0.5,3,ai_edited,12,jpeg_boundary_difference_ratio,1.093948336,0.09273773244,false,68,1.078513586,0.07785960965,1.05481112,0.9920105815,1.025272816,1.113544852,1.208841461,0.08827203512,0.9520630836,1.365483165,0.9956046544,0.02900256095,1.001541436,0.9514198452,0.9852489978,1.010564268,1.03002255,0.02531526983,0.8820449114,1.045485258,-0.0829089319,0.07009274652,-0.06981059909,-0.2108834296,-0.1163233519,-0.03257507086,-0.0003537923098,0.083748281,-0.3199979067,0.0186316967,68,-0.8940150867,-0.7527744884,-1.254326031,-0.3512601613,-0.1664344084,-1.060449495,0,0.04411764706
resize_0.5,3,ai_edited,13,jpeg_periodic_grid_strength,0.09553520438,0.09058293146,false,68,0.08022012399,0.07567364232,0.0548111219,0,0.02527279966,0.1135448217,0.2088414364,0.08827202208,0,0.3654832244,0.006948966756,0.01065446212,0.001541483129,0,0,0.01056425762,0.03002259433,0.01056425762,0,0.04548525065,-0.07327115724,0.07076472999,-0.05301833153,-0.2043163806,-0.1091742625,-0.02091950149,0,0.08825476101,-0.3199979737,0.01028747298,68,-0.8088848093,-0.5853015648,-1.205240996,-0.2309430834,-0.1690724747,-0.977957284,0,0
resize_0.5,3,ai_edited,14,jpeg_artifact_score,0.1895063019,0.1711530738,false,68,0.160440248,0.1513472846,0.1096222438,0,0.05054559931,0.2270896435,0.4176828727,0.1765440442,0,0.7309664488,0.01389793351,0.02130892424,0.003082966257,0,0,0.02112851525,0.06004518867,0.02112851525,0,0.0909705013,-0.1465423145,0.14152946,-0.1060366631,-0.4086327612,-0.218348525,-0.04183900298,0,0.176509522,-0.6399959475,0.02057494596,68,-0.8562061507,-0.6195428497,-1.275749948,-0.2444537049,-0.1698249015,-1.026031052,0,0
resize_0.5,3,ai_edited,15,laplacian_variance,0.02918492153,0.0375752336,false,68,0.0238542793,0.0268182541,0.01502414793,0.002805999166,0.007615783834,0.03353293054,0.0565951407,0.0259171467,0.0007818382583,0.1884857267,0.02140393765,0.014068144,0.01946237031,0.005255936668,0.009978171904,0.03158575576,0.04498354066,0.02160758385,0.001464408007,0.07012527436,-0.002450341651,0.01810521312,0.001026517246,-0.01859983066,-0.003969943034,0.003626326274,0.01111464705,0.007596269308,-0.1303160414,0.02341054566,68,-0.06521161457,0.02731898508,-0.1056531831,0.09650841596,-0.141865844,-0.2070774586,0,0
resize_0.5,4,all,0,fft_high_freq_energy_ratio,0.2772912924,0.03379470165,false,136,0.2806075897,0.03850881595,0.2823493928,0.2247225791,0.2523871139,0.3061808795,0.3457480147,0.0537937656,0.186509192,0.3788720965,0.2802894063,0.03840609214,0.2815567404,0.2227363475,0.2520637289,0.3066478223,0.3449983522,0.05458409339,0.183747232,0.3750189543,-0.0003181833993,0.003375019523,-0.002255059779,-0.00400686264,-0.002765871584,0.003448009491,0.005277134478,0.006213881075,-0.005070328712,0.005617409945,136,-0.009415185924,-0.06672820497,-0.08184334967,0.1020281086,0.09813068766,0.08871550174,0,0
resize_0.5,4,all,1,fft_spectral_peak_count,0.001098901115,0.01042509134,false,136,0.003676470643,0.01888792798,0,0,0,0,0,0,0,0.1000000015,0.003676470643,0.01888792798,0,0,0,0,0,0,0,0.1000000015,0,0,0,0,0,0,0,0,0,0,136,0,0,0,0,0.2472467092,0.2472467092,0,0
resize_0.5,4,all,2,fft_radial_anomaly_score,0.01062271086,0.06169742377,false,136,0.01691176523,0.0735906085,0,0,0,0,0.07500000298,0,0,0.400000006,0.01985294175,0.08057189593,0,0,0,0,0.3000000119,0,0,0.400000006,0.002941176514,0.03429971754,0,0,0,0,0,0,0,0.400000006,136,0.04767097773,0,0,0,0.1019338245,0.1496048023,0,0
resize_0.5,4,all,3,fft_spectral_decay_slope,-1.395071069,0.1081051518,false,136,-1.386231996,0.1248093578,-1.388402462,-1.567102671,-1.47300902,-1.304937065,-1.176903129,0.1680719554,-1.680339456,-1.072325468,-1.386606684,0.1247083902,-1.383893847,-1.579499036,-1.476259738,-1.297184139,-1.169920564,0.1790755987,-1.688614726,-1.077734828,-0.0003746879451,0.007534418419,-0.004807770252,-0.007886171341,-0.005642294884,0.007923334837,0.01192602515,0.01356562972,-0.0146638155,0.01415348053,136,-0.003465958272,-0.04447309098,-0.05219265492,0.07329285149,0.08176366375,0.07829770547,0,0
resize_0.5,4,all,4,dct_mean_high_freq_energy,0.6193762905,0.5366699776,false,136,0.6246570343,0.575484475,0.4199665189,0.1139723808,0.2421660833,0.7904714942,1.906940579,0.5483054109,0.0488383323,3.120204687,0.7990621198,0.4878028255,0.6412318945,0.2813006714,0.4528427348,0.9563041627,1.847403973,0.503461428,0.1734509468,2.778128624,0.1744050855,0.1795276496,0.1906474978,-0.1172411442,0.110351868,0.2593848333,0.4227096513,0.1490329653,-0.483399868,0.5663021803,136,0.3249764152,0.355241593,0.2056233301,0.4833227944,0.009839834595,0.3348162498,0,0
resize_0.5,4,all,5,dct_ac_energy_variance,0.6295869104,0.7833336529,false,136,0.6540939869,0.7146153804,0.4082358479,0.0308582182,0.1493869834,0.7946500927,2.135314763,0.6452631094,0.002281752881,3.695193529,0.505964183,0.3668323343,0.4792657793,0.1005322635,0.1987333819,0.6560766101,1.322769672,0.4573432282,0.02481870539,1.594637632,-0.1481298038,0.442870263,0.0003189146519,-1.111461997,-0.2763685733,0.09986004187,0.2320082709,0.3762286152,-2.100555897,0.5667918473,136,-0.1891018001,0.0004071249214,-0.3528108007,0.1274808525,0.03128561671,-0.1578161834,0,0
resize_0.5,4,all,6,dct_anomaly_score,0.8854757963,0.1618540456,false,136,0.9006486785,0.1700721526,1,0.468439959,0.8060800284,1,1,0.1939199716,0.3729226589,1,0.7395903473,0.2152246034,0.7723818123,0.3485168964,0.559716329,0.9399593771,1,0.3802430481,0.2522425056,1,-0.1610583312,0.1198942365,-0.1595771313,-0.3563049585,-0.2352610379,-0.05928121507,0,0.1759798229,-0.467168957,0,136,-0.9950837539,-0.9859322992,-1.453538199,-0.3662634126,0.09374422558,-0.9013395283,0,0.02941176471
resize_0.5,4,all,7,noise_global_level,0.08048238378,0.05501788475,false,136,0.08158391684,0.05939912676,0.06303627416,0.01989928773,0.04177078418,0.10236446,0.2022186518,0.06059367582,0.0110670086,0.3236872554,0.08378907823,0.04978712351,0.06731087342,0.0291311536,0.05010763742,0.1001092363,0.182048481,0.05000159889,0.01905774884,0.3104036748,0.002205161391,0.01852189729,0.005362210795,-0.02955804206,-0.005692102015,0.01354723936,0.02787097823,0.01923934137,-0.06388027966,0.03470696881,136,0.04008081011,0.09746304897,-0.1034591214,0.2462333734,0.02002136334,0.06010217345,0,0
resize_0.5,4,all,8,noise_max_to_min_ratio,0.3987162239,0.3321587738,false,136,0.4534905819,0.3455142641,0.3879249692,0.06338350475,0.1265477277,0.7369337082,1,0.6103859805,0.0300397668,1,0.4002290202,0.3287598578,0.3151249737,0.05693700071,0.1128822863,0.5608400702,1,0.4479577839,0.0294727385,1,-0.05326156168,0.1183617017,-0.01214706711,-0.3082619086,-0.08536655828,0,0.06849261373,0.08536655828,-0.5376095474,0.1889086515,136,-0.1603497059,-0.0365700625,-0.2570052789,0,0.1649041432,0.00455443734,0.02941176471,0.02941176471
resize_0.5,4,all,9,noise_std_of_variances,0.04493150664,0.02958025528,false,136,0.04596029094,0.02833783372,0.0404331889,0.01057637902,0.02389561944,0.06240804959,0.09797646292,0.03851243015,0.004058144521,0.1357585639,0.04317841894,0.02127091797,0.04158023931,0.01639024308,0.02696891734,0.05452721473,0.09065643884,0.02755829738,0.005510932766,0.1023792401,-0.002781871997,0.01281954194,-0.0004518460482,-0.0314031532,-0.009841740131,0.006046275143,0.01329718274,0.01588801527,-0.0437617898,0.02363096178,136,-0.09404489486,-0.01527525858,-0.3327131575,0.204402399,0.03477942586,-0.059265469,0,0
resize_0.5,4,all,10,noise_coef_variation,0.6066669238,0.2341182303,false,136,0.6303953582,0.2599559144,0.6288309693,0.248521734,0.4270838499,0.7941017896,1.057026237,0.3670179397,0.1013499871,1.295623899,0.5784480284,0.2378528686,0.5409431159,0.2747508213,0.3867567256,0.7507897168,0.9872439802,0.3640329912,0.08682826161,1.139416456,-0.05194732974,0.09301210804,-0.03931891918,-0.2209292203,-0.08378316462,-0.005761630833,0.05955823511,0.07802153379,-0.3660704494,0.2014348507,136,-0.2218850266,-0.1679447138,-0.3578668971,-0.02460991964,0.1013523566,-0.1205326699,0.01470588235,0.02941176471
resize_0.5,4,all,11,noise_inconsistency_score,0.4655542926,0.2761477501,false,136,0.497217292,0.3034733063,0.505107969,0.001652285282,0.2361118011,0.7254690379,1,0.4893572368,0,1,0.4388906578,0.2946012222,0.3879241347,0.03300109413,0.1823423058,0.6677196324,0.9806549251,0.4853773266,0,1,-0.05832663421,0.1099628666,-0.0427134037,-0.2608039975,-0.09613403864,0,0.07076038205,0.09613403864,-0.4093729258,0.2685797811,136,-0.2112153157,-0.1546759069,-0.3481253734,0,0.1146596318,-0.09655568382,0,0
resize_0.5,4,all,12,jpeg_boundary_difference_ratio,1.093486445,0.09390043672,false,136,1.08419205,0.07630003957,1.072595596,0.9925839305,1.031727135,1.134876192,1.231296629,0.1031490564,0.9104481339,1.299650311,1.003522282,0.04422665582,1.006337106,0.9664299786,0.9924167246,1.022178352,1.054045618,0.02976162732,0.7654652596,1.089952707,-0.08066976815,0.06870570144,-0.06928014755,-0.2006994188,-0.1292399317,-0.02658709884,0.01082697511,0.1026528329,-0.2560563087,0.06673395634,136,-0.8590989666,-0.7378043167,-1.376350699,-0.2831413758,-0.09898138087,-0.9580803475,0.04411764706,0.04411764706
resize_0.5,4,all,13,jpeg_periodic_grid_strength,0.09464744051,0.09247797334,false,136,0.08760411388,0.07060674983,0.07259557396,0,0.03172709793,0.1348761879,0.2312966399,0.10314909,0,0.2996502519,0.01441830646,0.01973632547,0.006337101338,0,0,0.0221783598,0.05404560454,0.0221783598,0,0.08995265514,-0.07318580742,0.06492432575,-0.0625523224,-0.1939433236,-0.1146507114,-0.0182999738,0.0007716520922,0.09635073761,-0.2560563562,0.02109287679,136,-0.7913863678,-0.6764023923,-1.23976237,-0.1978846761,-0.07616220786,-0.8675485757,0,0
resize_0.5,4,all,14,jpeg_artifact_score,0.1877307741,0.1751440914,false,136,0.1752082278,0.1412134997,0.1451911479,0,0.06345419586,0.2697523758,0.4625932798,0.2062981799,0,0.5993005037,0.02883661292,0.03947265093,0.01267420268,0,0,0.04435671959,0.1080912091,0.04435671959,0,0.1799053103,-0.1463716148,0.1298486515,-0.1251046448,-0.3878866471,-0.2293014228,-0.03659994761,0.001543304184,0.1927014752,-0.5121127125,0.04218575358,136,-0.8357211121,-0.7142955483,-1.309215863,-0.2089704957,-0.07149853744,-0.9072196495,0,0
resize_0.5,4,all,15,laplacian_variance,0.02771657354,0.03572195923,false,136,0.02984076236,0.03614408448,0.01788531337,0.002879146778,0.008638437837,0.03398433514,0.1130660344,0.0253458973,0.0003647030098,0.2088879496,0.02543844085,0.02557017871,0.01673882175,0.004506224301,0.009883290855,0.0314386785,0.06526653282,0.02155538765,0.001270048902,0.1652004421,-0.004402321514,0.01499254324,0.0002153597306,-0.03008154407,-0.007298808545,0.004021274392,0.008329785429,0.01132008294,-0.0627559647,0.01846444607,136,-0.1232385236,0.006028777124,-0.2043227388,0.112571496,0.05946451067,-0.06377401289,0,0
resize_0.5,4,authentic,0,fft_high_freq_energy_ratio,0.2772912924,0.03379470165,false,68,0.2788785245,0.03970325146,0.2801967263,0.2224504076,0.2490844652,0.3065289408,0.3455745861,0.05744447559,0.1887102574,0.3711397052,0.2785649177,0.03965041065,0.2814302593,0.2185406893,0.2484184429,0.3077838942,0.3442858234,0.05936545134,0.186047256,0.3669699132,-0.0003136067706,0.003387452934,-0.002210348845,-0.003965073824,-0.002753771842,0.003386765718,0.00530153811,0.00614053756,-0.005070328712,0.005617409945,68,-0.009279761479,-0.06540518887,-0.08148531299,0.1002158786,0.04696689159,0.03768713011,0,0
resize_0.5,4,authentic,1,fft_spectral_peak_count,0.001098901115,0.01042509134,false,68,0.002941176514,0.0170213936,0,0,0,0,0,0,0,0.1000000015,0.002941176514,0.0170213936,0,0,0,0,0,0,0,0.1000000015,0,0,0,0,0,0,0,0,0,0,68,0,0,0,0,0.1767155163,0.1767155163,0,0
resize_0.5,4,authentic,2,fft_radial_anomaly_score,0.01062271086,0.06169742377,false,68,0.01470588279,0.06967880851,0,0,0,0,0,0,0,0.400000006,0.02058823582,0.08385991277,0,0,0,0,0.1950000077,0,0,0.400000006,0.005882353029,0.04850712573,0,0,0,0,0,0,0,0.400000006,68,0.09534195546,0,0,0,0.06618059036,0.1615225458,0,0
resize_0.5,4,authentic,3,fft_spectral_decay_slope,-1.395071069,0.1081051518,false,68,-1.393027625,0.1282122567,-1.40049988,-1.58098858,-1.486094415,-1.310151756,-1.183244878,0.1759426594,-1.677996755,-1.106623292,-1.393422256,0.1282944751,-1.391307473,-1.58795802,-1.48235181,-1.306301206,-1.17811594,0.1760506034,-1.683973312,-1.111756444,-0.0003946318346,0.007596107034,-0.004836142063,-0.007718992233,-0.005663663149,0.008046805859,0.01166647077,0.01371046901,-0.0146638155,0.01415348053,68,-0.003650444294,-0.04473553741,-0.05239031678,0.07443498967,0.01890237667,0.01525193238,0,0
resize_0.5,4,authentic,4,dct_mean_high_freq_energy,0.6193762905,0.5366699776,false,68,0.619074247,0.5894011392,0.3964817971,0.1050579589,0.2415498458,0.7882015407,1.81207124,0.5466516949,0.0488383323,3.120204687,0.7964662401,0.495896022,0.6434643865,0.2628739946,0.4473354667,0.9311768413,1.796255314,0.4838413745,0.1734509468,2.778128624,0.1773919931,0.1849883118,0.1930888966,-0.09859676361,0.119988773,0.2625717856,0.4247242242,0.1425830126,-0.4779136181,0.5663021803,68,0.3305420473,0.3597907553,0.2235801853,0.4892611783,-0.0005628105104,0.3299792367,0,0
resize_0.5,4,authentic,5,dct_ac_energy_variance,0.6295869104,0.7833336529,false,68,0.652833598,0.7232856715,0.4082358479,0.0278990061,0.1388221048,0.8187793642,2.114781368,0.6799572594,0.002281752881,3.695193529,0.5013558488,0.3728478795,0.4749635011,0.0867310226,0.1985240988,0.6480157226,1.262057924,0.4494916238,0.02481870539,1.594637632,-0.1514777492,0.4446988202,0.005869530141,-1.048064193,-0.2823163345,0.09360930882,0.2298201382,0.3759256434,-2.100555897,0.5667918473,68,-0.1933757712,0.007493014145,-0.3604036843,0.1195011966,0.02967661034,-0.1636991609,0,0
resize_0.5,4,authentic,6,dct_anomaly_score,0.8854757963,0.1618540456,false,68,0.9005260446,0.1710789769,1,0.5059590265,0.8380032927,1,1,0.1619967073,0.3729226589,1,0.7355314357,0.2148496965,0.766669184,0.3503124535,0.5657320023,0.933297947,1,0.3675659448,0.2578808963,1,-0.1649946088,0.1220137866,-0.1564990282,-0.3576948375,-0.2405857965,-0.06188069284,0,0.1787051037,-0.467168957,0,68,-1.019403675,-0.9669145288,-1.48643672,-0.3823240415,0.0929865434,-0.9264171314,0,0.02941176471
resize_0.5,4,authentic,7,noise_global_level,0.08048238378,0.05501788475,false,68,0.08178414528,0.06063387544,0.06277976371,0.02107844064,0.04174822848,0.1023419909,0.2037630282,0.06059376244,0.0110670086,0.3236872554,0.08339699826,0.0504080331,0.06766351312,0.02789915586,0.04764137324,0.09927277267,0.1761587135,0.05163139943,0.01905774884,0.3104036748,0.001612852985,0.01857889353,0.004870420322,-0.02779880762,-0.005692102015,0.01228027465,0.02661933433,0.01797237666,-0.06388027966,0.03448715061,68,0.02931506713,0.08852431067,-0.1034591214,0.2232051396,0.02366069695,0.05297576408,0,0
resize_0.5,4,authentic,8,noise_max_to_min_ratio,0.3987162239,0.3321587738,false,68,0.4519759954,0.3480542095,0.3923391402,0.06474506743,0.1224327013,0.7403258979,1,0.6178931966,0.0300397668,1,0.3959514068,0.328615667,0.3102669269,0.05713614468,0.1128822863,0.556400612,1,0.4435183257,0.0294727385,1,-0.05602458853,0.1176320731,-0.01300084032,-0.3133598819,-0.0767859593,0,0.0459594205,0.0767859593,-0.5044803917,0.1506307125,68,-0.1686680978,-0.0391404393,-0.2311724554,0,0.1603443162,-0.008323781559,0.02941176471,0.02941176471
resize_0.5,4,authentic,9,noise_std_of_variances,0.04493150664,0.02958025528,false,68,0.04589441433,0.02860189695,0.0404331889,0.009091384057,0.02376076765,0.06314694323,0.09577749372,0.03938617557,0.004058144521,0.1357585639,0.04286217192,0.0217624362,0.04167368636,0.01531680305,0.02653334709,0.05419906322,0.09119769111,0.02766571613,0.005660330411,0.1023792401,-0.003032242414,0.01268142364,-0.0006543211639,-0.02964027338,-0.008822481148,0.004311651923,0.01273004981,0.01313413307,-0.0437617898,0.01547779143,68,-0.1025090009,-0.02212020004,-0.2982557475,0.1457611465,0.03255237918,-0.06995662168,0,0
resize_0.5,4,authentic,10,noise_coef_variation,0.6066669238,0.2341182303,false,68,0.6290771225,0.2671636483,0.6167426705,0.2516984895,0.4208881184,0.7941017896,1.105585682,0.3732136711,0.1013499871,1.295623899,0.5756522589,0.238435143,0.5335035622,0.275601238,0.3871658295,0.7481850833,0.9965851873,0.3610192537,0.08904062957,1.110141277,-0.05342486358,0.09429752261,-0.04059806466,-0.2455325007,-0.08242757618,-0.004634581506,0.05276126713,0.07779299468,-0.3660704494,0.1970724761,68,-0.2281960851,-0.1734083869,-0.3520767097,-0.01979590185,0.09572171584,-0.1324743692,0.01470588235,0.02941176471
resize_0.5,4,authentic,11,noise_inconsistency_score,0.4655542926,0.2761477501,false,68,0.4926389793,0.3074081949,0.4889902323,0.002264665603,0.2278508171,0.7254690379,1,0.4976182207,0,1,0.4357812245,0.296035909,0.3780047446,0.03413498495,0.1828877628,0.6642467827,0.9893706679,0.4813590199,0,1,-0.05685775485,0.1078488292,-0.04003016278,-0.2553138256,-0.09527072497,0,0.07034835321,0.09527072497,-0.4093729258,0.2627632918,68,-0.2058961365,-0.1449592211,-0.3449990989,0,0.09808041764,-0.1078157188,0,0
resize_0.5,4,authentic,12,jpeg_boundary_difference_ratio,1.093486445,0.09390043672,false,68,1.089614608,0.08047800144,1.07416594,0.9886158407,1.031998813,1.138077199,1.244434547,0.1060783863,0.9246424437,1.299650311,1.003384049,0.04495385216,1.006436765,0.9718655974,0.9919938147,1.02166006,1.053196347,0.02966624498,0.7654652596,1.087328553,-0.08623055851,0.07263411435,-0.07453981042,-0.2070649117,-0.1350658536,-0.02718353271,0.0015237391,0.1078823209,-0.2560563087,0.06673395634,68,-0.9183190358,-0.7938175052,-1.438394307,-0.2894931447,-0.04123342817,-0.9595524639,0.04411764706,0.04411764706
resize_0.5,4,authentic,13,jpeg_periodic_grid_strength,0.09464744051,0.09247797334,false,68,0.09304690293,0.07486371033,0.07416598126,0,0.03199881036,0.1380772218,0.244434534,0.1060784115,0,0.2996502519,0.01439029796,0.01981727937,0.006436802447,0,0,0.0216600243,0.05319634825,0.0216600243,0,0.0873285383,-0.07865660497,0.06887110482,-0.0676805852,-0.205689897,-0.1230530185,-0.01887717564,0,0.1041758428,-0.2560563562,0.02083923563,68,-0.8505442121,-0.7318562762,-1.330619758,-0.2041261822,-0.01730723025,-0.8678514424,0,0
resize_0.5,4,authentic,14,jpeg_artifact_score,0.1877307741,0.1751440914,false,68,0.1860938059,0.1497274207,0.1483319625,0,0.06399762072,0.2761544436,0.488869068,0.2121568229,0,0.5993005037,0.02878059592,0.03963455874,0.01287360489,0,0,0.0433200486,0.1063926965,0.0433200486,0,0.1746570766,-0.1573132099,0.1377422096,-0.1353611704,-0.411379794,-0.2461060369,-0.03775435127,0,0.2083516857,-0.5121127125,0.04167847126,68,-0.8981930745,-0.7728560485,-1.405163229,-0.2155616611,-0.009346408786,-0.9075394833,0,0
resize_0.5,4,authentic,15,laplacian_variance,0.02771657354,0.03572195923,false,68,0.03013691008,0.03721346303,0.01788531337,0.002924423118,0.008923721034,0.03329556901,0.1101148304,0.02437184798,0.0003647030098,0.2088879496,0.02527067227,0.02597359573,0.01637897268,0.004054957465,0.00959997857,0.02948244149,0.0650366962,0.01988246292,0.001270048902,0.1652004421,-0.00486623781,0.01529630168,-9.17497091e-05,-0.03669619653,-0.007298808545,0.003520796425,0.007601789478,0.01081960497,-0.0627559647,0.0181192765,68,-0.1362253895,-0.002568440004,-0.2043227388,0.0985611232,0.06775486553,-0.06847052398,0,0
resize_0.5,4,ai_edited,0,fft_high_freq_energy_ratio,0.2772912924,0.03379470165,false,68,0.2823366549,0.03749098993,0.2823493928,0.2257553063,0.2547905222,0.3049883246,0.3452540711,0.05019780248,0.186509192,0.3788720965,0.2820138949,0.03733469714,0.2827192247,0.2263700537,0.2548017129,0.3048256487,0.3448353708,0.05002393574,0.183747232,0.3750189543,-0.000322760028,0.003387719729,-0.002273909748,-0.003925339878,-0.0027987957,0.003448009491,0.005204579234,0.006246805191,-0.004768848419,0.005592674017,68,-0.009550610368,-0.06728598379,-0.08281758865,0.1020281086,0.1492944837,0.1397438734,0,0
resize_0.5,4,ai_edited,1,fft_spectral_peak_count,0.001098901115,0.01042509134,false,68,0.004411764772,0.02068833092,0,0,0,0,0,0,0,0.1000000015,0.004411764772,0.02068833092,0,0,0,0,0,0,0,0.1000000015,0,0,0,0,0,0,0,0,0,0,68,0,0,0,0,0.3177779021,0.3177779021,0,0
resize_0.5,4,ai_edited,2,fft_radial_anomaly_score,0.01062271086,0.06169742377,false,68,0.01911764767,0.07776227488,0,0,0,0,0.1950000077,0,0,0.400000006,0.01911764767,0.07776227488,0,0,0,0,0.1950000077,0,0,0.400000006,0,0,0,0,0,0,0,0,0,0,68,0,0,0,0,0.1376870587,0.1376870587,0,0
resize_0.5,4,ai_edited,3,fft_spectral_decay_slope,-1.395071069,0.1081051518,false,68,-1.379436367,0.1218816118,-1.375953257,-1.552094215,-1.4640975,-1.304937065,-1.17120049,0.1591604352,-1.680339456,-1.072325468,-1.379791111,0.121584227,-1.381167293,-1.551640958,-1.466602683,-1.295547634,-1.171821898,0.1710550487,-1.688614726,-1.077734828,-0.0003547440557,0.007528648477,-0.004807770252,-0.008132785559,-0.005622982979,0.007775723934,0.01179720759,0.01339870691,-0.0127761364,0.01357126236,68,-0.003281472249,-0.04447309098,-0.05201401492,0.0719274133,0.1446249508,0.1413434786,0,0
resize_0.5,4,ai_edited,4,dct_mean_high_freq_energy,0.6193762905,0.5366699776,false,68,0.6302398216,0.5655535467,0.463764295,0.1201540031,0.2485368662,0.7922516614,1.813129681,0.5437147953,0.08344591409,2.887669325,0.8016579995,0.483247521,0.6342357397,0.2918580592,0.458960928,0.9665108919,1.778248984,0.5075499639,0.1884359121,2.707765102,0.1714181778,0.1752216206,0.1849291176,-0.09855511189,0.110351868,0.2545460686,0.4107442491,0.1441942006,-0.483399868,0.5604234338,68,0.3194107831,0.3445862919,0.2056233301,0.4743065184,0.0202424797,0.3396532628,0,0
resize_0.5,4,ai_edited,5,dct_ac_energy_variance,0.6295869104,0.7833336529,false,68,0.6553543757,0.7112150966,0.4090529233,0.0402990602,0.1564569734,0.7578237802,2.145369208,0.6013668068,0.0117617324,3.600648165,0.5105725173,0.3634304906,0.4885139167,0.1170924354,0.1987333819,0.669869259,1.253576845,0.4711358771,0.0369668752,1.569682598,-0.1447818584,0.4443148896,-0.002860158682,-1.043014291,-0.2584174722,0.1074957987,0.2292455062,0.365913271,-2.036775231,0.557214722,68,-0.1848278289,-0.003651264913,-0.3298945108,0.1372286232,0.03289462308,-0.1519332059,0,0
resize_0.5,4,ai_edited,6,dct_anomaly_score,0.8854757963,0.1618540456,false,68,0.9007713124,0.1703312562,1,0.5009026289,0.8060800284,1,1,0.1939199716,0.4136717618,1,0.7436492588,0.2171193084,0.7859640419,0.3527020976,0.559716329,0.9511002302,1,0.3913839012,0.2522425056,1,-0.1571220536,0.1185115495,-0.1660042405,-0.3470413148,-0.2270341069,-0.04889976978,0,0.1781343371,-0.3783052862,0,68,-0.9707638329,-1.025641589,-1.402708879,-0.3021226291,0.09450190777,-0.8762619252,0,0.02941176471
resize_0.5,4,ai_edited,7,noise_global_level,0.08048238378,0.05501788475,false,68,0.0813836884,0.05858860665,0.06364727765,0.02157525085,0.04177078418,0.1027253196,0.2006555527,0.06095453538,0.01520370506,0.3025949597,0.0841811582,0.04953009061,0.06708687171,0.03066853983,0.05267796945,0.1012115758,0.1745687097,0.04853360634,0.01954635791,0.3079097867,0.002797469798,0.01858370931,0.006498394534,-0.02767410502,-0.004187902436,0.01469989913,0.02731643617,0.01888780156,-0.06373912096,0.03470696881,68,0.05084655309,0.1181142198,-0.0761189285,0.267184011,0.01638202973,0.06722858283,0,0
resize_0.5,4,ai_edited,8,noise_max_to_min_ratio,0.3987162239,0.3321587738,false,68,0.4550051684,0.3455367085,0.3845108151,0.06474506743,0.1333430372,0.7369337082,1,0.603590671,0.0300397668,1,0.4045066336,0.3312912152,0.3188219965,0.06046348661,0.1128822863,0.5609816164,1,0.4480993301,0.0294727385,1,-0.05049853482,0.1198969583,-0.01202025265,-0.2707969055,-0.08536655828,0.0007712692022,0.0828729257,0.08613782749,-0.5376095474,0.1889086515,68,-0.152031314,-0.03618827379,-0.2570052789,0.002321989552,0.1694639702,0.01743265624,0.02941176471,0.02941176471
resize_0.5,4,ai_edited,9,noise_std_of_variances,0.04493150664,0.02958025528,false,68,0.04602616755,0.0282838096,0.04039666243,0.01135097537,0.02406382887,0.05915413052,0.0984832,0.03509030165,0.004149815533,0.1336439252,0.04349466597,0.02092487222,0.0414773263,0.01737807468,0.02720463974,0.05558438413,0.0871096909,0.02837974438,0.005510932766,0.1022193134,-0.002531501581,0.01304562797,-0.0001169405878,-0.02988123465,-0.009841740131,0.007024188526,0.01347322804,0.01686592866,-0.04252645373,0.02363096178,68,-0.08558078885,-0.003953332609,-0.3327131575,0.2374620658,0.03700647254,-0.04857431631,0,0
resize_0.5,4,ai_edited,10,noise_coef_variation,0.6066669238,0.2341182303,false,68,0.6317135938,0.2545247053,0.633387208,0.2435482256,0.4305301309,0.7959031165,1.012163094,0.3653729856,0.1038438156,1.247354269,0.5812437979,0.2390087418,0.5544590354,0.283190836,0.3854759261,0.7653660327,0.9620149255,0.3798901066,0.08682826161,1.139416456,-0.0504697959,0.09238600273,-0.03760331869,-0.2043702573,-0.08485558629,-0.006878066808,0.06955511421,0.07797751948,-0.3371701241,0.2014348507,68,-0.2155739681,-0.1606167903,-0.3624475813,-0.02937860414,0.1069829975,-0.1085909706,0.01470588235,0.02941176471
resize_0.5,4,ai_edited,11,noise_inconsistency_score,0.4655542926,0.2761477501,false,68,0.5017956047,0.3017023653,0.5111829638,0.0008181927959,0.2407068312,0.727870822,0.9956711709,0.4871639907,0,1,0.4420000911,0.2953273545,0.4059453458,0.04425443821,0.1806345694,0.6871547103,0.9493532151,0.5065201409,0,1,-0.05979551358,0.1128201648,-0.0439967066,-0.2646458447,-0.1000575423,0,0.06937929459,0.1000575423,-0.3845781088,0.2685797811,68,-0.2165344948,-0.1593230674,-0.3623333606,0,0.131238846,-0.08529564882,0,0
resize_0.5,4,ai_edited,12,jpeg_boundary_difference_ratio,1.093486445,0.09390043672,false,68,1.078769492,0.07206863633,1.065479457,0.9972284168,1.02972278,1.132438362,1.193942833,0.1027155817,0.9104481339,1.279422164,1.003660514,0.04382123395,1.00516367,0.9600255936,0.9936075509,1.02271536,1.05330472,0.02910780907,0.7817268372,1.089952707,-0.0751089778,0.06459813654,-0.06651896238,-0.1828249723,-0.1243973076,-0.0235208869,0.01325851083,0.1008764207,-0.2022410631,0.06267935038,68,-0.7998788975,-0.7083988606,-1.324778797,-0.2504875134,-0.1567293336,-0.9566082311,0.04411764706,0.04411764706
resize_0.5,4,ai_edited,13,jpeg_periodic_grid_strength,0.09464744051,0.09247797334,false,68,0.08216132483,0.06618403564,0.06547948718,0,0.02972275205,0.1324383803,0.1939428382,0.1027156282,0,0.279422164,0.01444631496,0.0198023408,0.005163616035,0,0,0.02271533571,0.05330474805,0.02271533571,0,0.08995265514,-0.06771500988,0.06073933941,-0.05446814559,-0.1692096856,-0.1135751242,-0.0182999738,0.006049708737,0.09527515038,-0.2022411078,0.02109287679,68,-0.7322285235,-0.5889850699,-1.22813163,-0.1978846761,-0.1350171855,-0.867245709,0,0
resize_0.5,4,ai_edited,14,jpeg_artifact_score,0.1877307741,0.1751440914,false,68,0.1643226497,0.1323680713,0.1309589744,0,0.0594455041,0.2648767605,0.3878856763,0.2054312564,0,0.5588443279,0.02889262992,0.03960468159,0.01032723207,0,0,0.04543067142,0.1066094961,0.04543067142,0,0.1799053103,-0.1354300198,0.1214786788,-0.1089362912,-0.3384193713,-0.2271502484,-0.03659994761,0.01209941747,0.1905503008,-0.4044822156,0.04218575358,68,-0.7732491497,-0.6219809661,-1.296933551,-0.2089704957,-0.1336506661,-0.9068998157,0,0
resize_0.5,4,ai_edited,15,laplacian_variance,0.02771657354,0.03572195923,false,68,0.02954461464,0.0353166853,0.01806723326,0.002836903092,0.008588609286,0.03418124001,0.1092759728,0.02559263073,0.001043430413,0.1876905411,0.02560620943,0.02535235665,0.01735334005,0.004821347515,0.009998595575,0.03206529282,0.06381715797,0.02206669725,0.003319017123,0.1621443182,-0.003938405218,0.01478153816,0.0005602936726,-0.02474804735,-0.006085034693,0.00438245479,0.009324658755,0.01046748948,-0.06186609715,0.01846444607,68,-0.1102516576,0.01568485281,-0.1703443715,0.1226823748,0.05117415581,-0.05907750179,0,0
resize_0.5,all,all,0,fft_high_freq_energy_ratio,,,false,682,0.2779526068,0.03480530152,0.2772023827,0.2232303187,0.2560663074,0.3010063693,0.3357982785,0.04494006187,0.1503369361,0.390927285,0.2771041441,0.03485931653,0.2758650929,0.2214497983,0.2544956505,0.3000614867,0.3337162703,0.04556583613,0.1527104825,0.38952443,-0.0008484626795,0.003015061807,-0.002281710505,-0.003492666781,-0.002788849175,0.002436421812,0.004835361242,0.005225270987,-0.00536224246,0.006832927465,682,-0.02417136923,-0.06633762341,-0.08056209193,0.07011110615,0.000382490421,-0.02378887881,0.005865102639,0.005865102639
resize_0.5,all,all,1,fft_spectral_peak_count,,,false,682,0.00161290325,0.01260642272,0,0,0,0,0,0,0,0.1000000015,0.00161290325,0.01260642272,0,0,0,0,0,0,0,0.1000000015,0,0,0,0,0,0,0,0,0,0,682,0,0,0,0,0.01344135653,0.01344135653,0,0
resize_0.5,all,all,2,fft_radial_anomaly_score,,,false,682,0.01187683314,0.06427955859,0,0,0,0,0,0,0,0.400000006,0.01304985369,0.06762008891,0,0,0,0,0,0,0,0.400000006,0.001173020545,0.0306335837,0,0,0,0,0,0,-0.400000006,0.400000006,682,0.01970251531,0,0,0,0.006633750492,0.0263362658,0,0
resize_0.5,all,all,3,fft_spectral_decay_slope,,,false,682,-1.393308439,0.1116713479,-1.395192921,-1.573706186,-1.462276548,-1.321887732,-1.211089444,0.1403888166,-1.800374389,-1.039516687,-1.394871899,0.1118170574,-1.397116005,-1.578983265,-1.462762058,-1.325291246,-1.210872656,0.1374708116,-1.794905782,-1.028527498,-0.001563460946,0.006656871193,-0.004905462265,-0.007313513756,-0.005747109652,0.005391031504,0.0109110117,0.01113814116,-0.0146638155,0.01718354225,682,-0.01386221257,-0.04381345205,-0.05208458874,0.04913998033,-0.000366779185,-0.01422899176,0.004398826979,0.00293255132
resize_0.5,all,all,4,dct_mean_high_freq_energy,,,false,682,0.6204293421,0.5445884686,0.4749719203,0.1092386805,0.235785,0.7899457961,1.636770123,0.5541607961,0.03648391739,3.785670042,0.7868118611,0.4212717556,0.7101564407,0.2592792511,0.4767547622,0.9987081438,1.647945029,0.5219533816,0.0764471367,2.778128624,0.166382519,0.2356252371,0.189907819,-0.1793028653,0.09244099259,0.2843812592,0.445578099,0.1919402666,-1.425297976,0.8772435188,682,0.3056402845,0.3473326644,0.1714149856,0.520186203,0.0007067405136,0.306347025,0.004398826979,0
resize_0.5,all,all,5,dct_ac_energy_variance,,,false,682,0.6344739521,0.7702608184,0.3559415638,0.03144389428,0.1470905617,0.8218686134,2.200242543,0.6747780517,0.0002849863376,5.270551682,0.4722589694,0.339198628,0.4040162712,0.07471792884,0.2136691958,0.6250117421,1.131890059,0.4113425463,0.005876559764,1.828174233,-0.1622149826,0.5190116124,0.006892152131,-1.206954145,-0.2380307876,0.09066709131,0.2559013828,0.3286978789,-3.829831243,0.633995533,682,-0.2128331633,0.009038813242,-0.3030499547,0.1178359683,0.002603339059,-0.2102298242,0.005865102639,0
resize_0.5,all,all,6,dct_anomaly_score,,,false,682,0.8885014737,0.163628524,1,0.5308185458,0.7905588299,1,1,0.2094411701,0.3281230032,1,0.7125874419,0.2011062015,0.7115200758,0.4025851235,0.5528554469,0.8730300218,1,0.3201745749,0.1657632291,1,-0.1759140318,0.1220817548,-0.1745733023,-0.3695240378,-0.2599507272,-0.08304528147,0,0.1769054458,-0.5035620034,0.364184171,682,-1.075626179,-1.061738393,-1.577994009,-0.5117791204,0.0002215072272,-1.075404672,0.004398826979,0.01759530792
resize_0.5,all,all,7,noise_global_level,,,false,682,0.08070204433,0.05591543646,0.06579048187,0.02044743085,0.03944128286,0.1031936537,0.183905039,0.06375237089,0.006162684411,0.3703222573,0.08156964454,0.04182594813,0.07391314209,0.02809148207,0.05145913456,0.1025219075,0.1579453729,0.05106277298,0.007653686684,0.3104036748,0.0008676002107,0.02331618062,0.005362210795,-0.03634043522,-0.006950199604,0.01350881997,0.0268346969,0.02045901958,-0.1490323991,0.06231679022,682,0.01531634749,0.09482532811,-0.1259065181,0.2438975575,0.0005780905706,0.01589443806,0.004398826979,0
resize_0.5,all,all,8,noise_max_to_min_ratio,,,false,682,0.4096389698,0.3355641775,0.2709191442,0.06314771362,0.1333026588,0.6455630511,1,0.5122603923,0.0300397668,1,0.3532710818,0.3121179001,0.2195043936,0.05983794779,0.1125979647,0.5092119575,1,0.3966139928,0.0294727385,1,-0.05636788804,0.1032094761,-0.02444828674,-0.2577635646,-0.09337228537,0,0.05400182083,0.09337228537,-0.5376095474,0.223033905,682,-0.1679366905,-0.07212230512,-0.2761638484,0,0.002148262305,-0.1657884282,0.005865102639,0.005865102639
resize_0.5,all,all,9,noise_std_of_variances,,,false,682,0.04513666011,0.02934102561,0.03778089583,0.01156980484,0.02386665251,0.05785426684,0.1024551384,0.03398761433,0.002154552378,0.1630911529,0.04127433199,0.01932382293,0.03851948678,0.01520243036,0.02700309595,0.05278588645,0.0757641118,0.0257827905,0.004750270862,0.1097376123,-0.003862328119,0.01504804664,-0.0008011981845,-0.03217125516,-0.009554741322,0.005541704129,0.01315906597,0.01509644545,-0.06400775909,0.03031933308,682,-0.1324207811,-0.02750484994,-0.3276968347,0.1931707189,0.001063759081,-0.131357022,0.004398826979,0
resize_0.5,all,all,10,noise_coef_variation,,,false,682,0.6113986937,0.2396497804,0.5881181061,0.2620754585,0.4282246828,0.7563671321,1.010074639,0.3281424493,0.1013499871,1.52797842,0.5545605522,0.21452869,0.5335035622,0.2493504293,0.3911735117,0.6860873252,0.9213110149,0.2949138135,0.08682826161,1.335551977,-0.0568381415,0.08870705415,-0.04501742125,-0.2212133408,-0.09742292762,-0.008160047233,0.05812741965,0.08926288038,-0.4254289865,0.2589212358,682,-0.2372158858,-0.189870865,-0.4044200926,-0.03440193986,0.001011510041,-0.2362043758,0.007331378299,0.008797653959
resize_0.5,all,all,11,noise_inconsistency_score,,,false,682,0.4718683218,0.2820596629,0.4508241415,0.01610060567,0.2376329191,0.6751561761,1,0.437523257,0,1,0.4049317222,0.2680066881,0.3780047446,5.071909982e-06,0.1882313453,0.5814497173,0.8950813711,0.393218372,0,1,-0.06693659961,0.110249751,-0.05432063527,-0.2547941729,-0.1139286608,-0.0005947947502,0.07172468121,0.113333866,-0.5672386438,0.3452282995,682,-0.2371418039,-0.1941772441,-0.4038591764,-0.002097356452,0.0005601600106,-0.2365816439,0,0
resize_0.5,all,all,12,jpeg_boundary_difference_ratio,,,false,682,1.091633017,0.09075936839,1.067847133,0.9966444284,1.031480193,1.136814177,1.255306494,0.1053339839,0.9104481339,1.865938544,1.004337356,0.04243820255,1.003761649,0.9581195474,0.9914176464,1.018432826,1.048741555,0.0270151794,0.695389092,1.413603306,-0.08729566096,0.08920404691,-0.06661209464,-0.2387794018,-0.1254942119,-0.02844010293,0.01090636551,0.09705410898,-0.7740994692,0.09401780367,682,-0.9672981418,-0.747112801,-1.380772134,-0.3124771712,0.003191135467,-0.9641070064,0.01026392962,0.01906158358
resize_0.5,all,all,13,jpeg_periodic_grid_strength,,,false,682,0.09324290617,0.08861726578,0.06784714758,0,0.0314801475,0.1368141733,0.255306524,0.1053340258,0,0.8659385443,0.01335103636,0.02901381953,0.003761618864,0,0,0.01843282487,0.0487416042,0.01843282487,0,0.4136032462,-0.07989186981,0.08381887993,-0.05951203965,-0.2324195373,-0.1196238657,-0.01789136603,0.003573393624,0.1017324997,-0.7740995139,0.06718613207,682,-0.9074151914,-0.6846591989,-1.375763918,-0.2032478443,0.003185049381,-0.904230142,0.00146627566,0
resize_0.5,all,all,14,jpeg_artifact_score,,,false,682,0.1852336095,0.1690343142,0.1356942952,0,0.06296029501,0.2736283466,0.5106130481,0.2106680516,0,1,0.02670207272,0.05802763906,0.007523237728,0,0,0.03686564974,0.0974832084,0.03686564974,0,0.8272064924,-0.1585315368,0.1600930099,-0.1190240793,-0.4648390746,-0.2392477314,-0.03578273207,0.007146787248,0.2034649993,-0.8957491219,0.1343722641,682,-0.9410708075,-0.713590129,-1.413969583,-0.2099551404,0.001793001538,-0.939277806,0,0
resize_0.5,all,all,15,laplacian_variance,,,false,682,0.02814016544,0.03581610847,0.01723280735,0.00240588981,0.007098636706,0.03455301933,0.09506521598,0.02745438262,0.0001030618296,0.323674053,0.02307738845,0.01977781555,0.01838198677,0.003917213832,0.009892214555,0.02885344392,0.06032151133,0.01896122936,0.0002832812897,0.1652004421,-0.005062776991,0.02079481486,0.0004824025091,-0.03928192751,-0.007045772392,0.003785369219,0.009909763467,0.01083114161,-0.1981370151,0.02738198079,682,-0.1426799164,0.01314083311,-0.1921819963,0.1043998609,0.001910319392,-0.140769597,0.005865102639,0
resize_0.5,all,authentic,0,fft_high_freq_energy_ratio,,,false,341,0.2763590832,0.03567788231,0.2766681612,0.2190896869,0.2537102401,0.3010176718,0.3351564407,0.0473074317,0.1503369361,0.3872631788,0.2755162326,0.03573842459,0.2747842371,0.2181770056,0.2520363927,0.3001688123,0.333730638,0.04813241959,0.1527104825,0.3838089705,-0.0008428505788,0.003002522277,-0.002263844013,-0.003492355347,-0.002776950598,0.00242254138,0.004822388291,0.005199491978,-0.005070328712,0.006451308727,341,-0.02400905865,-0.06631628048,-0.0801985373,0.07000314127,-0.04550187175,-0.0695109304,0.005865102639,0.005865102639
resize_0.5,all,authentic,1,fft_spectral_peak_count,,,false,341,0.001466275682,0.0120375471,0,0,0,0,0,0,0,0.1000000015,0.001466275682,0.0120375471,0,0,0,0,0,0,0,0.1000000015,0,0,0,0,0,0,0,0,0,0,341,0,0,0,0,-0.0005170864113,-0.0005170864113,0,0
resize_0.5,all,authentic,2,fft_radial_anomaly_score,,,false,341,0.01026392988,0.05975627715,0,0,0,0,0,0,0,0.400000006,0.01260997097,0.0667695156,0,0,0,0,0,0,0,0.400000006,0.002346041091,0.03058850114,0,0,0,0,0,0,0,0.400000006,341,0.03940503061,0,0,0,-0.01682904257,0.02257598805,0,0
resize_0.5,all,authentic,3,fft_spectral_decay_slope,,,false,341,-1.399301727,0.1147474869,-1.399407744,-1.57991612,-1.468418837,-1.327606201,-1.209452987,0.1408126354,-1.800374389,-1.08317697,-1.400844621,0.1149066303,-1.401299,-1.582659006,-1.470506668,-1.329627037,-1.210845947,0.140879631,-1.794905782,-1.089389682,-0.001542893323,0.006643834173,-0.004878044128,-0.007305979729,-0.005683779716,0.005419373512,0.01085209846,0.01110315323,-0.0146638155,0.01639974117,341,-0.01368041783,-0.04360461783,-0.05117705341,0.05009709947,-0.05424270825,-0.06792312609,0.00293255132,0.00293255132
resize_0.5,all,authentic,4,dct_mean_high_freq_energy,,,false,341,0.6153405956,0.553424314,0.4606769085,0.09986262769,0.2256875783,0.7825812101,1.636802316,0.5568936318,0.03648391739,3.785670042,0.7852958264,0.4272331409,0.7082651258,0.2479991019,0.4680193365,0.9864547253,1.660540223,0.5184353888,0.0764471367,2.778128624,0.1699552308,0.2388297259,0.1959816813,-0.206697464,0.09287416935,0.2927704006,0.4641471505,0.1998962313,-1.425297976,0.8772435188,341,0.3121793973,0.3580310591,0.173256396,0.5372243896,-0.008597064739,0.3035823326,0.005865102639,0
resize_0.5,all,authentic,5,dct_ac_energy_variance,,,false,341,0.6372384148,0.7834668648,0.3561238945,0.02741183341,0.1307142228,0.834215939,2.200560808,0.7035017163,0.0002849863376,5.270551682,0.4687635074,0.3447015278,0.4053276479,0.07110556215,0.2033179551,0.6248751283,1.128297806,0.4215571731,0.005944875069,1.828174233,-0.1684749074,0.5256825457,0.007555320859,-1.208098292,-0.2417986393,0.0881531015,0.2557442766,0.3299517408,-3.829831243,0.5667918473,341,-0.2210728186,0.01000998661,-0.3139675129,0.1155323967,0.006407590097,-0.2146652285,0.005865102639,0
resize_0.5,all,authentic,6,dct_anomaly_score,,,false,341,0.8907559794,0.1631044533,1,0.5335618854,0.7993974686,1,1,0.2006025314,0.3281230032,1,0.7094986983,0.2012194898,0.7062423229,0.4025411606,0.5493006706,0.8690390587,1,0.3197383881,0.1657632291,1,-0.181257281,0.1250274454,-0.1773764193,-0.3772189915,-0.2711738348,-0.0915595293,0,0.1796143055,-0.5035620034,0.364184171,341,-1.108270681,-1.083953976,-1.646159442,-0.5660196995,0.01409581228,-1.094174868,0.005865102639,0.01759530792
resize_0.5,all,authentic,7,noise_global_level,,,false,341,0.0809726772,0.05687431847,0.06542275101,0.02025177516,0.03888662159,0.1037373766,0.1839787811,0.06485075504,0.006162684411,0.3703222573,0.08126247046,0.04230550517,0.07419611514,0.02747290395,0.05088328198,0.1008306369,0.1582546085,0.04994735494,0.007653686684,0.3104036748,0.0002897932683,0.02353816009,0.005031049252,-0.03672100604,-0.00737901032,0.0131484177,0.02624067664,0.02052742802,-0.1490323991,0.06103043631,341,0.004951622149,0.08900563099,-0.1327372189,0.237531302,0.005461863697,0.01041348585,0.005865102639,0
resize_0.5,all,authentic,8,noise_max_to_min_ratio,,,false,341,0.4070196823,0.3355474915,0.2636824846,0.06158592552,0.1299231499,0.6398617029,1,0.509938553,0.0300397668,1,0.3493679527,0.3110555632,0.2128603458,0.060470853,0.1128223091,0.5073001981,1,0.3944778889,0.0294727385,1,-0.05765172964,0.1016865007,-0.0271114856,-0.2854481339,-0.09434558451,0,0.05098849535,0.09434558451,-0.5044803917,0.1506307125,341,-0.1717913803,-0.08020001649,-0.2761638484,0,-0.005645856496,-0.1774372368,0.005865102639,0.005865102639
resize_0.5,all,authentic,9,noise_std_of_variances,,,false,341,0.0450838648,0.02966732232,0.03806832805,0.01116165146,0.02322033793,0.05813753232,0.1023390293,0.0349171944,0.002154552378,0.1630911529,0.04093921263,0.01972950023,0.03829808161,0.01471885294,0.02675859258,0.05245239288,0.07737465948,0.0256938003,0.004750270862,0.1094590202,-0.004144652166,0.01486296349,-0.001008173451,-0.03196772933,-0.00957329059,0.005140167661,0.01253581233,0.01471345825,-0.06207975745,0.02387839928,341,-0.1420706772,-0.03329586045,-0.3304998268,0.179469806,-0.0006844868247,-0.1427551641,0.005865102639,0
resize_0.5,all,authentic,10,noise_coef_variation,,,false,341,0.6069329474,0.2375669564,0.5851406455,0.2555801272,0.4276348948,0.7512331009,1.008495092,0.323598206,0.1013499871,1.52797842,0.5493973467,0.2103072266,0.5309857726,0.2543972135,0.386906147,0.6839993,0.9067046046,0.297093153,0.08904062957,1.335551977,-0.05753560071,0.08785258126,-0.04566913843,-0.2247517109,-0.09614919126,-0.008311331272,0.05323958397,0.08783785999,-0.417324394,0.2589212358,341,-0.2402225334,-0.191774778,-0.4029914048,-0.0350371593,-0.01759306177,-0.2578155951,0.008797653959,0.008797653959
resize_0.5,all,authentic,11,noise_inconsistency_score,,,false,341,0.4669020253,0.2804844366,0.4468541741,0.007440159563,0.2368465215,0.6683107615,1,0.43146424,0,1,0.3990440076,0.2646148164,0.3746477067,0.005862931255,0.1825415343,0.5786657333,0.8756061196,0.396124199,0,1,-0.06785801777,0.1086581446,-0.05348438025,-0.250672102,-0.1156532168,-0.00378370285,0.07065375592,0.111869514,-0.5564325452,0.3452282995,341,-0.2404040952,-0.1881013615,-0.4054561612,-0.013548101,-0.01711259463,-0.2575166898,0,0
resize_0.5,all,authentic,12,jpeg_boundary_difference_ratio,,,false,341,1.096946526,0.09766904819,1.073817849,0.9968537688,1.032080889,1.142973185,1.270752311,0.1108922958,0.9246424437,1.865938544,1.004003225,0.04252830646,1.003961921,0.9601992369,0.9906107187,1.01767087,1.048765898,0.0270601511,0.695389092,1.413603306,-0.09294330165,0.09607060588,-0.07112002373,-0.2560563087,-0.132496953,-0.0305300951,0.009752392769,0.1019668579,-0.7740994692,0.09401780367,341,-1.030234978,-0.7920471967,-1.485171231,-0.3312997655,0.06231101437,-0.967923964,0.01173020528,0.01759530792
resize_0.5,all,authentic,13,jpeg_periodic_grid_strength,,,false,341,0.09855741202,0.09560260885,0.07381784916,0,0.0320808962,0.1429732293,0.2707523704,0.1108923331,0,0.8659385443,0.01301625252,0.02901248886,0.003961921204,0,0,0.01767084748,0.04876594618,0.01767084748,0,0.4136032462,-0.0855411595,0.09100227535,-0.06407941226,-0.2420916557,-0.1277510524,-0.02124616876,0.00107820658,0.1065048836,-0.7740995139,0.06718613207,341,-0.9719257758,-0.7093019479,-1.438828249,-0.2609836304,0.06380810505,-0.9081176708,0.00293255132,0
resize_0.5,all,authentic,14,jpeg_artifact_score,,,false,341,0.1948080593,0.1767903727,0.1476356983,0,0.0641617924,0.2859464586,0.5415047407,0.2217846662,0,1,0.02603250503,0.05802497773,0.007923842408,0,0,0.03534169495,0.09753189236,0.03534169495,0,0.8272064924,-0.1687755542,0.1688932441,-0.1281588245,-0.4841833115,-0.2555021048,-0.04249233752,0.00215641316,0.2130097672,-0.8957491219,0.1343722641,341,-1.001858388,-0.7510807801,-1.512480198,-0.2628659136,0.05852525908,-0.9433331286,0,0
resize_0.5,all,authentic,15,laplacian_variance,,,false,341,0.02845899406,0.03666029564,0.01743060164,0.002262115479,0.007088420447,0.03504155949,0.09527040273,0.02795313904,0.0001030618296,0.323674053,0.02294525793,0.02005724982,0.01809958927,0.003592706053,0.009574697353,0.0287296474,0.06054832786,0.01915495005,0.0002832812897,0.1652004421,-0.005513736132,0.02123239431,0.0002531288192,-0.04156530835,-0.007194194943,0.003400623798,0.00893837586,0.01059481874,-0.1981370151,0.02738198079,341,-0.1553817824,0.007146833036,-0.1981085612,0.09239500074,0.01095567335,-0.1444261091,0.005865102639,0
resize_0.5,all,ai_edited,0,fft_high_freq_energy_ratio,,,false,341,0.2795461304,0.03388769892,0.2788356543,0.2240961194,0.2573487163,0.3006025553,0.3358320594,0.04325383902,0.1780514121,0.390927285,0.2786920556,0.03393560346,0.2771174312,0.2221683562,0.2572679818,0.3000059426,0.3334171474,0.04273796082,0.1770615131,0.38952443,-0.0008540747802,0.003031951393,-0.002286851406,-0.003492683172,-0.00282150507,0.002500414848,0.004893690348,0.005321919918,-0.00536224246,0.006832927465,341,-0.02433367981,-0.06646472135,-0.08148574166,0.07240199815,0.04626685259,0.02193317278,0.005865102639,0.005865102639
resize_0.5,all,ai_edited,1,fft_spectral_peak_count,,,false,341,0.001759530818,0.01316683482,0,0,0,0,0,0,0,0.1000000015,0.001759530818,0.01316683482,0,0,0,0,0,0,0,0.1000000015,0,0,0,0,0,0,0,0,0,0,341,0,0,0,0,0.02739979947,0.02739979947,0,0
resize_0.5,all,ai_edited,2,fft_radial_anomaly_score,,,false,341,0.0134897364,0.06855541527,0,0,0,0,0,0,0,0.400000006,0.0134897364,0.06855541527,0,0,0,0,0,0,0,0.400000006,0,0.03067860001,0,0,0,0,0,0,-0.400000006,0.400000006,341,0,0,0,0,0.03009654355,0.03009654355,0,0
resize_0.5,all,ai_edited,3,fft_spectral_decay_slope,,,false,341,-1.38731515,0.1083449201,-1.392227292,-1.561380029,-1.458121657,-1.318790317,-1.213238955,0.1393313408,-1.719831467,-1.039516687,-1.388899178,0.1084794543,-1.394003987,-1.568481207,-1.453669906,-1.32013309,-1.211380124,0.1335368156,-1.722189188,-1.028527498,-0.001584028568,0.006679582487,-0.004945874214,-0.007592558861,-0.005778312683,0.005306005478,0.01091384888,0.01108431816,-0.0127761364,0.01718354225,341,-0.01404400731,-0.0440391722,-0.05238348773,0.0462686229,0.05350914988,0.03946514257,0.005865102639,0.00293255132
resize_0.5,all,ai_edited,4,dct_mean_high_freq_energy,,,false,341,0.6255180885,0.5363721377,0.480499953,0.1195456088,0.2435116321,0.7945497036,1.636158466,0.5510380715,0.04187816754,3.636818409,0.7883278958,0.4158473126,0.7120477557,0.2803432345,0.4828149974,1.00089407,1.617575884,0.5180790722,0.08881143481,2.707765102,0.1628098073,0.2326726349,0.1824079752,-0.1678770781,0.09229660034,0.2762571871,0.422401756,0.1839605868,-1.354178429,0.8194853663,341,0.2991011717,0.338022049,0.1696008403,0.5098989938,0.01001054577,0.3091117174,0.00293255132,0
resize_0.5,all,ai_edited,5,dct_ac_energy_variance,,,false,341,0.6317094893,0.7579662289,0.3557592332,0.03911680356,0.1522630304,0.8105398417,2.194195509,0.6582768112,0.0004287126649,5.233992577,0.4757544315,0.3340750903,0.4015228748,0.09102293849,0.2226527035,0.6283299327,1.132079124,0.4056772292,0.005876559764,1.799567461,-0.1559550579,0.5129499377,0.005447847099,-1.188304603,-0.2211151123,0.09500396252,0.2559096515,0.3161190748,-3.785158753,0.633995533,341,-0.204593508,0.007227826252,-0.2937747833,0.1288394751,-0.00120091198,-0.2057944199,0.005865102639,0
resize_0.5,all,ai_edited,6,dct_anomaly_score,,,false,341,0.886246968,0.164359598,1,0.5288105011,0.7868204713,1,1,0.2131795287,0.3411827087,1,0.7156761854,0.2012410016,0.7124603391,0.4041018188,0.5535165668,0.8777313828,1,0.3242148161,0.1715044677,1,-0.1705707826,0.1190067822,-0.173728317,-0.3599595428,-0.2525231242,-0.08213108778,0,0.1703920364,-0.4917373061,0.2951602638,341,-1.042981678,-1.061239974,-1.549657249,-0.5032276801,-0.01365279783,-1.056634475,0.00293255132,0.01759530792
resize_0.5,all,ai_edited,7,noise_global_level,,,false,341,0.08043141146,0.05502211144,0.0661745742,0.02166654728,0.03996229172,0.1008927003,0.1823482811,0.06093040854,0.006754894275,0.3557565212,0.08187681862,0.04140072661,0.0733627826,0.03191719949,0.05215293914,0.1029637456,0.1578900367,0.05081080645,0.01024340931,0.3079097867,0.001445407153,0.02311217958,0.005784705281,-0.03473646939,-0.006369702518,0.01451791823,0.02684395015,0.02088762075,-0.1462455243,0.06231679022,341,0.02568107283,0.1040580861,-0.1156492529,0.2569635955,-0.004305682556,0.02137539027,0.00293255132,0
resize_0.5,all,ai_edited,8,noise_max_to_min_ratio,,,false,341,0.4122582572,0.3360534777,0.27295959,0.0644280538,0.1333564967,0.6559305191,1,0.5225740224,0.0300397668,1,0.3571742108,0.3135850245,0.2312086374,0.05889239535,0.1125231832,0.5351461768,1,0.4226229936,0.0294727385,1,-0.05508404644,0.1048440332,-0.02159495652,-0.2559324503,-0.09282970428,0,0.05449186265,0.09282970428,-0.5376095474,0.223033905,341,-0.1640820007,-0.06450715679,-0.2761638484,0,0.009942381105,-0.1541396196,0.005865102639,0.005865102639
resize_0.5,all,ai_edited,9,noise_std_of_variances,,,false,341,0.04518945542,0.02905456952,0.03766378015,0.01234389655,0.02433099784,0.05708248913,0.102458559,0.03275149129,0.002187216189,0.1617175788,0.04160945135,0.01893251383,0.03860076144,0.01637612097,0.02723407187,0.05316331238,0.07438731194,0.02592924051,0.005433813669,0.1097376123,-0.003580004071,0.01524748701,-0.0007412917912,-0.03246117383,-0.009468514472,0.006118815392,0.01396781579,0.01558732986,-0.06400775909,0.03031933308,341,-0.1227708849,-0.02448184686,-0.3164725525,0.2047151182,0.002812004987,-0.1199588799,0.00293255132,0
resize_0.5,all,ai_edited,10,noise_coef_variation,,,false,341,0.61586444,0.2419811776,0.5927323103,0.2746349871,0.4282916486,0.7578880787,1.043121576,0.3295964301,0.1038438156,1.520560622,0.5597237577,0.2188558302,0.539779067,0.2493122369,0.3959511518,0.6907300949,0.9224849939,0.2947789431,0.08682826161,1.33286798,-0.05614068228,0.08967705984,-0.04404062033,-0.220998168,-0.09756168723,-0.008026912808,0.06099665165,0.08953477442,-0.4254289865,0.2568503022,341,-0.2342092382,-0.1869652873,-0.4089668548,-0.03428572307,0.01961608186,-0.2145931564,0.005865102639,0.008797653959
resize_0.5,all,ai_edited,11,noise_inconsistency_score,,,false,341,0.4768346184,0.2839512414,0.4569764137,0.0328466557,0.2377222031,0.6771841049,1,0.4394619018,0,1,0.4108194369,0.2716171791,0.3863721192,0,0.1946015507,0.5876401067,0.8966466188,0.393038556,0,1,-0.06601518146,0.1119708437,-0.0554100275,-0.2569340467,-0.1126904213,-0.0004935339093,0.0776624158,0.1121968874,-0.5672386438,0.3424671143,341,-0.2338795126,-0.1959972641,-0.3982466751,-0.001787209597,0.01823291465,-0.2156465979,0,0
resize_0.5,all,ai_edited,12,jpeg_boundary_difference_ratio,,,false,341,1.086319508,0.08308355629,1.064600468,0.9966334105,1.027333617,1.133227944,1.233633995,0.1058943272,0.9104481339,1.533506393,1.004671487,0.04240776272,1.003544211,0.9555233121,0.9915732145,1.019194841,1.048279047,0.02762162685,0.7004143596,1.41086781,-0.08164802028,0.0815143383,-0.06523174047,-0.2119125128,-0.1182330847,-0.02509319782,0.01093894243,0.09313988686,-0.6135442853,0.06632184982,341,-0.9043613053,-0.7172321538,-1.307307125,-0.2842993834,-0.05592874343,-0.9602900488,0.008797653959,0.02052785924
resize_0.5,all,ai_edited,13,jpeg_periodic_grid_strength,,,false,341,0.08792840032,0.08082464848,0.06460051239,0,0.02733365074,0.1332279742,0.2336339802,0.1058943234,0,0.533506453,0.0136858202,0.02905391548,0.00354420091,0,0,0.01919483766,0.04827910662,0.01919483766,0,0.4108678401,-0.07424258012,0.07567325823,-0.0554920733,-0.2061397489,-0.1131891031,-0.01744487695,0.007014377043,0.09574422613,-0.4774694219,0.05404910445,341,-0.842904607,-0.6307897544,-1.25636593,-0.1978996589,-0.05743800629,-0.9003426133,0,0
resize_0.5,all,ai_edited,14,jpeg_artifact_score,,,false,341,0.1756591597,0.160594273,0.1292010248,0,0.05466730148,0.2664559484,0.4672679603,0.2117886469,0,1,0.0273716404,0.05810783096,0.007088401821,0,0,0.03838967532,0.09655821323,0.03838967532,0,0.8217356801,-0.1482875193,0.1503313019,-0.1109841466,-0.4122794978,-0.2263782062,-0.03488975391,0.01402875409,0.1914884523,-0.8879259378,0.1080982089,341,-0.8802832273,-0.6564181442,-1.306548827,-0.2061205,-0.054939256,-0.9352224833,0,0
resize_0.5,all,ai_edited,15,laplacian_variance,,,false,341,0.02782133683,0.03500255701,0.01703501306,0.002462649252,0.007196201012,0.03406967968,0.09043558687,0.02687347867,0.0001044801684,0.304591924,0.02320951898,0.01952296499,0.01875033602,0.0043870667,0.01022243686,0.02905475162,0.05998851731,0.01883231476,0.0003509540984,0.1621443182,-0.00461181785,0.02036904498,0.0006909794174,-0.03472339176,-0.0064503178,0.004270697013,0.009969593957,0.01072101481,-0.1849756241,0.02566828765,341,-0.1299780503,0.01993061784,-0.1813699062,0.1232544201,-0.007135034568,-0.1371130849,0.005865102639,0
resize_0.5_jpeg_q75,0,all,0,fft_high_freq_energy_ratio,0.2799905716,0.03453516356,false,138,0.2699188905,0.03470280166,0.271965012,0.2189435489,0.2513972744,0.2930865437,0.3192259714,0.04168926924,0.1760342121,0.3744005263,0.2688752847,0.03541694125,0.2712224573,0.2168578237,0.2488950491,0.290790163,0.3197296813,0.04189511389,0.1748867929,0.3800787926,-0.001043605848,0.002973795736,-0.002314373851,-0.003805890679,-0.00283741951,-0.001246865839,0.004848621786,0.001590553671,-0.00441712141,0.006132721901,138,-0.030218645,-0.06701499608,-0.08216030322,-0.03610424015,-0.2916355391,-0.3218541841,0,0
resize_0.5_jpeg_q75,0,all,1,fft_spectral_peak_count,0.002022058854,0.01407540999,false,138,0,0,0,0,0,0,0,0,0,0,0,0,0,0,0,0,0,0,0,0,0,0,0,0,0,0,0,0,0,0,138,0,0,0,0,-0.1436589666,-0.1436589666,0,0
resize_0.5_jpeg_q75,0,all,2,fft_radial_anomaly_score,0.013419118,0.06768276676,false,138,0.005797101536,0.0479782743,0,0,0,0,0,0,0,0.400000006,0.005797101536,0.0479782743,0,0,0,0,0,0,0,0.400000006,0,0,0,0,0,0,0,0,0,0,138,0,0,0,0,-0.1126138429,-0.1126138429,0,0
resize_0.5_jpeg_q75,0,all,3,fft_spectral_decay_slope,-1.385622557,0.1102622131,false,138,-1.423606407,0.1120404502,-1.425444186,-1.594202989,-1.487365931,-1.364293367,-1.25956108,0.1230725646,-1.73265934,-1.10025394,-1.425955355,0.1139073604,-1.42200768,-1.599284559,-1.492530704,-1.361395538,-1.258221507,0.1311351657,-1.736565709,-1.089131951,-0.002348948216,0.006584603906,-0.00498598814,-0.008720088005,-0.006586402655,-0.00284281373,0.0108105123,0.003743588924,-0.01050448418,0.01318407059,138,-0.02130329286,-0.045219373,-0.05973399656,-0.02578230249,-0.344486557,-0.3657898498,0,0
resize_0.5_jpeg_q75,0,all,4,dct_mean_high_freq_energy,0.6197976353,0.5345537214,false,138,0.6229195484,0.5827248687,0.4881677032,0.1002211858,0.2262522541,0.7755658478,1.437540543,0.5493135937,0.04105904698,3.785670042,0.4203827657,0.3045338105,0.3966284543,0.09519646317,0.1940157488,0.5091158897,1.062374133,0.3151001409,0.03364049643,1.829561353,-0.2025367828,0.3111652393,-0.1138292439,-0.7380919278,-0.2861630917,-0.006311970763,0.05961340219,0.2798511209,-1.956108689,0.1651288569,138,-0.3788894823,-0.2129425713,-0.535330838,-0.01180792596,0.005840223367,-0.3730492589,0.01449275362,0.01449275362
resize_0.5_jpeg_q75,0,all,5,dct_ac_energy_variance,0.6284246377,0.7343028515,false,138,0.6583205247,0.8985589689,0.3575113565,0.02801060453,0.1286392771,0.8179667741,2.571643233,0.689327497,0.0002849863376,5.270551682,0.338867806,0.3241069003,0.2656228542,0.03295429219,0.1000210606,0.455006063,1.092776823,0.3549850024,0.001044503762,1.606873393,-0.3194527187,0.611099493,-0.1049240306,-1.532505649,-0.391284287,0.01139378687,0.09048050195,0.4026780738,-3.663678288,0.2950895578,138,-0.4350421874,-0.1428893138,-0.5328649973,0.01551646824,0.0407132928,-0.3943288946,0.02898550725,0.01449275362
resize_0.5_jpeg_q75,0,all,6,dct_anomaly_score,0.8896165086,0.1617603228,false,138,0.8841059737,0.1707738684,1,0.5005223125,0.771111697,1,1,0.228888303,0.3281230032,1,0.9229970909,0.1155539065,1,0.6947551191,0.8620920032,1,1,0.1379079968,0.4961616099,1,0.03889111721,0.1005588937,0,-0.05946763754,0,0.06140314043,0.2104646504,0.06140314043,-0.1535936594,0.4368768036,138,0.2404243299,0,0,0.3795933351,-0.0340660481,0.2063582817,0.02173913043,0
resize_0.5_jpeg_q75,0,all,7,noise_global_level,0.08080894019,0.05559111742,false,138,0.08028065776,0.05718313319,0.07056604326,0.01799762454,0.0382585125,0.09814796411,0.1651149116,0.0598894516,0.006745913532,0.3703222573,0.07812917384,0.04131965979,0.07771236449,0.02833312936,0.04826452117,0.1001109369,0.1579835534,0.05184641574,0.01002450008,0.2520611882,-0.002151483926,0.02275691896,0.002827541903,-0.03691536263,-0.008970361203,0.0104627274,0.02202904765,0.0194330886,-0.1182610691,0.0432080701,138,-0.03870193704,0.05086319603,-0.1613632109,0.1882086183,-0.009503000644,-0.04820493769,0.01449275362,0
resize_0.5_jpeg_q75,0,all,8,noise_max_to_min_ratio,0.4005905392,0.3283078921,false,138,0.4453081456,0.3607283821,0.2647853196,0.07081967294,0.1493788511,0.8646017313,1,0.7152228802,0.04145768657,1,0.5048159449,0.3856610987,0.3374926299,0.07997359633,0.1488138884,1,1,0.8511861116,0.04857615381,1,0.05950779927,0.194009571,0,-0.1105601385,-0.02416388132,0.07322816551,0.573106055,0.09739204682,-0.4572456181,0.736666888,138,0.181256073,0,-0.07360128068,0.2230472287,0.1362063098,0.3174623828,0,0
resize_0.5_jpeg_q75,0,all,9,noise_std_of_variances,0.04551184494,0.02989405613,false,138,0.04365767066,0.02698248863,0.03658255562,0.01399608413,0.02659451729,0.05501394998,0.1025388174,0.0284194327,0.002154552378,0.1580343544,0.04201654892,0.01800246997,0.03697173111,0.0202848807,0.02938212035,0.05237406865,0.07752387747,0.0229919483,0.005843012594,0.1054019555,-0.001641121737,0.01351843931,-0.0003315452486,-0.02360604778,-0.006815752015,0.007490914548,0.01341869775,0.01430666656,-0.0526323989,0.0257762298,138,-0.05489792786,-0.01109067459,-0.2279968963,0.2505820727,-0.06202484765,-0.1169227755,0.01449275362,0
resize_0.5_jpeg_q75,0,all,10,noise_coef_variation,0.6096584915,0.2357993102,false,138,0.6182586212,0.254247811,0.575843662,0.3000096932,0.4279938638,0.7567478418,1.127750921,0.328753978,0.1991848499,1.52797842,0.6062550955,0.2295754948,0.6059069335,0.2977390662,0.4237928763,0.771370694,0.9814769238,0.3475778177,0.222491473,1.400981188,-0.01200352566,0.1181192098,-0.006308153272,-0.2052137226,-0.08269097656,0.03232915699,0.1812551185,0.1150201336,-0.3377560377,0.3700690269,138,-0.05090568607,-0.02675221258,-0.3506837085,0.1371045444,0.0364722427,-0.01443344337,0.02173913043,0.01449275362
resize_0.5_jpeg_q75,0,all,11,noise_inconsistency_score,0.4720873315,0.2820146066,false,138,0.4710049793,0.2822368338,0.4344582111,0.06667959392,0.237325158,0.6756637841,1,0.4383386262,0,1,0.4661772335,0.2810197482,0.4745425582,0.06365207676,0.2317238413,0.6951609403,0.975302574,0.463437099,0,1,-0.004827745826,0.1404948248,-0.005808025599,-0.1956889128,-0.09231844544,0.04310551286,0.2416734926,0.1354239583,-0.3457282186,0.4934253991,138,-0.01711877935,-0.02059476872,-0.3273534181,0.1528485115,-0.003837929798,-0.02095670915,0,0
resize_0.5_jpeg_q75,0,all,12,jpeg_boundary_difference_ratio,1.090870751,0.09272478005,false,138,1.094637892,0.08242513027,1.073904634,1.004617625,1.038554549,1.140414715,1.241220397,0.1018601656,0.9367277026,1.366062284,1.188218522,0.09987719165,1.166758955,1.04653393,1.12594822,1.237721741,1.37667591,0.1117735207,1.014656782,1.632506371,0.09358062995,0.05695117025,0.1010470986,-0.003092956543,0.05518689752,0.1250769198,0.1851445794,0.06989002228,-0.04585433006,0.2668597698,138,1.009230002,1.089752907,0.5951688155,1.348905004,0.04062712246,1.049857124,0,0
resize_0.5_jpeg_q75,0,all,13,jpeg_periodic_grid_strength,0.09243611017,0.0907148422,false,138,0.09642331938,0.07966541225,0.07390465587,0.004617586674,0.03855454829,0.1404147036,0.2412204221,0.1018601554,0,0.3660622239,0.1882185229,0.09987719528,0.166758962,0.04653395768,0.1259482056,0.237721771,0.3766759351,0.1117735654,0.01465675607,0.6325064301,0.09179520347,0.05624005216,0.1010471135,-0.003092994168,0.05245047249,0.125076903,0.1814871818,0.07262643054,-0.04585432261,0.2668596506,138,1.011909421,1.113898355,0.578190638,1.378792048,0.04395321777,1.055862639,0,0
resize_0.5_jpeg_q75,0,all,14,jpeg_artifact_score,0.1833023631,0.171337667,false,138,0.1928466388,0.1593308245,0.1478093117,0.009235173347,0.07710909657,0.2808294073,0.4824408442,0.2037203107,0,0.7321244478,0.3727242223,0.1851067929,0.333517924,0.09306791537,0.2518964112,0.475443542,0.7533518702,0.2235471308,0.02931351215,1,0.1798775835,0.1047923716,0.2020942271,-0.006185988337,0.104900945,0.2501538061,0.3375836641,0.1452528611,-0.09170864522,0.3978376314,138,1.04984261,1.179508456,0.6122468389,1.460004741,0.05570448035,1.105547091,0,0
resize_0.5_jpeg_q75,0,all,15,laplacian_variance,0.02789879267,0.0338247289,false,138,0.02909166392,0.04280568419,0.01999837346,0.002280609007,0.006337314378,0.03559730481,0.08532636315,0.02925999044,0.0001030618296,0.323674053,0.02242052768,0.02043558513,0.019611503,0.003556948772,0.00897521642,0.02652388019,0.06338878907,0.01754866377,0.0003598219191,0.1355297714,-0.00667113624,0.02466787032,-0.0005821874365,-0.02910127137,-0.008659624029,0.002869875636,0.008102059574,0.01152949966,-0.1881442815,0.01423893776,138,-0.1972265989,-0.01721188773,-0.2560145878,0.08484548817,0.03526624731,-0.1619603516,0.02898550725,0
resize_0.5_jpeg_q75,0,authentic,0,fft_high_freq_energy_ratio,0.2799905716,0.03453516356,false,69,0.2676152451,0.03527896482,0.2713539302,0.2168984205,0.247530669,0.2894434333,0.3214311659,0.04191276431,0.1760342121,0.3672825694,0.2666191567,0.03606295722,0.2694818974,0.2148160905,0.2456265241,0.2890800536,0.3205465436,0.04345352948,0.1748867929,0.3729340434,-0.0009960884201,0.002961294314,-0.002232760191,-0.003695386648,-0.002801954746,-0.001147419214,0.004662495852,0.001654535532,-0.004206329584,0.006132721901,69,-0.02884273064,-0.06465179141,-0.08113338572,-0.03322466425,-0.3583398836,-0.3871826142,0,0
resize_0.5_jpeg_q75,0,authentic,1,fft_spectral_peak_count,0.002022058854,0.01407540999,false,69,0,0,0,0,0,0,0,0,0,0,0,0,0,0,0,0,0,0,0,0,0,0,0,0,0,0,0,0,0,0,69,0,0,0,0,-0.1436589666,-0.1436589666,0,0
resize_0.5_jpeg_q75,0,authentic,2,fft_radial_anomaly_score,0.013419118,0.06768276676,false,69,0.005797101536,0.04815434195,0,0,0,0,0,0,0,0.400000006,0.005797101536,0.04815434195,0,0,0,0,0,0,0,0.400000006,0,0,0,0,0,0,0,0,0,0,69,0,0,0,0,-0.1126138429,-0.1126138429,0,0
resize_0.5_jpeg_q75,0,authentic,3,fft_spectral_decay_slope,-1.385622557,0.1102622131,false,69,-1.430753112,0.1147607778,-1.426779509,-1.600326872,-1.487609267,-1.371150851,-1.261711669,0.116458416,-1.73265934,-1.110512137,-1.43298924,0.1168093702,-1.417927742,-1.608852553,-1.492882133,-1.377235889,-1.26221242,0.1156462431,-1.736565709,-1.099108577,-0.002236127853,0.006612049578,-0.004903316498,-0.008404922485,-0.006328463554,-0.002834200859,0.01086504459,0.003494262695,-0.01006484032,0.01318407059,69,-0.02028009226,-0.04446959989,-0.05739467202,-0.02570418986,-0.409302097,-0.4295821893,0,0
resize_0.5_jpeg_q75,0,authentic,4,dct_mean_high_freq_energy,0.6197976353,0.5345537214,false,69,0.6180749267,0.5952769108,0.4740214944,0.09867266417,0.2234260589,0.7519392967,1.43703568,0.5285132378,0.04105904698,3.785670042,0.4187865823,0.3126979579,0.4011987746,0.09426930845,0.1880246252,0.5084321499,1.066044784,0.3204075247,0.03369743004,1.829561353,-0.1992883444,0.315566413,-0.1065431237,-0.6932916939,-0.2816551924,-0.005962088704,0.0648571074,0.2756931037,-1.956108689,0.1641089916,69,-0.3728125658,-0.1993122851,-0.5268978235,-0.01115339481,-0.003222704407,-0.3760352702,0.01449275362,0.01449275362
resize_0.5_jpeg_q75,0,authentic,5,dct_ac_energy_variance,0.6284246377,0.7343028515,false,69,0.6633549428,0.9142852431,0.3665522933,0.02697313018,0.1177308857,0.819165647,2.399181032,0.7014347613,0.0002849863376,5.270551682,0.3361253863,0.3289751901,0.2507889569,0.03158925399,0.09805296361,0.4568449259,1.056708074,0.3587919623,0.001044503762,1.606873393,-0.3272295564,0.623020848,-0.100340683,-1.355093956,-0.3969345093,0.00999497436,0.07904325724,0.4069294836,-3.663678288,0.2950895578,69,-0.4456329644,-0.1366475465,-0.540559673,0.01361151511,0.0475693442,-0.3980636202,0.02898550725,0.01449275362
resize_0.5_jpeg_q75,0,authentic,6,dct_anomaly_score,0.8896165086,0.1617603228,false,69,0.8879090625,0.1721135007,1,0.5240263104,0.7816799879,1,1,0.2183200121,0.3281230032,1,0.9209658603,0.1170100323,1,0.7063169599,0.8538297415,1,1,0.1461702585,0.4961616099,1,0.03305679776,0.1013013606,0,-0.08408554792,0,0.04758447409,0.1914577127,0.04758447409,-0.1535936594,0.4368768036,69,0.2043566505,0,0,0.2941665376,-0.0105554074,0.1938012431,0.02898550725,0
resize_0.5_jpeg_q75,0,authentic,7,noise_global_level,0.08080894019,0.05559111742,false,69,0.0805053915,0.05851415123,0.07197356224,0.01819529869,0.03660837561,0.1022324786,0.1648542762,0.06562410295,0.006745913532,0.3703222573,0.07768686406,0.04227521671,0.07786647975,0.02743482403,0.04820725322,0.09927468002,0.1583617866,0.0510674268,0.01002450008,0.2520611882,-0.002818527436,0.02305439046,0.002566654235,-0.03612075448,-0.009664192796,0.0102211535,0.02152282,0.01988534629,-0.1182610691,0.04279590398,69,-0.05070103942,0.04617022205,-0.1738441903,0.1838630697,-0.005460381204,-0.05616142063,0.01449275362,0
resize_0.5_jpeg_q75,0,authentic,8,noise_max_to_min_ratio,0.4005905392,0.3283078921,false,69,0.4443641093,0.3622214853,0.2658881545,0.07129057646,0.142224431,0.8488205075,1,0.7065960765,0.04370579496,1,0.5029341386,0.3886693061,0.3360915184,0.0773259744,0.1460745186,1,1,0.8539254814,0.048754327,1,0.0585700293,0.1947508717,0,-0.1115672052,-0.02428352088,0.07419258356,0.5070325613,0.09847610444,-0.4572456181,0.7341118455,69,0.1783996995,0,-0.07396569337,0.2259847702,0.1333308496,0.3117305491,0,0
resize_0.5_jpeg_q75,0,authentic,9,noise_std_of_variances,0.04551184494,0.02989405613,false,69,0.04369038287,0.02724900578,0.03717752174,0.01391178984,0.02697456814,0.054776337,0.09540184885,0.02780176885,0.002154552378,0.1550073773,0.04144923354,0.01834713604,0.03679567575,0.02019985132,0.02873359621,0.05237886682,0.07433438748,0.02364527062,0.005843012594,0.1031351089,-0.002241149329,0.01342463698,-0.001928467304,-0.02342901677,-0.006915658712,0.007511195727,0.01258050725,0.01442685444,-0.05187226832,0.0257762298,69,-0.0749697304,-0.06451005829,-0.2313389218,0.2512605079,-0.06093057629,-0.1359003067,0.01449275362,0
resize_0.5_jpeg_q75,0,authentic,10,noise_coef_variation,0.6096584915,0.2357993102,false,69,0.619954743,0.2614177481,0.5725318193,0.3023601413,0.4268141091,0.7614194751,1.073199153,0.334605366,0.2025957406,1.52797842,0.6033652058,0.2328465588,0.6123447418,0.298697108,0.4090046883,0.7632111907,0.9802597761,0.3542065024,0.2275638282,1.400981188,-0.01658953726,0.1181714332,-0.00857180357,-0.2038633823,-0.08566492796,0.02021086216,0.166596359,0.1058757901,-0.3377560377,0.3700690269,69,-0.0703544775,-0.0363521147,-0.3632959227,0.08571213438,0.04366531661,-0.0266891609,0.02898550725,0.01449275362
resize_0.5_jpeg_q75,0,authentic,11,noise_inconsistency_score,0.4720873315,0.2820146066,false,69,0.4703471324,0.2843488453,0.4300424159,0.06981352568,0.2357521355,0.6818926334,0.9851087809,0.4461404979,0,1,0.4619215462,0.2846717817,0.4831262827,0.06492946893,0.212006256,0.6842815876,0.9736797452,0.4722753316,0,1,-0.008425586169,0.1398927784,-0.006991326809,-0.1923919566,-0.1028497219,0.02694785595,0.2221284896,0.1297975779,-0.3272237182,0.4934253991,69,-0.02987641764,-0.02479065497,-0.3646964359,0.09555482345,-0.006170599333,-0.03604701697,0,0
resize_0.5_jpeg_q75,0,authentic,12,jpeg_boundary_difference_ratio,1.090870751,0.09272478005,false,69,1.099273489,0.08535653055,1.078463078,1.005254459,1.043555379,1.148357272,1.255086613,0.1048018932,0.9367277026,1.366062284,1.190238548,0.1007576959,1.168275476,1.054342747,1.125469565,1.240907431,1.360977364,0.1154378653,1.014656782,1.632506371,0.09096505936,0.05817294051,0.101046443,-0.01398043633,0.04664742947,0.1233828068,0.1834201574,0.07673537731,-0.03787183762,0.266444087,69,0.9810221098,1.089745836,0.5030740374,1.330634666,0.09062019928,1.071642309,0,0
resize_0.5_jpeg_q75,0,authentic,13,jpeg_periodic_grid_strength,0.09243611017,0.0907148422,false,69,0.1011309469,0.08243236445,0.0784631297,0.005254429486,0.04355535656,0.1483572572,0.2550866425,0.1048019007,0,0.3660622239,0.1902385489,0.1007577041,0.1682754904,0.05434272438,0.1254695952,0.2409074157,0.3609773815,0.1154378206,0.01465675607,0.6325064301,0.089107602,0.05719966584,0.1010464877,-0.01398049295,0.0454415679,0.1233827621,0.1754713506,0.07794119418,-0.03787183762,0.2664442062,69,0.9822825002,1.113891456,0.5009275968,1.360116593,0.09584800616,1.078130506,0,0
resize_0.5_jpeg_q75,0,authentic,14,jpeg_artifact_score,0.1833023631,0.171337667,false,69,0.2022618938,0.1648647289,0.1569262594,0.01050885897,0.08711071312,0.2967145145,0.510173285,0.2096038014,0,0.7321244478,0.3766363318,0.186364701,0.3365509808,0.1086854488,0.2509391904,0.4818148315,0.7219547629,0.2308756411,0.02931351215,1,0.1743744379,0.1064920684,0.2020929754,-0.0279609859,0.0908831358,0.2467655241,0.3307914764,0.1558823884,-0.07574367523,0.3721944988,69,1.017723896,1.179501151,0.5304329014,1.440229277,0.1106559411,1.128379837,0,0
resize_0.5_jpeg_q75,0,authentic,15,laplacian_variance,0.02789879267,0.0338247289,false,69,0.02949938314,0.04420125242,0.02020472474,0.002270818315,0.005969624966,0.03699894622,0.07890564501,0.03102932125,0.0001030618296,0.323674053,0.02228826107,0.02101097764,0.01946441457,0.003469979297,0.00799009297,0.02655388042,0.05862244368,0.01856378745,0.0003598219191,0.1355297714,-0.007211122066,0.02550911748,-0.0006695948541,-0.02846660018,-0.009191436693,0.0025761039,0.007518387586,0.01176754059,-0.1881442815,0.01394633297,69,-0.2131908311,-0.0197960154,-0.2717371873,0.07616037092,0.04732012704,-0.165870704,0.02898550725,0
resize_0.5_jpeg_q75,0,ai_edited,0,fft_high_freq_energy_ratio,0.2799905716,0.03453516356,false,69,0.272222536,0.03421847377,0.275267154,0.2219266862,0.2534981966,0.2949897945,0.3187403679,0.04149159789,0.1780514121,0.3744005263,0.2711314127,0.03487547995,0.2726946771,0.2198287517,0.25130108,0.2927342951,0.316707021,0.04143321514,0.1767871231,0.3800787926,-0.001091123275,0.003007179213,-0.002351015806,-0.003783077002,-0.002895146608,-0.001264289021,0.004851907492,0.001630857587,-0.00441712141,0.005678266287,69,-0.03159455936,-0.06807600033,-0.08383184875,-0.03660874573,-0.2249311946,-0.256525754,0,0
resize_0.5_jpeg_q75,0,ai_edited,1,fft_spectral_peak_count,0.002022058854,0.01407540999,false,69,0,0,0,0,0,0,0,0,0,0,0,0,0,0,0,0,0,0,0,0,0,0,0,0,0,0,0,0,0,0,69,0,0,0,0,-0.1436589666,-0.1436589666,0,0
resize_0.5_jpeg_q75,0,ai_edited,2,fft_radial_anomaly_score,0.013419118,0.06768276676,false,69,0.005797101536,0.04815434195,0,0,0,0,0,0,0,0.400000006,0.005797101536,0.04815434195,0,0,0,0,0,0,0,0.400000006,0,0,0,0,0,0,0,0,0,0,69,0,0,0,0,-0.1126138429,-0.1126138429,0,0
resize_0.5_jpeg_q75,0,ai_edited,3,fft_spectral_decay_slope,-1.385622557,0.1102622131,false,69,-1.416459702,0.1096222592,-1.419485807,-1.586987209,-1.482180834,-1.348156929,-1.257024431,0.1340239048,-1.719831467,-1.10025394,-1.418921471,0.1113361822,-1.425441742,-1.595191097,-1.484662414,-1.35685277,-1.257665753,0.1278096437,-1.723623753,-1.089131951,-0.002461768579,0.006603528557,-0.005138039589,-0.008564662933,-0.006623744965,-0.002868652344,0.01078629494,0.003755092621,-0.01050448418,0.0118188858,69,-0.02232649346,-0.04659837171,-0.0600726648,-0.02601664037,-0.2796710169,-0.3019975104,0,0
resize_0.5_jpeg_q75,0,ai_edited,4,dct_mean_high_freq_energy,0.6197976353,0.5345537214,false,69,0.6277641702,0.5742194395,0.5124770999,0.1108863637,0.2412195504,0.7892599106,1.429987264,0.5480403602,0.04187816754,3.636818409,0.4219789491,0.2984297839,0.386269927,0.09970545471,0.2160121948,0.5093438029,1.040438795,0.2933316082,0.03364049643,1.747407794,-0.2057852211,0.3089788272,-0.1210072637,-0.696117574,-0.2976345122,-0.008237671107,0.05239685774,0.2893968411,-1.889410615,0.1651288569,69,-0.3849663988,-0.2263706318,-0.5567906466,-0.01541037089,0.01490315114,-0.3700632477,0.01449275362,0.01449275362
resize_0.5_jpeg_q75,0,ai_edited,5,dct_ac_energy_variance,0.6284246377,0.7343028515,false,69,0.6532861066,0.8892250275,0.3484704196,0.03260450102,0.1522630304,0.8096401095,2.534277678,0.6573770791,0.0004287126649,5.233992577,0.3416102256,0.3215515675,0.2723944187,0.03547026813,0.1162071601,0.4231626391,1.122511935,0.3069554791,0.001053864602,1.604161024,-0.311675881,0.6034063881,-0.1095073782,-1.411765742,-0.3743336201,0.01186005771,0.08713512421,0.3861936778,-3.629831553,0.259388566,69,-0.4244514105,-0.1491310812,-0.5097809703,0.01615145262,0.03385724141,-0.3905941691,0.02898550725,0.01449275362
resize_0.5_jpeg_q75,0,ai_edited,6,dct_anomaly_score,0.8896165086,0.1617603228,false,69,0.8803028849,0.1705986428,1,0.5353471756,0.7646696568,1,1,0.2353303432,0.3411827087,1,0.9250283215,0.1149001876,1,0.6949867845,0.8690420985,1,1,0.1309579015,0.5080328584,1,0.04472543666,0.1002090019,0,-0.04793506861,0,0.07658469677,0.2284994483,0.07658469677,-0.1422051787,0.3966565132,69,0.2764920092,0,0,0.4734454991,-0.0575766888,0.2189153204,0.01449275362,0
resize_0.5_jpeg_q75,0,ai_edited,7,noise_global_level,0.08080894019,0.05559111742,false,69,0.08005592403,0.05624855531,0.06915852427,0.01875221208,0.03857033327,0.09627329558,0.1622808248,0.05770296231,0.006754894275,0.3557565212,0.07857148361,0.04064658849,0.07755824924,0.02897853144,0.04878770933,0.1013606265,0.1551799119,0.05257291719,0.01005184744,0.2437577248,-0.001484440417,0.02260448328,0.002936527133,-0.0359457165,-0.008293479681,0.01120882854,0.02254671901,0.01950230822,-0.1119987965,0.0432080701,69,-0.02670283466,0.05282367525,-0.1491871376,0.2016298477,-0.01354562008,-0.04024845474,0.01449275362,0
resize_0.5_jpeg_q75,0,ai_edited,8,noise_max_to_min_ratio,0.4005905392,0.3283078921,false,69,0.4462521819,0.3618802574,0.2636824846,0.06979696006,0.1606089771,0.8698621392,1,0.7092531621,0.04145768657,1,0.5066977511,0.3854675367,0.3388937414,0.08182700574,0.157031998,1,1,0.842968002,0.04857615381,1,0.06044556924,0.1946876108,0,-0.1041858315,-0.02380496264,0.073151052,0.5090352952,0.09695601463,-0.4572456181,0.736666888,69,0.1841124466,0,-0.07250804262,0.2228123471,0.13908177,0.3231942166,0,0
resize_0.5_jpeg_q75,0,ai_edited,9,noise_std_of_variances,0.04551184494,0.02989405613,false,69,0.04362495845,0.02691292598,0.03598758951,0.01447887011,0.02646783367,0.05509315431,0.09505370706,0.02862532064,0.002187216189,0.1580343544,0.0425838643,0.01776719739,0.03847025707,0.0219391562,0.03014315292,0.05227681994,0.07508114129,0.02213366702,0.005934870802,0.1054019555,-0.001041094145,0.01368328698,0.00114113465,-0.02312776148,-0.006467718631,0.007430071011,0.01355678961,0.01389778964,-0.0526323989,0.02561245114,69,-0.03482612531,0.03817262684,-0.2163546694,0.2485467673,-0.06311911901,-0.09794524432,0.01449275362,0
resize_0.5_jpeg_q75,0,ai_edited,10,noise_coef_variation,0.6096584915,0.2357993102,false,69,0.6165624993,0.2487758798,0.5791555047,0.305921942,0.4383569956,0.7533271313,1.063267303,0.3149701357,0.1991848499,1.520560622,0.6091449852,0.2279263461,0.6040244699,0.3050456524,0.4449348152,0.7740905285,0.9789160848,0.3291557133,0.222491473,1.39734149,-0.007417514056,0.1187531257,-0.004180014133,-0.2009944439,-0.07515215874,0.03246575594,0.1970030665,0.1076179147,-0.2592961788,0.3569195271,69,-0.03145689464,-0.01772699899,-0.3187123774,0.1376838461,0.02927916879,-0.002177725847,0.01449275362,0.01449275362
resize_0.5_jpeg_q75,0,ai_edited,11,noise_inconsistency_score,0.4720873315,0.2820146066,false,69,0.4716628262,0.2821906313,0.4388740063,0.07456259429,0.2511426508,0.6711028218,0.9827120781,0.419960171,0,1,0.4704329207,0.2793398906,0.4720326066,0.07339419276,0.2599130869,0.6987873912,0.971888113,0.4388743043,0,1,-0.001229905483,0.1420267895,-0.002909950912,-0.2039326727,-0.08724614978,0.04328763485,0.2626707375,0.1305337846,-0.3457282186,0.4758927226,69,-0.004361141068,-0.0103184404,-0.3093674857,0.1534943008,-0.001505260264,-0.005866401332,0,0
resize_0.5_jpeg_q75,0,ai_edited,12,jpeg_boundary_difference_ratio,1.090870751,0.09272478005,false,69,1.090002295,0.07973937343,1.072321057,1.004238486,1.038431048,1.1353513,1.231177855,0.09692025185,0.9374209642,1.356818676,1.186198495,0.0996855574,1.165494919,1.055056858,1.126128197,1.234326482,1.36418035,0.1081982851,1.017549157,1.623678446,0.09619620054,0.05600530807,0.1024057865,0.008007359505,0.06345868111,0.1262624264,0.1865635157,0.06280374527,-0.04585433006,0.2668597698,69,1.037437894,1.104405817,0.6843767229,1.361690222,-0.009365954367,1.02807194,0,0
resize_0.5_jpeg_q75,0,ai_edited,13,jpeg_periodic_grid_strength,0.09243611017,0.0907148422,false,69,0.09171569184,0.07711301969,0.07232104242,0.004238491366,0.03843105957,0.1353512853,0.2311778694,0.09692022577,0,0.3568187356,0.1861984968,0.09968555649,0.1654948741,0.05505688712,0.1261281818,0.2343264222,0.3641803741,0.1081982404,0.01754915714,0.6236783862,0.09448280494,0.05555123928,0.1024058312,0.00748463273,0.06323078275,0.1262624133,0.1817226261,0.06303163059,-0.04585432261,0.2668596506,69,1.041536342,1.128876254,0.6970279748,1.391860585,-0.007941570622,1.033594772,0,0
resize_0.5_jpeg_q75,0,ai_edited,14,jpeg_artifact_score,0.1833023631,0.171337667,false,69,0.1834313837,0.1542260394,0.1446420848,0.008476982731,0.07686211914,0.2707025707,0.4623557389,0.1938404515,0,0.7136374712,0.3688121128,0.1851217938,0.3309897482,0.1101137742,0.2522563636,0.4686528444,0.7283607483,0.2163964808,0.03509831429,1,0.1853807291,0.1035487977,0.2048116624,0.01496926546,0.1264615655,0.2525248267,0.3415438324,0.1260632612,-0.09170864522,0.3978376314,69,1.081961325,1.195368573,0.7380838536,1.473843033,0.0007530196,1.082714344,0,0
resize_0.5_jpeg_q75,0,ai_edited,15,laplacian_variance,0.02789879267,0.0338247289,false,69,0.02868394471,0.04168346319,0.01991919987,0.002396052377,0.007196201012,0.03478367627,0.08247068226,0.02758747526,0.0001044801684,0.304591924,0.02255279429,0.01999677384,0.01974007487,0.003649167949,0.01003842801,0.02643387951,0.05691476017,0.0163954515,0.0003665711265,0.1290446371,-0.006131150414,0.02397184636,-0.0003740228713,-0.02983670607,-0.008256807923,0.003738956992,0.008345185686,0.01199576491,-0.1755472869,0.01423893776,69,-0.1812623667,-0.01105767536,-0.2441056644,0.1105391562,0.02321236758,-0.1580499991,0.02898550725,0
resize_0.5_jpeg_q75,1,all,0,fft_high_freq_energy_ratio,0.2786693905,0.0355163206,false,136,0.2750749312,0.03160326606,0.2767008096,0.222432591,0.2527769282,0.2948192582,0.3253226727,0.04204232991,0.2045774013,0.3512496948,0.2738859601,0.0311664863,0.2743520886,0.2247590832,0.2522720546,0.2938475236,0.3228070065,0.04157546908,0.2073396295,0.3498264849,-0.001188971102,0.002674810718,-0.002286195755,-0.003878600895,-0.002816438675,-0.00058292225,0.004018343985,0.002233516425,-0.005112379789,0.006333515048,136,-0.03347675329,-0.06437028714,-0.07929984378,-0.01641279953,-0.1012058459,-0.1346825992,0,0
resize_0.5_jpeg_q75,1,all,1,fft_spectral_peak_count,0.001648351673,0.01273256088,false,136,0.001470588257,0.01208178394,0,0,0,0,0,0,0,0.1000000015,0.001470588257,0.01208178394,0,0,0,0,0,0,0,0.1000000015,0,0,0,0,0,0,0,0,0,0,136,0,0,0,0,-0.01396132462,-0.01396132462,0,0
resize_0.5_jpeg_q75,1,all,2,fft_radial_anomaly_score,0.01300366332,0.06736367464,false,136,0.007352941396,0.04963922265,0,0,0,0,0,0,0,0.400000006,0.004411764881,0.03624535273,0,0,0,0,0,0,0,0.3000000119,-0.002941176514,0.03429971754,0,0,0,0,0,0,-0.400000006,0,136,-0.04366116501,0,0,0,-0.08388381356,-0.1275449786,0,0
resize_0.5_jpeg_q75,1,all,3,fft_spectral_decay_slope,-1.392526299,0.1152052171,false,136,-1.3964485,0.09599708793,-1.394814312,-1.558979988,-1.457956523,-1.343144357,-1.236070007,0.1148121655,-1.652271986,-1.201180458,-1.398706406,0.09484622472,-1.399450243,-1.55652234,-1.460998297,-1.344819576,-1.242715299,0.1161787212,-1.645302653,-1.205001116,-0.002257906339,0.006127870698,-0.004616379738,-0.008364021778,-0.005977481604,-0.0002921521664,0.009423166513,0.005685329437,-0.01074063778,0.01755511761,136,-0.01959899383,-0.04007092609,-0.0518855114,-0.002535928266,-0.03404534503,-0.05364433886,0,0
resize_0.5_jpeg_q75,1,all,4,dct_mean_high_freq_energy,0.6181044546,0.5493786794,false,136,0.6297630816,0.524664406,0.4934166074,0.09328012168,0.2241934575,0.8972641379,1.519081235,0.6730706804,0.05065156892,2.925590038,0.4181795118,0.2921437071,0.345718652,0.06408188306,0.1944091581,0.5915116966,1.011913627,0.3971025385,0.05105498806,1.309606791,-0.2115835698,0.3109630086,-0.1199249029,-0.733871676,-0.3124641702,-0.02160681412,0.04746125266,0.290857356,-1.909239173,0.3674124479,136,-0.3851324737,-0.2182918767,-0.5687591854,-0.03932954613,0.02122147702,-0.3639109967,0,0
resize_0.5_jpeg_q75,1,all,5,dct_ac_energy_variance,0.6270257644,0.7701390409,false,136,0.6643762352,0.7700229038,0.3724529296,0.0212386502,0.1219567321,0.867768243,2.548336148,0.7458115108,0.004253847525,3.741172791,0.3375335662,0.3043992451,0.2328142822,0.01978327706,0.1275775172,0.4301644936,0.9361349791,0.3025869764,0.004896665458,1.383016348,-0.326842669,0.5490937513,-0.1325978935,-1.955880739,-0.4337440282,-0.002731877845,0.07499799039,0.4310121504,-2.358156443,0.2222239971,136,-0.4243943647,-0.1721739666,-0.5632022338,-0.003547252768,0.04849834749,-0.3758960172,0,0
resize_0.5_jpeg_q75,1,all,6,dct_anomaly_score,0.8892446845,0.1661288857,false,136,0.8855177008,0.1530633687,0.9908505976,0.5826226026,0.7990061194,1,1,0.2009938806,0.4697971344,1,0.9373776904,0.1080784914,1,0.6705380827,0.8892594129,1,1,0.1107405871,0.604491055,1,0.05185998954,0.1010532033,0,-0.03353197873,0,0.09722931683,0.2470949739,0.09722931683,-0.1820470095,0.524167031,136,0.3121672028,0,0,0.5852643654,-0.02243429052,0.2897329123,0,0
resize_0.5_jpeg_q75,1,all,7,noise_global_level,0.0804362417,0.05589460607,false,136,0.0817691637,0.05598680928,0.06610705703,0.01981766894,0.03725283872,0.1069633383,0.173744671,0.06971049961,0.009654874913,0.3072870076,0.07755161126,0.0415123678,0.06855121627,0.02056111488,0.04647955392,0.1017556973,0.1546042971,0.05527614336,0.01484514587,0.1901489049,-0.004217552439,0.02786273332,-2.280063927e-05,-0.05343506671,-0.01262703724,0.01199972117,0.02282178588,0.02462675842,-0.1525065005,0.06265965849,136,-0.07545544616,-0.000407921996,-0.2259079745,0.2146847794,0.02384705949,-0.05160838667,0,0
resize_0.5_jpeg_q75,1,all,8,noise_max_to_min_ratio,0.4106514387,0.3299784221,false,136,0.4055742049,0.357236594,0.2709191442,0.06124536879,0.1055570152,0.7744327039,1,0.6688756887,0.03581236303,1,0.4351416515,0.366916571,0.2543556094,0.07197131962,0.1140866578,0.8503380269,1,0.7362513691,0.0560490787,1,0.02956744656,0.1549189783,0,-0.1849698126,-0.04410025477,0.05047127418,0.2919787467,0.09457152896,-0.2334746718,0.7479816377,136,0.08960418192,0,-0.1336458745,0.1529532564,-0.01538656299,0.07421761893,0,0
resize_0.5_jpeg_q75,1,all,9,noise_std_of_variances,0.04483697512,0.02864084927,false,136,0.04633980721,0.03198857211,0.04018729739,0.008991582785,0.022138,0.06126636732,0.1180320587,0.03912836732,0.003824761836,0.1617175788,0.04360912022,0.02148080231,0.04160650261,0.01477699354,0.02750024013,0.057915424,0.08129997365,0.03041518386,0.006962767337,0.1167083681,-0.00273068699,0.01556400415,0.0002679610625,-0.04467385076,-0.009788019583,0.007680874318,0.01578439493,0.0174688939,-0.05366459489,0.01814520359,136,-0.0953423889,0.009355904916,-0.3417503263,0.268179,0.05247163151,-0.04287075739,0,0
resize_0.5_jpeg_q75,1,all,10,noise_coef_variation,0.6124711164,0.2372147582,false,136,0.607093232,0.2492087521,0.5931148529,0.2538701929,0.4148940369,0.7768195271,1.018683344,0.3619254902,0.1178079024,1.325475693,0.6145081446,0.2234059463,0.5967487097,0.30129271,0.4241750017,0.7705950737,1.019857019,0.346420072,0.2336283773,1.213120461,0.007414912531,0.1161391873,0.00217217207,-0.154270649,-0.03902257234,0.05379913375,0.152437672,0.09282170609,-0.3004353046,0.5764178336,136,0.03125822603,0.009156985366,-0.164503139,0.2267950534,-0.02267095178,0.00858727425,0,0
resize_0.5_jpeg_q75,1,all,11,noise_inconsistency_score,0.4737415174,0.2792792032,false,136,0.4643479926,0.2929146226,0.4574864656,0.005580119672,0.2198587246,0.7024260759,1,0.4825673513,0,1,0.4774290532,0.2784165299,0.4623316079,0.06839029863,0.2322333381,0.6941267401,0.9979450256,0.461893402,0,1,0.0130810606,0.1439338045,0,-0.1846248731,-0.04436191171,0.06734856963,0.1966765421,0.1117104813,-0.4005804658,0.7685571164,136,0.04683864909,0,-0.1588443078,0.2411513957,-0.03363488819,0.0132037609,0,0
resize_0.5_jpeg_q75,1,all,12,jpeg_boundary_difference_ratio,1.090441064,0.08958681008,false,136,1.096418357,0.09520352852,1.066247702,1.001485005,1.029974163,1.146678865,1.26335606,0.1167047024,0.9632553458,1.533506393,1.200198674,0.1160241304,1.181133389,1.056250423,1.131188452,1.245339841,1.459649414,0.1141513884,0.9960668087,1.643957376,0.1037803174,0.07123766116,0.1005348563,0.003896266222,0.05424943566,0.1351516843,0.2465416491,0.08090224862,-0.01252645254,0.371645093,136,1.158433003,1.122206006,0.6055515942,1.508611415,0.0667206799,1.225153683,0,0
resize_0.5_jpeg_q75,1,all,13,jpeg_periodic_grid_strength,0.09230288765,0.0870774111,false,136,0.09701680405,0.09449497051,0.06624772772,0.001556052652,0.02997411089,0.1466788873,0.2633560821,0.1167047764,0,0.533506453,0.2002431435,0.1159461678,0.1811334044,0.05625040829,0.1311884969,0.2453398556,0.4596494511,0.1141513586,0,0.6439573169,0.1032263395,0.0714189791,0.1005348377,0.003896318376,0.05376192182,0.135151715,0.246541664,0.08138979319,-0.01041236613,0.3716451675,136,1.185454852,1.154545552,0.6174037692,1.552086969,0.05413477887,1.239589631,0,0
resize_0.5_jpeg_q75,1,all,14,jpeg_artifact_score,0.1832646402,0.1648027988,false,136,0.1931384419,0.1849521611,0.1324954554,0.003112105303,0.05994822178,0.2933577746,0.5267121643,0.2334095528,0,1,0.3941245606,0.2113800461,0.3622668087,0.1125008166,0.2623769939,0.4906797111,0.9192989022,0.2283027172,0,1,0.2009861187,0.1386304793,0.1974691479,0.001165419817,0.1020967998,0.27030343,0.4434645623,0.1682066303,-0.02082473226,0.6467817128,136,1.219555251,1.198214771,0.6195088949,1.640162861,0.05991282741,1.279468079,0,0
resize_0.5_jpeg_q75,1,all,15,laplacian_variance,0.02805360432,0.03645127683,false,136,0.02848768291,0.03312089592,0.01750809141,0.002079587575,0.006000415888,0.03995538224,0.09094562009,0.03395496635,0.0003404301242,0.1899305731,0.0217825299,0.01772599204,0.01740502566,0.002097097749,0.008532875916,0.02811465692,0.06311224401,0.019581781,0.0007937353221,0.0756726414,-0.006705153006,0.02152845862,-0.0008907257579,-0.04040019587,-0.008071986493,0.002702594938,0.00702555757,0.01077458143,-0.1335444041,0.02957616933,136,-0.1839483713,-0.02443606467,-0.2214459189,0.07414266861,0.01190846057,-0.1720399108,0,0
resize_0.5_jpeg_q75,1,authentic,0,fft_high_freq_energy_ratio,0.2786693905,0.0355163206,false,68,0.2733628728,0.03274662963,0.2772905678,0.2159176648,0.2500021048,0.2949026823,0.3199210733,0.04490057752,0.2045774013,0.3497065008,0.2721569902,0.03219724467,0.2750050426,0.217758882,0.2505809851,0.2926789224,0.3172737226,0.04209793732,0.2073396295,0.3487403989,-0.001205882605,0.002686986979,-0.002298161387,-0.00391638577,-0.00282304734,-0.001055113971,0.004206290841,0.001767933369,-0.005112379789,0.005557522178,68,-0.03395291475,-0.06470719232,-0.07948591781,-0.02970786257,-0.1494106815,-0.1833635963,0,0
resize_0.5_jpeg_q75,1,authentic,1,fft_spectral_peak_count,0.001648351673,0.01273256088,false,68,0,0,0,0,0,0,0,0,0,0,0,0,0,0,0,0,0,0,0,0,0,0,0,0,0,0,0,0,0,0,68,0,0,0,0,-0.1294595556,-0.1294595556,0,0
resize_0.5_jpeg_q75,1,authentic,2,fft_radial_anomaly_score,0.01300366332,0.06736367464,false,68,0,0,0,0,0,0,0,0,0,0,0,0,0,0,0,0,0,0,0,0,0,0,0,0,0,0,0,0,0,0,68,0,0,0,0,-0.1930367277,-0.1930367277,0,0
resize_0.5_jpeg_q75,1,authentic,3,fft_spectral_decay_slope,-1.392526299,0.1152052171,false,68,-1.402324428,0.1007527649,-1.393148303,-1.570171875,-1.464722425,-1.34111312,-1.24897173,0.1236093044,-1.652271986,-1.219006419,-1.404582078,0.09949034239,-1.397138715,-1.570875818,-1.467407525,-1.341318727,-1.253918791,0.126088798,-1.645302653,-1.211291671,-0.002257650389,0.006179216576,-0.00477129221,-0.008493286371,-0.005961477757,-0.0002523064613,0.009522014856,0.005709171295,-0.01074063778,0.01613175869,68,-0.01959677215,-0.04141559151,-0.05174659541,-0.002190061073,-0.08504935084,-0.104646123,0,0
resize_0.5_jpeg_q75,1,authentic,4,dct_mean_high_freq_energy,0.6181044546,0.5493786794,false,68,0.6237754021,0.5323617182,0.4812808037,0.08102234565,0.2218127847,0.8971287459,1.48335135,0.6753159612,0.05065156892,2.925590038,0.4167686516,0.2984836091,0.3459479213,0.06688112579,0.1910824589,0.5728013217,1.011487401,0.3817188628,0.05105498806,1.309606791,-0.2070067505,0.3142594188,-0.1168067809,-0.7273998395,-0.3073318154,-0.01803198736,0.05264317915,0.289299828,-1.909239173,0.3674124479,68,-0.3768015729,-0.2126161522,-0.5594170777,-0.0328225103,0.0103224748,-0.3664790981,0,0
resize_0.5_jpeg_q75,1,authentic,5,dct_ac_energy_variance,0.6270257644,0.7701390409,false,68,0.6665845175,0.7898398409,0.3676359504,0.0135241867,0.111851234,0.9044802934,2.539147532,0.7926290594,0.004253847525,3.741172791,0.3354327152,0.3107055175,0.2272843346,0.01791542647,0.1075119581,0.440766573,0.9263266444,0.3332546148,0.004896665458,1.383016348,-0.3311518023,0.5630326536,-0.119997466,-1.866750596,-0.4107811414,-0.002324688248,0.07526737209,0.4084564531,-2.358156443,0.2222239971,68,-0.4299896314,-0.1558127294,-0.5333856869,-0.003018530583,0.05136572889,-0.3786239025,0,0
resize_0.5_jpeg_q75,1,authentic,6,dct_anomaly_score,0.8892446845,0.1661288857,false,68,0.8866295486,0.1536179382,1,0.5795079291,0.8052253276,1,1,0.1947746724,0.4697971344,1,0.9368166082,0.1088650007,1,0.6663032204,0.8892594129,1,1,0.1107405871,0.604491055,1,0.05018705962,0.1056681691,0,-0.03483322859,0,0.08456762135,0.2391073644,0.08456762135,-0.1820470095,0.524167031,68,0.3020971303,0,0,0.5090482671,-0.01574160894,0.2863555214,0,0
resize_0.5_jpeg_q75,1,authentic,7,noise_global_level,0.0804362417,0.05589460607,false,68,0.08198762176,0.0569568084,0.06611519307,0.0195174234,0.03756597731,0.1069633383,0.1747408912,0.06939736102,0.009654874913,0.3072870076,0.07722033596,0.04228007088,0.06855121627,0.02139014751,0.04640602507,0.1011212151,0.1545006953,0.05471519008,0.01484514587,0.1901489049,-0.004767285797,0.02815582307,0.0001259893179,-0.05374885239,-0.01282751188,0.01145343389,0.02217218913,0.02428094577,-0.1525065005,0.06265965849,68,-0.08529062341,0.002254051451,-0.2294946289,0.2049112553,0.02775545193,-0.05753517148,0,0
resize_0.5_jpeg_q75,1,authentic,8,noise_max_to_min_ratio,0.4106514387,0.3299784221,false,68,0.4010826803,0.3583591559,0.2624567151,0.0611833889,0.09823947586,0.6852737963,1,0.5870343205,0.03581236303,1,0.4280968376,0.3683343573,0.235974364,0.07330671139,0.1113055181,0.8503380269,1,0.7390325088,0.06081947312,1,0.0270141573,0.1597443691,0,-0.1899915174,-0.04630637728,0.04908726551,0.2716992352,0.09539364278,-0.2334746718,0.7458911538,68,0.08186643577,0,-0.1403315313,0.1487590164,-0.02899813372,0.05286830205,0,0
resize_0.5_jpeg_q75,1,authentic,9,noise_std_of_variances,0.04483697512,0.02864084927,false,68,0.04608611444,0.03275048442,0.040336648,0.008739187988,0.02089014929,0.06161098834,0.1141096987,0.04072083905,0.003824761836,0.1610382348,0.04298171779,0.02231042631,0.04160650261,0.01275292439,0.02651600493,0.05814282876,0.08099310175,0.03162682382,0.006962767337,0.1164761707,-0.003104396654,0.01549287773,0.0007237126119,-0.03862324171,-0.009975526482,0.007423684932,0.01505453624,0.01739921141,-0.05366459489,0.01814520359,68,-0.1083905238,0.02526854581,-0.3482971607,0.25919919,0.0436139066,-0.06477661719,0,0
resize_0.5_jpeg_q75,1,authentic,10,noise_coef_variation,0.6124711164,0.2372147582,false,68,0.593418267,0.2341099746,0.5878559351,0.251134298,0.4029719904,0.7628622949,0.9462462753,0.3598903045,0.1178079024,1.282613516,0.6008543637,0.2118836924,0.5951211751,0.3028397605,0.4174382687,0.7493106425,0.9419611901,0.3318723738,0.2336283773,1.123806,0.007436096778,0.1137397028,0.00373993814,-0.1426270723,-0.04313468188,0.04865396023,0.1327561468,0.09178864211,-0.2889709473,0.5764178336,68,0.03134753012,0.01576604326,-0.181838104,0.2051051148,-0.08031898842,-0.0489714583,0,0
resize_0.5_jpeg_q75,1,authentic,11,noise_inconsistency_score,0.4737415174,0.2792792032,false,68,0.4538630905,0.2908948762,0.4504745901,0.002604055847,0.2039626539,0.6838164479,0.9283283472,0.479853794,0,1,0.4638792963,0.2725094436,0.4601615369,0.0704530295,0.2232510187,0.6657475084,0.9226148814,0.4424964897,0,1,0.0100162058,0.1445085424,9.182468057e-05,-0.187863265,-0.0483751744,0.06487195194,0.167777501,0.1132471263,-0.3852945268,0.7685571164,68,0.03586448859,0.0003287916878,-0.1732143814,0.2322835041,-0.07117761255,-0.03531312396,0,0
resize_0.5_jpeg_q75,1,authentic,12,jpeg_boundary_difference_ratio,1.090441064,0.08958681008,false,68,1.102201956,0.09919414517,1.072005451,1.00478794,1.031614214,1.148838431,1.265370679,0.1172242165,0.9684098363,1.52736485,1.202480287,0.1177275945,1.181509197,1.057076353,1.134600222,1.250409871,1.43509407,0.1158096492,0.9978858829,1.638984203,0.1002783311,0.07334870245,0.09956991673,0.001149177551,0.05288863182,0.1326173544,0.2298031867,0.07972872257,-0.01252645254,0.3655567169,68,1.119342579,1.111435005,0.5903618153,1.480322318,0.1312792805,1.25062186,0,0
resize_0.5_jpeg_q75,1,authentic,13,jpeg_periodic_grid_strength,0.09230288765,0.0870774111,false,68,0.102754766,0.09853478291,0.07200545818,0.00478794392,0.03161426308,0.1488383971,0.2653707281,0.117224134,0,0.52736485,0.2025113834,0.1176730252,0.1815091893,0.05707630906,0.1346002556,0.2504098825,0.4350941196,0.1158096269,0,0.6389842629,0.0997566174,0.07353584775,0.09956992231,0.001149149239,0.05037536379,0.1326173581,0.2298031516,0.08224199433,-0.01041236613,0.365556702,68,1.145608444,1.143464431,0.5785124196,1.522982326,0.1200297322,1.265638176,0,0
resize_0.5_jpeg_q75,1,authentic,14,jpeg_artifact_score,0.1832646402,0.1648027988,false,68,0.2047046834,0.1936312807,0.1440109164,0.009575887839,0.06322852615,0.2976767942,0.5307414562,0.2344482681,0,1,0.3984998203,0.2147288571,0.3630183786,0.1141526181,0.2692005113,0.500819765,0.8701882392,0.2316192538,0,1,0.1937951368,0.1423445584,0.1974691479,0.0005438625813,0.09178837575,0.2652347162,0.4230598196,0.1734463405,-0.02082473226,0.6447770298,68,1.175921394,1.198214771,0.5569588406,1.609406625,0.1300951401,1.306016534,0,0
resize_0.5_jpeg_q75,1,authentic,15,laplacian_variance,0.02805360432,0.03645127683,false,68,0.02872774246,0.03375286642,0.01748526562,0.001561056438,0.005996976397,0.04018329084,0.08783781491,0.03418631444,0.0003404301242,0.1899305731,0.0216560447,0.0180903343,0.0166392969,0.002253437147,0.008499779738,0.02811465692,0.06073262971,0.01961487718,0.0007937353221,0.0756726414,-0.007071697756,0.02190707737,-0.0007719113491,-0.04201456644,-0.008250137791,0.002348123817,0.006616137503,0.01059826161,-0.1335444041,0.02957616933,68,-0.1940041165,-0.02117652429,-0.2263333005,0.06441814995,0.01849422567,-0.1755098908,0,0
resize_0.5_jpeg_q75,1,ai_edited,0,fft_high_freq_energy_ratio,0.2786693905,0.0355163206,false,68,0.2767869896,0.03056383936,0.276038751,0.2314612336,0.2556170747,0.2933698148,0.32843429,0.03775274009,0.2173138261,0.3512496948,0.27561493,0.03024015581,0.2739672512,0.2297795437,0.2536778748,0.2946731523,0.3258691579,0.04099527746,0.217662096,0.3498264849,-0.001172059599,0.002682448593,-0.002276405692,-0.003831127286,-0.00279854238,-0.00058292225,0.003907738626,0.00221562013,-0.004956096411,0.006333515048,68,-0.03300059182,-0.06409463745,-0.07879595446,-0.01641279953,-0.05300101025,-0.08600160207,0,0
resize_0.5_jpeg_q75,1,ai_edited,1,fft_spectral_peak_count,0.001648351673,0.01273256088,false,68,0.002941176514,0.0170213936,0,0,0,0,0,0,0,0.1000000015,0.002941176514,0.0170213936,0,0,0,0,0,0,0,0.1000000015,0,0,0,0,0,0,0,0,0,0,68,0,0,0,0,0.1015369064,0.1015369064,0,0
resize_0.5_jpeg_q75,1,ai_edited,2,fft_radial_anomaly_score,0.01300366332,0.06736367464,false,68,0.01470588279,0.06967880851,0,0,0,0,0,0,0,0.400000006,0.008823529762,0.05106418207,0,0,0,0,0,0,0,0.3000000119,-0.005882353029,0.04850712573,0,0,0,0,0,0,-0.400000006,0,68,-0.08732233003,0,0,0,0.0252691006,-0.06205322943,0,0
resize_0.5_jpeg_q75,1,ai_edited,3,fft_spectral_decay_slope,-1.392526299,0.1152052171,false,68,-1.390572572,0.09136313452,-1.3964535,-1.547401798,-1.44770658,-1.343721837,-1.232522863,0.1039847434,-1.594462514,-1.201180458,-1.392830735,0.09031872806,-1.400572598,-1.533643383,-1.451173246,-1.350456417,-1.237768215,0.1007168293,-1.597350597,-1.205001116,-0.002258162288,0.006122037296,-0.004597663879,-0.008190256357,-0.005981445312,-0.0004381537437,0.009122735262,0.005543291569,-0.01017606258,0.01755511761,68,-0.01960121551,-0.03990846939,-0.05191991704,-0.003803245677,0.01695866078,-0.002642554733,0,0
resize_0.5_jpeg_q75,1,ai_edited,4,dct_mean_high_freq_energy,0.6181044546,0.5493786794,false,68,0.635750761,0.520742021,0.4991213828,0.1336027481,0.2307545505,0.8972641379,1.482214439,0.6665095873,0.06417360902,2.899906635,0.419590372,0.2878771192,0.345718652,0.07909845114,0.1958566122,0.5915116966,0.9947559595,0.3956550844,0.05801633373,1.260366678,-0.216160389,0.3098995595,-0.1227151304,-0.7070640028,-0.3309599534,-0.02672053501,0.04129150584,0.3042394184,-1.887395501,0.3112093806,68,-0.3934633745,-0.2233707551,-0.6024259146,-0.04863773571,0.03212047925,-0.3613428952,0,0
resize_0.5_jpeg_q75,1,ai_edited,5,dct_ac_energy_variance,0.6270257644,0.7701390409,false,68,0.6621679528,0.7555550622,0.3757830411,0.04000221398,0.1357366722,0.845849812,2.274911338,0.7101131398,0.005530878901,3.667944431,0.3396344171,0.300256377,0.2342200726,0.03162233019,0.1369301602,0.4153021723,0.905936709,0.2783720121,0.007892604917,1.357497931,-0.3225335357,0.5389475797,-0.1375586689,-1.805344021,-0.4337440282,-0.00373937143,0.05810587648,0.4300046568,-2.310446501,0.1939346492,68,-0.418799098,-0.1786153688,-0.5632022338,-0.004855449771,0.04563096608,-0.3731681319,0,0
resize_0.5_jpeg_q75,1,ai_edited,6,dct_anomaly_score,0.8892446845,0.1661288857,false,68,0.8844058531,0.1536407725,0.9771933258,0.59221102,0.7936108261,1,1,0.2063891739,0.4759403467,1,0.9379387726,0.108092719,1,0.6846532911,0.8913575858,1,1,0.1086424142,0.6093386412,1,0.05353291946,0.09697665229,0,-0.03124244809,0,0.102338478,0.2465436906,0.102338478,-0.1504796147,0.3860518336,68,0.3222372753,0,0,0.6160185664,-0.02912697209,0.2931103032,0,0
resize_0.5_jpeg_q75,1,ai_edited,7,noise_global_level,0.0804362417,0.05589460607,false,68,0.08155070564,0.05542251037,0.06610705703,0.02067494458,0.03725283872,0.1062622312,0.1698040694,0.06900939252,0.01007437985,0.304135561,0.07788288656,0.04104201203,0.06891383603,0.02262151157,0.04975296091,0.1018112693,0.1543472752,0.05205830839,0.01681993157,0.1857126355,-0.003667819081,0.02776485282,-0.0001020245254,-0.0517403733,-0.01230838243,0.01230965927,0.0235127015,0.0246180417,-0.149553895,0.06107403338,68,-0.06562026891,-0.001825301806,-0.2202069805,0.2202298243,0.01993866704,-0.04568160187,0,0
resize_0.5_jpeg_q75,1,ai_edited,8,noise_max_to_min_ratio,0.4106514387,0.3299784221,false,68,0.4100657296,0.3587178276,0.271502912,0.06183575299,0.1126139536,0.7744327039,1,0.6618187502,0.03853657097,1,0.4421864654,0.3680950567,0.2964045554,0.07330671139,0.1151167117,0.8503380269,1,0.7352213152,0.0560490787,1,0.03212073582,0.1510843816,0,-0.158769574,-0.03433530778,0.05869906768,0.2706375942,0.09303437546,-0.2280031741,0.7479816377,68,0.09734192806,0,-0.104053191,0.1778875943,-0.001774992248,0.09556693581,0,0
resize_0.5_jpeg_q75,1,ai_edited,9,noise_std_of_variances,0.04483697512,0.02864084927,false,68,0.04659349997,0.03144972636,0.04006984457,0.009733316395,0.02383435331,0.06027588341,0.1074726801,0.0364415301,0.004072027747,0.1617175788,0.04423652265,0.0207649352,0.04184774496,0.01497119539,0.02906948188,0.0567415636,0.08118217848,0.02767208172,0.008009272628,0.1167083681,-0.002356977325,0.01574100376,0.0001731361263,-0.0390827775,-0.009199885651,0.008402826963,0.01580443252,0.01760271261,-0.04993387312,0.01716391183,68,-0.08229425402,0.006045076548,-0.3212155326,0.2933860963,0.06132935642,-0.0209648976,0,0
resize_0.5_jpeg_q75,1,ai_edited,10,noise_coef_variation,0.6124711164,0.2372147582,false,68,0.6207681971,0.2644803827,0.5958660543,0.2671356946,0.4254678264,0.7925625294,1.147141469,0.367094703,0.1282581687,1.325475693,0.6281619254,0.2351430348,0.5991283953,0.3025826231,0.4316567555,0.7892867625,1.097071415,0.357630007,0.2381935269,1.213120461,0.007393728284,0.1193365779,0.00217217207,-0.1552865028,-0.03712344915,0.06258053333,0.1661641091,0.09970398247,-0.3004353046,0.5758445859,68,0.03116892195,0.009156985366,-0.1564972155,0.2638138276,0.03497708486,0.06614600681,0,0
resize_0.5_jpeg_q75,1,ai_edited,11,noise_inconsistency_score,0.4737415174,0.2792792032,false,68,0.4748328948,0.2967078649,0.461154744,0.02284759097,0.2339571044,0.7234166712,1,0.4894595668,0,1,0.4909788102,0.285577329,0.465504542,0.07011017203,0.2422090173,0.7190489769,1,0.4768399596,0,1,0.0161459154,0.1443651701,0,-0.1746045396,-0.04193478078,0.07035477459,0.2034573525,0.1122895554,-0.4005804658,0.767792806,68,0.05781280959,0,-0.1501536108,0.2519155519,0.003907836166,0.06172064576,0,0
resize_0.5_jpeg_q75,1,ai_edited,12,jpeg_boundary_difference_ratio,1.090441064,0.08958681008,false,68,1.090634758,0.09140747227,1.064912379,1.001823804,1.02749306,1.138997495,1.256250519,0.1115044355,0.9632553458,1.533506393,1.197917062,0.1151249914,1.181133389,1.057354409,1.126828521,1.241912663,1.417254043,0.1150841415,0.9960668087,1.643957376,0.1072823037,0.06942928798,0.1023436785,0.009438681602,0.05995106697,0.1378759742,0.2282164812,0.07792490721,-0.01210868359,0.371645093,68,1.197523426,1.142396725,0.6691952411,1.539020912,0.002162079314,1.199685505,0,0
resize_0.5_jpeg_q75,1,ai_edited,13,jpeg_periodic_grid_strength,0.09230288765,0.0870774111,false,68,0.09127884211,0.09064180801,0.06491238996,0.002240874828,0.02749303496,0.138997484,0.2562505484,0.111504449,0,0.533506453,0.1979749037,0.1150230101,0.1811334044,0.05735444631,0.1268285662,0.2419126518,0.4172540724,0.1150840856,0,0.6439573169,0.1066960616,0.06960971444,0.1023436545,0.009438703209,0.05819583125,0.1378759895,0.2282164888,0.07968015829,-0.008175480179,0.3716451675,68,1.22530126,1.175318067,0.6683229384,1.583372631,-0.0117601744,1.213541086,0,0
resize_0.5_jpeg_q75,1,ai_edited,14,jpeg_artifact_score,0.1832646402,0.1648027988,false,68,0.1815722003,0.1765234783,0.1298247799,0.004481749656,0.05498606991,0.277994968,0.5125010967,0.2230088981,0,1,0.3897493009,0.209481734,0.3622668087,0.1147088926,0.2536571324,0.4838253036,0.8345081449,0.2301681712,0,1,0.2081771006,0.135486989,0.1982058352,0.01310384125,0.1083048135,0.2757519791,0.4322457109,0.1674471656,-0.01635096036,0.6467817128,68,1.263189109,1.202684885,0.6571782414,1.673223884,-0.01026948531,1.252919624,0,0
resize_0.5_jpeg_q75,1,ai_edited,15,laplacian_variance,0.02805360432,0.03645127683,false,68,0.02824762336,0.03272594636,0.01773670036,0.002483886853,0.006036094506,0.03968336154,0.08326021172,0.03364726703,0.0003405403404,0.1877391487,0.02190901511,0.01748767084,0.01763727143,0.002432776673,0.009252166143,0.02779240813,0.06093526203,0.01854024199,0.001203021617,0.07136187702,-0.006338608256,0.02129962046,-0.0009046280757,-0.03920443039,-0.008001693059,0.003282485821,0.007626494765,0.01128417888,-0.1313859485,0.02754358016,68,-0.1738926262,-0.0248174592,-0.2195174972,0.09005132622,0.005322695478,-0.1685699307,0,0
resize_0.5_jpeg_q75,2,all,0,fft_high_freq_energy_ratio,0.2767552759,0.03390628361,false,136,0.2827595381,0.03784402716,0.2792742252,0.2306737341,0.2628660202,0.3033375368,0.3478536904,0.04047151655,0.1503369361,0.390927285,0.2821770417,0.03783791353,0.2781250477,0.2289225683,0.2612062767,0.3032995611,0.3481005877,0.04209328443,0.1524413526,0.3890186548,-0.0005824964713,0.003362536963,-0.002106890082,-0.004157546908,-0.002835020423,0.002779413015,0.005218200386,0.005614433438,-0.00661662221,0.006157964468,136,-0.0171796024,-0.06213863207,-0.08361342267,0.08197339013,0.1770840562,0.1599044538,0.02941176471,0.02941176471
resize_0.5_jpeg_q75,2,all,1,fft_spectral_peak_count,0.001831501859,0.01340879523,false,136,0.0007352941286,0.008574929385,0,0,0,0,0,0,0,0.1000000015,0.0007352941286,0.008574929385,0,0,0,0,0,0,0,0.1000000015,0,0,0,0,0,0,0,0,0,0,136,0,0,0,0,-0.08175288766,-0.08175288766,0,0
resize_0.5_jpeg_q75,2,all,2,fft_radial_anomaly_score,0.009890110174,0.0575219898,false,136,0.01985294153,0.08591111223,0,0,0,0,0.07500000298,0,0,0.400000006,0.02279411804,0.09186698409,0,0,0,0,0.3250000104,0,0,0.400000006,0.002941176514,0.03429971754,0,0,0,0,0,0,0,0.400000006,136,0.05113134168,0,0,0,0.173200395,0.2243317366,0,0
resize_0.5_jpeg_q75,2,all,3,fft_spectral_decay_slope,-1.3969114,0.1091601511,false,136,-1.378843606,0.1202083962,-1.386909127,-1.567417204,-1.449373335,-1.306906223,-1.190552086,0.1424671113,-1.800374389,-1.039516687,-1.379906432,0.1199018814,-1.384985209,-1.57084322,-1.447931588,-1.307308972,-1.185926557,0.1406226158,-1.791320443,-1.029441595,-0.001062825322,0.007529230234,-0.004635870457,-0.009016811848,-0.006118893623,0.008108824492,0.01154384017,0.01422771811,-0.01534092426,0.01595127583,136,-0.009736385589,-0.04246852363,-0.05605427953,0.07428374191,0.1655163884,0.1557800028,0.02205882353,0.01470588235
resize_0.5_jpeg_q75,2,all,4,dct_mean_high_freq_energy,0.6155877339,0.5360504518,false,136,0.639866975,0.5774229764,0.4458633065,0.129406495,0.2592509463,0.7641175389,2.056315362,0.5048665926,0.03648391739,3.017126799,0.4412162354,0.3458609955,0.3506020159,0.09626764432,0.2306434326,0.5215345323,1.129049897,0.2908910997,0.02354847826,1.730309844,-0.1986507396,0.2981754239,-0.09474717826,-0.9187404215,-0.2934543714,-0.01525205607,0.1134164259,0.2782023153,-1.286816955,0.2203833908,136,-0.3705821699,-0.1767504867,-0.5474379704,-0.02845265033,0.04529282841,-0.3252893415,0.007352941176,0.007352941176
resize_0.5_jpeg_q75,2,all,5,dct_ac_energy_variance,0.6260638713,0.7427319564,false,136,0.6682379529,0.8719645902,0.3155802637,0.03802424669,0.1553034298,0.7506808341,2.282469511,0.5953774042,0.002016707323,4.559772015,0.350710682,0.336960504,0.2641407102,0.0297925882,0.1337054744,0.403831698,0.9862799197,0.2701262236,0.002510206541,1.64652288,-0.3175272709,0.5948169106,-0.1043995172,-1.436712772,-0.3529853225,-0.004283874296,0.147639594,0.3487014482,-2.913249135,0.3394995928,136,-0.4275126016,-0.140561499,-0.4752526392,-0.005767725838,0.05678237116,-0.3707302304,0,0
resize_0.5_jpeg_q75,2,all,6,dct_anomaly_score,0.8888184044,0.1615391807,false,136,0.88722909,0.1718138513,1,0.5230182707,0.8389044553,1,1,0.1610955447,0.347407639,1,0.9311370771,0.1330586143,1,0.5903993398,0.9400368035,1,1,0.05996319652,0.4757157266,1,0.04390798706,0.09319652862,0,-0.04362981766,0,0.07635448873,0.2554609179,0.07635448873,-0.1665458679,0.4423853159,136,0.2718101384,0,0,0.4726685403,-0.009838569406,0.261971569,0,0
resize_0.5_jpeg_q75,2,all,7,noise_global_level,0.08032378116,0.05507776625,false,136,0.08222065971,0.05915800131,0.06577218696,0.02487943321,0.04091345053,0.1044109352,0.2261268795,0.06349748466,0.006162684411,0.3078919053,0.08071588474,0.04575813426,0.07312614098,0.02920312947,0.05033571087,0.09940491989,0.167588111,0.04906920902,0.005863775499,0.2357136309,-0.001504774979,0.0247544151,0.002004537731,-0.05626950786,-0.009606122971,0.0147645562,0.03169030324,0.02437067917,-0.07641091943,0.04485706985,136,-0.02732091516,0.03639468097,-0.1744101772,0.2680674472,0.03444000521,0.007119090042,0.007352941176,0.007352941176
resize_0.5_jpeg_q75,2,all,8,noise_max_to_min_ratio,0.4183471071,0.3420018313,false,136,0.3746783597,0.3056529355,0.2352581918,0.0516613964,0.1442288384,0.5315124691,1,0.3872836307,0.04176577926,1,0.4377750686,0.3511959151,0.2886079848,0.07335629687,0.1477554291,0.7434849292,1,0.5957295001,0.0449450016,1,0.06309670889,0.1924015451,0.007317990065,-0.1989377514,-0.03197215497,0.1385940313,0.541052945,0.1705661863,-0.3716159463,0.5823065937,136,0.184492313,0.02139751719,-0.09348533268,0.4052435357,-0.1276857123,0.05680660065,0,0
resize_0.5_jpeg_q75,2,all,9,noise_std_of_variances,0.04492015684,0.02814383215,false,136,0.04600585706,0.03373849107,0.0346801728,0.0137668848,0.02359387605,0.05544948857,0.1184691675,0.03185561253,0.003663647687,0.1630911529,0.04403159479,0.02246327439,0.0403628163,0.0158486038,0.02840578184,0.05393815972,0.0868625585,0.02553237788,0.004335078411,0.1069207266,-0.001974262268,0.01701991837,0.0003837505355,-0.03818888031,-0.008802402765,0.008120675804,0.02285380429,0.01692307857,-0.05617042631,0.03188078851,136,-0.07014902085,0.01363533344,-0.3127648971,0.2885419356,0.03857684382,-0.03157217703,0.007352941176,0
resize_0.5_jpeg_q75,2,all,10,noise_coef_variation,0.6144639838,0.24194044,false,136,0.5990924556,0.2297385119,0.5682199895,0.2124049366,0.4630648419,0.7024145275,1.037446082,0.2393496856,0.1819193065,1.202168822,0.5879245885,0.2123914216,0.5521734655,0.3053946644,0.4560743198,0.6941409409,0.9886093885,0.2380666211,0.169123143,1.362145543,-0.01116786711,0.1076300227,-0.01329994202,-0.1626731604,-0.06519471854,0.04169763625,0.143239744,0.1068923548,-0.3791012168,0.2904047072,136,-0.04615957178,-0.05497196754,-0.2694659832,0.1723466992,-0.0635343483,-0.1096939201,0,0
resize_0.5_jpeg_q75,2,all,11,noise_inconsistency_score,0.4752493619,0.2843380814,false,136,0.4582944405,0.2722250629,0.4242933393,0,0.2840864584,0.6032193601,1,0.3191329017,0,1,0.4406116965,0.2476197028,0.4028979391,0.0738595482,0.2747657746,0.5921879262,0.9843823463,0.3174221516,0,1,-0.01768274401,0.1355396036,-0.00553047657,-0.2168975174,-0.08602447063,0.0500382632,0.1720677316,0.1360627338,-0.4935206771,0.3872062936,136,-0.06218915146,-0.01945035481,-0.3025429102,0.1759815743,-0.0596294429,-0.1218185944,0,0
resize_0.5_jpeg_q75,2,all,12,jpeg_boundary_difference_ratio,1.089415697,0.08408517691,false,136,1.100534905,0.1133895761,1.066890717,1.000068188,1.03252995,1.136225581,1.313581795,0.103695631,0.9704236984,1.865938544,1.181084351,0.1192860463,1.156249046,1.054908693,1.11777848,1.231288999,1.358202964,0.1135105193,0.8595730066,1.92134738,0.08054944654,0.09956827887,0.09117352962,-0.009352266788,0.05540108681,0.1215481162,0.1837977171,0.0661470294,-0.4566478729,0.2964721918,136,0.9579506103,1.084299671,0.6588686477,1.445535595,0.1322374273,1.090188038,0.007352941176,0.02941176471
resize_0.5_jpeg_q75,2,all,13,jpeg_periodic_grid_strength,0.09128993284,0.08140805125,false,136,0.1010835197,0.1128412023,0.06689070538,0.0001516572775,0.03252999205,0.1362256221,0.313581802,0.1036956301,0,0.8659385443,0.1831208546,0.1148816633,0.1562490687,0.05490868445,0.1177784633,0.2312890142,0.3582029715,0.1135105509,0,0.9213474393,0.08203733487,0.0894036931,0.09012948396,-0.009352268651,0.05540112988,0.1203344378,0.1837976736,0.06493330793,-0.3162208796,0.2964721099,136,1.007729992,1.107132311,0.6805362495,1.478163842,0.1203024358,1.128032428,0.007352941176,0.01470588235
resize_0.5_jpeg_q75,2,all,14,jpeg_artifact_score,0.1823568939,0.1616502381,false,136,0.1967827765,0.1956539863,0.1337814108,0.0003033145549,0.0650599841,0.2724512443,0.6271636039,0.2073912602,0,1,0.3585066557,0.1930526234,0.3124981374,0.1098173689,0.2355569266,0.4625780284,0.716405943,0.2270211019,0,1,0.1617238792,0.1798039205,0.1774517745,-0.0187045373,0.1005405467,0.2406688756,0.3675953471,0.1401283289,-0.6324417591,0.5929442197,136,1.000455558,1.097751396,0.6219634927,1.488824752,0.08924133259,1.089696891,0,0
resize_0.5_jpeg_q75,2,all,15,laplacian_variance,0.02784605102,0.03524024655,false,136,0.02932094835,0.03803330639,0.01514708577,0.002933170414,0.00879213959,0.03088945942,0.1144630257,0.02209731983,0.0001551782916,0.2211144865,0.02399428412,0.0228487899,0.01688286569,0.003360727336,0.0111668692,0.02913386794,0.06266777404,0.01796699874,0.0002198597649,0.113872543,-0.005326664236,0.01996496873,-0.0003044679761,-0.0520098405,-0.00520578539,0.004921159067,0.01332580368,0.01012694446,-0.1072419435,0.02053611726,136,-0.1511528652,-0.008639779963,-0.147722729,0.1396459885,0.04185263955,-0.1093002256,0,0
resize_0.5_jpeg_q75,2,authentic,0,fft_high_freq_energy_ratio,0.2767552759,0.03390628361,false,68,0.2818425841,0.03914881914,0.278065607,0.2307437688,0.2583016306,0.3032359257,0.3489625752,0.04493429512,0.1503369361,0.3872631788,0.2813094832,0.039173872,0.2773957253,0.228815423,0.2607359216,0.3018470928,0.3508835286,0.04111117125,0.1524413526,0.383633703,-0.000533100875,0.003323568555,-0.002092927694,-0.003936229646,-0.002743847668,0.002760570496,0.005345383286,0.005504418164,-0.00517988205,0.006157964468,68,-0.0157227752,-0.06172683855,-0.08092445929,0.08141766664,0.1500402778,0.1343175026,0.02941176471,0.02941176471
resize_0.5_jpeg_q75,2,authentic,1,fft_spectral_peak_count,0.001831501859,0.01340879523,false,68,0.001470588257,0.01212678143,0,0,0,0,0,0,0,0.1000000015,0.001470588257,0.01212678143,0,0,0,0,0,0,0,0.1000000015,0,0,0,0,0,0,0,0,0,0,68,0,0,0,0,-0.02691618414,-0.02691618414,0,0
resize_0.5_jpeg_q75,2,authentic,2,fft_radial_anomaly_score,0.009890110174,0.0575219898,false,68,0.02205882397,0.08951876188,0,0,0,0,0.1950000077,0,0,0.400000006,0.027941177,0.1005144817,0,0,0,0,0.365000008,0,0,0.400000006,0.005882353029,0.04850712573,0,0,0,0,0,0,0,0.400000006,68,0.1022626834,0,0,0,0.2115489022,0.3138115855,0,0
resize_0.5_jpeg_q75,2,authentic,3,fft_spectral_decay_slope,-1.3969114,0.1091601511,false,68,-1.383784578,0.1237658635,-1.386909127,-1.55922972,-1.462771416,-1.316817075,-1.185676634,0.1459543407,-1.800374389,-1.08317697,-1.384688397,0.1234196823,-1.389313042,-1.565056157,-1.455132186,-1.3121171,-1.184015965,0.1430150867,-1.791320443,-1.090918779,-0.0009038185372,0.007438454442,-0.004629611969,-0.009046119452,-0.005849868059,0.007860600948,0.01169961691,0.01371046901,-0.01081967354,0.01409208775,68,-0.008279747948,-0.04241119055,-0.05358977612,0.07200980274,0.1202528771,0.1119731291,0.01470588235,0.01470588235
resize_0.5_jpeg_q75,2,authentic,4,dct_mean_high_freq_energy,0.6155877339,0.5360504518,false,68,0.6384219779,0.58892775,0.4374671876,0.1238827191,0.2551825866,0.7540779859,1.955703193,0.4988953993,0.03648391739,3.017126799,0.4425537075,0.3505752902,0.3529081643,0.09351080433,0.2337938659,0.5133180916,1.145475411,0.2795242257,0.02354847826,1.730309844,-0.1958682704,0.3021799567,-0.09474717826,-0.8401790172,-0.3001879826,-0.01222824631,0.1122339204,0.2879597363,-1.286816955,0.2203833908,68,-0.3653914846,-0.1767504867,-0.5599994956,-0.02281174518,0.04259719198,-0.3227942926,0.01470588235,0.01470588235
resize_0.5_jpeg_q75,2,authentic,5,dct_ac_energy_variance,0.6260638713,0.7427319564,false,68,0.6790038138,0.892273999,0.3155802637,0.03502400741,0.1520429999,0.7672698051,2.295161009,0.6152268052,0.002016707323,4.559772015,0.3527334291,0.3443712054,0.2667053193,0.02651914414,0.1355862841,0.403831698,0.9870168477,0.2682454139,0.002549337456,1.64652288,-0.3262703847,0.6045739992,-0.1090204976,-1.446341205,-0.3529853225,-0.004283874296,0.1140423539,0.3487014482,-2.913249135,0.2485606074,68,-0.4392841615,-0.1467830981,-0.4752526392,-0.005767725838,0.07127731884,-0.3680068427,0,0
resize_0.5_jpeg_q75,2,authentic,6,dct_anomaly_score,0.8888184044,0.1615391807,false,68,0.8925775395,0.1706067463,1,0.5262048811,0.8556690216,1,1,0.1443309784,0.3514554203,1,0.9317059767,0.133498681,1,0.6130701691,0.9456953257,1,1,0.05430467427,0.4777313769,1,0.0391284372,0.08950495716,0,-0.04192479551,0,0.06072373688,0.2433100641,0.06072373688,-0.1665458679,0.332369566,68,0.2422225805,0,0,0.3759071739,0.02327073226,0.2654933128,0,0
resize_0.5_jpeg_q75,2,authentic,7,noise_global_level,0.08032378116,0.05507776625,false,68,0.08286224569,0.06039418747,0.06598769873,0.02432313627,0.04057512525,0.1051788963,0.218475987,0.06460377108,0.006162684411,0.3078919053,0.08069228697,0.04625427625,0.0743717961,0.02865133928,0.05049860943,0.09809718095,0.17048776,0.04759857152,0.005863775499,0.2356957644,-0.002169958713,0.02503249629,0.001151615754,-0.05651988564,-0.009644900449,0.01448378293,0.02987185232,0.02412868338,-0.07641091943,0.04190099239,68,-0.03939808857,0.02090890448,-0.1751142268,0.2629696866,0.04608873418,0.006690645609,0.01470588235,0.01470588235
resize_0.5_jpeg_q75,2,authentic,8,noise_max_to_min_ratio,0.4183471071,0.3420018313,false,68,0.3729480514,0.3078346378,0.2308695838,0.05260525793,0.1440739632,0.5102948099,1,0.3662208468,0.04176577926,1,0.430953531,0.3491202857,0.2943575531,0.07755815424,0.1533198506,0.7014324367,1,0.5481125861,0.0449450016,1,0.05800547966,0.187196002,0.007524870336,-0.2070788994,-0.03161453828,0.1337537467,0.5296831533,0.165368285,-0.3550756872,0.5695789754,68,0.1696057575,0.02200242703,-0.09243967544,0.3910907326,-0.1327450662,0.03686069129,0,0
resize_0.5_jpeg_q75,2,authentic,9,noise_std_of_variances,0.04492015684,0.02814383215,false,68,0.04620273525,0.03419543762,0.0346813444,0.01257682913,0.02410534257,0.05662582256,0.1173988443,0.03252047999,0.003663647687,0.1630911529,0.04398894622,0.02305047969,0.04053353146,0.01450178972,0.02833245322,0.05393815972,0.08727155663,0.0256057065,0.004335078411,0.1069207266,-0.00221378903,0.01673487142,0.0003820164129,-0.0381869778,-0.008392239921,0.008120675804,0.02210267037,0.01651291572,-0.05617042631,0.02658715285,68,-0.07865982922,0.013573717,-0.2981910877,0.2885419356,0.04557227309,-0.03308755613,0.01470588235,0
resize_0.5_jpeg_q75,2,authentic,10,noise_coef_variation,0.6144639838,0.24194044,false,68,0.5938514351,0.2254591691,0.5653454363,0.211648228,0.4696943983,0.6932710558,1.008797753,0.2235766575,0.1819193065,1.198948979,0.5806090442,0.2011212442,0.5457139909,0.3082756728,0.4611680806,0.6874500364,0.9535935134,0.2262819558,0.169123143,1.255440712,-0.01324239088,0.105405958,-0.01001702249,-0.1750322819,-0.0620341599,0.04018355906,0.12858897,0.102217719,-0.3791012168,0.2688531578,68,-0.0547340944,-0.0414028448,-0.2564026084,0.1660886417,-0.08519678938,-0.1399308838,0,0
resize_0.5_jpeg_q75,2,authentic,11,noise_inconsistency_score,0.4752493619,0.2843380814,false,68,0.4527305821,0.2669001956,0.4204605967,0,0.2929258794,0.5910280645,1,0.2981021851,0,1,0.4338126648,0.2412813633,0.3942853212,0.07770089917,0.2815574408,0.5832667053,0.9381247044,0.3017092645,0,1,-0.0189179173,0.1344941329,0,-0.2333763897,-0.08036784083,0.04880520701,0.1713380754,0.1291730478,-0.4935206771,0.358470872,68,-0.06653318193,0,-0.282648882,0.1716449895,-0.07919719962,-0.1457303815,0,0
resize_0.5_jpeg_q75,2,authentic,12,jpeg_boundary_difference_ratio,1.089415697,0.08408517691,false,68,1.107446561,0.1305798637,1.071897924,1.002334964,1.036235839,1.140135974,1.311442232,0.1039001346,0.9731683135,1.865938544,1.183436807,0.1317899482,1.156249046,1.056184083,1.117206037,1.23042202,1.349652827,0.1132159829,0.8595730066,1.92134738,0.0759902465,0.1040565894,0.08750295639,-0.005256986618,0.04964327812,0.1213629544,0.1694560945,0.07171967626,-0.4566478729,0.2916060686,68,0.9037294002,1.040646635,0.5903927416,1.44333352,0.2144357016,1.118165102,0.01470588235,0.02941176471
resize_0.5_jpeg_q75,2,authentic,13,jpeg_periodic_grid_strength,0.09128993284,0.08140805125,false,68,0.1079567161,0.1301076909,0.07189789787,0.002334995766,0.03623584379,0.1401359625,0.3114422217,0.1039001187,0,0.8659385443,0.18550191,0.1276753647,0.1562490687,0.05618408471,0.1172060147,0.2304219902,0.3496528253,0.1132159755,0,0.9213474393,0.07754519398,0.09412543173,0.08750295639,-0.005256994441,0.04964327253,0.1200728959,0.1694560554,0.07042962336,-0.3162208796,0.2916061282,68,0.9525494442,1.074868579,0.609807897,1.474951114,0.2047313867,1.157280831,0.01470588235,0.01470588235
resize_0.5_jpeg_q75,2,authentic,14,jpeg_artifact_score,0.1823568939,0.1616502381,false,68,0.2051505337,0.2060819946,0.1437957957,0.004669991531,0.07247168757,0.280271925,0.6228844434,0.2078002375,0,1,0.3586112483,0.1965366599,0.3124981374,0.1123681694,0.2344120294,0.4608439803,0.6993056506,0.2264319509,0,1,0.1534607146,0.189117524,0.1750059128,-0.01145274639,0.09854531288,0.2401457918,0.3389121108,0.1416004789,-0.6324417591,0.5832122564,68,0.9493380051,1.082620817,0.609620586,1.485588853,0.1410059159,1.090343921,0,0
resize_0.5_jpeg_q75,2,authentic,15,laplacian_variance,0.02784605102,0.03524024655,false,68,0.02987835999,0.03896735475,0.01514708577,0.002920347161,0.008375941659,0.03212670982,0.1151369814,0.02375076816,0.0001551782916,0.2211144865,0.02403970774,0.02317219225,0.01664305106,0.003267298918,0.01114357263,0.02797846077,0.06194806769,0.01683488814,0.0002198597649,0.113872543,-0.005838652245,0.02035264632,-0.0004543287214,-0.04839484692,-0.005819089711,0.004718724405,0.01231610707,0.01053781412,-0.1072419435,0.02015835047,68,-0.1656813676,-0.01289232528,-0.1651262485,0.1339015718,0.05767011214,-0.1080112555,0,0
resize_0.5_jpeg_q75,2,ai_edited,0,fft_high_freq_energy_ratio,0.2767552759,0.03390628361,false,68,0.2836764922,0.03676111686,0.2802170664,0.2307629533,0.2631917968,0.3041585684,0.3415075526,0.04096677154,0.1927021295,0.390927285,0.2830446001,0.03672416292,0.2788957357,0.2292333543,0.2612062767,0.3038927913,0.3421000242,0.04268651456,0.1963528842,0.3890186548,-0.0006318920675,0.003425055485,-0.002224072814,-0.004381268471,-0.002861097455,0.003020659089,0.005041575432,0.005881756544,-0.00661662221,0.006053000689,68,-0.0186364296,-0.06559470921,-0.0843825141,0.08908847468,0.2041278346,0.185491405,0.02941176471,0.02941176471
resize_0.5_jpeg_q75,2,ai_edited,1,fft_spectral_peak_count,0.001831501859,0.01340879523,false,68,0,0,0,0,0,0,0,0,0,0,0,0,0,0,0,0,0,0,0,0,0,0,0,0,0,0,0,0,0,0,68,0,0,0,0,-0.1365895912,-0.1365895912,0,0
resize_0.5_jpeg_q75,2,ai_edited,2,fft_radial_anomaly_score,0.009890110174,0.0575219898,false,68,0.01764705909,0.0827533237,0,0,0,0,0,0,0,0.400000006,0.01764705909,0.0827533237,0,0,0,0,0,0,0,0.400000006,0,0,0,0,0,0,0,0,0,0,68,0,0,0,0,0.1348518878,0.1348518878,0,0
resize_0.5_jpeg_q75,2,ai_edited,3,fft_spectral_decay_slope,-1.3969114,0.1091601511,false,68,-1.373902635,0.1172529122,-1.383838713,-1.557281238,-1.440398455,-1.305307359,-1.198805016,0.1350910962,-1.653275132,-1.039516687,-1.375124467,0.1169985531,-1.382833362,-1.560893255,-1.438220948,-1.304430395,-1.203616846,0.1337905526,-1.641418457,-1.029441595,-0.001221832107,0.007670906035,-0.00477039814,-0.008955180645,-0.006578207016,0.008108824492,0.01141419411,0.01468703151,-0.01534092426,0.01595127583,68,-0.01119302323,-0.04370091184,-0.06026198158,0.07428374191,0.2107798997,0.1995868764,0.02941176471,0.01470588235
resize_0.5_jpeg_q75,2,ai_edited,4,dct_mean_high_freq_energy,0.6155877339,0.5360504518,false,68,0.6413119721,0.5700621297,0.4502046108,0.1405274406,0.2687817067,0.7648668289,1.962032241,0.4960851222,0.07285682112,2.955441713,0.4398787633,0.3436835199,0.3468599766,0.1046898235,0.2304191403,0.5215345323,1.09256264,0.291115392,0.04344788194,1.674239516,-0.2014332088,0.296337171,-0.09585557133,-0.8318757713,-0.2834410742,-0.03061523475,0.1090218812,0.2528258394,-1.281202197,0.1926844567,68,-0.3757728552,-0.1788181896,-0.5287582041,-0.05711259946,0.04798846485,-0.3277843904,0,0
resize_0.5_jpeg_q75,2,ai_edited,5,dct_ac_energy_variance,0.6260638713,0.7427319564,false,68,0.6574720921,0.8576738481,0.3129613101,0.04753812384,0.161751397,0.732687369,2.21009711,0.570935972,0.02768284827,4.460515976,0.3486879349,0.3319331147,0.2549893111,0.0371964816,0.1294914186,0.4030000716,0.9659533352,0.273508653,0.002510206541,1.632900596,-0.3087841572,0.5892623623,-0.101176396,-1.414938927,-0.345887959,-0.004503495991,0.1521276137,0.341384463,-2.82761538,0.3394995928,68,-0.4157410416,-0.1362219508,-0.4656968857,-0.006063420259,0.04228742348,-0.3734536182,0,0
resize_0.5_jpeg_q75,2,ai_edited,6,dct_anomaly_score,0.8888184044,0.1615391807,false,68,0.8818806405,0.1741145266,1,0.5235244036,0.7972424179,1,1,0.2027575821,0.347407639,1,0.9305681775,0.1336071951,1,0.591929999,0.9378512949,1,1,0.06214870512,0.4757157266,1,0.04868753693,0.09717671607,0,-0.04124180228,0,0.08241866529,0.2342923969,0.08241866529,-0.1152703762,0.4423853159,68,0.3013976963,0,0,0.5102085138,-0.04294787107,0.2584498253,0,0
resize_0.5_jpeg_q75,2,ai_edited,7,noise_global_level,0.08032378116,0.05507776625,false,68,0.08157907374,0.05833762657,0.06492707133,0.02548312051,0.04138899781,0.09872991592,0.2188048109,0.05734091811,0.009654868394,0.3000894189,0.0807394825,0.04560049725,0.07025557011,0.02976810578,0.05033571087,0.0994659923,0.163987948,0.04913028143,0.009976731613,0.2357136309,-0.0008395912454,0.02464110595,0.00274772197,-0.05503335902,-0.009365866892,0.01520947227,0.03177621141,0.02457533916,-0.07424633205,0.04485706985,68,-0.01524374176,0.04988804298,-0.1700480526,0.2761454087,0.02279127624,0.007547534476,0,0
resize_0.5_jpeg_q75,2,ai_edited,8,noise_max_to_min_ratio,0.4183471071,0.3420018313,false,68,0.376408668,0.3057344866,0.2427220568,0.05510749351,0.1442288384,0.5326346755,1,0.3884058371,0.04176577926,1,0.4445966061,0.3557226251,0.27975519,0.07738750093,0.1476925686,0.8338864893,1,0.6861939207,0.0449450016,1,0.06818793813,0.1987316375,0.007317990065,-0.1699093729,-0.03199312463,0.1418441199,0.5452416375,0.1738372445,-0.3716159463,0.5823065937,68,0.1993788684,0.02139751719,-0.09354664715,0.4147466677,-0.1226263584,0.07675251001,0,0
resize_0.5_jpeg_q75,2,ai_edited,9,noise_std_of_variances,0.04492015684,0.02814383215,false,68,0.04580897887,0.03352840983,0.0346801728,0.01515695807,0.02357894089,0.05367177166,0.1132531788,0.03009283077,0.009926590137,0.1605671644,0.04407424337,0.02203180452,0.03924694657,0.01685441751,0.02854366507,0.05348243006,0.08537152447,0.02493876498,0.005226200912,0.1065789089,-0.001734735506,0.01742143534,0.0004796423018,-0.03561419938,-0.009148782934,0.008138232166,0.02285285611,0.0172870151,-0.05595305562,0.03188078851,68,-0.06163821248,0.01704253704,-0.3250723955,0.2891657441,0.03158141456,-0.03005679792,0,0
resize_0.5_jpeg_q75,2,ai_edited,10,noise_coef_variation,0.6144639838,0.24194044,false,68,0.6043334761,0.2354989007,0.572545737,0.24131874,0.4558931068,0.7184180915,1.082028264,0.2625249848,0.1857114881,1.202168822,0.5952401328,0.2243549207,0.5653672814,0.3054088175,0.4560576156,0.6941409409,0.9947787702,0.2380833253,0.1718081385,1.362145543,-0.009093343335,0.110554017,-0.01480771601,-0.139445588,-0.0653700456,0.04415895045,0.1851844639,0.1095289961,-0.3647549152,0.2904047072,68,-0.03758504917,-0.06120397239,-0.2701906535,0.1825199228,-0.04187190721,-0.07945695638,0,0
resize_0.5_jpeg_q75,2,ai_edited,11,noise_inconsistency_score,0.4752493619,0.2843380814,false,68,0.4638582989,0.2793214727,0.4300609827,0.02003316749,0.2745241523,0.6245574355,1,0.3500332832,0,1,0.4474107282,0.2554127278,0.4204897285,0.07387842312,0.2747435048,0.5921879262,0.9919198543,0.3174444214,0,1,-0.01644757072,0.1375659603,-0.009627103806,-0.1817059845,-0.08655340225,0.05045287311,0.169736132,0.1370062754,-0.4863399267,0.3872062936,68,-0.05784512099,-0.0338579474,-0.304403131,0.1774397325,-0.04006168618,-0.09790680717,0,0
resize_0.5_jpeg_q75,2,ai_edited,12,jpeg_boundary_difference_ratio,1.089415697,0.08408517691,false,68,1.093623248,0.09358537071,1.063393056,0.9998538017,1.027195573,1.13437441,1.305681551,0.1071788371,0.9704236984,1.500191331,1.178731895,0.1062585219,1.158287883,1.057386959,1.119169116,1.23896569,1.352823418,0.1197965741,0.8634625077,1.604636192,0.08510864658,0.09542371405,0.09579449892,-0.004135328531,0.05920794606,0.1228221059,0.1863514662,0.06361415982,-0.4504961371,0.2964721918,68,1.01217182,1.139255484,0.7041424926,1.460686775,0.05003915301,1.062210973,0,0.02941176471
resize_0.5_jpeg_q75,2,ai_edited,13,jpeg_periodic_grid_strength,0.09128993284,0.08140805125,false,68,0.09421032334,0.09291080477,0.06339309365,7.077339615e-05,0.02719561057,0.1343744472,0.3056815594,0.1071788366,0,0.5001913309,0.1807397991,0.1013906718,0.1582878828,0.05738694388,0.1191691551,0.2389657088,0.3528233692,0.1197965536,0,0.6046361923,0.08652947576,0.08488098469,0.09451215481,-0.00413533859,0.05920795724,0.1228221096,0.1863514483,0.06361415237,-0.3139585853,0.2964721099,68,1.06291054,1.160968152,0.7272985451,1.508721898,0.03587348503,1.098784026,0,0.01470588235
resize_0.5_jpeg_q75,2,ai_edited,14,jpeg_artifact_score,0.1823568939,0.1616502381,false,68,0.1884150193,0.1857966574,0.1267861873,0.0001415467923,0.05439122114,0.2687488943,0.6113631189,0.2143576732,0,1,0.3584020631,0.1909665112,0.3165757656,0.1147738878,0.2383383103,0.4779314175,0.7056467384,0.2395931073,0,1,0.1699870438,0.1709894526,0.1829188718,-0.01427355781,0.1145243067,0.2456442192,0.3727028967,0.1311199125,-0.6279171705,0.5929442197,68,1.051573111,1.131571929,0.7084697682,1.519603201,0.03747674927,1.089049861,0,0
resize_0.5_jpeg_q75,2,ai_edited,15,laplacian_variance,0.02784605102,0.03524024655,false,68,0.02876353672,0.03735732055,0.01502119517,0.003408925352,0.00885904883,0.03057757718,0.1083497912,0.02171852835,0.0006821614807,0.2125537097,0.02394886049,0.02269298935,0.01739364769,0.003687204735,0.01144279516,0.02913386794,0.06045129709,0.01769107278,0.001031851745,0.1109717041,-0.004814676227,0.01970753424,-0.0002088793553,-0.04680919275,-0.00479672337,0.005012460868,0.0137930383,0.009809184237,-0.1030484289,0.02053611726,68,-0.1366243627,-0.005927295515,-0.1361149208,0.1422368274,0.02603516695,-0.1105891958,0,0
resize_0.5_jpeg_q75,3,all,0,fft_high_freq_energy_ratio,0.2770639687,0.03598589593,false,136,0.2815202273,0.02928097965,0.2798248529,0.2368883081,0.2636265829,0.3019885123,0.3297664821,0.03836192936,0.1939708143,0.3533691168,0.2802248105,0.02920205102,0.2820312083,0.2376247384,0.2617677152,0.3003201485,0.3289328665,0.03855243325,0.1930699348,0.3486739993,-0.00129541678,0.002857384531,-0.002436921,-0.003700911999,-0.002956174314,-0.001448065042,0.004910271615,0.001508109272,-0.004695117474,0.006729334593,136,-0.0359979027,-0.06771878086,-0.08214813715,-0.0402397941,0.1238334761,0.08783557335,0,0
resize_0.5_jpeg_q75,3,all,1,fft_spectral_peak_count,0.001465201487,0.01201554558,false,136,0.002205882386,0.01474178646,0,0,0,0,0,0,0,0.1000000015,0.002205882386,0.01474178646,0,0,0,0,0,0,0,0.1000000015,0,0,0,0,0,0,0,0,0,0,136,0,0,0,0,0.06164355119,0.06164355119,0,0
resize_0.5_jpeg_q75,3,all,2,fft_radial_anomaly_score,0.01245421275,0.06623456294,false,136,0.009558823836,0.05561598191,0,0,0,0,0,0,0,0.400000006,0.006617647322,0.04422536047,0,0,0,0,0,0,0,0.3000000119,-0.002941176514,0.03429971754,0,0,0,0,0,0,-0.400000006,0,136,-0.04440546422,0,0,0,-0.04371416953,-0.08811963374,0,0
resize_0.5_jpeg_q75,3,all,3,fft_spectral_decay_slope,-1.396382714,0.1146397732,false,136,-1.380966125,0.09778443748,-1.368546486,-1.544825912,-1.433422506,-1.323596537,-1.236613393,0.1098259687,-1.727806091,-1.145753503,-1.383528737,0.09802986422,-1.373076439,-1.540059805,-1.438332468,-1.324543029,-1.232368439,0.1137894392,-1.729662895,-1.148659468,-0.002562611419,0.006313977581,-0.005135059357,-0.007968336344,-0.005972921848,-0.003198057413,0.01100760698,0.002774864435,-0.009108185768,0.01532137394,136,-0.02235359812,-0.04479299997,-0.05210165444,-0.02789657834,0.1344785389,0.1121249408,0,0
resize_0.5_jpeg_q75,3,all,4,dct_mean_high_freq_energy,0.6292782821,0.5635890252,false,136,0.5849034503,0.4580706157,0.4920225739,0.1249861922,0.2332047597,0.7661382556,1.350411505,0.5329334959,0.05247817934,2.947056532,0.404424735,0.2415893199,0.3570904732,0.130004596,0.2070708089,0.5644762367,0.7701334059,0.3574054278,0.04027588293,1.215245008,-0.1804787153,0.2836232186,-0.1100407839,-0.5874165148,-0.3151659891,-0.01221719384,0.09862089157,0.3029487953,-1.863971114,0.3344061896,136,-0.3202310678,-0.1952500474,-0.5592124315,-0.02167748713,-0.07873615323,-0.398967221,0,0
resize_0.5_jpeg_q75,3,all,5,dct_ac_energy_variance,0.6612464179,0.8145449238,false,136,0.5269903759,0.5430640046,0.3512299061,0.03601752687,0.1217378397,0.8404435813,1.280292571,0.7187057417,0.006817433983,3.392128229,0.3007108733,0.2422669224,0.2641786337,0.04038982838,0.105975803,0.3969518989,0.7700933367,0.2909760959,0.004406074528,1.035362005,-0.2262795026,0.3782325066,-0.1349712647,-0.7280152142,-0.3762554191,-0.002359311213,0.09734820947,0.3738961079,-2.404868066,0.5417656898,136,-0.2777986775,-0.1657014375,-0.4619210164,-0.002896477707,-0.1648233734,-0.4426220508,0,0
resize_0.5_jpeg_q75,3,all,6,dct_anomaly_score,0.889356059,0.1661459289,false,136,0.8850705652,0.1529767363,0.9981177449,0.5990535021,0.766791746,1,1,0.233208254,0.4475267231,1,0.9327142098,0.1131389569,1,0.6900785267,0.8854119927,1,1,0.1145880073,0.6350846291,1,0.04764364463,0.1032728415,0,-0.01783625782,0,0.07066419721,0.2402266115,0.07066419721,-0.2308138609,0.5524732769,136,0.2867578216,0,0,0.4253140458,-0.02579355267,0.2609642689,0,0
resize_0.5_jpeg_q75,3,all,7,noise_global_level,0.08145926638,0.05773810375,false,136,0.0776620205,0.0477188607,0.06811753288,0.02355681453,0.03972288966,0.09635535628,0.1567692123,0.05663246661,0.008498129435,0.3005185127,0.07798900087,0.03490217179,0.07201995328,0.03729470447,0.04908442963,0.1036501639,0.1299690567,0.05456573423,0.01271148212,0.1815996915,0.000326980371,0.02504473878,0.004605785012,-0.03046254814,-0.01199309714,0.01206124434,0.02999293618,0.02405434148,-0.136552453,0.06597405672,136,0.005663164354,0.07977028536,-0.2077154663,0.2088957475,-0.0657667232,-0.06010355884,0,0
resize_0.5_jpeg_q75,3,all,8,noise_max_to_min_ratio,0.4198563956,0.3432569591,false,136,0.3686190101,0.2989411518,0.2614229023,0.07979653776,0.1244912632,0.5089045316,1,0.3844132684,0.03719126061,1,0.4236497266,0.3462057657,0.2739928961,0.06621038727,0.1257203091,0.6542197615,1,0.5284994524,0.05420614034,1,0.0550307165,0.2005544705,0,-0.1666404828,-0.0372286588,0.08105567098,0.4717674255,0.1182843298,-0.404643774,0.7547523677,136,0.1603193032,0,-0.108457113,0.2361370071,-0.1492683081,0.01105099514,0,0
resize_0.5_jpeg_q75,3,all,9,noise_std_of_variances,0.04548419132,0.03027924304,false,136,0.04374142453,0.02514384662,0.03729434498,0.01211746526,0.02433698578,0.06439554319,0.088554129,0.04005855741,0.007698957808,0.1245050952,0.04247862769,0.01875741235,0.03953966871,0.01655460149,0.02804725058,0.05418671854,0.07595377415,0.02613946795,0.01164333895,0.08505626023,-0.001262796844,0.01393317558,0.001557562966,-0.02756600827,-0.008399703074,0.007583158556,0.0186522156,0.01598286163,-0.04835750908,0.02949930727,136,-0.04170503346,0.05143995719,-0.277407961,0.2504408233,-0.05755648451,-0.09926151796,0,0
resize_0.5_jpeg_q75,3,all,10,noise_coef_variation,0.6137265787,0.2479366501,false,136,0.6020529202,0.2024358371,0.597428441,0.3081655577,0.4407893196,0.7282086015,0.9515992999,0.2874192819,0.1544704735,1.140060663,0.5827312927,0.2012945443,0.5739364624,0.2839793563,0.4490344152,0.6954325885,0.939691484,0.2463981733,0.257770896,1.147898316,-0.01932162748,0.1005593698,-0.001929998398,-0.174592793,-0.07860524952,0.04134561867,0.1184462681,0.1199508682,-0.4233112335,0.2090656757,136,-0.07792969482,-0.007784240035,-0.3170376364,0.1667588017,-0.04708323043,-0.1250129252,0,0
resize_0.5_jpeg_q75,3,all,11,noise_inconsistency_score,0.472709908,0.2872541289,false,136,0.468489601,0.2599667847,0.4632379413,0.07755407505,0.2543857545,0.6376114935,0.9354657233,0.383225739,0,1,0.4421917433,0.2648001409,0.4319152832,0.04530581739,0.2653791979,0.5939101279,0.9195886552,0.32853093,0.0103611825,1,-0.02629785769,0.131040165,-0.002573281527,-0.2327904105,-0.1009797924,0.05249897391,0.1472916119,0.1534787663,-0.564414978,0.2787542343,136,-0.09154910249,-0.00895820553,-0.3515346944,0.1827614249,-0.0146918931,-0.1062409956,0,0
resize_0.5_jpeg_q75,3,all,12,jpeg_boundary_difference_ratio,1.093948336,0.09273773244,false,136,1.082337692,0.08161071092,1.060392857,0.9912209213,1.026367247,1.118151486,1.222925007,0.09178423882,0.9520630836,1.365483165,1.176768978,0.08992224532,1.168739617,1.068886966,1.115151346,1.224064827,1.312194854,0.1089134812,1.010728002,1.584149837,0.09443128547,0.05700155217,0.08710026741,0.01087328792,0.06208592653,0.1244000196,0.2220213711,0.06231409311,-0.00474011898,0.2806813717,136,1.018261747,0.9392106656,0.669478592,1.341417526,-0.1251987007,0.8930630467,0,0
resize_0.5_jpeg_q75,3,all,13,jpeg_periodic_grid_strength,0.09553520438,0.09058293146,false,136,0.08404000305,0.07950975276,0.06039283425,0,0.02636727365,0.1181514598,0.2229249701,0.0917841862,0,0.3654832244,0.1767689773,0.08992225002,0.1687395722,0.06888700835,0.1151513383,0.2240647934,0.3121949062,0.1089134552,0.01072795875,0.5841498971,0.09272897427,0.05714750291,0.08704828657,0.01042489661,0.0617055269,0.1225639693,0.2220214079,0.06085844245,-0.004740208387,0.2806814276,136,1.02369147,0.9609789082,0.681204791,1.353058102,-0.1269025096,0.8967889605,0,0
resize_0.5_jpeg_q75,3,all,14,jpeg_artifact_score,0.1895063019,0.1711530738,false,136,0.1680800061,0.1590195055,0.1207856685,0,0.05273454729,0.2363029197,0.4458499402,0.1835683724,0,0.7309664488,0.3512605418,0.1703364602,0.3374791443,0.1377740167,0.2303026766,0.4481295869,0.6243898124,0.2178269103,0.02145591751,1,0.1831805357,0.1102796828,0.1740965731,0.02084979322,0.1234110538,0.2451279387,0.3353659399,0.1217168849,-0.009480416775,0.5613628551,136,1.070273128,1.017198052,0.721056602,1.432214644,-0.1251879111,0.9450852174,0,0
resize_0.5_jpeg_q75,3,all,15,laplacian_variance,0.02918492153,0.0375752336,false,136,0.02394577704,0.02717534999,0.01534168934,0.00259178417,0.007541473606,0.0335185295,0.05879470799,0.02597705589,0.0007509294082,0.1964241564,0.02070582801,0.01458946305,0.01843173895,0.004681865918,0.008901998401,0.02991128946,0.04239289649,0.02100929106,0.0009963891935,0.07447428256,-0.003239949028,0.0180914224,0.0005412583705,-0.02072890103,-0.006140590063,0.003286965191,0.01103847288,0.009427555255,-0.1334963068,0.0233420413,136,-0.08622565233,0.0144046575,-0.163421208,0.08747690638,-0.1394307895,-0.2256564418,0,0
resize_0.5_jpeg_q75,3,authentic,0,fft_high_freq_energy_ratio,0.2770639687,0.03598589593,false,68,0.2802247753,0.02958164251,0.2775896192,0.236006666,0.263284862,0.3020432144,0.3289889097,0.0387583524,0.1939708143,0.3368470669,0.2789872981,0.02955209395,0.2764237225,0.2365891196,0.2608070001,0.3003201485,0.3277282313,0.03951314837,0.1930699348,0.3373648226,-0.001237477231,0.002846951724,-0.002395704389,-0.00359544903,-0.002836227417,-0.001433074474,0.004918829352,0.001403152943,-0.003952771425,0.006729334593,68,-0.03438783998,-0.06657342625,-0.07881497303,-0.03982322622,0.08783459599,0.05344675601,0,0
resize_0.5_jpeg_q75,3,authentic,1,fft_spectral_peak_count,0.001465201487,0.01201554558,false,68,0.002941176514,0.0170213936,0,0,0,0,0,0,0,0.1000000015,0.002941176514,0.0170213936,0,0,0,0,0,0,0,0.1000000015,0,0,0,0,0,0,0,0,0,0,68,0,0,0,0,0.1228387856,0.1228387856,0,0
resize_0.5_jpeg_q75,3,authentic,2,fft_radial_anomaly_score,0.01245421275,0.06623456294,false,68,0.008823529762,0.05106418207,0,0,0,0,0,0,0,0.3000000119,0.008823529762,0.05106418207,0,0,0,0,0,0,0,0.3000000119,0,0,0,0,0,0,0,0,0,0,68,0,0,0,0,-0.05481553475,-0.05481553475,0,0
resize_0.5_jpeg_q75,3,authentic,3,fft_spectral_decay_slope,-1.396382714,0.1146397732,false,68,-1.386156375,0.1002783463,-1.373494685,-1.551214135,-1.43973875,-1.325330079,-1.24484846,0.1144086719,-1.727806091,-1.145753503,-1.388585063,0.1004266292,-1.378547013,-1.548820227,-1.445442766,-1.329170793,-1.237452245,0.1162719727,-1.729662895,-1.148659468,-0.002428687671,0.00632671759,-0.005063295364,-0.00789064765,-0.00592392683,-0.002889186144,0.01101115942,0.003034740686,-0.008673429489,0.01532137394,68,-0.02118538447,-0.04416700438,-0.05167427207,-0.02520230164,0.08920411445,0.06801872998,0,0
resize_0.5_jpeg_q75,3,authentic,4,dct_mean_high_freq_energy,0.6292782821,0.5635890252,false,68,0.5773162136,0.4635349999,0.4883050323,0.1221976575,0.220300857,0.7608941793,1.347974223,0.5405933224,0.05247817934,2.947056532,0.4014772109,0.2436585979,0.3598288,0.1343820944,0.1950083822,0.5606570244,0.770864445,0.3656486422,0.04027588293,1.215245008,-0.1758390027,0.2866022274,-0.1076963097,-0.5774089068,-0.3003022932,-0.008774001151,0.09788838476,0.291528292,-1.863971114,0.3344061896,68,-0.3119986282,-0.191090147,-0.532839143,-0.01556808376,-0.09219851027,-0.4041971385,0,0
resize_0.5_jpeg_q75,3,authentic,5,dct_ac_energy_variance,0.6612464179,0.8145449238,false,68,0.5240311355,0.5538703296,0.3292368203,0.03536250908,0.1004689299,0.84002994,1.278597277,0.7395610102,0.006817433983,3.392128229,0.2942965998,0.2441763873,0.2449265644,0.04017467257,0.1051949169,0.3982200697,0.7716713101,0.2930251528,0.004406074528,1.035362005,-0.2297345357,0.3813770874,-0.1264543012,-0.7356520042,-0.3762554191,-0.001602754928,0.07810781561,0.3746526642,-2.404868066,0.2486548126,68,-0.2820403504,-0.155245337,-0.4619210164,-0.001967669163,-0.1684563717,-0.4504967221,0,0
resize_0.5_jpeg_q75,3,authentic,6,dct_anomaly_score,0.889356059,0.1661459289,false,68,0.8861795681,0.1510468274,0.9964952171,0.6086750209,0.7715208828,1,1,0.2284791172,0.453714937,1,0.9302900644,0.1143414735,1,0.6960352033,0.8821093887,1,1,0.1178906113,0.6536588669,1,0.04411049625,0.1032443171,0,-0.03289012909,0,0.0690215081,0.2337880328,0.0690215081,-0.2308138609,0.546285063,68,0.2654924894,0,0,0.4154270199,-0.01911867996,0.2463738094,0,0
resize_0.5_jpeg_q75,3,authentic,7,noise_global_level,0.08145926638,0.05773810375,false,68,0.07773085362,0.04853446933,0.06774162129,0.02424513912,0.03916308936,0.09999490902,0.156540788,0.06083181966,0.008498129435,0.3005185127,0.07753012475,0.03513856233,0.07201995328,0.03745673709,0.04875499569,0.1018994842,0.1276532933,0.05314448848,0.01271148212,0.1815996915,-0.0002007288721,0.02529804938,0.004415467381,-0.03166523725,-0.01273755729,0.01185498154,0.03149462659,0.02459253883,-0.136552453,0.06432544068,68,-0.003476540778,0.07647406296,-0.2206092072,0.2053233613,-0.06457456212,-0.06805110289,0,0
resize_0.5_jpeg_q75,3,authentic,8,noise_max_to_min_ratio,0.4198563956,0.3432569591,false,68,0.3641783925,0.2954842022,0.2533352673,0.08042030744,0.1287994534,0.5065153539,1,0.3777159005,0.03719126061,1,0.4184882651,0.3432954335,0.2518216744,0.0712677218,0.1275780983,0.6449727714,1,0.5173946731,0.05485856161,1,0.05430987253,0.2028645201,0,-0.1637858123,-0.04275774211,0.07576798648,0.4578300472,0.1185257286,-0.351957798,0.7547523677,68,0.1582192905,0,-0.1245648223,0.2207325576,-0.1622050234,-0.003985732946,0,0
resize_0.5_jpeg_q75,3,authentic,9,noise_std_of_variances,0.04548419132,0.03027924304,false,68,0.04356616948,0.02540781963,0.03764902055,0.01210393175,0.02447021659,0.05869416427,0.0898496598,0.03422394767,0.007698957808,0.1207790449,0.04219504261,0.01905328247,0.03827308677,0.01694355272,0.02782292478,0.05422420148,0.07580312118,0.0264012767,0.01164333895,0.08505626023,-0.001371126868,0.0137339064,0.001377235632,-0.02771886587,-0.008676664904,0.007289318368,0.01744056577,0.01596598327,-0.04488987476,0.0294447653,68,-0.04528273268,0.04548448026,-0.2865548816,0.2407364794,-0.0633444448,-0.1086271775,0,0
resize_0.5_jpeg_q75,3,authentic,10,noise_coef_variation,0.6137265787,0.2479366501,false,68,0.5981716724,0.197276098,0.597428441,0.3099574596,0.4423480853,0.7228698879,0.9137503356,0.2805218026,0.1544704735,1.062339783,0.5802318191,0.1964257836,0.5717734993,0.2958857805,0.4601680487,0.6851066053,0.9134545386,0.2249385566,0.2670044899,0.99927634,-0.01793985332,0.09890389871,-0.001062870026,-0.1630335614,-0.07573482394,0.03757685423,0.1187284216,0.1133116782,-0.4136663675,0.2081392407,68,-0.07235660121,-0.004286861282,-0.3054603824,0.151558288,-0.06273742202,-0.1350940232,0,0
resize_0.5_jpeg_q75,3,authentic,11,noise_inconsistency_score,0.472709908,0.2872541289,false,68,0.464879679,0.2564121435,0.4632379413,0.07994327508,0.2564641088,0.630493179,0.8850004673,0.3740290701,0,1,0.4403090955,0.2619010461,0.4290313572,0.06118104588,0.28022407,0.5801421255,0.8846060455,0.2999180555,0.02267266437,0.99903512,-0.0245705835,0.1287791874,-0.001417133957,-0.217378056,-0.1009797924,0.0432170704,0.1453627408,0.1441968628,-0.5515551865,0.2775189877,68,-0.08553604988,-0.004933380635,-0.3515346944,0.1504489093,-0.02725889098,-0.1127949409,0,0
resize_0.5_jpeg_q75,3,authentic,12,jpeg_boundary_difference_ratio,1.093948336,0.09273773244,false,68,1.086161798,0.08560502869,1.062512159,0.9901258528,1.030339122,1.12294969,1.226612198,0.09261056781,0.9602760077,1.365275621,1.178836319,0.09174303196,1.167225301,1.070380586,1.118143439,1.225193828,1.320937407,0.1070503891,1.010728002,1.570714116,0.09267452096,0.05801135961,0.08828175068,0.01191955805,0.05886872113,0.1244000196,0.2021893382,0.06553129852,-0.00474011898,0.2792577744,68,0.9993183845,0.9519507148,0.6347871528,1.341417526,-0.0839629929,0.9153553916,0,0
resize_0.5_jpeg_q75,3,authentic,13,jpeg_periodic_grid_strength,0.09553520438,0.09058293146,false,68,0.08785988211,0.08355739431,0.0625121668,0,0.03033912973,0.1229496785,0.226612173,0.09261054872,0,0.3652756512,0.1788363123,0.09174304042,0.1672253087,0.07038060799,0.1181434635,0.2251938507,0.3209374174,0.1070503872,0.01072795875,0.5707141757,0.09097643017,0.05805021995,0.08828170598,0.01093725236,0.05735012703,0.1225904878,0.2021893732,0.0652403608,-0.004740208387,0.2792577501,68,1.004344071,0.9745953741,0.6331228864,1.353350856,-0.08473254451,0.9196115268,0,0
resize_0.5_jpeg_q75,3,authentic,14,jpeg_artifact_score,0.1895063019,0.1711530738,false,68,0.1757197642,0.1671147886,0.1250243336,0,0.06067825947,0.2458993569,0.453224346,0.1852210974,0,0.7305513024,0.3555927959,0.1750784803,0.3344506174,0.140761216,0.236286927,0.4503877014,0.6418748349,0.2141007744,0.02145591751,1,0.1798730316,0.112601938,0.176563412,0.02187450472,0.1147002541,0.2451809756,0.3284876432,0.1304807216,-0.009480416775,0.5585155003,68,1.050948298,1.031611107,0.6701618121,1.432524525,-0.08055092064,0.9703973778,0,0
resize_0.5_jpeg_q75,3,authentic,15,laplacian_variance,0.02918492153,0.0375752336,false,68,0.02403727478,0.0277269892,0.01534168934,0.002676711767,0.007541473606,0.03309382405,0.05826079007,0.02555235045,0.0007509294082,0.1964241564,0.02044406105,0.0146899601,0.0184879601,0.004731137305,0.008686478483,0.02811330836,0.04026833829,0.01942682988,0.0009963891935,0.07447428256,-0.00359321373,0.01841748907,0.0003688772849,-0.02052433006,-0.006247552461,0.002961666614,0.01032783384,0.009209219075,-0.1334963068,0.01945230714,68,-0.09562718276,0.009817032381,-0.1662678276,0.0788196461,-0.136995735,-0.2326229177,0,0
resize_0.5_jpeg_q75,3,ai_edited,0,fft_high_freq_energy_ratio,0.2770639687,0.03598589593,false,68,0.2828156793,0.02913877368,0.2821039855,0.2395771317,0.2655462772,0.3016602769,0.3286440969,0.03611399978,0.2022096664,0.3533691168,0.2814623229,0.02901400491,0.2838579267,0.2401237927,0.2648482919,0.299804695,0.3286980659,0.03495640308,0.2000614703,0.3486739993,-0.00135335633,0.002887768135,-0.002513661981,-0.003713786602,-0.002993687987,-0.001764051616,0.004767456651,0.001229636371,-0.004695117474,0.006683319807,68,-0.03760796543,-0.06985131024,-0.08319059204,-0.04902063908,0.1598323561,0.1222243907,0,0
resize_0.5_jpeg_q75,3,ai_edited,1,fft_spectral_peak_count,0.001465201487,0.01201554558,false,68,0.001470588257,0.01212678143,0,0,0,0,0,0,0,0.1000000015,0.001470588257,0.01212678143,0,0,0,0,0,0,0,0.1000000015,0,0,0,0,0,0,0,0,0,0,68,0,0,0,0,0.0004483167359,0.0004483167359,0,0
resize_0.5_jpeg_q75,3,ai_edited,2,fft_radial_anomaly_score,0.01245421275,0.06623456294,false,68,0.01029411791,0.06019794825,0,0,0,0,0,0,0,0.400000006,0.004411764881,0.0363803452,0,0,0,0,0,0,0,0.3000000119,-0.005882353029,0.04850712573,0,0,0,0,0,0,-0.400000006,0,68,-0.08881092843,0,0,0,-0.0326128043,-0.1214237327,0,0
resize_0.5_jpeg_q75,3,ai_edited,3,fft_spectral_decay_slope,-1.396382714,0.1146397732,false,68,-1.375775875,0.09568634979,-1.368546486,-1.531256497,-1.422361106,-1.318440676,-1.238985956,0.1039204299,-1.680384636,-1.146538377,-1.378472411,0.0960506914,-1.371874392,-1.532624316,-1.426852971,-1.32000789,-1.237842602,0.1068450809,-1.686974168,-1.149436951,-0.002696535167,0.006345382839,-0.005293667316,-0.00801281333,-0.006148457527,-0.003865659237,0.0109320879,0.00228279829,-0.009108185768,0.01519215107,68,-0.02352181177,-0.04617653341,-0.05363284797,-0.03372005308,0.1797529634,0.1562311516,0,0
resize_0.5_jpeg_q75,3,ai_edited,4,dct_mean_high_freq_energy,0.6292782821,0.5635890252,false,68,0.592490687,0.4558591915,0.5053685457,0.1338216439,0.2424968779,0.7700662464,1.331547052,0.5275693685,0.0634676218,2.882460594,0.407372259,0.2412773858,0.3538432419,0.1330061428,0.2116108313,0.5686260164,0.7590931505,0.3570151851,0.04126638919,1.187741399,-0.1851184279,0.2826665099,-0.1128629446,-0.5724539012,-0.3157983199,-0.01325213164,0.08511448503,0.3025461882,-1.830295205,0.3262919188,68,-0.3284635074,-0.2002575273,-0.5603344029,-0.02351382133,-0.06527379618,-0.3937373036,0,0
resize_0.5_jpeg_q75,3,ai_edited,5,dct_ac_energy_variance,0.6612464179,0.8145449238,false,68,0.5299496162,0.5361424041,0.3525126725,0.05104755405,0.1419496629,0.8421262056,1.23644278,0.7001765426,0.009631031193,3.336702347,0.3071251468,0.2419853718,0.266145125,0.04403097592,0.1233897563,0.3919387832,0.7411491632,0.2685490269,0.01041944418,1.00909102,-0.2228244694,0.3778652746,-0.1417209636,-0.7214247361,-0.3583164439,-0.01246818155,0.1111287598,0.3458482623,-2.372136891,0.5417656898,68,-0.2735570045,-0.1739879036,-0.4398977066,-0.01530692929,-0.161190375,-0.4347473795,0,0
resize_0.5_jpeg_q75,3,ai_edited,6,dct_anomaly_score,0.889356059,0.1661459289,false,68,0.8839615623,0.1559980927,0.9981177449,0.6058991462,0.762401998,1,1,0.237598002,0.4475267231,1,0.9351383553,0.1127208823,1,0.6948317409,0.9108493924,1,1,0.08915060759,0.6350846291,1,0.051176793,0.1039471739,0,-0.005600225925,0,0.07066419721,0.2421605915,0.07066419721,-0.2249420285,0.5524732769,68,0.3080231538,0,0,0.4253140458,-0.03246842537,0.2755547284,0,0
resize_0.5_jpeg_q75,3,ai_edited,7,noise_global_level,0.08145926638,0.05773810375,false,68,0.07759318738,0.04724998852,0.06814750656,0.0245583117,0.04199169856,0.09520376846,0.154824429,0.05321206991,0.01242605317,0.2921302319,0.07844787699,0.03491931737,0.07192492485,0.03745700158,0.04958958458,0.1044817828,0.1334126934,0.05489219818,0.01587075926,0.1787788272,0.0008546896142,0.02496563813,0.004720095545,-0.02708099224,-0.01170757599,0.01246118359,0.02871723119,0.02416875958,-0.1315580159,0.06597405672,68,0.01480286949,0.08175009636,-0.2027703584,0.2158225294,-0.06695888428,-0.05215601479,0,0
resize_0.5_jpeg_q75,3,ai_edited,8,noise_max_to_min_ratio,0.4198563956,0.3432569591,false,68,0.3730596277,0.3044905614,0.2694365084,0.08128768615,0.1238110848,0.5089045316,1,0.3850934468,0.03719126061,1,0.4288111882,0.3515678667,0.2975017875,0.06594194882,0.1242454425,0.7023743093,1,0.5781288669,0.05420614034,1,0.05575156048,0.1997234408,0,-0.1667582974,-0.02943180688,0.08362659812,0.4673953086,0.113058405,-0.404643774,0.7186972797,68,0.1624193159,0,-0.08574278277,0.2436268105,-0.1363315927,0.02608772323,0,0
resize_0.5_jpeg_q75,3,ai_edited,9,noise_std_of_variances,0.04548419132,0.03027924304,false,68,0.04391667959,0.02506476444,0.03708861209,0.01220234898,0.02433698578,0.06463584863,0.08635382056,0.04029886285,0.0116578443,0.1245050952,0.04276221277,0.01859412737,0.03953966871,0.01718421867,0.02856519166,0.05407717545,0.07593460977,0.02551198378,0.01375728846,0.08389049023,-0.00115446682,0.01423096168,0.001586993225,-0.02655006386,-0.007940202951,0.00807881006,0.01758111697,0.01601901301,-0.04835750908,0.02949930727,68,-0.03812733423,0.05241191871,-0.2622325446,0.2668101725,-0.05176852422,-0.08989585845,0,0
resize_0.5_jpeg_q75,3,ai_edited,10,noise_coef_variation,0.6137265787,0.2479366501,false,68,0.605934168,0.2088629822,0.6024837792,0.3094294921,0.4398408756,0.729135409,0.9569785535,0.2892945334,0.1593853831,1.140060663,0.5852307664,0.2074800858,0.5782138109,0.2794413447,0.4428894818,0.6983956248,0.9445204139,0.255506143,0.257770896,1.147898316,-0.02070340164,0.1029050296,-0.003804922104,-0.1785988241,-0.08246251941,0.04320414364,0.1153593525,0.1256666631,-0.4233112335,0.2090656757,68,-0.08350278842,-0.01534634796,-0.332595118,0.1742547688,-0.03142903884,-0.1149318273,0,0
resize_0.5_jpeg_q75,3,ai_edited,11,noise_inconsistency_score,0.472709908,0.2872541289,false,68,0.4720995231,0.2653309562,0.4699783623,0.07923931442,0.2531211637,0.6388472319,0.9426380843,0.3857260682,0,1,0.4440743912,0.2696023567,0.4376184195,0.0392551221,0.2571859509,0.5978608578,0.9260272443,0.340674907,0.0103611825,1,-0.02802513188,0.134198383,-0.005073204637,-0.2381318018,-0.09865056281,0.05512748286,0.149112957,0.1537780457,-0.564414978,0.2787542343,68,-0.09756215509,-0.01766103295,-0.3434260916,0.1919118902,-0.002124895217,-0.09968705031,0,0
resize_0.5_jpeg_q75,3,ai_edited,12,jpeg_boundary_difference_ratio,1.093948336,0.09273773244,false,68,1.078513586,0.07785960965,1.05481112,0.9920105815,1.025272816,1.113544852,1.208841461,0.08827203512,0.9520630836,1.365483165,1.174701636,0.08869750748,1.17436868,1.070488286,1.112827629,1.219948322,1.304765135,0.1071206927,1.013332605,1.584149837,0.09618804998,0.05634950457,0.08710026741,0.01354807019,0.06551343203,0.124484241,0.2057813823,0.05897080898,-0.002939105034,0.2806813717,68,1.03720511,0.9392106656,0.7064377175,1.342325694,-0.1664344084,0.8707707017,0,0
resize_0.5_jpeg_q75,3,ai_edited,13,jpeg_periodic_grid_strength,0.09553520438,0.09058293146,false,68,0.08022012399,0.07567364232,0.0548111219,0,0.02527279966,0.1135448217,0.2088414364,0.08827202208,0,0.3654832244,0.1747016424,0.08869750863,0.1743686646,0.07048830725,0.1128276195,0.2199483141,0.3047651529,0.1071206946,0.01333264075,0.5841498971,0.09448151836,0.0566070267,0.08672591671,0.01052345829,0.06517768349,0.122373309,0.2057814538,0.0571956255,-0.002939164639,0.2806814276,68,1.043038869,0.9574200715,0.7195360366,1.350953287,-0.1690724747,0.8739663941,0,0
resize_0.5_jpeg_q75,3,ai_edited,14,jpeg_artifact_score,0.1895063019,0.1711530738,false,68,0.160440248,0.1513472846,0.1096222438,0,0.05054559931,0.2270896435,0.4176828727,0.1765440442,0,0.7309664488,0.3469282877,0.1666478334,0.3487373292,0.1409766145,0.2256552391,0.4398966283,0.6095303059,0.2142413892,0.0266652815,1,0.1864880398,0.1086431372,0.1734518334,0.02104691658,0.130355367,0.244746618,0.3299994491,0.114391251,-0.005878329277,0.5613628551,68,1.089597958,1.013431016,0.7616303003,1.429986693,-0.1698249015,0.9197730569,0,0
resize_0.5_jpeg_q75,3,ai_edited,15,laplacian_variance,0.02918492153,0.0375752336,false,68,0.0238542793,0.0268182541,0.01502414793,0.002805999166,0.007615783834,0.03353293054,0.0565951407,0.0259171467,0.0007818382583,0.1884857267,0.02096759497,0.01459272933,0.01843173895,0.004793651216,0.009198452579,0.03210201208,0.04515240975,0.0229035595,0.001093809726,0.07227023691,-0.002886684326,0.01788929781,0.0006527081132,-0.01954841483,-0.005869988119,0.003421158006,0.0113675233,0.009291146125,-0.1277416125,0.0233420413,68,-0.07682412191,0.01737070008,-0.1562196042,0.09104821657,-0.141865844,-0.2186899659,0,0
resize_0.5_jpeg_q75,4,all,0,fft_high_freq_energy_ratio,0.2772912924,0.03379470165,false,136,0.2806075897,0.03850881595,0.2823493928,0.2247225791,0.2523871139,0.3061808795,0.3457480147,0.0537937656,0.186509192,0.3788720965,0.2801045872,0.03863505202,0.2816603482,0.2217250802,0.2517527938,0.3067880422,0.3454236761,0.0550352484,0.1834136248,0.3744345009,-0.0005030025016,0.003657210945,-0.002334281802,-0.004455938935,-0.002842076123,0.003423199058,0.005454979837,0.00626527518,-0.01147632301,0.005778223276,136,-0.01488406398,-0.06907241929,-0.08409827528,0.101293957,0.09813068766,0.08324662368,0,0
resize_0.5_jpeg_q75,4,all,1,fft_spectral_peak_count,0.001098901115,0.01042509134,false,136,0.003676470643,0.01888792798,0,0,0,0,0,0,0,0.1000000015,0.003676470643,0.01888792798,0,0,0,0,0,0,0,0.1000000015,0,0,0,0,0,0,0,0,0,0,136,0,0,0,0,0.2472467092,0.2472467092,0,0
resize_0.5_jpeg_q75,4,all,2,fft_radial_anomaly_score,0.01062271086,0.06169742377,false,136,0.01691176523,0.0735906085,0,0,0,0,0.07500000298,0,0,0.400000006,0.01985294175,0.08057189593,0,0,0,0,0.3000000119,0,0,0.400000006,0.002941176514,0.03429971754,0,0,0,0,0,0,0,0.400000006,136,0.04767097773,0,0,0,0.1019338245,0.1496048023,0,0
resize_0.5_jpeg_q75,4,all,3,fft_spectral_decay_slope,-1.395071069,0.1081051518,false,136,-1.386231996,0.1248093578,-1.388402462,-1.567102671,-1.47300902,-1.304937065,-1.176903129,0.1680719554,-1.680339456,-1.072325468,-1.387175284,0.1254668757,-1.383531511,-1.589594722,-1.476917505,-1.297026485,-1.169650644,0.1798910201,-1.688986301,-1.077767253,-0.0009432882071,0.0086393248,-0.004761993885,-0.009422391653,-0.006147265434,0.008343845606,0.01222071052,0.01449111104,-0.03638470173,0.0145611763,136,-0.008725654525,-0.04404964801,-0.05686376025,0.07718268247,0.08176366375,0.07303800922,0,0
resize_0.5_jpeg_q75,4,all,4,dct_mean_high_freq_energy,0.6193762905,0.5366699776,false,136,0.6246570343,0.575484475,0.4199665189,0.1139723808,0.2421660833,0.7904714942,1.906940579,0.5483054109,0.0488383323,3.120204687,0.4555575504,0.3870363694,0.3122153729,0.1077223215,0.1944730543,0.5479210913,1.216153502,0.3534480371,0.05362038687,2.245650053,-0.1690994839,0.2414854595,-0.1236178204,-0.6756284982,-0.2247426212,0.001836117357,0.07780709304,0.2265787385,-1.114442945,0.2329243422,136,-0.3150902622,-0.2303423437,-0.4187724869,0.003421315582,0.009839834595,-0.3052504276,0,0
resize_0.5_jpeg_q75,4,all,5,dct_ac_energy_variance,0.6295869104,0.7833336529,false,136,0.6540939869,0.7146153804,0.4082358479,0.0308582182,0.1493869834,0.7946500927,2.135314763,0.6452631094,0.002281752881,3.695193529,0.3741141849,0.3535653573,0.2957513928,0.05021158699,0.1098631527,0.4730797783,1.140698075,0.3632166255,0.005121351685,1.630480409,-0.279979802,0.4339555044,-0.12552239,-1.003506124,-0.4121032991,0.003363094293,0.07792380173,0.4154663933,-2.237190843,0.3771258146,136,-0.3574208779,-0.1602412836,-0.5260891033,0.004293310111,0.03128561671,-0.3261352612,0,0
resize_0.5_jpeg_q75,4,all,6,dct_anomaly_score,0.8854757963,0.1618540456,false,136,0.9006486785,0.1700721526,1,0.468439959,0.8060800284,1,1,0.1939199716,0.3729226589,1,0.9276273825,0.1410149658,1,0.5847867429,0.9429253042,1,1,0.05707469583,0.3790489733,1,0.02697870398,0.09155829167,0,-0.06935676932,0,0.01524758339,0.2340787426,0.01524758339,-0.1638637185,0.3846936226,136,0.1666853855,0,0,0.09420576011,0.09374422558,0.2604296111,0,0
resize_0.5_jpeg_q75,4,all,7,noise_global_level,0.08048238378,0.05501788475,false,136,0.08158391684,0.05939912676,0.06303627416,0.01989928773,0.04177078418,0.10236446,0.2022186518,0.06059367582,0.0110670086,0.3236872554,0.08230081516,0.05205104585,0.06257511675,0.0272806813,0.04764205962,0.1015942954,0.1837181002,0.05395223573,0.01785225607,0.3200319111,0.0007168983164,0.01930783375,0.002973811701,-0.0402544383,-0.004758264869,0.0127665191,0.02985943202,0.01752478397,-0.06449954212,0.03970018402,136,0.01303027769,0.05405172726,-0.08648578351,0.2320430739,0.02002136334,0.03305164103,0,0
resize_0.5_jpeg_q75,4,all,8,noise_max_to_min_ratio,0.3987162239,0.3321587738,false,136,0.4534905819,0.3455142641,0.3879249692,0.06338350475,0.1265477277,0.7369337082,1,0.6103859805,0.0300397668,1,0.5261895471,0.3771751494,0.50126113,0.06399330497,0.1325190812,1,1,0.8674809188,0.03156695142,1,0.07269896515,0.2261040565,0.01532623917,-0.2437933758,-0.0150321573,0.1275435537,0.5423906669,0.142575711,-0.5375199616,0.7905106395,136,0.2188681164,0.04614130464,-0.0452559393,0.3839836963,0.1649041432,0.3837722596,0.02941176471,0.02941176471
resize_0.5_jpeg_q75,4,all,9,noise_std_of_variances,0.04493150664,0.02958025528,false,136,0.04596029094,0.02833783372,0.0404331889,0.01057637902,0.02389561944,0.06240804959,0.09797646292,0.03851243015,0.004058144521,0.1357585639,0.0457971538,0.02276354647,0.04404631816,0.0154647124,0.02737901872,0.05914735887,0.09496333636,0.03176834015,0.007768410724,0.1072582826,-0.0001631371424,0.01282105854,0.002196056768,-0.02698206529,-0.007104473189,0.008646244183,0.01612729765,0.01575071737,-0.03709315509,0.02832081541,136,-0.005515068779,0.07424062936,-0.240176196,0.2922978217,0.03477942586,0.02926435708,0,0
resize_0.5_jpeg_q75,4,all,10,noise_coef_variation,0.6066669238,0.2341182303,false,136,0.6303953582,0.2599559144,0.6288309693,0.248521734,0.4270838499,0.7941017896,1.057026237,0.3670179397,0.1013499871,1.295623899,0.631545458,0.25939724,0.5984939933,0.2998072803,0.4444504827,0.8104133457,1.03923288,0.365962863,0.1165554971,1.316008449,0.001150099835,0.1145677376,0.01602521539,-0.2137011886,-0.05021043122,0.06303073466,0.1604777724,0.1132411659,-0.3695983887,0.2946893573,136,0.004912474493,0.06844924195,-0.2144661318,0.2692260854,0.1013523566,0.1062648311,0.01470588235,0.007352941176
resize_0.5_jpeg_q75,4,all,11,noise_inconsistency_score,0.4655542926,0.2761477501,false,136,0.497217292,0.3034733063,0.505107969,0.001652285282,0.2361118011,0.7254690379,1,0.4893572368,0,1,0.4966634776,0.3022548439,0.4646586329,0.06640970893,0.2592672855,0.7472178191,1,0.4879505336,0,1,-0.0005538144101,0.1279072467,0.009651124477,-0.2316408083,-0.0596448835,0.06101748347,0.1951220981,0.120662367,-0.3793925047,0.3778320551,136,-0.002005500352,0.03494913311,-0.2159890257,0.2209595531,0.1146596318,0.1126541315,0,0
resize_0.5_jpeg_q75,4,all,12,jpeg_boundary_difference_ratio,1.093486445,0.09390043672,false,136,1.08419205,0.07630003957,1.072595596,0.9925839305,1.031727135,1.134876192,1.231296629,0.1031490564,0.9104481339,1.299650311,1.173722285,0.0983805271,1.173045814,1.045276016,1.105245024,1.227729708,1.353920788,0.122484684,0.8834856749,1.492544055,0.08953023483,0.05581934249,0.0839779973,0.008006155491,0.05672992766,0.1178863645,0.1911623776,0.0611564368,-0.09085142612,0.2476832867,136,0.9534591952,0.8943302101,0.6041497744,1.255440002,-0.09898138087,0.8544778144,0.04411764706,0.01470588235
resize_0.5_jpeg_q75,4,all,13,jpeg_periodic_grid_strength,0.09464744051,0.09247797334,false,136,0.08760411388,0.07060674983,0.07259557396,0,0.03172709793,0.1348761879,0.2312966399,0.10314909,0,0.2996502519,0.1755353321,0.09410682655,0.1730457768,0.0452759685,0.1052450202,0.2277297042,0.3539207503,0.122484684,0,0.4925440848,0.08793121819,0.05601282639,0.08276707307,0.002351883799,0.05591621296,0.1168386042,0.1911623944,0.06092239125,-0.09085151181,0.2476833165,136,0.9508341826,0.8949922892,0.604643581,1.263420899,-0.07616220786,0.8746719747,0,0
resize_0.5_jpeg_q75,4,all,14,jpeg_artifact_score,0.1877307741,0.1751440914,false,136,0.1752082278,0.1412134997,0.1451911479,0,0.06345419586,0.2697523758,0.4625932798,0.2062981799,0,0.5993005037,0.3510706641,0.1882136531,0.3460915536,0.090551937,0.2104900405,0.4554594085,0.7078415006,0.244969368,0,0.9850881696,0.1758624364,0.1120256528,0.1655341461,0.004703767598,0.1118324259,0.2336772084,0.3823247887,0.1218447825,-0.1817030236,0.4953666329,136,1.004101451,0.9451312048,0.6385166923,1.334199781,-0.07149853744,0.9326029139,0,0
resize_0.5_jpeg_q75,4,all,15,laplacian_variance,0.02771657354,0.03572195923,false,136,0.02984076236,0.03614408448,0.01788531337,0.002879146778,0.008638437837,0.03398433514,0.1130660344,0.0253458973,0.0003647030098,0.2088879496,0.02563988518,0.02743375094,0.01675109565,0.003835391195,0.009425900877,0.03242107574,0.06728803553,0.02299517486,0.001177010359,0.1784644872,-0.00420087718,0.01432606263,-0.0003058337606,-0.02613390191,-0.00594737404,0.003263994877,0.009267593967,0.009211368917,-0.06199175492,0.01945711672,136,-0.1175992938,-0.008561505786,-0.1664907012,0.09137222445,0.05946451067,-0.05813478317,0,0
resize_0.5_jpeg_q75,4,authentic,0,fft_high_freq_energy_ratio,0.2772912924,0.03379470165,false,68,0.2788785245,0.03970325146,0.2801967263,0.2224504076,0.2490844652,0.3065289408,0.3455745861,0.05744447559,0.1887102574,0.3711397052,0.278439602,0.03988904612,0.2816470712,0.2181831576,0.2482559904,0.3075164333,0.34461319,0.05926044285,0.1858006418,0.3669366837,-0.0004389224684,0.003661663826,-0.002286851406,-0.004042553902,-0.002793319523,0.003294408321,0.00535826385,0.006087727845,-0.01147632301,0.005771964788,68,-0.01298790778,-0.06766893312,-0.08265554619,0.09748298284,0.04696689159,0.03397898381,0,0
resize_0.5_jpeg_q75,4,authentic,1,fft_spectral_peak_count,0.001098901115,0.01042509134,false,68,0.002941176514,0.0170213936,0,0,0,0,0,0,0,0.1000000015,0.002941176514,0.0170213936,0,0,0,0,0,0,0,0.1000000015,0,0,0,0,0,0,0,0,0,0,68,0,0,0,0,0.1767155163,0.1767155163,0,0
resize_0.5_jpeg_q75,4,authentic,2,fft_radial_anomaly_score,0.01062271086,0.06169742377,false,68,0.01470588279,0.06967880851,0,0,0,0,0,0,0,0.400000006,0.02058823582,0.08385991277,0,0,0,0,0.1950000077,0,0,0.400000006,0.005882353029,0.04850712573,0,0,0,0,0,0,0,0.400000006,68,0.09534195546,0,0,0,0.06618059036,0.1615225458,0,0
resize_0.5_jpeg_q75,4,authentic,3,fft_spectral_decay_slope,-1.395071069,0.1081051518,false,68,-1.393027625,0.1282122567,-1.40049988,-1.58098858,-1.486094415,-1.310151756,-1.183244878,0.1759426594,-1.677996755,-1.106623292,-1.393855305,0.1290690887,-1.391669452,-1.589624476,-1.48368606,-1.306039989,-1.178093016,0.1776460707,-1.684183121,-1.112079978,-0.0008276806158,0.008719609251,-0.004818022251,-0.007715010643,-0.005963355303,0.007826089859,0.01205164194,0.01378944516,-0.03638470173,0.0145611763,68,-0.007656255062,-0.04456792457,-0.05516254501,0.07239331084,0.01890237667,0.01124612161,0,0
resize_0.5_jpeg_q75,4,authentic,4,dct_mean_high_freq_energy,0.6193762905,0.5366699776,false,68,0.619074247,0.5894011392,0.3964817971,0.1050579589,0.2415498458,0.7882015407,1.81207124,0.5466516949,0.0488383323,3.120204687,0.453446277,0.3945852001,0.3105425835,0.1048088994,0.1943451166,0.5359719545,1.190376186,0.3416268378,0.05362038687,2.245650053,-0.16562797,0.2471731021,-0.1235552579,-0.6308014497,-0.2229881659,0.002631937154,0.09168767557,0.2256201031,-1.10997951,0.2329243422,68,-0.3086216426,-0.2302257683,-0.4155033358,0.004904200465,-0.0005628105104,-0.3091844531,0,0
resize_0.5_jpeg_q75,4,authentic,5,dct_ac_energy_variance,0.6295869104,0.7833336529,false,68,0.652833598,0.7232856715,0.4082358479,0.0278990061,0.1388221048,0.8187793642,2.114781368,0.6799572594,0.002281752881,3.695193529,0.370175713,0.3581691335,0.2957513928,0.0391733123,0.09952772595,0.4518859163,1.085862523,0.3523581903,0.005121351685,1.624641776,-0.282657885,0.4360435993,-0.1197600216,-0.9567829728,-0.4056821764,0.003363094293,0.05873610321,0.4090452706,-2.237190843,0.3771258146,68,-0.360839706,-0.1528850715,-0.5178919287,0.004293310111,0.02967661034,-0.3311630957,0,0
resize_0.5_jpeg_q75,4,authentic,6,dct_anomaly_score,0.8854757963,0.1618540456,false,68,0.9005260446,0.1710789769,1,0.5059590265,0.8380032927,1,1,0.1619967073,0.3729226589,1,0.9269164849,0.1427851782,1,0.6058203995,0.9427348673,1,1,0.05726513267,0.3790489733,1,0.02639044032,0.09201726852,0,-0.0636731863,0,0.01032646,0.2313727036,0.01032646,-0.1638637185,0.3843260407,68,0.1630508538,0,0,0.06380106205,0.0929865434,0.2560373972,0,0
resize_0.5_jpeg_q75,4,authentic,7,noise_global_level,0.08048238378,0.05501788475,false,68,0.08178414528,0.06063387544,0.06277976371,0.02107844064,0.04174822848,0.1023419909,0.2037630282,0.06059376244,0.0110670086,0.3236872554,0.08188948479,0.05276786175,0.06356584467,0.02631709548,0.04599471949,0.09825970791,0.1782168753,0.05226498842,0.01785225607,0.3200319111,0.0001053395133,0.01927975879,0.002967044711,-0.03784217313,-0.004796952009,0.01218226226,0.02787291538,0.01697921427,-0.06449954212,0.03930171579,68,0.001914641281,0.05392873108,-0.08718895739,0.2214236755,0.02366069695,0.02557533823,0,0
resize_0.5_jpeg_q75,4,authentic,8,noise_max_to_min_ratio,0.3987162239,0.3321587738,false,68,0.4519759954,0.3480542095,0.3923391402,0.06474506743,0.1224327013,0.7403258979,1,0.6178931966,0.0300397668,1,0.5182433556,0.3756021405,0.50126113,0.06425102167,0.1320889555,1,1,0.8679110445,0.03156695142,1,0.06626736019,0.2162119317,0.01532623917,-0.2501270726,-0.01173822396,0.1191937383,0.4898561299,0.1309319623,-0.5010531843,0.6533596814,68,0.1995050724,0.04614130464,-0.03533919584,0.3588456718,0.1603443162,0.3598493886,0.02941176471,0.02941176471
resize_0.5_jpeg_q75,4,authentic,9,noise_std_of_variances,0.04493150664,0.02958025528,false,68,0.04589441433,0.02860189695,0.0404331889,0.009091384057,0.02376076765,0.06314694323,0.09577749372,0.03938617557,0.004058144521,0.1357585639,0.04541294155,0.02326509961,0.04450010136,0.01510951822,0.02711569844,0.05851960182,0.0942492824,0.03140390338,0.008017197251,0.1072582826,-0.0004814727821,0.01266490903,0.002080410719,-0.02653653827,-0.0066857934,0.007912667235,0.01560087567,0.01459846064,-0.03709315509,0.02020537853,68,-0.01627682985,0.07033106035,-0.2260221671,0.2674982742,0.03255237918,0.01627554933,0,0
resize_0.5_jpeg_q75,4,authentic,10,noise_coef_variation,0.6066669238,0.2341182303,false,68,0.6290771225,0.2671636483,0.6167426705,0.2516984895,0.4208881184,0.7941017896,1.105585682,0.3732136711,0.1013499871,1.295623899,0.6281995861,0.2596592213,0.5818598866,0.3023725301,0.4517706111,0.8167079389,1.027557564,0.3649373278,0.1165554971,1.284807682,-0.000877536395,0.1156350449,0.01576432586,-0.2362393141,-0.05324731767,0.06303073466,0.1579163894,0.1162780523,-0.3695983887,0.2946893573,68,-0.003748261697,0.06733489246,-0.227437725,0.2692260854,0.09572171584,0.09197345414,0.01470588235,0.01470588235
resize_0.5_jpeg_q75,4,authentic,11,noise_inconsistency_score,0.4655542926,0.2761477501,false,68,0.4926389793,0.3074081949,0.4889902323,0.002264665603,0.2278508171,0.7254690379,1,0.4976182207,0,1,0.4931408899,0.3038750462,0.4424798489,0.06983004622,0.2690274864,0.7556105554,1,0.486583069,0,1,0.000501910567,0.1241390011,0.009905859828,-0.20739654,-0.06694725342,0.07308088988,0.1795535019,0.1400281433,-0.375938639,0.3012764454,68,0.001817543568,0.03587159346,-0.2424327317,0.2646441618,0.09808041764,0.09989796121,0,0
resize_0.5_jpeg_q75,4,authentic,12,jpeg_boundary_difference_ratio,1.093486445,0.09390043672,false,68,1.089614608,0.08047800144,1.07416594,0.9886158407,1.031998813,1.138077199,1.244434547,0.1060783863,0.9246424437,1.299650311,1.175532713,0.1005974386,1.175346315,1.046874535,1.103060842,1.230378717,1.356414407,0.1273178756,0.8834856749,1.492544055,0.08591810482,0.05850271028,0.08138501644,0.004407852888,0.05478802323,0.1172842085,0.1920857728,0.0624961853,-0.09085142612,0.2476832867,68,0.914991536,0.8667160589,0.5834693122,1.249027296,-0.04123342817,0.8737581078,0.04411764706,0.01470588235
resize_0.5_jpeg_q75,4,authentic,13,jpeg_periodic_grid_strength,0.09464744051,0.09247797334,false,68,0.09304690293,0.07486371033,0.07416598126,0,0.03199881036,0.1380772218,0.244434534,0.1060784115,0,0.2996502519,0.1774573315,0.0960449707,0.1753463224,0.04687450659,0.1030608751,0.2303787097,0.356414406,0.1273178346,0,0.4925440848,0.08441042861,0.05832155722,0.08079699799,0.001097545773,0.05361161914,0.116635194,0.1920858283,0.06302357491,-0.09085151181,0.2476833165,68,0.9127625267,0.8736891075,0.5797231189,1.261221346,-0.01730723025,0.8954552964,0,0
resize_0.5_jpeg_q75,4,authentic,14,jpeg_artifact_score,0.1877307741,0.1751440914,false,68,0.1860938059,0.1497274207,0.1483319625,0,0.06399762072,0.2761544436,0.488869068,0.2121568229,0,0.5993005037,0.3549146631,0.1920899414,0.3506926447,0.09374901317,0.2061217502,0.4607574195,0.712828812,0.2546356693,0,0.9850881696,0.1688208572,0.1166431144,0.161593996,0.002195091546,0.1072232383,0.2332703881,0.3841716565,0.1260471498,-0.1817030236,0.4953666329,68,0.9638969597,0.9226345844,0.6122001457,1.331877006,-0.009346408786,0.9545505509,0,0
resize_0.5_jpeg_q75,4,authentic,15,laplacian_variance,0.02771657354,0.03572195923,false,68,0.03013691008,0.03721346303,0.01788531337,0.002924423118,0.008923721034,0.03329556901,0.1101148304,0.02437184798,0.0003647030098,0.2088879496,0.02548765907,0.02791500964,0.01642561518,0.003733426449,0.0092046801,0.03121840628,0.0673110459,0.02201372618,0.001177010359,0.1784644872,-0.004649251006,0.0145065148,-0.0007736710832,-0.0284216675,-0.006419245154,0.003029774874,0.007664581854,0.009449020028,-0.06199175492,0.01906634215,68,-0.1301510641,-0.02165813689,-0.1797002542,0.08481547316,0.06775486553,-0.06239619858,0,0
resize_0.5_jpeg_q75,4,ai_edited,0,fft_high_freq_energy_ratio,0.2772912924,0.03379470165,false,68,0.2823366549,0.03749098993,0.2823493928,0.2257553063,0.2547905222,0.3049883246,0.3452540711,0.05019780248,0.186509192,0.3788720965,0.2817695724,0.03756128326,0.2825867385,0.2263548449,0.2549127564,0.3046912253,0.3450443879,0.04977846891,0.1834136248,0.3744345009,-0.0005670825348,0.003678844448,-0.002457469702,-0.004482391477,-0.00292377919,0.003423199058,0.005424414575,0.006346978247,-0.01045145094,0.005778223276,68,-0.01678022018,-0.0727176031,-0.08651590476,0.101293957,0.1492944837,0.1325142635,0,0
resize_0.5_jpeg_q75,4,ai_edited,1,fft_spectral_peak_count,0.001098901115,0.01042509134,false,68,0.004411764772,0.02068833092,0,0,0,0,0,0,0,0.1000000015,0.004411764772,0.02068833092,0,0,0,0,0,0,0,0.1000000015,0,0,0,0,0,0,0,0,0,0,68,0,0,0,0,0.3177779021,0.3177779021,0,0
resize_0.5_jpeg_q75,4,ai_edited,2,fft_radial_anomaly_score,0.01062271086,0.06169742377,false,68,0.01911764767,0.07776227488,0,0,0,0,0.1950000077,0,0,0.400000006,0.01911764767,0.07776227488,0,0,0,0,0.1950000077,0,0,0.400000006,0,0,0,0,0,0,0,0,0,0,68,0,0,0,0,0.1376870587,0.1376870587,0,0
resize_0.5_jpeg_q75,4,ai_edited,3,fft_spectral_decay_slope,-1.395071069,0.1081051518,false,68,-1.379436367,0.1218816118,-1.375953257,-1.552094215,-1.4640975,-1.304937065,-1.17120049,0.1591604352,-1.680339456,-1.072325468,-1.380495262,0.1223495854,-1.380847216,-1.551954043,-1.467308372,-1.295595229,-1.171086949,0.1717131436,-1.688986301,-1.077767253,-0.001058895798,0.008621551503,-0.004761993885,-0.01020821333,-0.006287932396,0.008361726999,0.01212866902,0.0146496594,-0.03189623356,0.01374351978,68,-0.009795053987,-0.04404964801,-0.05816496523,0.07734808988,0.1446249508,0.1348298968,0,0
resize_0.5_jpeg_q75,4,ai_edited,4,dct_mean_high_freq_energy,0.6193762905,0.5366699776,false,68,0.6302398216,0.5655535467,0.463764295,0.1201540031,0.2485368662,0.7922516614,1.813129681,0.5437147953,0.08344591409,2.887669325,0.4576688238,0.3822611054,0.3167426735,0.1116787877,0.1977540255,0.5596488714,1.173120761,0.361894846,0.07621495426,2.168941975,-0.1725709978,0.2374485751,-0.1250877678,-0.6320256159,-0.2290604711,0.001776050776,0.05144534782,0.2308365218,-1.114442945,0.2260735631,68,-0.3215588817,-0.2330813592,-0.4268181203,0.003309390967,0.0202424797,-0.301316402,0,0
resize_0.5_jpeg_q75,4,ai_edited,5,dct_ac_energy_variance,0.6295869104,0.7833336529,false,68,0.6553543757,0.7112150966,0.4090529233,0.0402990602,0.1564569734,0.7578237802,2.145369208,0.6013668068,0.0117617324,3.600648165,0.3780526568,0.3515197113,0.2941289246,0.05602482818,0.1140734702,0.4803697839,1.10481486,0.3662963137,0.02634033561,1.630480409,-0.2773017189,0.435082622,-0.1313866377,-1.008033308,-0.4121032991,0.0026093591,0.08035371322,0.4147126582,-2.184652328,0.365887329,68,-0.3540020499,-0.1677275541,-0.5260891033,0.003331095365,0.03289462308,-0.3211074268,0,0
resize_0.5_jpeg_q75,4,ai_edited,6,dct_anomaly_score,0.8854757963,0.1618540456,false,68,0.9007713124,0.1703312562,1,0.5009026289,0.8060800284,1,1,0.1939199716,0.4136717618,1,0.9283382801,0.1402804424,1,0.6088382602,0.9444716424,1,1,0.05552835763,0.398283273,1,0.02756696764,0.09177733721,0,-0.07873542011,0,0.02642580867,0.2259227663,0.02642580867,-0.1547826529,0.3846936226,68,0.1703199172,0,0,0.1632693738,0.09450190777,0.264821825,0,0
resize_0.5_jpeg_q75,4,ai_edited,7,noise_global_level,0.08048238378,0.05501788475,false,68,0.0813836884,0.05858860665,0.06364727765,0.02157525085,0.04177078418,0.1027253196,0.2006555527,0.06095453538,0.01520370506,0.3025949597,0.08271214552,0.05171334026,0.06257511675,0.02956444444,0.04999039136,0.1026002839,0.1763732307,0.05260989256,0.01834713854,0.3157853186,0.001328457119,0.01945971951,0.00327947177,-0.03753974326,-0.004006572999,0.01323143998,0.02893574201,0.01723801298,-0.06441751122,0.03970018402,68,0.02414591411,0.05960737649,-0.07282310138,0.240493433,0.01638202973,0.04052794384,0,0
resize_0.5_jpeg_q75,4,ai_edited,8,noise_max_to_min_ratio,0.3987162239,0.3321587738,false,68,0.4550051684,0.3455367085,0.3845108151,0.06474506743,0.1333430372,0.7369337082,1,0.603590671,0.0300397668,1,0.5341357386,0.3813664247,0.4938204288,0.06486597024,0.1325190812,1,1,0.8674809188,0.03171138465,1,0.0791305701,0.2370180456,0.01532623917,-0.1953704983,-0.02429582924,0.1427930966,0.5462418303,0.1670889258,-0.5375199616,0.7905106395,68,0.2382311604,0.04614130464,-0.07314522799,0.4298940985,0.1694639702,0.4076951306,0.02941176471,0.02941176471
resize_0.5_jpeg_q75,4,ai_edited,9,noise_std_of_variances,0.04493150664,0.02958025528,false,68,0.04602616755,0.0282838096,0.04039666243,0.01135097537,0.02406382887,0.05915413052,0.0984832,0.03509030165,0.004149815533,0.1336439252,0.04618136605,0.02241712755,0.04315347597,0.01912883688,0.0281411414,0.0600315202,0.09199943021,0.0318903788,0.007768410724,0.10710641,0.0001551984974,0.01306165723,0.002342892811,-0.02639249172,-0.007104473189,0.008646244183,0.01798974099,0.01575071737,-0.0359518379,0.02832081541,68,0.005246692293,0.0792046177,-0.240176196,0.2922978217,0.03700647254,0.04225316483,0,0
resize_0.5_jpeg_q75,4,ai_edited,10,noise_coef_variation,0.6066669238,0.2341182303,false,68,0.6317135938,0.2545247053,0.633387208,0.2435482256,0.4305301309,0.7959031165,1.012163094,0.3653729856,0.1038438156,1.247354269,0.6348913299,0.2610220367,0.6127555668,0.3079189792,0.4425373226,0.80191724,1.048060137,0.3593799174,0.1185138524,1.316008449,0.003177736064,0.1143137393,0.01602688432,-0.1963534504,-0.03882198781,0.05138227344,0.1559205443,0.09020426124,-0.3394932747,0.2833740115,68,0.01357321068,0.06845637053,-0.1658221479,0.2194714755,0.1069829975,0.1205562081,0.01470588235,0
resize_0.5_jpeg_q75,4,ai_edited,11,noise_inconsistency_score,0.4655542926,0.2761477501,false,68,0.5017956047,0.3017023653,0.5111829638,0.0008181927959,0.2407068312,0.727870822,0.9956711709,0.4871639907,0,1,0.5001860653,0.3028436923,0.4836740941,0.07722531334,0.2567164078,0.7358896434,1,0.4791732356,0,1,-0.001609539387,0.1324837974,0.008702218533,-0.2408862516,-0.05176261999,0.04987026565,0.189050411,0.1016328856,-0.3793925047,0.3778320551,68,-0.005828544272,0.03151290759,-0.1874453801,0.1805926922,0.131238846,0.1254103018,0,0
resize_0.5_jpeg_q75,4,ai_edited,12,jpeg_boundary_difference_ratio,1.093486445,0.09390043672,false,68,1.078769492,0.07206863633,1.065479457,0.9972284168,1.02972278,1.132438362,1.193942833,0.1027155817,0.9104481339,1.279422164,1.171911857,0.09682673733,1.16954875,1.045961893,1.110248327,1.22369504,1.349069357,0.1134467125,0.8949136138,1.479622364,0.09314236483,0.05318882308,0.08718305826,0.03423627615,0.06111486256,0.1187542081,0.1854940593,0.05763934553,-0.08772015572,0.2427227497,68,0.9919268545,0.9284627559,0.6508474795,1.26468217,-0.1567293336,0.8351975209,0.04411764706,0.01470588235
resize_0.5_jpeg_q75,4,ai_edited,13,jpeg_periodic_grid_strength,0.09464744051,0.09247797334,false,68,0.08216132483,0.06618403564,0.06547948718,0,0.02972275205,0.1324383803,0.1939428382,0.1027156282,0,0.279422164,0.1736133326,0.09280212979,0.1695487276,0.04596186765,0.1102482788,0.2236950137,0.3490693569,0.1134467348,0,0.4796223342,0.09145200776,0.05380645753,0.08534456231,0.0238139024,0.06067266315,0.1170895174,0.1854941333,0.05641685426,-0.08772020787,0.2427226454,68,0.9889058384,0.9228636747,0.6560769117,1.26613412,-0.1350171855,0.853888653,0,0
resize_0.5_jpeg_q75,4,ai_edited,14,jpeg_artifact_score,0.1877307741,0.1751440914,false,68,0.1643226497,0.1323680713,0.1309589744,0,0.0594455041,0.2648767605,0.3878856763,0.2054312564,0,0.5588443279,0.3472266652,0.1856042596,0.3390974551,0.09192373529,0.2204965577,0.4473900273,0.6981387138,0.2268934697,0,0.9592446685,0.1829040155,0.1076129151,0.1706891246,0.0476278048,0.1213453263,0.2341790348,0.3709882665,0.1128337085,-0.1754404157,0.4854452908,68,1.044305943,0.9745639904,0.6928314014,1.337065001,-0.1336506661,0.9106552768,0,0
resize_0.5_jpeg_q75,4,ai_edited,15,laplacian_variance,0.02771657354,0.03572195923,false,68,0.02954461464,0.0353166853,0.01806723326,0.002836903092,0.008588609286,0.03418124001,0.1092759728,0.02559263073,0.001043430413,0.1876905411,0.02579211129,0.0271506828,0.01709431596,0.004306053231,0.009629107779,0.03332384676,0.06595316306,0.02369473898,0.003198709339,0.1740838438,-0.003752503354,0.01423686465,-3.829970956e-05,-0.02271246118,-0.005558499834,0.00382772903,0.01004162771,0.009386228863,-0.06178987399,0.01945711672,68,-0.1050475236,-0.001072161505,-0.1556045624,0.10715339,0.05117415581,-0.05387336775,0,0
resize_0.5_jpeg_q75,all,all,0,fft_high_freq_energy_ratio,,,false,682,0.2779526068,0.03480530152,0.2772023827,0.2232303187,0.2560663074,0.3010063693,0.3357982785,0.04494006187,0.1503369361,0.390927285,0.2770295537,0.0349047506,0.2757696509,0.2208282717,0.2542834729,0.3000527173,0.3331323683,0.04576924443,0.1524413526,0.3890186548,-0.0009230531075,0.003132406566,-0.002305984497,-0.003876964748,-0.002844825387,0.002283900976,0.005014362931,0.005128726363,-0.01147632301,0.006729334593,682,-0.02636273439,-0.06605761493,-0.08238183643,0.06722402872,0.000382490421,-0.02598024397,0.005865102639,0.005865102639
resize_0.5_jpeg_q75,all,all,1,fft_spectral_peak_count,,,false,682,0.00161290325,0.01260642272,0,0,0,0,0,0,0,0.1000000015,0.00161290325,0.01260642272,0,0,0,0,0,0,0,0.1000000015,0,0,0,0,0,0,0,0,0,0,682,0,0,0,0,0.01344135653,0.01344135653,0,0
resize_0.5_jpeg_q75,all,all,2,fft_radial_anomaly_score,,,false,682,0.01187683314,0.06427955859,0,0,0,0,0,0,0,0.400000006,0.01187683314,0.06427955859,0,0,0,0,0,0,0,0.400000006,0,0.03065606707,0,0,0,0,0,0,-0.400000006,0.400000006,682,0.002140841443,0,0,0,0.006633750492,0.008774591935,0,0
resize_0.5_jpeg_q75,all,all,3,fft_spectral_decay_slope,,,false,682,-1.393308439,0.1116713479,-1.395192921,-1.573706186,-1.462276548,-1.321887732,-1.211089444,0.1403888166,-1.800374389,-1.039516687,-1.395145061,0.1120271337,-1.397138715,-1.580912429,-1.463150233,-1.326000512,-1.211719131,0.1371497214,-1.791320443,-1.029441595,-0.00183662274,0.007111695721,-0.004901170731,-0.008694720268,-0.006168574095,0.004822731018,0.01115524769,0.01099130511,-0.03638470173,0.01755511761,682,-0.01635812958,-0.04383119296,-0.05607832107,0.04412244649,-0.000366779185,-0.01672490877,0.004398826979,0.00293255132
resize_0.5_jpeg_q75,all,all,4,dct_mean_high_freq_energy,,,false,682,0.6204293421,0.5445884686,0.4749719203,0.1092386805,0.235785,0.7899457961,1.636770123,0.5541607961,0.03648391739,3.785670042,0.427929962,0.3176220214,0.3520411551,0.0958212804,0.1972437464,0.5567506254,1.053059828,0.359506879,0.02354847826,2.245650053,-0.1924993801,0.2898596882,-0.1152804792,-0.6755048692,-0.290755026,-0.01084275171,0.08317575417,0.2799122743,-1.956108689,0.3674124479,682,-0.3540581246,-0.2115685583,-0.5344780622,-0.01979038677,0.0007067405136,-0.3533513841,0.004398826979,0.004398826979
resize_0.5_jpeg_q75,all,all,5,dct_ac_energy_variance,,,false,682,0.6344739521,0.7702608184,0.3559415638,0.03144389428,0.1470905617,0.8218686134,2.200242543,0.6747780517,0.0002849863376,5.270551682,0.3403829661,0.3146282415,0.2628382891,0.0312691249,0.1112364475,0.4229265228,0.9876415849,0.3116900753,0.001044503762,1.64652288,-0.294090986,0.5216690247,-0.1168393269,-1.353478026,-0.3898378797,0.0007303425518,0.09177286178,0.3905682222,-3.663678288,0.5417656898,682,-0.3845821537,-0.1526233333,-0.5028340513,0.0009387773623,0.002603339059,-0.3819788146,0.005865102639,0.00293255132
resize_0.5_jpeg_q75,all,all,6,dct_anomaly_score,,,false,682,0.8885014737,0.163628524,1,0.5308185458,0.7905588299,1,1,0.2094411701,0.3281230032,1,0.9303490667,0.1225341986,1,0.6629571646,0.8943142444,1,1,0.1056857556,0.3790489733,1,0.04184759297,0.09813277571,0,-0.04991366416,0,0.06505146623,0.2444776744,0.06505146623,-0.2308138609,0.5524732769,682,0.2555245632,0,0,0.3973533937,0.0002215072272,0.2557460704,0.004398826979,0
resize_0.5_jpeg_q75,all,all,7,noise_global_level,,,false,682,0.08070204433,0.05591543646,0.06579048187,0.02044743085,0.03944128286,0.1031936537,0.183905039,0.06375237089,0.006162684411,0.3703222573,0.07933375429,0.04338389184,0.07038184255,0.02683559824,0.04880543891,0.1017697994,0.1597365513,0.05296436045,0.005863775499,0.3200319111,-0.001368290043,0.02410382408,0.002856792882,-0.04038011394,-0.01034291834,0.01247813739,0.02688453756,0.02282105573,-0.1525065005,0.06597405672,682,-0.0245984521,0.0518386838,-0.1830818362,0.2261232606,0.0005780905706,-0.02402036153,0.004398826979,0.00146627566
resize_0.5_jpeg_q75,all,all,8,noise_max_to_min_ratio,,,false,682,0.4096389698,0.3355641775,0.2709191442,0.06314771362,0.1333026588,0.6455630511,1,0.5122603923,0.0300397668,1,0.4656296416,0.3670946232,0.3229490221,0.07129858434,0.1322809607,0.983572036,1,0.8512910753,0.03156695142,1,0.05599067177,0.1948956482,0,-0.1756317943,-0.02766276896,0.09599759802,0.5190527141,0.123660367,-0.5375199616,0.7905106395,682,0.166950074,0,-0.08425861706,0.2895024329,0.002148262305,0.1690983363,0.005865102639,0.005865102639
resize_0.5_jpeg_q75,all,all,9,noise_std_of_variances,,,false,682,0.04513666011,0.02934102561,0.03778089583,0.01156980484,0.02386665251,0.05785426684,0.1024551384,0.03398761433,0.002154552378,0.1630911529,0.0435820048,0.02075890176,0.04034117796,0.01530276132,0.02807932999,0.05589554179,0.08230530731,0.0278162118,0.004335078411,0.1167083681,-0.001554655309,0.01462865775,0.001186942682,-0.02885067686,-0.007951391861,0.007814888377,0.01715988806,0.01576628024,-0.05617042631,0.03188078851,682,-0.05352592328,0.04108277529,-0.2722002492,0.2642624287,0.001063759081,-0.0524621642,0.004398826979,0
resize_0.5_jpeg_q75,all,all,10,noise_coef_variation,,,false,682,0.6113986937,0.2396497804,0.5881181061,0.2620754585,0.4282246828,0.7563671321,1.010074639,0.3281424493,0.1013499871,1.52797842,0.6045977903,0.2261128963,0.5824375749,0.2965660691,0.4417449534,0.7448654771,0.9902013779,0.3031205237,0.1165554971,1.400981188,-0.006800903406,0.1117021625,-0.0004545003176,-0.1845541477,-0.06540994346,0.04656558484,0.1501226306,0.1119755283,-0.4233112335,0.5764178336,682,-0.02783271212,-0.00188163208,-0.273161765,0.1959986595,0.001011510041,-0.02682120208,0.007331378299,0.004398826979
resize_0.5_jpeg_q75,all,all,11,noise_inconsistency_score,,,false,682,0.4718683218,0.2820596629,0.4508241415,0.01610060567,0.2376329191,0.6751561761,1,0.437523257,0,1,0.4646192232,0.2754515787,0.4432501048,0.06208809186,0.2556599155,0.6598206609,0.9869351536,0.4041607454,0,1,-0.007249098643,0.1362123789,0,-0.2273372974,-0.07944024727,0.05457619205,0.1951583271,0.1340164393,-0.564414978,0.7685571164,682,-0.02518106431,0,-0.2801680897,0.1926701463,0.0005601600106,-0.0246209043,0,0
resize_0.5_jpeg_q75,all,all,12,jpeg_boundary_difference_ratio,,,false,682,1.091633017,0.09075936839,1.067847133,0.9966444284,1.031480193,1.136814177,1.255306494,0.1053339839,0.9104481339,1.865938544,1.184010937,0.1053900123,1.166974843,1.050213259,1.118977666,1.232435703,1.358788055,0.1134580374,0.8595730066,1.92134738,0.09237792022,0.07030117477,0.09196853638,0.004618561268,0.05674540997,0.1259393543,0.1949368656,0.06919394433,-0.4566478729,0.371645093,682,1.019436891,1.018375289,0.6250781442,1.399090477,0.003191135467,1.022628027,0.01026392962,0.008797653959
resize_0.5_jpeg_q75,all,all,13,jpeg_periodic_grid_strength,,,false,682,0.09324290617,0.08861726578,0.06784714758,0,0.0314801475,0.1368141733,0.255306524,0.1053340258,0,0.8659385443,0.1847874574,0.1035725591,0.1669748425,0.05021331143,0.1189776938,0.2324357107,0.358788,0.1134580169,0,0.9213474393,0.09154455127,0.06745031754,0.09132199362,0.001905155927,0.05538860243,0.125076903,0.1904852858,0.0696883006,-0.3162208796,0.3716451675,682,1.03585356,1.035224949,0.6169812605,1.429655703,0.003185049381,1.039038609,0.00146627566,0.00293255132
resize_0.5_jpeg_q75,all,all,14,jpeg_artifact_score,,,false,682,0.1852336095,0.1690343142,0.1356942952,0,0.06296029501,0.2736283466,0.5106130481,0.2106680516,0,1,0.3655584048,0.1902082856,0.3339496851,0.1004266229,0.2379553877,0.4648714215,0.7175760001,0.2269160338,0,1,0.1803247954,0.1322370972,0.181714016,0.001550099254,0.1095623812,0.2501538061,0.3741139531,0.1405914248,-0.6324417591,0.6467817128,682,1.068789873,1.075882666,0.6402414831,1.482727521,0.001793001538,1.070582874,0,0
resize_0.5_jpeg_q75,all,all,15,laplacian_variance,,,false,682,0.02814016544,0.03581610847,0.01723280735,0.00240588981,0.007098636706,0.03455301933,0.09506521598,0.02745438262,0.0001030618296,0.323674053,0.02290717965,0.02107563225,0.0176223414,0.003423613589,0.009107606718,0.02829557471,0.06322465837,0.01918796799,0.0002198597649,0.1784644872,-0.005232985792,0.02001848818,-0.0001903150696,-0.03784195669,-0.00776891876,0.003478447732,0.009907187754,0.01124736649,-0.1881442815,0.02957616933,682,-0.1473771723,-0.005295372982,-0.2134659079,0.09542732202,0.001910319392,-0.1454668529,0.005865102639,0
resize_0.5_jpeg_q75,all,authentic,0,fft_high_freq_energy_ratio,,,false,341,0.2763590832,0.03567788231,0.2766681612,0.2190896869,0.2537102401,0.3010176718,0.3351564407,0.0473074317,0.1503369361,0.3872631788,0.2754764552,0.03579931298,0.275142312,0.2177990973,0.2522757649,0.3001198769,0.3330737054,0.04784411192,0.1524413526,0.383633703,-0.0008826280269,0.003115308037,-0.002289652824,-0.003856956959,-0.002820283175,0.002197414637,0.005041658878,0.005017697811,-0.01147632301,0.006729334593,341,-0.02518957823,-0.06461510647,-0.08070871999,0.06480847803,-0.04550187175,-0.07069144998,0.005865102639,0.005865102639
resize_0.5_jpeg_q75,all,authentic,1,fft_spectral_peak_count,,,false,341,0.001466275682,0.0120375471,0,0,0,0,0,0,0,0.1000000015,0.001466275682,0.0120375471,0,0,0,0,0,0,0,0.1000000015,0,0,0,0,0,0,0,0,0,0,341,0,0,0,0,-0.0005170864113,-0.0005170864113,0,0
resize_0.5_jpeg_q75,all,authentic,2,fft_radial_anomaly_score,,,false,341,0.01026392988,0.05975627715,0,0,0,0,0,0,0,0.400000006,0.01260997097,0.0667695156,0,0,0,0,0,0,0,0.400000006,0.002346041091,0.03058850114,0,0,0,0,0,0,0,0.400000006,341,0.03940503061,0,0,0,-0.01682904257,0.02257598805,0,0
resize_0.5_jpeg_q75,all,authentic,3,fft_spectral_decay_slope,,,false,341,-1.399301727,0.1147474869,-1.399407744,-1.57991612,-1.468418837,-1.327606201,-1.209452987,0.1408126354,-1.800374389,-1.08317697,-1.401034002,0.1151339005,-1.401133895,-1.584605336,-1.470380425,-1.329250574,-1.211704731,0.1411298513,-1.791320443,-1.090918779,-0.001732274934,0.007109609829,-0.004884719849,-0.008629918098,-0.005983829498,0.004646539688,0.01129543781,0.01063036919,-0.03638470173,0.01613175869,341,-0.01541396252,-0.04351976783,-0.05396312213,0.04256626288,-0.05424270825,-0.06965667078,0.00293255132,0.00293255132
resize_0.5_jpeg_q75,all,authentic,4,dct_mean_high_freq_energy,,,false,341,0.6153405956,0.553424314,0.4606769085,0.09986262769,0.2256875783,0.7825812101,1.636802316,0.5568936318,0.03648391739,3.785670042,0.4265835536,0.322591746,0.3532575667,0.09109856933,0.1944117546,0.5525096059,1.081140161,0.3580978513,0.02354847826,2.245650053,-0.188757042,0.2929797482,-0.1122029424,-0.6738719344,-0.2876657248,-0.005962088704,0.08734290302,0.2817036361,-1.956108689,0.3674124479,341,-0.3472005084,-0.2042360699,-0.5268978235,-0.01115339481,-0.008597064739,-0.3557975731,0.005865102639,0.005865102639
resize_0.5_jpeg_q75,all,authentic,5,dct_ac_energy_variance,,,false,341,0.6372384148,0.7834668648,0.3561238945,0.02741183341,0.1307142228,0.834215939,2.200560808,0.7035017163,0.0002849863376,5.270551682,0.3377479963,0.31890642,0.2630492151,0.02817446738,0.1000676975,0.4254270792,0.9876616597,0.3253593817,0.001044503762,1.64652288,-0.2994904185,0.5289481152,-0.1146005988,-1.355417967,-0.3902718276,0.0006428179331,0.08260741085,0.3909146455,-3.663678288,0.3771258146,341,-0.3917159422,-0.1481494734,-0.5032613125,0.0008346777646,0.006407590097,-0.3853083521,0.005865102639,0.00293255132
resize_0.5_jpeg_q75,all,authentic,6,dct_anomaly_score,,,false,341,0.8907559794,0.1631044533,1,0.5335618854,0.7993974686,1,1,0.2006025314,0.3281230032,1,0.9293144442,0.1233185991,1,0.6697866917,0.8911151886,1,1,0.1088848114,0.3790489733,1,0.03855846486,0.09833340618,0,-0.05011612177,0,0.05754321814,0.2379614413,0.05754321814,-0.2308138609,0.546285063,341,0.2353527758,0,0,0.3463414273,0.01409581228,0.2494485881,0.005865102639,0
resize_0.5_jpeg_q75,all,authentic,7,noise_global_level,,,false,341,0.0809726772,0.05687431847,0.06542275101,0.02025177516,0.03888662159,0.1037373766,0.1839787811,0.06485075504,0.006162684411,0.3703222573,0.07899995727,0.04389728076,0.07133972645,0.0256339144,0.04820725322,0.1007772088,0.1608687043,0.05256995559,0.005863775499,0.3200319111,-0.00197271993,0.02426051579,0.002625387162,-0.04038909078,-0.01059823483,0.01197940484,0.0260768719,0.02257763967,-0.1525065005,0.06432544068,341,-0.03543522962,0.04766691427,-0.1910790924,0.2143213036,0.005461863697,-0.02997336592,0.005865102639,0.00293255132
resize_0.5_jpeg_q75,all,authentic,8,noise_max_to_min_ratio,,,false,341,0.4070196823,0.3355474915,0.2636824846,0.06158592552,0.1299231499,0.6398617029,1,0.509938553,0.0300397668,1,0.4598698851,0.3657320764,0.3036229908,0.07197131962,0.131151557,0.9617561102,1,0.8306045532,0.03156695142,1,0.05285020281,0.1924142822,0,-0.1938495338,-0.03049872816,0.0941926837,0.5134297013,0.1246914119,-0.5010531843,0.7547523677,341,0.1575804841,0,-0.09181972769,0.2849384758,-0.005645856496,0.1519346276,0.005865102639,0.005865102639
resize_0.5_jpeg_q75,all,authentic,9,noise_std_of_variances,,,false,341,0.0450838648,0.02966732232,0.03806832805,0.01116165146,0.02322033793,0.05813753232,0.1023390293,0.0349171944,0.002154552378,0.1630911529,0.04320042577,0.02121907169,0.03990561143,0.01483497303,0.0274798777,0.05536882207,0.08279990405,0.02788894437,0.004335078411,0.1164761707,-0.001883439022,0.01442569156,0.001156765968,-0.02885845676,-0.00818111375,0.007617902011,0.01603726298,0.01579901576,-0.05617042631,0.0294447653,341,-0.06474599899,0.03903526391,-0.2857285066,0.2564589912,-0.0006844868247,-0.06543048581,0.005865102639,0
resize_0.5_jpeg_q75,all,authentic,10,noise_coef_variation,,,false,341,0.6069329474,0.2375669564,0.5851406455,0.2555801272,0.4276348948,0.7512331009,1.008495092,0.323598206,0.1013499871,1.52797842,0.5986658255,0.2210517125,0.5749940276,0.2965503633,0.4329110682,0.7367421985,0.9843823314,0.3038311303,0.1165554971,1.400981188,-0.008267121908,0.110418056,0.0001377165318,-0.1752154231,-0.0675894618,0.04455471039,0.1480289698,0.1121441722,-0.4136663675,0.5764178336,341,-0.03407588269,0.0005805563397,-0.288697987,0.188221922,-0.01759306177,-0.05166894446,0.008797653959,0.005865102639
resize_0.5_jpeg_q75,all,authentic,11,noise_inconsistency_score,,,false,341,0.4669020253,0.2804844366,0.4468541741,0.007440159563,0.2368465215,0.6683107615,1,0.43146424,0,1,0.4586224019,0.2728789352,0.4333253503,0.06206715107,0.2438814193,0.6489896178,0.9791764617,0.4051081985,0,1,-0.008279623424,0.1343746827,0,-0.1979273558,-0.07968242466,0.0545437932,0.1816930659,0.1342262179,-0.5515551865,0.7685571164,341,-0.02885572549,0,-0.2815406681,0.1918272534,-0.01711259463,-0.04596832012,0,0
resize_0.5_jpeg_q75,all,authentic,12,jpeg_boundary_difference_ratio,,,false,341,1.096946526,0.09766904819,1.073817849,0.9968537688,1.032080889,1.142973185,1.270752311,0.1108922958,0.9246424437,1.865938544,1.186117057,0.1092176666,1.167538762,1.050198793,1.119635582,1.236804724,1.360535502,0.1171691418,0.8595730066,1.92134738,0.08917053057,0.07261520093,0.09095096588,0.001341104507,0.05176103115,0.1250813007,0.1928937435,0.07332026958,-0.4566478729,0.3655567169,341,0.9836730052,1.002729664,0.5898313242,1.390978049,0.06231101437,1.04598402,0.01173020528,0.008797653959
resize_0.5_jpeg_q75,all,authentic,13,jpeg_periodic_grid_strength,,,false,341,0.09855741202,0.09560260885,0.07381784916,0,0.0320808962,0.1429732293,0.2707523704,0.1108923331,0,0.8659385443,0.186918861,0.1073777041,0.1675387323,0.05019884929,0.1196356118,0.236804679,0.3605354428,0.1171690673,0,0.9213474393,0.088361449,0.06967154226,0.09083951265,0.0007769465446,0.05043420196,0.124341704,0.1905852482,0.073907502,-0.3162208796,0.365556702,341,0.9994588785,1.021807644,0.5791881192,1.400988326,0.06380810505,1.063266984,0.00293255132,0.00293255132
resize_0.5_jpeg_q75,all,authentic,14,jpeg_artifact_score,,,false,341,0.1948080593,0.1767903727,0.1476356983,0,0.0641617924,0.2859464586,0.5415047407,0.2217846662,0,1,0.3688738028,0.1929735042,0.3350774646,0.1003976986,0.2392712235,0.4736093581,0.7210708857,0.2343381345,0,1,0.1740657436,0.1366143893,0.1814239323,0,0.100161016,0.2486834079,0.3721944988,0.1485223919,-0.6324417591,0.6447770298,341,1.031525119,1.069321146,0.5976180018,1.460056162,0.05852525908,1.090050378,0,0
resize_0.5_jpeg_q75,all,authentic,15,laplacian_variance,,,false,341,0.02845899406,0.03666029564,0.01743060164,0.002262115479,0.007088420447,0.03504155949,0.09527040273,0.02795313904,0.0001030618296,0.323674053,0.02278169545,0.02139745833,0.01737505943,0.003049645806,0.008842799813,0.0279983934,0.06322988123,0.01915559359,0.0002198597649,0.1784644872,-0.005677298606,0.02041094724,-0.000388388522,-0.03997005895,-0.007864771411,0.003054688685,0.009512651712,0.0109194601,-0.1881442815,0.02957616933,341,-0.1598876864,-0.01102116358,-0.2184214095,0.08458299421,0.01095567335,-0.148932013,0.005865102639,0
resize_0.5_jpeg_q75,all,ai_edited,0,fft_high_freq_energy_ratio,,,false,341,0.2795461304,0.03388769892,0.2788356543,0.2240961194,0.2573487163,0.3006025553,0.3358320594,0.04325383902,0.1780514121,0.390927285,0.2785826522,0.03396818156,0.2769379616,0.2228550613,0.2574044168,0.2994858027,0.3331354558,0.04208138585,0.1767871231,0.3890186548,-0.000963478188,0.003153470846,-0.002367138863,-0.003948315978,-0.002895265818,0.002293676138,0.00487869978,0.005188941956,-0.01045145094,0.006683319807,341,-0.02753589054,-0.06726050703,-0.08383098579,0.06787087992,0.04626685259,0.01873096205,0.005865102639,0.005865102639
resize_0.5_jpeg_q75,all,ai_edited,1,fft_spectral_peak_count,,,false,341,0.001759530818,0.01316683482,0,0,0,0,0,0,0,0.1000000015,0.001759530818,0.01316683482,0,0,0,0,0,0,0,0.1000000015,0,0,0,0,0,0,0,0,0,0,341,0,0,0,0,0.02739979947,0.02739979947,0,0
resize_0.5_jpeg_q75,all,ai_edited,2,fft_radial_anomaly_score,,,false,341,0.0134897364,0.06855541527,0,0,0,0,0,0,0,0.400000006,0.01114369531,0.06177887568,0,0,0,0,0,0,0,0.400000006,-0.002346041091,0.03058850114,0,0,0,0,0,0,-0.400000006,0,341,-0.03512334773,0,0,0,0.03009654355,-0.005026804178,0,0
resize_0.5_jpeg_q75,all,ai_edited,3,fft_spectral_decay_slope,,,false,341,-1.38731515,0.1083449201,-1.392227292,-1.561380029,-1.458121657,-1.318790317,-1.213238955,0.1393313408,-1.719831467,-1.039516687,-1.38925612,0.108681604,-1.393212199,-1.567789435,-1.454316735,-1.320296645,-1.211992741,0.1340200901,-1.723623753,-1.029441595,-0.001940970547,0.007122695609,-0.005021810532,-0.008822202682,-0.006409406662,0.004873037338,0.01099550724,0.011282444,-0.03189623356,0.01755511761,341,-0.01730229664,-0.04439413665,-0.05801670896,0.04464117435,0.05350914988,0.03620685324,0.005865102639,0.00293255132
resize_0.5_jpeg_q75,all,ai_edited,4,dct_mean_high_freq_energy,,,false,341,0.6255180885,0.5363721377,0.480499953,0.1195456088,0.2435116321,0.7945497036,1.636158466,0.5510380715,0.04187816754,3.636818409,0.4292763704,0.3130417593,0.3487121165,0.1060589775,0.212184906,0.560436368,1.052165389,0.348251462,0.03364049643,2.168941975,-0.1962417181,0.2870873838,-0.1200401485,-0.6755908132,-0.2916361392,-0.01326873899,0.06144154072,0.2783674002,-1.889410615,0.3262919188,341,-0.3609157408,-0.2185016511,-0.5407096212,-0.02407224238,0.01001054577,-0.350905195,0.00293255132,0.00293255132
resize_0.5_jpeg_q75,all,ai_edited,5,dct_ac_energy_variance,,,false,341,0.6317094893,0.7579662289,0.3557592332,0.03911680356,0.1522630304,0.8105398417,2.194195509,0.6582768112,0.0004287126649,5.233992577,0.3430179359,0.3107374757,0.2615347803,0.0376098156,0.1217602193,0.4213029742,0.9753092527,0.2995427549,0.001053864602,1.632900596,-0.2886915534,0.5150077305,-0.119414717,-1.314014673,-0.3848977387,0.0007884129882,0.100089401,0.3856861517,-3.629831553,0.5417656898,341,-0.3774483652,-0.1582868684,-0.5015522678,0.0009679183618,-0.00120091198,-0.3786492771,0.005865102639,0.00293255132
resize_0.5_jpeg_q75,all,ai_edited,6,dct_anomaly_score,,,false,341,0.886246968,0.164359598,1,0.5288105011,0.7868204713,1,1,0.2131795287,0.3411827087,1,0.9313836891,0.1219171695,1,0.659131825,0.9005361795,1,1,0.09946382046,0.398283273,1,0.04513672108,0.09796554421,0,-0.04496231675,0,0.07433384657,0.2461603284,0.07433384657,-0.2249420285,0.5524732769,341,0.2756963505,0,0,0.4474468499,-0.01365279783,0.2620435527,0.00293255132,0
resize_0.5_jpeg_q75,all,ai_edited,7,noise_global_level,,,false,341,0.08043141146,0.05502211144,0.0661745742,0.02166654728,0.03996229172,0.1008927003,0.1823482811,0.06093040854,0.006754894275,0.3557565212,0.07966755131,0.04292627585,0.07031386346,0.02884580381,0.04988222569,0.1022919118,0.15766716,0.05240968615,0.009976731613,0.3157853186,-0.0007638601556,0.02396647724,0.002936527133,-0.04020955414,-0.009952910244,0.01309333369,0.02789136767,0.02304624394,-0.149553895,0.06597405672,341,-0.01376167458,0.05270148244,-0.1761846629,0.236887006,-0.004305682556,-0.01806735714,0.00293255132,0
resize_0.5_jpeg_q75,all,ai_edited,8,noise_max_to_min_ratio,,,false,341,0.4122582572,0.3360534777,0.27295959,0.0644280538,0.1333564967,0.6559305191,1,0.5225740224,0.0300397668,1,0.471389398,0.3688994128,0.3360915184,0.07026853412,0.1360951662,0.9924028516,1,0.8563076854,0.03171138465,1,0.05913114072,0.1975786093,0.001418441534,-0.1698409915,-0.02688199282,0.09881708026,0.5384350121,0.1256990731,-0.5375199616,0.7905106395,341,0.1763196638,0.004147467658,-0.07904923643,0.2994652791,0.009942381105,0.1862620449,0.005865102639,0.005865102639
resize_0.5_jpeg_q75,all,ai_edited,9,noise_std_of_variances,,,false,341,0.04518945542,0.02905456952,0.03766378015,0.01234389655,0.02433099784,0.05708248913,0.102458559,0.03275149129,0.002187216189,0.1617175788,0.04396358383,0.02031232105,0.04084116966,0.01669924892,0.02872775123,0.05590577051,0.08150211722,0.02717801929,0.005226200912,0.1167083681,-0.001225871597,0.01484275073,0.001361358911,-0.02870285884,-0.007650323212,0.008210163563,0.01745771803,0.01586048678,-0.05595305562,0.03188078851,341,-0.04230584757,0.04553945122,-0.2586293844,0.2823062911,0.002812004987,-0.03949384258,0.00293255132,0
resize_0.5_jpeg_q75,all,ai_edited,10,noise_coef_variation,,,false,341,0.61586444,0.2419811776,0.5927323103,0.2746349871,0.4282916486,0.7578880787,1.043121576,0.3295964301,0.1038438156,1.520560622,0.6105297551,0.2312358416,0.5874190927,0.2968644798,0.4422436953,0.7600601315,0.9979450703,0.3178164363,0.1185138524,1.39734149,-0.005334684904,0.1131149197,-0.0009801983833,-0.1908150762,-0.06480911374,0.04677119851,0.1550942659,0.1115803123,-0.4233112335,0.5758445859,341,-0.02158954155,-0.004132113831,-0.2678721826,0.1962629897,0.01961608186,-0.00197345969,0.005865102639,0.00293255132
resize_0.5_jpeg_q75,all,ai_edited,11,noise_inconsistency_score,,,false,341,0.4768346184,0.2839512414,0.4569764137,0.0328466557,0.2377222031,0.6771841049,1,0.4394619018,0,1,0.4706160445,0.2782719056,0.4498921037,0.06248596683,0.2563249171,0.6800801754,0.9972600341,0.4237552583,0,1,-0.006218573861,0.1382154435,0,-0.2324777842,-0.07679195702,0.0548633486,0.2000982165,0.1316553056,-0.564414978,0.767792806,341,-0.02150640312,0,-0.2749648243,0.1929511106,0.01823291465,-0.003273488474,0,0
resize_0.5_jpeg_q75,all,ai_edited,12,jpeg_boundary_difference_ratio,,,false,341,1.086319508,0.08308355629,1.064600468,0.9966334105,1.027333617,1.133227944,1.233633995,0.1058943272,0.9104481339,1.533506393,1.181904817,0.1015351215,1.166948199,1.050488114,1.117581487,1.229228258,1.351717114,0.1116467714,0.8634625077,1.643957376,0.09558530986,0.06786342001,0.09378731251,0.008575558662,0.06204617023,0.1294879913,0.1950443983,0.0674418211,-0.4504961371,0.371645093,341,1.055200777,1.029902693,0.681918608,1.413179565,-0.05592874343,0.9992720337,0.008797653959,0.008797653959
resize_0.5_jpeg_q75,all,ai_edited,13,jpeg_periodic_grid_strength,,,false,341,0.08792840032,0.08082464848,0.06460051239,0,0.02733365074,0.1332279742,0.2336339802,0.1058943234,0,0.533506453,0.1826560539,0.09973473301,0.1669482291,0.05048809201,0.1175814494,0.2292282879,0.3517171144,0.1116468385,0,0.6439573169,0.09472765354,0.06510010756,0.09335770737,0.007994875312,0.06010067463,0.1286506709,0.1885860013,0.06854999624,-0.3139585853,0.3716451675,341,1.072248241,1.04204702,0.6856084841,1.439380052,-0.05743800629,1.014810235,0,0.00293255132
resize_0.5_jpeg_q75,all,ai_edited,14,jpeg_artifact_score,,,false,341,0.1756591597,0.160594273,0.1292010248,0,0.05466730148,0.2664559484,0.4672679603,0.2117886469,0,1,0.3622430069,0.1876272141,0.3338964581,0.100976184,0.2351628989,0.4584565759,0.7034342289,0.223293677,0,1,0.1865838472,0.127603518,0.182386145,0.01154989004,0.1190045923,0.2573013417,0.374214977,0.1382967494,-0.6279171705,0.6467817128,341,1.106054627,1.091065416,0.7060860125,1.513920366,-0.054939256,1.051115371,0,0
resize_0.5_jpeg_q75,all,ai_edited,15,laplacian_variance,,,false,341,0.02782133683,0.03500255701,0.01703501306,0.002462649252,0.007196201012,0.03406967968,0.09043558687,0.02687347867,0.0001044801684,0.304591924,0.02303266385,0.02077951297,0.01791065745,0.003736179089,0.009485576302,0.02912004106,0.06312542409,0.01963446476,0.0003665711265,0.1740838438,-0.004788672979,0.01963811673,-0.0001469496638,-0.03726218641,-0.007346587256,0.003963531926,0.01071890723,0.01131011918,-0.1755472869,0.02754358016,341,-0.1348666582,-0.003910811716,-0.2015454024,0.1109550543,-0.007135034568,-0.1420016927,0.005865102639,0
