relative_path,bytes,sha256,validation
environment.json,1590,77a3874251c208f318e6a7f4f9d64c0f77c75681e8cb97fa7c23800bafc069b9,ROOT_CONTRACT_VALIDATED
fits/inner/inner__recipe-stage1_frozen__seed-1337__outer-0__inner-0/classifier_checkpoint.pt,597127,9195483eb76af7892733e1b29618ef939d804cc605a323dbc7e2a6bacce75b5f,DECLARED_HASH_MATCH
fits/inner/inner__recipe-stage1_frozen__seed-1337__outer-0__inner-0/fit_receipt.json,2260,574b84cf0447a52ef78df1e36e696d241b7e7ead88bc33b4a08f7fe109a6b1d2,BINDING_RECOMPUTED
fits/inner/inner__recipe-stage1_frozen__seed-1337__outer-0__inner-0/history.json,4689,2a661612d49233146a0d27177e6dc5fc4de885b03a7027820fbef64c0f84536d,DECLARED_HASH_MATCH
fits/inner/inner__recipe-stage1_frozen__seed-1337__outer-0__inner-0/metrics.json,296,182f0ea667dabf1d861217ee2503d08374dd74d8dce3e4b817d88d46eb31a923,DECLARED_HASH_MATCH
fits/inner/inner__recipe-stage1_frozen__seed-1337__outer-0__inner-1/classifier_checkpoint.pt,597127,afd81c035b9466520fa0f624a86924b840dfb10294b385fe01c6a4ddf6a5f71d,DECLARED_HASH_MATCH
fits/inner/inner__recipe-stage1_frozen__seed-1337__outer-0__inner-1/fit_receipt.json,2261,2b6d507f784dc2d4c07b96db062c4abb275adc88aa61d3277cb368a92bf4f4ca,BINDING_RECOMPUTED
fits/inner/inner__recipe-stage1_frozen__seed-1337__outer-0__inner-1/history.json,8483,9bd531f7534be7022757cd7ab7eec0fcb3dc5400af0c41651d5fab13b9556f7e,DECLARED_HASH_MATCH
fits/inner/inner__recipe-stage1_frozen__seed-1337__outer-0__inner-1/metrics.json,299,dbfdb916f005bbcfdd860ed85d92345da13ceab35b964a469501f9b1c72b0a26,DECLARED_HASH_MATCH
fits/inner/inner__recipe-stage1_frozen__seed-1337__outer-0__inner-2/classifier_checkpoint.pt,597127,ea44abdb25d9e209a04b6fafe2dacc106af5522a1d753b0074ed57702456df7d,DECLARED_HASH_MATCH
fits/inner/inner__recipe-stage1_frozen__seed-1337__outer-0__inner-2/fit_receipt.json,2260,8b6c1c4256281845d1bad3ed8ec30260d376c330a25b15076e2617e1c29040b1,BINDING_RECOMPUTED
fits/inner/inner__recipe-stage1_frozen__seed-1337__outer-0__inner-2/history.json,5630,f7be1574753653f4cc008bd0d759d0f2f4988e8e3bfd759f8e23b3351a0038d0,DECLARED_HASH_MATCH
fits/inner/inner__recipe-stage1_frozen__seed-1337__outer-0__inner-2/metrics.json,299,debc2b8b579f2cd3d5c74838b6f1c3bfbdb96c9812c0899b22fe7d4331ef3c42,DECLARED_HASH_MATCH
fits/inner/inner__recipe-stage1_frozen__seed-1337__outer-0__inner-3/classifier_checkpoint.pt,597127,7b7ed928de86564c9de4af06ac8341738644f3ce32e48dbf82b68d2d65361ea3,DECLARED_HASH_MATCH
fits/inner/inner__recipe-stage1_frozen__seed-1337__outer-0__inner-3/fit_receipt.json,2260,5c52ed725c8d47732a697a06ce307fe7cc999369c8582cfa719858b029691efa,BINDING_RECOMPUTED
fits/inner/inner__recipe-stage1_frozen__seed-1337__outer-0__inner-3/history.json,5189,df363c3361e1df65f773d13851ded9bc6f019f137123db544ea8273be69e8dd2,DECLARED_HASH_MATCH
fits/inner/inner__recipe-stage1_frozen__seed-1337__outer-0__inner-3/metrics.json,300,295407334ce0925c10ae2f229722695db7205044169967d42d94324cf0c23e90,DECLARED_HASH_MATCH
fits/inner/inner__recipe-stage1_frozen__seed-1337__outer-1__inner-0/classifier_checkpoint.pt,597127,dfe61bd04d728df3e9054ef9cf4501b7eeea8fe9e05f8a1580d4b7c6b7c257cd,DECLARED_HASH_MATCH
fits/inner/inner__recipe-stage1_frozen__seed-1337__outer-1__inner-0/fit_receipt.json,2259,96056075846222c189384cfa0826e2e2fb8753d22e4aaf8db8d67e28f0f9a213,BINDING_RECOMPUTED
fits/inner/inner__recipe-stage1_frozen__seed-1337__outer-1__inner-0/history.json,5636,25c0ae130ca75759ccd2ade77de685bdb777a26591e74ae7b5244bcae9bc0983,DECLARED_HASH_MATCH
fits/inner/inner__recipe-stage1_frozen__seed-1337__outer-1__inner-0/metrics.json,298,1c5f9235c3a54dcc9f4f2dd075f8b043a237b54c2b0e171ba37fdd7f52673bc8,DECLARED_HASH_MATCH
fits/inner/inner__recipe-stage1_frozen__seed-1337__outer-1__inner-1/classifier_checkpoint.pt,597127,57d57fa49853a2b3b620d340f880fff3cf319a90378891c41b82021075caa7d7,DECLARED_HASH_MATCH
fits/inner/inner__recipe-stage1_frozen__seed-1337__outer-1__inner-1/fit_receipt.json,2260,4159c5bd3818d218bf3b129bfb95046808166936201f36924a2704ffd15c650b,BINDING_RECOMPUTED
fits/inner/inner__recipe-stage1_frozen__seed-1337__outer-1__inner-1/history.json,4204,947761bba432c9a0c58fa7b161be6ba62373c80a6d3bc08173c204186a302d20,DECLARED_HASH_MATCH
fits/inner/inner__recipe-stage1_frozen__seed-1337__outer-1__inner-1/metrics.json,297,138b02b80ea4f11ca561c8bf549f0b4a7a6b8dd7c1be9ef82399f8ed635d4cf3,DECLARED_HASH_MATCH
fits/inner/inner__recipe-stage1_frozen__seed-1337__outer-1__inner-2/classifier_checkpoint.pt,597127,51d2ce60720aec69d01f2faa0a14bef441b3730c68363db6280afc6a2fdf2727,DECLARED_HASH_MATCH
fits/inner/inner__recipe-stage1_frozen__seed-1337__outer-1__inner-2/fit_receipt.json,2260,1cc0a19bc6e76f37534145e165e22b90db58b9afc7c6be52e6e5f91aee86c27b,BINDING_RECOMPUTED
fits/inner/inner__recipe-stage1_frozen__seed-1337__outer-1__inner-2/history.json,5171,0be1d19c2b12b61cf4688f318e47ddde76641a13ff5d088fc5c8f715639d4ef4,DECLARED_HASH_MATCH
fits/inner/inner__recipe-stage1_frozen__seed-1337__outer-1__inner-2/metrics.json,299,2ffc2b9a4fcbed4beca479110ba44f860f7299f625e1ea8478c7bff823197254,DECLARED_HASH_MATCH
fits/inner/inner__recipe-stage1_frozen__seed-1337__outer-1__inner-3/classifier_checkpoint.pt,597127,eddb1fa395d63072a77563c598783feda35ffe788cf3ee329c9ad981f7256f14,DECLARED_HASH_MATCH
fits/inner/inner__recipe-stage1_frozen__seed-1337__outer-1__inner-3/fit_receipt.json,2259,8c2f0b5efb59ea34b65fc01a9dc4748f374c3cd205458e6332eb417a523011b2,BINDING_RECOMPUTED
fits/inner/inner__recipe-stage1_frozen__seed-1337__outer-1__inner-3/history.json,5179,23d4ba5baeaf8d81a0d774ee4abd5994bb8742844eee334d89b3f6e2996782da,DECLARED_HASH_MATCH
fits/inner/inner__recipe-stage1_frozen__seed-1337__outer-1__inner-3/metrics.json,297,e6ce6c62b1e32db62f3764cd934ea459fa1074346eabb21a87b3b5247e404d43,DECLARED_HASH_MATCH
fits/inner/inner__recipe-stage1_frozen__seed-1337__outer-2__inner-0/classifier_checkpoint.pt,597127,10355b0fbc0cd3ce749b22955f5e30673f921918413597403c852ecd0c6fcd0f,DECLARED_HASH_MATCH
fits/inner/inner__recipe-stage1_frozen__seed-1337__outer-2__inner-0/fit_receipt.json,2261,59aea3f40925736032182ccf6fa4c2f6826a1847d6ea53448b524c2c33ee9d51,BINDING_RECOMPUTED
fits/inner/inner__recipe-stage1_frozen__seed-1337__outer-2__inner-0/history.json,4699,98562289701636fcef14206a5e0ce72abda372221715357613de556aec4bad4a,DECLARED_HASH_MATCH
fits/inner/inner__recipe-stage1_frozen__seed-1337__outer-2__inner-0/metrics.json,298,24e627c7c83fbd4d744f49482f89584666d5f78311c3a447f1653331288740e9,DECLARED_HASH_MATCH
fits/inner/inner__recipe-stage1_frozen__seed-1337__outer-2__inner-1/classifier_checkpoint.pt,597127,c5c93cee12929b46fede3cca981618c4aa08d110265b5ed5be6500dce421f9a3,DECLARED_HASH_MATCH
fits/inner/inner__recipe-stage1_frozen__seed-1337__outer-2__inner-1/fit_receipt.json,2261,1abb2a41ce733bc51b8453219b2d9c5df96ac0f7e0dadf8f302ee8d95c73dc94,BINDING_RECOMPUTED
fits/inner/inner__recipe-stage1_frozen__seed-1337__outer-2__inner-1/history.json,8928,3010fbb27fc8359759a64b7971f992afb89ea6fe4df8e49ab015a842ec5d986f,DECLARED_HASH_MATCH
fits/inner/inner__recipe-stage1_frozen__seed-1337__outer-2__inner-1/metrics.json,300,2bf83743cc7148c11a20240884942663be48659a08adc14eff9712a256053a7d,DECLARED_HASH_MATCH
fits/inner/inner__recipe-stage1_frozen__seed-1337__outer-2__inner-2/classifier_checkpoint.pt,597127,5e7626cbcbe971a604db4a8520eb4ad3a48cf43a10574fc620bccf5cda77a0a2,DECLARED_HASH_MATCH
fits/inner/inner__recipe-stage1_frozen__seed-1337__outer-2__inner-2/fit_receipt.json,2259,124b519a241a253b8e1b7ab76c8fbc7e2d5671a2ebe15358f6317cd0f7530282,BINDING_RECOMPUTED
fits/inner/inner__recipe-stage1_frozen__seed-1337__outer-2__inner-2/history.json,4231,52822b5b50eb67515f0cbb9b09e22dd640fcf9863cd38b1356f9c79fd11a56b5,DECLARED_HASH_MATCH
fits/inner/inner__recipe-stage1_frozen__seed-1337__outer-2__inner-2/metrics.json,298,671f85f54db3c58762288663ffbebb9cb87d9dafe3281797db7e8afb6c2feb1b,DECLARED_HASH_MATCH
fits/inner/inner__recipe-stage1_frozen__seed-1337__outer-2__inner-3/classifier_checkpoint.pt,597127,8148c52f8eeee56023f1877820ad3904b4357a36a242730b4d6355961d4cc0e4,DECLARED_HASH_MATCH
fits/inner/inner__recipe-stage1_frozen__seed-1337__outer-2__inner-3/fit_receipt.json,2259,eabfad9d519efff227ae94ff6caed5bec55dd4a1c867f5082894397c2ac53698,BINDING_RECOMPUTED
fits/inner/inner__recipe-stage1_frozen__seed-1337__outer-2__inner-3/history.json,3723,e273ee238de9be63b212caadd1e1211f85ca34df8c539f77fcfcca4b07feaa63,DECLARED_HASH_MATCH
fits/inner/inner__recipe-stage1_frozen__seed-1337__outer-2__inner-3/metrics.json,285,4e2d820c58b87303da11df53e834c3fb7b6277323cdc2bb0fee8b2f8da81b56d,DECLARED_HASH_MATCH
fits/inner/inner__recipe-stage1_frozen__seed-1337__outer-3__inner-0/classifier_checkpoint.pt,597127,aedcd13873772c33ed53e2c51c6bff9ddf8bb6d62024d13b90c5906e6b86a365,DECLARED_HASH_MATCH
fits/inner/inner__recipe-stage1_frozen__seed-1337__outer-3__inner-0/fit_receipt.json,2259,acc33f788b2489faa5da3b84c6c5b2e0de6774ff5ed3b60b8ac700df385ee091,BINDING_RECOMPUTED
fits/inner/inner__recipe-stage1_frozen__seed-1337__outer-3__inner-0/history.json,4235,9d425d68ba278fe1bd585204c3f16df52c320cddc4ed7af763d4aeeba5340465,DECLARED_HASH_MATCH
fits/inner/inner__recipe-stage1_frozen__seed-1337__outer-3__inner-0/metrics.json,298,9d28e0155bd92d402d7c37be4d7b51b9f5b91b0533b70c1fddedf3b89ef45db9,DECLARED_HASH_MATCH
fits/inner/inner__recipe-stage1_frozen__seed-1337__outer-3__inner-1/classifier_checkpoint.pt,597127,0622cf407b7925da50a3eef4466826215c4d0bba54c58b8267c333078b8496f0,DECLARED_HASH_MATCH
fits/inner/inner__recipe-stage1_frozen__seed-1337__outer-3__inner-1/fit_receipt.json,2261,19d24a0b99c984a68126c4a6c3d845a8c6daea01f37c9009e86ce88274e9f9ac,BINDING_RECOMPUTED
fits/inner/inner__recipe-stage1_frozen__seed-1337__outer-3__inner-1/history.json,7529,23b070e957f6feb9945415ab2eb314be4076a95b8d13fa8a0553a16b3d6471a6,DECLARED_HASH_MATCH
fits/inner/inner__recipe-stage1_frozen__seed-1337__outer-3__inner-1/metrics.json,301,99d2575d5c827e35f318caa374ca68b84d950f6812411705d04c6c703bc800fc,DECLARED_HASH_MATCH
fits/inner/inner__recipe-stage1_frozen__seed-1337__outer-3__inner-2/classifier_checkpoint.pt,597127,d89f68a87162ccf64f430323b05e583406cac7df0d25845fc0933fd3b1d32a02,DECLARED_HASH_MATCH
fits/inner/inner__recipe-stage1_frozen__seed-1337__outer-3__inner-2/fit_receipt.json,2260,046db382e279ab86d00018b7fb5a0ed15a2a6a45880f5429e12d52c86f63b29f,BINDING_RECOMPUTED
fits/inner/inner__recipe-stage1_frozen__seed-1337__outer-3__inner-2/history.json,5179,bf4d907ce605f9b46f99634ab87dcec7b32f2b31da1e5b83414e7af33b4077e1,DECLARED_HASH_MATCH
fits/inner/inner__recipe-stage1_frozen__seed-1337__outer-3__inner-2/metrics.json,299,0886ef6263f50a99ed91fa37bcb0ac7b99a27d0f8409069b7d894ed3a29b6461,DECLARED_HASH_MATCH
fits/inner/inner__recipe-stage1_frozen__seed-1337__outer-3__inner-3/classifier_checkpoint.pt,597127,232427184583ac013d41ac42e49b1834b33b3e0576122e551183b11e339f2438,DECLARED_HASH_MATCH
fits/inner/inner__recipe-stage1_frozen__seed-1337__outer-3__inner-3/fit_receipt.json,2260,22cf1670bc08555ca9520ca7bcdd646883e40c1338f3baaaa3cb1c351eac1579,BINDING_RECOMPUTED
fits/inner/inner__recipe-stage1_frozen__seed-1337__outer-3__inner-3/history.json,4690,497b5fba5a08028d353d6e93e7b211408a5b39cacb208f5d7b8794bdf45cb457,DECLARED_HASH_MATCH
fits/inner/inner__recipe-stage1_frozen__seed-1337__outer-3__inner-3/metrics.json,299,e5101fec3308f9482e852bf807e1544fc9062454947d29f3a4e1a91c179c930d,DECLARED_HASH_MATCH
fits/inner/inner__recipe-stage1_frozen__seed-1337__outer-4__inner-0/classifier_checkpoint.pt,597127,c0ea3c67f773ff337c80d9e419154b16cc6aa7761f55cab0df1cd8da9414d806,DECLARED_HASH_MATCH
fits/inner/inner__recipe-stage1_frozen__seed-1337__outer-4__inner-0/fit_receipt.json,2262,0c83e43004f147165e22b4e558ca84b59d619a30cdc203cde4120482852990e2,BINDING_RECOMPUTED
fits/inner/inner__recipe-stage1_frozen__seed-1337__outer-4__inner-0/history.json,11798,2499a685643dc3b36a5e572decc10dd7568ace18c3fee3064eb6133b20d0b3b3,DECLARED_HASH_MATCH
fits/inner/inner__recipe-stage1_frozen__seed-1337__outer-4__inner-0/metrics.json,301,3b5be250313342c6484d17c7e1dbe49107456872c80ca17515d62a9cfa1b6c68,DECLARED_HASH_MATCH
fits/inner/inner__recipe-stage1_frozen__seed-1337__outer-4__inner-1/classifier_checkpoint.pt,597127,ffef9ce66146d2a5c3dc5f9968f746fd60c2204e6fae3fe5ebd505463ddde48c,DECLARED_HASH_MATCH
fits/inner/inner__recipe-stage1_frozen__seed-1337__outer-4__inner-1/fit_receipt.json,2260,b7992a528b906dd66e7ec03cff3e3edd39b6056809a6a8cca71b141a7f75f975,BINDING_RECOMPUTED
fits/inner/inner__recipe-stage1_frozen__seed-1337__outer-4__inner-1/history.json,5644,9aa0211c35548e62e9add483151cd8eefda0f85e0c940dc32aaa21ad460caf73,DECLARED_HASH_MATCH
fits/inner/inner__recipe-stage1_frozen__seed-1337__outer-4__inner-1/metrics.json,298,b524ff3bae896e6b145435f5f6c37966a54f20b594a48044275ddaf1b7400487,DECLARED_HASH_MATCH
fits/inner/inner__recipe-stage1_frozen__seed-1337__outer-4__inner-2/classifier_checkpoint.pt,597127,a839b20aa2751638f948b4b4096473b412c6f33a30ab53c1659934c7a15f5196,DECLARED_HASH_MATCH
fits/inner/inner__recipe-stage1_frozen__seed-1337__outer-4__inner-2/fit_receipt.json,2259,2ca19a938da8c8b8743e50eb5e1abdd7bc46cc62d2c70ad9b8c2e04f4605c8ec,BINDING_RECOMPUTED
fits/inner/inner__recipe-stage1_frozen__seed-1337__outer-4__inner-2/history.json,4708,2508e96ceb755592475d2d3f12013cd3d44c75b6bf5eb02374982bda1fbd32ec,DECLARED_HASH_MATCH
fits/inner/inner__recipe-stage1_frozen__seed-1337__outer-4__inner-2/metrics.json,297,7f102792ac90e9ce09e9a10ebc6d231d773c2c2b01a5e22bacddfc7d8b16d267,DECLARED_HASH_MATCH
fits/inner/inner__recipe-stage1_frozen__seed-1337__outer-4__inner-3/classifier_checkpoint.pt,597127,88c322487699d9fc5d47f0dfa4af40a47234b3a63ab90b4b31ee7e9842ab3ae6,DECLARED_HASH_MATCH
fits/inner/inner__recipe-stage1_frozen__seed-1337__outer-4__inner-3/fit_receipt.json,2261,4b371d99c39bcbb540a88d0df121a1e8955dc4e61432097c4a83a743f1e184dd,BINDING_RECOMPUTED
fits/inner/inner__recipe-stage1_frozen__seed-1337__outer-4__inner-3/history.json,8475,f3f853d3f50be06b27bc2911ce8a646ad83d6888398d45a2c8fbc1738b4b7a25,DECLARED_HASH_MATCH
fits/inner/inner__recipe-stage1_frozen__seed-1337__outer-4__inner-3/metrics.json,301,8c853097168f0d6f3325d61cd40e4e5d81d5aa87f6ddceac3540ca7e0b2640bf,DECLARED_HASH_MATCH
fits/inner/inner__recipe-stage1_frozen__seed-2025__outer-0__inner-0/classifier_checkpoint.pt,597127,8fa84e9848143aa4cf1317a6e78daae5d092f10146fcc41e7b2cbd735b245a8e,DECLARED_HASH_MATCH
fits/inner/inner__recipe-stage1_frozen__seed-2025__outer-0__inner-0/fit_receipt.json,2259,315f38f2f636bc57ecf30dae8361c8416fff3a7a78c90486f4168194f26c80eb,BINDING_RECOMPUTED
fits/inner/inner__recipe-stage1_frozen__seed-2025__outer-0__inner-0/history.json,4223,cdd27ba841ebf02f11f9f22b9b2c2a7314277277f7022f952d7856ec81141c02,DECLARED_HASH_MATCH
fits/inner/inner__recipe-stage1_frozen__seed-2025__outer-0__inner-0/metrics.json,299,ecac793f2da1ac7980201f7e31ba7e79d976e35c8c02a7754d4550777afd670f,DECLARED_HASH_MATCH
fits/inner/inner__recipe-stage1_frozen__seed-2025__outer-0__inner-1/classifier_checkpoint.pt,597127,ee234921e658a68404154603765a2be701d34e49e66ce48aeca3e3bb7715b4c7,DECLARED_HASH_MATCH
fits/inner/inner__recipe-stage1_frozen__seed-2025__outer-0__inner-1/fit_receipt.json,2260,487e596839c6557c3a459a0d62221e91bfcd10893c8581370c079f27eb5ba9de,BINDING_RECOMPUTED
fits/inner/inner__recipe-stage1_frozen__seed-2025__outer-0__inner-1/history.json,6106,2db35be065317916f9bd677e4af0e050c5d84524e04a7abff1db049da1549624,DECLARED_HASH_MATCH
fits/inner/inner__recipe-stage1_frozen__seed-2025__outer-0__inner-1/metrics.json,296,339b37a5fd8b67497d8a24b63ff351fb903b2eac416cc87a34a6444440f23777,DECLARED_HASH_MATCH
fits/inner/inner__recipe-stage1_frozen__seed-2025__outer-0__inner-2/classifier_checkpoint.pt,597127,0cef3179b6f90a6455cc5cafcddc6ee8b521191d363454dfbdf4f747156d0aac,DECLARED_HASH_MATCH
fits/inner/inner__recipe-stage1_frozen__seed-2025__outer-0__inner-2/fit_receipt.json,2259,5cdb584506cafa09b7a63dae8f8956ec14a3775fe4fd8b21592896dfaeda694e,BINDING_RECOMPUTED
fits/inner/inner__recipe-stage1_frozen__seed-2025__outer-0__inner-2/history.json,4222,d9264e04a76e1efb19043b20b4ad09d2fac63757c18f072bc2d9c36207e4d541,DECLARED_HASH_MATCH
fits/inner/inner__recipe-stage1_frozen__seed-2025__outer-0__inner-2/metrics.json,300,32f40f13a12c4f8e1aed9aecceda6acbb16475f9a6dba458bf5f5071829c37f5,DECLARED_HASH_MATCH
fits/inner/inner__recipe-stage1_frozen__seed-2025__outer-0__inner-3/classifier_checkpoint.pt,597127,cf2bc8ee27c0e6c1813922ae8d67046b13565eb6b85a6503ad3249e41c57d2b9,DECLARED_HASH_MATCH
fits/inner/inner__recipe-stage1_frozen__seed-2025__outer-0__inner-3/fit_receipt.json,2259,dc5ad8e4a6706a0e26389375d9590184e4c8d7bb19c0da3bf0e1c3dd8e5d0505,BINDING_RECOMPUTED
fits/inner/inner__recipe-stage1_frozen__seed-2025__outer-0__inner-3/history.json,3768,fbd2336f9a85d237b9d5710e209b20220381d052dd8d38d48ca08f51e82dc94d,DECLARED_HASH_MATCH
fits/inner/inner__recipe-stage1_frozen__seed-2025__outer-0__inner-3/metrics.json,297,f9657a342fe09c0eed3e08ef6d6d9ae6db79ecff92f0a6c230cfec70f9b535ae,DECLARED_HASH_MATCH
fits/inner/inner__recipe-stage1_frozen__seed-2025__outer-1__inner-0/classifier_checkpoint.pt,597127,873fcba837eb5ffd82090c9461459afb07a537f834bdbc2c11e248b1686ddb0c,DECLARED_HASH_MATCH
fits/inner/inner__recipe-stage1_frozen__seed-2025__outer-1__inner-0/fit_receipt.json,2260,4e1bf6f711d4718ff8d180514e77f6981b048fdd8b1b62de1ee1f1f595e76d42,BINDING_RECOMPUTED
fits/inner/inner__recipe-stage1_frozen__seed-2025__outer-1__inner-0/history.json,6600,20961df41199c974edeef863c393b868d9de422e7ad648409076bb75feeeaf95,DECLARED_HASH_MATCH
fits/inner/inner__recipe-stage1_frozen__seed-2025__outer-1__inner-0/metrics.json,299,1e93e9b963907bf31ef497c298152bbbaba3841ad381080423cdc13e49d29501,DECLARED_HASH_MATCH
fits/inner/inner__recipe-stage1_frozen__seed-2025__outer-1__inner-1/classifier_checkpoint.pt,597127,8ffcb74dd31ea414f7f9081c47c2ba080cc817ae5cde836d706543453e93a5b6,DECLARED_HASH_MATCH
fits/inner/inner__recipe-stage1_frozen__seed-2025__outer-1__inner-1/fit_receipt.json,2260,be1ab5a9c88010edaba067e86f4724bb4d1637b058ff7c491480665f3f2dc953,BINDING_RECOMPUTED
fits/inner/inner__recipe-stage1_frozen__seed-2025__outer-1__inner-1/history.json,3752,b1d27c3b162c8897bf52ea68396cbb54c76a6e6ad8e61eaddc2994ad5f2c18a2,DECLARED_HASH_MATCH
fits/inner/inner__recipe-stage1_frozen__seed-2025__outer-1__inner-1/metrics.json,299,3be9823282f30264ef79f78ddc1d12603bea720df2087acfadbb8fe600f2bdf0,DECLARED_HASH_MATCH
fits/inner/inner__recipe-stage1_frozen__seed-2025__outer-1__inner-2/classifier_checkpoint.pt,597127,601a38ca3e6594cc35b3ef37e7d4e44b6c2263db91545f43f0416b9262816ce9,DECLARED_HASH_MATCH
fits/inner/inner__recipe-stage1_frozen__seed-2025__outer-1__inner-2/fit_receipt.json,2261,086bf45c6a0659ca40f610aa9f53cb0afa79f8092d157d8a0738841b57ba419f,BINDING_RECOMPUTED
fits/inner/inner__recipe-stage1_frozen__seed-2025__outer-1__inner-2/history.json,4691,60ef6f6d45737f97f58b5fc4065e15a5f95e51079ec298d66bce342d62db9678,DECLARED_HASH_MATCH
fits/inner/inner__recipe-stage1_frozen__seed-2025__outer-1__inner-2/metrics.json,298,43024bca63a63ecfb53502efa4adec3aa66cce378be8aa10491c27325391bffa,DECLARED_HASH_MATCH
fits/inner/inner__recipe-stage1_frozen__seed-2025__outer-1__inner-3/classifier_checkpoint.pt,597127,396a82f524a6d275674ab9e5a2084782b7c96ec78a2f03467c4eafba1a44d9af,DECLARED_HASH_MATCH
fits/inner/inner__recipe-stage1_frozen__seed-2025__outer-1__inner-3/fit_receipt.json,2260,4f0117b77e16a4c3c564470243d60344729a233154bf644a709e84e571db5465,BINDING_RECOMPUTED
fits/inner/inner__recipe-stage1_frozen__seed-2025__outer-1__inner-3/history.json,4689,ef358c4eac399e874fd097ebad139b971d09df5e28a5e57c96890093ea215fec,DECLARED_HASH_MATCH
fits/inner/inner__recipe-stage1_frozen__seed-2025__outer-1__inner-3/metrics.json,298,9e09525f8751b4eab897c0ba9c98b14b2ceb65a0722f53cf2c563de8298d745d,DECLARED_HASH_MATCH
fits/inner/inner__recipe-stage1_frozen__seed-2025__outer-2__inner-0/classifier_checkpoint.pt,597127,603eaad8ac748a16d4b9fb411b6c277eb0f00d5ed2cd46653b3856690d4a056e,DECLARED_HASH_MATCH
fits/inner/inner__recipe-stage1_frozen__seed-2025__outer-2__inner-0/fit_receipt.json,2261,f383f9c656f7edd0179f11b0bcc6da8665a9669186522573d567926f11108af8,BINDING_RECOMPUTED
fits/inner/inner__recipe-stage1_frozen__seed-2025__outer-2__inner-0/history.json,8471,9a64bca9349dae88e6b481eafaa0c461ac1f682918e1844fa4b99a13eca9ac6d,DECLARED_HASH_MATCH
fits/inner/inner__recipe-stage1_frozen__seed-2025__outer-2__inner-0/metrics.json,300,e8e42eee559adc374b8c6e35f37c55f3cc2280d53377d44b0cc3a39296ac0a05,DECLARED_HASH_MATCH
fits/inner/inner__recipe-stage1_frozen__seed-2025__outer-2__inner-1/classifier_checkpoint.pt,597127,96c5fd7bdcde163c30319a5483f1ce30be7f6104418db45306efa13f84e24619,DECLARED_HASH_MATCH
fits/inner/inner__recipe-stage1_frozen__seed-2025__outer-2__inner-1/fit_receipt.json,2260,5d14564140f3033e2aa6e5311625b3eb2a2444b58bb4788ff293f8d1418fe546,BINDING_RECOMPUTED
fits/inner/inner__recipe-stage1_frozen__seed-2025__outer-2__inner-1/history.json,4696,a0aa52e3c562d9f5dfa923711e8338922803c23deba58e6e3a9342fee58b3c38,DECLARED_HASH_MATCH
fits/inner/inner__recipe-stage1_frozen__seed-2025__outer-2__inner-1/metrics.json,298,74d353b6dc31e0862b907dde8e76f23a9eb27c0a1a72a1f460846ce191dff024,DECLARED_HASH_MATCH
fits/inner/inner__recipe-stage1_frozen__seed-2025__outer-2__inner-2/classifier_checkpoint.pt,597127,6b3040e328a5a2ca2887f7bc1d7027cdcd53d69ea9ea8c8219076365294f95e0,DECLARED_HASH_MATCH
fits/inner/inner__recipe-stage1_frozen__seed-2025__outer-2__inner-2/fit_receipt.json,2260,6a5abeb4f10d0724bbbea2684101e1cf33077d81a11c12263b9a0f2d854937f6,BINDING_RECOMPUTED
fits/inner/inner__recipe-stage1_frozen__seed-2025__outer-2__inner-2/history.json,3766,7aa6152aaed7fd7b786850fb83e5398b5573433c00bf7732bf2248d023a4f91c,DECLARED_HASH_MATCH
fits/inner/inner__recipe-stage1_frozen__seed-2025__outer-2__inner-2/metrics.json,300,29e17e4f673d3335fceba75fdba83510338efaa2772db284d790e35858f50bf0,DECLARED_HASH_MATCH
fits/inner/inner__recipe-stage1_frozen__seed-2025__outer-2__inner-3/classifier_checkpoint.pt,597127,dd7ddb27e487be1ea17181ee27fc330f0d7d67f103df558b830458bb0df397d3,DECLARED_HASH_MATCH
fits/inner/inner__recipe-stage1_frozen__seed-2025__outer-2__inner-3/fit_receipt.json,2260,a6bcd8bf810f6a26402f3f12152264bfd0ee3bc979c69a012f23a52cedbe4a7d,BINDING_RECOMPUTED
fits/inner/inner__recipe-stage1_frozen__seed-2025__outer-2__inner-3/history.json,5173,fd706c1f2089b3f7741a8adb77c1b74dbde1d3099e4f3c3df5b49409783d0632,DECLARED_HASH_MATCH
fits/inner/inner__recipe-stage1_frozen__seed-2025__outer-2__inner-3/metrics.json,299,c157191b25be9ff845f2e0dc23731d4320e9abb5360fa9259c9289e9f798a5ea,DECLARED_HASH_MATCH
fits/inner/inner__recipe-stage1_frozen__seed-2025__outer-3__inner-0/classifier_checkpoint.pt,597127,4ba2a6aaf792fc8a7e089c2e30f59f2545d07a770a139ba767496c002c4757af,DECLARED_HASH_MATCH
fits/inner/inner__recipe-stage1_frozen__seed-2025__outer-3__inner-0/fit_receipt.json,2259,160af01752a8cd2e1feccb087e5e69b468245f38d191449b629e45a3a1a0a3f5,BINDING_RECOMPUTED
fits/inner/inner__recipe-stage1_frozen__seed-2025__outer-3__inner-0/history.json,6597,40c8b6efd6fa3f21ffb040e5b184c9f3a03d7fae044a69c3530b408b1f92cc59,DECLARED_HASH_MATCH
fits/inner/inner__recipe-stage1_frozen__seed-2025__outer-3__inner-0/metrics.json,294,6913707a7c1167a9d078cf41b330d59d1c7c0e5ec5a80d0b5a55090f3daa8a25,DECLARED_HASH_MATCH
fits/inner/inner__recipe-stage1_frozen__seed-2025__outer-3__inner-1/classifier_checkpoint.pt,597127,001c0dfec5373b944a775e2370be16540346114bb64947aee847a96e6518d4fb,DECLARED_HASH_MATCH
fits/inner/inner__recipe-stage1_frozen__seed-2025__outer-3__inner-1/fit_receipt.json,2260,0c22feb7b6f98c22ce486ad419a2913b271bbde55da19ab9c10dca5f935945a1,BINDING_RECOMPUTED
fits/inner/inner__recipe-stage1_frozen__seed-2025__outer-3__inner-1/history.json,6577,913fd777667c134399e12f16cc3d01ffeea19047a1be73bf8fc8d1d1ded1bfa5,DECLARED_HASH_MATCH
fits/inner/inner__recipe-stage1_frozen__seed-2025__outer-3__inner-1/metrics.json,298,fa14497d6933d68ce07ca467edbf91e4f5b9db86abf88ac02191e43bc08bf927,DECLARED_HASH_MATCH
fits/inner/inner__recipe-stage1_frozen__seed-2025__outer-3__inner-2/classifier_checkpoint.pt,597127,274545cf59463d8feadd1fa2e65c0ca5cc443f3784271434318aff6b511a2107,DECLARED_HASH_MATCH
fits/inner/inner__recipe-stage1_frozen__seed-2025__outer-3__inner-2/fit_receipt.json,2261,5a186f2d5cae9b741f167d52819012c2f714d6642df0121d4b259534e2c64708,BINDING_RECOMPUTED
fits/inner/inner__recipe-stage1_frozen__seed-2025__outer-3__inner-2/history.json,5650,85176957015b6388612180612c634387caa022c7aa1d3d5f58908e7333b35a25,DECLARED_HASH_MATCH
fits/inner/inner__recipe-stage1_frozen__seed-2025__outer-3__inner-2/metrics.json,299,facbaba3cb7749d15b2692531657bb70ee65925490b7ee61ef3db2f2a7e1ccec,DECLARED_HASH_MATCH
fits/inner/inner__recipe-stage1_frozen__seed-2025__outer-3__inner-3/classifier_checkpoint.pt,597127,0e01250cf3506a8c7ea1928be47dfa264104f54acada0bd834e1869ee8009176,DECLARED_HASH_MATCH
fits/inner/inner__recipe-stage1_frozen__seed-2025__outer-3__inner-3/fit_receipt.json,2260,1f5dab6d0ce76cbdbe30ae515cd911f4db6fde6006f7ddb34f056b57af648360,BINDING_RECOMPUTED
fits/inner/inner__recipe-stage1_frozen__seed-2025__outer-3__inner-3/history.json,4230,18bb75347d031f8b12689a63efaf0fc666480373f14342208e7396a8e49fda7d,DECLARED_HASH_MATCH
fits/inner/inner__recipe-stage1_frozen__seed-2025__outer-3__inner-3/metrics.json,299,792e2877f9993d068cee24b1370689b917ccd508c5affb77a9f3ec0afe0c293c,DECLARED_HASH_MATCH
fits/inner/inner__recipe-stage1_frozen__seed-2025__outer-4__inner-0/classifier_checkpoint.pt,597127,0976945f722ca569724eab1e2a4b6d88c748d4764fcd24e1217ebc9b3278d49d,DECLARED_HASH_MATCH
fits/inner/inner__recipe-stage1_frozen__seed-2025__outer-4__inner-0/fit_receipt.json,2260,b026a88d8357480f5d649dd5fafe61ae72835077f677621f740a034c1983011d,BINDING_RECOMPUTED
fits/inner/inner__recipe-stage1_frozen__seed-2025__outer-4__inner-0/history.json,6120,ed5d591a73e8e02427a9386d649455482e75bf48f02f21537ee067c5e4938999,DECLARED_HASH_MATCH
fits/inner/inner__recipe-stage1_frozen__seed-2025__outer-4__inner-0/metrics.json,300,644fccf9b8d92fda71e2ea073f5ceb1a913478434829d4946b43b49fdf7a4dd6,DECLARED_HASH_MATCH
fits/inner/inner__recipe-stage1_frozen__seed-2025__outer-4__inner-1/classifier_checkpoint.pt,597127,737ba5909b75735259dc3f706535e247eaa8ba7c5f28078ccb84da8976fe62d7,DECLARED_HASH_MATCH
fits/inner/inner__recipe-stage1_frozen__seed-2025__outer-4__inner-1/fit_receipt.json,2260,0c6bacfae775c950f2889a2dc26d8369c9abb01cc9bd49b6a2bfbba3cfe07b63,BINDING_RECOMPUTED
fits/inner/inner__recipe-stage1_frozen__seed-2025__outer-4__inner-1/history.json,4231,6684a87afca982f2dfefecde3c2927b4b1860494f61599504b5c98ada55ed917,DECLARED_HASH_MATCH
fits/inner/inner__recipe-stage1_frozen__seed-2025__outer-4__inner-1/metrics.json,298,be5d79d0e2ad6a6f6f5e1390cbf09acbf82ac4d5a6b03e5ff402613f904a44a8,DECLARED_HASH_MATCH
fits/inner/inner__recipe-stage1_frozen__seed-2025__outer-4__inner-2/classifier_checkpoint.pt,597127,f14ef5e161d4e1178c1ec8b947e1637f54f246849a2a55bb09ab3ea60dda6e27,DECLARED_HASH_MATCH
fits/inner/inner__recipe-stage1_frozen__seed-2025__outer-4__inner-2/fit_receipt.json,2261,c758926bd04d739617ee03d2c8ef3c0421e2642a6f863ef3ec066399793a5f37,BINDING_RECOMPUTED
fits/inner/inner__recipe-stage1_frozen__seed-2025__outer-4__inner-2/history.json,5185,035382df687845095de647f6a7aea045a8e87755aa32232f20b0e4a9b1c4ad30,DECLARED_HASH_MATCH
fits/inner/inner__recipe-stage1_frozen__seed-2025__outer-4__inner-2/metrics.json,298,be9f2dfdb33f6c3f9b789490b3d5984306608a24a97a477a9248444adc07ead9,DECLARED_HASH_MATCH
fits/inner/inner__recipe-stage1_frozen__seed-2025__outer-4__inner-3/classifier_checkpoint.pt,597127,be673c7d77308fa319b158bc99312b2e7792cf06977683077ffcf72c1f96c029,DECLARED_HASH_MATCH
fits/inner/inner__recipe-stage1_frozen__seed-2025__outer-4__inner-3/fit_receipt.json,2261,a13474a98163ccb889ccce13c3af81b879b35695f2db734a4610a092820a26c9,BINDING_RECOMPUTED
fits/inner/inner__recipe-stage1_frozen__seed-2025__outer-4__inner-3/history.json,7063,0e1495f50e6aa1aef8ffd2765435511745ec658bab0e8ca00dda7b757549a440,DECLARED_HASH_MATCH
fits/inner/inner__recipe-stage1_frozen__seed-2025__outer-4__inner-3/metrics.json,300,87138cbf1f8399999b12b3a7174335694d32c1854e3c21f329948c507c92a7b6,DECLARED_HASH_MATCH
fits/inner/inner__recipe-stage1_frozen__seed-42__outer-0__inner-0/classifier_checkpoint.pt,597127,0fca2b97e8ddef53327deba3d918ff4e0162913884b8ce72443aef5f2652e877,DECLARED_HASH_MATCH
fits/inner/inner__recipe-stage1_frozen__seed-42__outer-0__inner-0/fit_receipt.json,2256,4c9a33f3a560e740fa02c77766f2b6234549899ca1b679965260f8ab7e9df60c,BINDING_RECOMPUTED
fits/inner/inner__recipe-stage1_frozen__seed-42__outer-0__inner-0/history.json,4710,62b685b49ae0579742a29c741862109b4815b994789406f2b83caa7d784e07e1,DECLARED_HASH_MATCH
fits/inner/inner__recipe-stage1_frozen__seed-42__outer-0__inner-0/metrics.json,299,722d82a72b2185d1aa65ecb8b88dd4e39f7737fa816b73ce27a60c12363348ce,DECLARED_HASH_MATCH
fits/inner/inner__recipe-stage1_frozen__seed-42__outer-0__inner-1/classifier_checkpoint.pt,597127,c2ccb0fede21081455a6acfdc45fc26def7ce9eae10ffd09ffd5c2f8bb5d87b7,DECLARED_HASH_MATCH
fits/inner/inner__recipe-stage1_frozen__seed-42__outer-0__inner-1/fit_receipt.json,2255,a3a3511921b1e5afdc4f299af98cd447bf62221afe0c8dcdc2ffdcd7ab7fece1,BINDING_RECOMPUTED
fits/inner/inner__recipe-stage1_frozen__seed-42__outer-0__inner-1/history.json,4208,5f52643044610e058f5ebf95e098ab87120127281388e4fe6806519554b53bdc,DECLARED_HASH_MATCH
fits/inner/inner__recipe-stage1_frozen__seed-42__outer-0__inner-1/metrics.json,286,b3116a83e97c15c09fc9e1b752a3f69af3e636187f93e81190ba64fd4378b39c,DECLARED_HASH_MATCH
fits/inner/inner__recipe-stage1_frozen__seed-42__outer-0__inner-2/classifier_checkpoint.pt,597127,3edb1cdd7a94592e1cfae2c493aa95043c92af319c39299bbab22fe83f488726,DECLARED_HASH_MATCH
fits/inner/inner__recipe-stage1_frozen__seed-42__outer-0__inner-2/fit_receipt.json,2256,550e66bc2e803f18347a0adac802187fb32bb790ad48c63f0dcff4893b43bc77,BINDING_RECOMPUTED
fits/inner/inner__recipe-stage1_frozen__seed-42__outer-0__inner-2/history.json,6106,783e0cf62ab92787dc33cd14e0555bb91a37c337277f907f38a24f25e8089eff,DECLARED_HASH_MATCH
fits/inner/inner__recipe-stage1_frozen__seed-42__outer-0__inner-2/metrics.json,299,a28ce4a928a0b6cfac3c8e51ee299f1fa51ccdb5836fd09d4de367242f182bb0,DECLARED_HASH_MATCH
fits/inner/inner__recipe-stage1_frozen__seed-42__outer-0__inner-3/classifier_checkpoint.pt,597127,929b424c1967cfafa34102affd692293ffaea9fb519de001a8041fb69e91d4ed,DECLARED_HASH_MATCH
fits/inner/inner__recipe-stage1_frozen__seed-42__outer-0__inner-3/fit_receipt.json,2256,9ede025174b72cec102f33813cddfee26e17d7e7a8db01a440b3f6de5ef2b189,BINDING_RECOMPUTED
fits/inner/inner__recipe-stage1_frozen__seed-42__outer-0__inner-3/history.json,5627,67c76ba0c78a11fb7bf1697c0faa2938967f97292f79e01a9d7ec65a214a7015,DECLARED_HASH_MATCH
fits/inner/inner__recipe-stage1_frozen__seed-42__outer-0__inner-3/metrics.json,299,567b92e1872433e79cc4f4c7dc1482d117d47a57270248ad830d685ecfdb9af6,DECLARED_HASH_MATCH
fits/inner/inner__recipe-stage1_frozen__seed-42__outer-1__inner-0/classifier_checkpoint.pt,597127,3129a40c4ffab597ced79cc4def3bc576f8d5db9d269a4fe46aefc931033d7d5,DECLARED_HASH_MATCH
fits/inner/inner__recipe-stage1_frozen__seed-42__outer-1__inner-0/fit_receipt.json,2256,da401f64627c63b5aba63c4720387ce8978981b4a35e6e8b4094b6241f3fb739,BINDING_RECOMPUTED
fits/inner/inner__recipe-stage1_frozen__seed-42__outer-1__inner-0/history.json,4689,c614a8f445f59f20b0ba2d1d5ee0e4e29c17c269f7f6f3bfe9562cfb8588ef91,DECLARED_HASH_MATCH
fits/inner/inner__recipe-stage1_frozen__seed-42__outer-1__inner-0/metrics.json,298,46c0914b8d0032cf06a669ebbf7bc8577b384adcb17775ec669736e67bcd842a,DECLARED_HASH_MATCH
fits/inner/inner__recipe-stage1_frozen__seed-42__outer-1__inner-1/classifier_checkpoint.pt,597127,e4f5ee41293750efa6941f15778e82cb8fceb807d85ac27a89799ffe2260f2dd,DECLARED_HASH_MATCH
fits/inner/inner__recipe-stage1_frozen__seed-42__outer-1__inner-1/fit_receipt.json,2256,555e40987d05fd58b0750fecbdc76ce58fa56ad0600c91aa405dd576308b7fbe,BINDING_RECOMPUTED
fits/inner/inner__recipe-stage1_frozen__seed-42__outer-1__inner-1/history.json,5163,d8d5aa64161ce533b3ad90f3f8216c6b66accb379f6511a2759e155259cf7c5b,DECLARED_HASH_MATCH
fits/inner/inner__recipe-stage1_frozen__seed-42__outer-1__inner-1/metrics.json,286,6355ced4b5d363aa3c8bba64735844eae1d1cee9ce6f2bfcedbeb7765ec0430a,DECLARED_HASH_MATCH
fits/inner/inner__recipe-stage1_frozen__seed-42__outer-1__inner-2/classifier_checkpoint.pt,597127,048c3a8b8eafe7fea1b2719903c1e2aa6ecd7fed5b6dcb1e068de9027489bde4,DECLARED_HASH_MATCH
fits/inner/inner__recipe-stage1_frozen__seed-42__outer-1__inner-2/fit_receipt.json,2257,4f697bb1933cad05a38cfcb41025a29fbe1570d7851d045b779bb4c14dd8e809,BINDING_RECOMPUTED
fits/inner/inner__recipe-stage1_frozen__seed-42__outer-1__inner-2/history.json,7523,8865eedb23803154709dd22a1a67efe284c47166ef76e565affbe55d127765be,DECLARED_HASH_MATCH
fits/inner/inner__recipe-stage1_frozen__seed-42__outer-1__inner-2/metrics.json,299,71fb671ad1705f277540fb5b05d1af0c8040440671f8ef7d6fc15ae95a35ccb5,DECLARED_HASH_MATCH
fits/inner/inner__recipe-stage1_frozen__seed-42__outer-1__inner-3/classifier_checkpoint.pt,597127,23032f67812786aaf8ecee642e4b553cd7a2999d837f2e0b4742950e49e0b4e6,DECLARED_HASH_MATCH
fits/inner/inner__recipe-stage1_frozen__seed-42__outer-1__inner-3/fit_receipt.json,2256,d19f5c88aa77c67a2e2e478f96fc4a3d27afe4d1075beea7cf0049cd21797f9f,BINDING_RECOMPUTED
fits/inner/inner__recipe-stage1_frozen__seed-42__outer-1__inner-3/history.json,5174,c97c24a882783ee472c97c292f05bc8bebbe791af6962f9b23fe2ccaf91e9934,DECLARED_HASH_MATCH
fits/inner/inner__recipe-stage1_frozen__seed-42__outer-1__inner-3/metrics.json,300,1f6422ef0426fa57c8a30480c7596e6da5ddcf52ab266e4a76529f65a6552768,DECLARED_HASH_MATCH
fits/inner/inner__recipe-stage1_frozen__seed-42__outer-2__inner-0/classifier_checkpoint.pt,597127,0b194923de23065941334adf00ab17a7bf11e2cf22ac4ddde38c4f8fe4e0e2bb,DECLARED_HASH_MATCH
fits/inner/inner__recipe-stage1_frozen__seed-42__outer-2__inner-0/fit_receipt.json,2256,9b2c04b34208721492f1d2dd09aa9c413d3a5f281413568ded54e29bc6afa6e4,BINDING_RECOMPUTED
fits/inner/inner__recipe-stage1_frozen__seed-42__outer-2__inner-0/history.json,6570,9880908f7be39be302c0f6c2330d9328333c2d487697b50154c660b530281708,DECLARED_HASH_MATCH
fits/inner/inner__recipe-stage1_frozen__seed-42__outer-2__inner-0/metrics.json,298,94984c726399e2a1a8e62d6cf1b4649c32893e3f77fc545ed66811d51066f5d4,DECLARED_HASH_MATCH
fits/inner/inner__recipe-stage1_frozen__seed-42__outer-2__inner-1/classifier_checkpoint.pt,597127,ef6865b683e2684bf2721f13484ca79b22a06cc56730fe8fb6d9bc7f14fb2bd1,DECLARED_HASH_MATCH
fits/inner/inner__recipe-stage1_frozen__seed-42__outer-2__inner-1/fit_receipt.json,2256,5263027f8cdb05b1d520f9c3460edaf9c0cbd7c62ae16e6bfcf8eb1cdf1750fc,BINDING_RECOMPUTED
fits/inner/inner__recipe-stage1_frozen__seed-42__outer-2__inner-1/history.json,4229,1fe4a40eb058c0a7cd6f00fda6df17155c48cb02fd1f6b8121bd507d20f3ae81,DECLARED_HASH_MATCH
fits/inner/inner__recipe-stage1_frozen__seed-42__outer-2__inner-1/metrics.json,296,ccca9d6e06e631efb66744283f6b4a8f1765043bc60a350f57cc0b9f7ce7d90e,DECLARED_HASH_MATCH
fits/inner/inner__recipe-stage1_frozen__seed-42__outer-2__inner-2/classifier_checkpoint.pt,597127,b0c8a5b8d342dde7b34696d5809bf77dff6fec5cc9043c4e545f3b6338d925a2,DECLARED_HASH_MATCH
fits/inner/inner__recipe-stage1_frozen__seed-42__outer-2__inner-2/fit_receipt.json,2257,798a99af59d5b708649a37e2113543d77857637b4cf2d31d487358ab23e92a6a,BINDING_RECOMPUTED
fits/inner/inner__recipe-stage1_frozen__seed-42__outer-2__inner-2/history.json,5164,7d7244666c0b973ac360223be4e88732f311a154e0a0060436a0116df93c5ccc,DECLARED_HASH_MATCH
fits/inner/inner__recipe-stage1_frozen__seed-42__outer-2__inner-2/metrics.json,298,617cc6ed5f03270516befc9af75eb782e66563cdc06e9e261b651148cb7b615a,DECLARED_HASH_MATCH
fits/inner/inner__recipe-stage1_frozen__seed-42__outer-2__inner-3/classifier_checkpoint.pt,597127,538fa216d74f1dca6aad20dc957645387c890148fc85c603e00baadb357038ff,DECLARED_HASH_MATCH
fits/inner/inner__recipe-stage1_frozen__seed-42__outer-2__inner-3/fit_receipt.json,2256,605bb744932339b23d66f808bad94850c1fca40eafccbb5b51023bb8699f8369,BINDING_RECOMPUTED
fits/inner/inner__recipe-stage1_frozen__seed-42__outer-2__inner-3/history.json,5640,21e422d50408cf3d44a568eb074e1b0ef08d71f89176c7f1398dfdf6471a0102,DECLARED_HASH_MATCH
fits/inner/inner__recipe-stage1_frozen__seed-42__outer-2__inner-3/metrics.json,299,ca1b48bacb48dc0730d64758e8e2ff07496453c9bc845f20d0d59287224fadb2,DECLARED_HASH_MATCH
fits/inner/inner__recipe-stage1_frozen__seed-42__outer-3__inner-0/classifier_checkpoint.pt,597127,26b175aad8f12e14832f5efd45d0cfda7ec8050ab4808cb07faebb3a114877e9,DECLARED_HASH_MATCH
fits/inner/inner__recipe-stage1_frozen__seed-42__outer-3__inner-0/fit_receipt.json,2257,b0379df57f753aa77fe699deabc5c995c669bd58c5089cd4a1e4d1d922b2a29b,BINDING_RECOMPUTED
fits/inner/inner__recipe-stage1_frozen__seed-42__outer-3__inner-0/history.json,7059,8829fbe12afa5488936983367a9ec6149dc3919dadbf3b56c61e25ded655cda3,DECLARED_HASH_MATCH
fits/inner/inner__recipe-stage1_frozen__seed-42__outer-3__inner-0/metrics.json,299,f405fc47d51d7215467b37ae07e0be484c25288473595ce557d60c44d0b88d0e,DECLARED_HASH_MATCH
fits/inner/inner__recipe-stage1_frozen__seed-42__outer-3__inner-1/classifier_checkpoint.pt,597127,4828ce7c5f183a1585a57417998029cf04f828f2578e1879a5c5ecaa810accbd,DECLARED_HASH_MATCH
fits/inner/inner__recipe-stage1_frozen__seed-42__outer-3__inner-1/fit_receipt.json,2257,bc25bc5c5dd25539b36ab584a5ba39dd800084c259c27c1e0ecc33bf0839b294,BINDING_RECOMPUTED
fits/inner/inner__recipe-stage1_frozen__seed-42__outer-3__inner-1/history.json,7076,0d4da5977b38650055a00950eed7b02f62a1aa6a109261e4ac3998fb2c705b2e,DECLARED_HASH_MATCH
fits/inner/inner__recipe-stage1_frozen__seed-42__outer-3__inner-1/metrics.json,299,e5970b676b82452204e723fc0d939ab4273ff9c894b42a11db0c9524c3626e64,DECLARED_HASH_MATCH
fits/inner/inner__recipe-stage1_frozen__seed-42__outer-3__inner-2/classifier_checkpoint.pt,597127,6e0c7da92062f1f74fd24e5c84d179ad7f34eeb3be4b05bac9affbd21eef19ce,DECLARED_HASH_MATCH
fits/inner/inner__recipe-stage1_frozen__seed-42__outer-3__inner-2/fit_receipt.json,2256,ad2a27492dac028161fe2a6ff2967343c81d9c342abee59ebcab39387a001bd7,BINDING_RECOMPUTED
fits/inner/inner__recipe-stage1_frozen__seed-42__outer-3__inner-2/history.json,5160,08e5a6e93f5e474db5bb40dcea027062697bed4f081bdc3dd5acccdc4ee11c66,DECLARED_HASH_MATCH
fits/inner/inner__recipe-stage1_frozen__seed-42__outer-3__inner-2/metrics.json,299,ebbf3049d624c4be6c0e2af9f7990eb13f3ea5866ebd935eb861c442e548cbe1,DECLARED_HASH_MATCH
fits/inner/inner__recipe-stage1_frozen__seed-42__outer-3__inner-3/classifier_checkpoint.pt,597127,8e11561736f04eefa9df670c50926b95f25c289e24287e1f2fb466d99874e417,DECLARED_HASH_MATCH
fits/inner/inner__recipe-stage1_frozen__seed-42__outer-3__inner-3/fit_receipt.json,2255,c67c9fb7a9d10c02c3655a28ebb27803b8d68c099744e9cc5101744eae45037e,BINDING_RECOMPUTED
fits/inner/inner__recipe-stage1_frozen__seed-42__outer-3__inner-3/history.json,5653,2634197a9d86897644b769db48790bc431359c948cb4584b29cf1e6ad797654d,DECLARED_HASH_MATCH
fits/inner/inner__recipe-stage1_frozen__seed-42__outer-3__inner-3/metrics.json,298,d7339bbee79413b0107dd399cbf8d89ca11034ea60c7a3d2c175c4b6ba389c3f,DECLARED_HASH_MATCH
fits/inner/inner__recipe-stage1_frozen__seed-42__outer-4__inner-0/classifier_checkpoint.pt,597127,1a4614545980142b90e09d5515377664475e5ddd5fe4af8de7b4908a198cfd38,DECLARED_HASH_MATCH
fits/inner/inner__recipe-stage1_frozen__seed-42__outer-4__inner-0/fit_receipt.json,2256,ef38128ff047627b1ced3f7f01a71b2a9502abe32e9a11879ce009276a0a01b5,BINDING_RECOMPUTED
fits/inner/inner__recipe-stage1_frozen__seed-42__outer-4__inner-0/history.json,5644,f810a80a66ade58d39e27e606fa47f74f73db96614189bc07412779f8e4d3c52,DECLARED_HASH_MATCH
fits/inner/inner__recipe-stage1_frozen__seed-42__outer-4__inner-0/metrics.json,298,3fbd33f2dd1522bd9f9c544b3c639ff3f263ef3e1dc21c2ffec5eec3cbd0b030,DECLARED_HASH_MATCH
fits/inner/inner__recipe-stage1_frozen__seed-42__outer-4__inner-1/classifier_checkpoint.pt,597127,6ed831471d9c6c132316c5afcca6348499e9405f36b466596edede0eb56defe9,DECLARED_HASH_MATCH
fits/inner/inner__recipe-stage1_frozen__seed-42__outer-4__inner-1/fit_receipt.json,2247,dca13b5694629214b312ff445c676001ce2cad2f0f1fe1cecfdb038b81c84b02,BINDING_RECOMPUTED
fits/inner/inner__recipe-stage1_frozen__seed-42__outer-4__inner-1/history.json,4198,f4b9193522ff4310db0a136901692cf5f84dad10841644e1fe22727eacef2f98,DECLARED_HASH_MATCH
fits/inner/inner__recipe-stage1_frozen__seed-42__outer-4__inner-1/metrics.json,281,311833c5b8fa9c8a06efd8e039578a322e89cabec1d76f0f18910b7161cb033f,DECLARED_HASH_MATCH
fits/inner/inner__recipe-stage1_frozen__seed-42__outer-4__inner-2/classifier_checkpoint.pt,597127,6e44fe3340ebbc9adbd383ce63cdc6967e3e4e1abd9eeb3b8294d6d3d25caa55,DECLARED_HASH_MATCH
fits/inner/inner__recipe-stage1_frozen__seed-42__outer-4__inner-2/fit_receipt.json,2255,c23bd5d580f0be40551bee1c073f2e9fe60850d220442499cd3352d5f9ed2318,BINDING_RECOMPUTED
fits/inner/inner__recipe-stage1_frozen__seed-42__outer-4__inner-2/history.json,4223,fb347ebeff95a32e75093fa5537e8d0de6966fb34f63f8311417ac61e207b9d6,DECLARED_HASH_MATCH
fits/inner/inner__recipe-stage1_frozen__seed-42__outer-4__inner-2/metrics.json,299,0f6236b16a938c6c7137dc046bb81e22af9002eb45931cda5dfb5d48c580a39f,DECLARED_HASH_MATCH
fits/inner/inner__recipe-stage1_frozen__seed-42__outer-4__inner-3/classifier_checkpoint.pt,597127,4d5588c9fee6fbdf78968cf68553173dbbafe554768f666dca3ad9d47e3e2b6b,DECLARED_HASH_MATCH
fits/inner/inner__recipe-stage1_frozen__seed-42__outer-4__inner-3/fit_receipt.json,2256,6c1925b923296911fcae9d81d9505642de2a022a4b56e59ea207a8b7348def73,BINDING_RECOMPUTED
fits/inner/inner__recipe-stage1_frozen__seed-42__outer-4__inner-3/history.json,4711,c534f7081ad3881ddc63e5c9000d7cb664629c4ea78a3780ac3d70b20de17994,DECLARED_HASH_MATCH
fits/inner/inner__recipe-stage1_frozen__seed-42__outer-4__inner-3/metrics.json,296,0c73a787fe7a1ce314daeefd1d5a83807ee9afaea26324e683985c9eab44ee45,DECLARED_HASH_MATCH
fits/inner/inner__recipe-stage1_frozen_pair_ranking__seed-1337__outer-0__inner-0/classifier_checkpoint.pt,597191,b9abb9b6c70c879430563ec115e20aac07418b8e9f19e275b6d123d7cb9fb9de,DECLARED_HASH_MATCH
fits/inner/inner__recipe-stage1_frozen_pair_ranking__seed-1337__outer-0__inner-0/fit_receipt.json,2285,ee6bfe53d029c79d827830bb197db8b4c87a95f5676cd81a0bed7b0d4110ba7b,BINDING_RECOMPUTED
fits/inner/inner__recipe-stage1_frozen_pair_ranking__seed-1337__outer-0__inner-0/history.json,3404,cbe56fa270a031360cf1da0256c677e3bebd54f65b55b43cc1df5f5be603ddef,DECLARED_HASH_MATCH
fits/inner/inner__recipe-stage1_frozen_pair_ranking__seed-1337__outer-0__inner-0/metrics.json,299,ea817959e8bb01d543a9a01da990749be3ba5aa4027987ec5e40978ec805fc53,DECLARED_HASH_MATCH
fits/inner/inner__recipe-stage1_frozen_pair_ranking__seed-1337__outer-0__inner-1/classifier_checkpoint.pt,597191,47116427d7daf311622b777e1ec26448e005d8134be7de28db772c6d64e05db3,DECLARED_HASH_MATCH
fits/inner/inner__recipe-stage1_frozen_pair_ranking__seed-1337__outer-0__inner-1/fit_receipt.json,2286,e060b982f367fce94d7b4d53323726f3a17703cc9192847360d1aa32026af8e1,BINDING_RECOMPUTED
fits/inner/inner__recipe-stage1_frozen_pair_ranking__seed-1337__outer-0__inner-1/history.json,5825,b7bbff320383a783bf54987419051280d6edbc3b270a185001e42241b49daf45,DECLARED_HASH_MATCH
fits/inner/inner__recipe-stage1_frozen_pair_ranking__seed-1337__outer-0__inner-1/metrics.json,297,a3d7f5944e6acc96c15a28a765f8348762d7d15847f01bea01166a46cc1bfa7f,DECLARED_HASH_MATCH
fits/inner/inner__recipe-stage1_frozen_pair_ranking__seed-1337__outer-0__inner-2/classifier_checkpoint.pt,597191,99e9d53f2a99234d81c4bb43b7148139119bc44115886d20e98c80890226c470,DECLARED_HASH_MATCH
fits/inner/inner__recipe-stage1_frozen_pair_ranking__seed-1337__outer-0__inner-2/fit_receipt.json,2287,fbe0d45a12068717dcfa02c001952a58c31418d72060a313aeb2d8f00ee5e04f,BINDING_RECOMPUTED
fits/inner/inner__recipe-stage1_frozen_pair_ranking__seed-1337__outer-0__inner-2/history.json,9754,5a52bd0d8664170621576a8e87c6e326978693c6aaf474534cce9958e44f70ab,DECLARED_HASH_MATCH
fits/inner/inner__recipe-stage1_frozen_pair_ranking__seed-1337__outer-0__inner-2/metrics.json,301,1f923ff9b26e840669add5ef1e2f1ae555563d17baf9ddda7f45b873788e8f02,DECLARED_HASH_MATCH
fits/inner/inner__recipe-stage1_frozen_pair_ranking__seed-1337__outer-0__inner-3/classifier_checkpoint.pt,597191,28cc7f82712893202ce4fa6bc17a8c2fc0598e99bc6e129c76e4c0d6836d70a8,DECLARED_HASH_MATCH
fits/inner/inner__recipe-stage1_frozen_pair_ranking__seed-1337__outer-0__inner-3/fit_receipt.json,2285,de92a27d98546ebe6606b6a7cd72fc297a2eaead26a702d3de7fe28158d6b2db,BINDING_RECOMPUTED
fits/inner/inner__recipe-stage1_frozen_pair_ranking__seed-1337__outer-0__inner-3/history.json,3878,e1b662c8aeaf00c7fd938b881a3df073bc18df7cb86383bcef0973b60d3980c2,DECLARED_HASH_MATCH
fits/inner/inner__recipe-stage1_frozen_pair_ranking__seed-1337__outer-0__inner-3/metrics.json,299,6e2f7b8e7624c5dfad469f552e89b6c3fa28427b0456f518f64d2dace177ab34,DECLARED_HASH_MATCH
fits/inner/inner__recipe-stage1_frozen_pair_ranking__seed-1337__outer-1__inner-0/classifier_checkpoint.pt,597191,153e864564e0b5e172163deff9bd389828ee479b712b2a7c367f7932939c96c6,DECLARED_HASH_MATCH
fits/inner/inner__recipe-stage1_frozen_pair_ranking__seed-1337__outer-1__inner-0/fit_receipt.json,2284,ce323026239ef1bb1d27f4d1aedd008d4ebc8cebdcdd612669e5efacae17b4cd,BINDING_RECOMPUTED
fits/inner/inner__recipe-stage1_frozen_pair_ranking__seed-1337__outer-1__inner-0/history.json,4378,ccd23ce21997ea0e3a36217611acf00eb63cbd2767d9441265be23c6977d03aa,DECLARED_HASH_MATCH
fits/inner/inner__recipe-stage1_frozen_pair_ranking__seed-1337__outer-1__inner-0/metrics.json,297,0e304ee0c735e45568c8548d45e176196563a76f80e76c123d387b65fef204fa,DECLARED_HASH_MATCH
fits/inner/inner__recipe-stage1_frozen_pair_ranking__seed-1337__outer-1__inner-1/classifier_checkpoint.pt,597191,364f2e1f29580c59f1c58e092a76a4427f11b790c519cc89cc68f52b7cadd99e,DECLARED_HASH_MATCH
fits/inner/inner__recipe-stage1_frozen_pair_ranking__seed-1337__outer-1__inner-1/fit_receipt.json,2285,0007cec0dfb5f06eb0a4939c80e164046083c3b4f925146776be633ec5cf19c1,BINDING_RECOMPUTED
fits/inner/inner__recipe-stage1_frozen_pair_ranking__seed-1337__outer-1__inner-1/history.json,3382,7654db17f1f6644164fbd1d36346d60b7ad45e4475fecfd327c16bb8c60da013,DECLARED_HASH_MATCH
fits/inner/inner__recipe-stage1_frozen_pair_ranking__seed-1337__outer-1__inner-1/metrics.json,298,a31f7ce506fd8c29fcc418991f921094e1b0c7e813a7a0039e065d11719bc3be,DECLARED_HASH_MATCH
fits/inner/inner__recipe-stage1_frozen_pair_ranking__seed-1337__outer-1__inner-2/classifier_checkpoint.pt,597191,27e0fbb726325950b5d983670db2c17454202c871d21ddb58dda6f2a1b31a798,DECLARED_HASH_MATCH
fits/inner/inner__recipe-stage1_frozen_pair_ranking__seed-1337__outer-1__inner-2/fit_receipt.json,2286,9b49bbd3f57ae249c302b308bfb999df0241e14c940a2e53557c18f14cc5d322,BINDING_RECOMPUTED
fits/inner/inner__recipe-stage1_frozen_pair_ranking__seed-1337__outer-1__inner-2/history.json,5833,8a1598fede91f5eb451489a076d29a35611f7a769d63c191a73d0d1a9981fc08,DECLARED_HASH_MATCH
fits/inner/inner__recipe-stage1_frozen_pair_ranking__seed-1337__outer-1__inner-2/metrics.json,298,f7a6057334bb9d4071242703e588f5fde26970f51c63b8a765ae22f7647e20dc,DECLARED_HASH_MATCH
fits/inner/inner__recipe-stage1_frozen_pair_ranking__seed-1337__outer-1__inner-3/classifier_checkpoint.pt,597191,f3c26d8ca74fdd68ccca5765074519186c691b69c84d5ddd2d851dda1729f9de,DECLARED_HASH_MATCH
fits/inner/inner__recipe-stage1_frozen_pair_ranking__seed-1337__outer-1__inner-3/fit_receipt.json,2286,f1113e9339b623ffed9d9b210d46abde7c8c9479025ab57a6d8a60b1e71c4c75,BINDING_RECOMPUTED
fits/inner/inner__recipe-stage1_frozen_pair_ranking__seed-1337__outer-1__inner-3/history.json,6330,dc73d65a292952cde59b07828fd1b9a23f2c4a5580e0d98a1aee5725d28b830d,DECLARED_HASH_MATCH
fits/inner/inner__recipe-stage1_frozen_pair_ranking__seed-1337__outer-1__inner-3/metrics.json,299,1835fea87bf2df4a7af3a35372f25e13c750c0da7b4023c0214e091ce21dc00e,DECLARED_HASH_MATCH
fits/inner/inner__recipe-stage1_frozen_pair_ranking__seed-1337__outer-2__inner-0/classifier_checkpoint.pt,597191,c8083ec1f9cfd9fe72ccfeaa107b48d908f0b6d6d2ced74f6700e71ebc973ec1,DECLARED_HASH_MATCH
fits/inner/inner__recipe-stage1_frozen_pair_ranking__seed-1337__outer-2__inner-0/fit_receipt.json,2284,0f0a7a86b882c96d540bfd89c3d8856db1a8ebb99eaea72b20c2e57f08f7e05a,BINDING_RECOMPUTED
fits/inner/inner__recipe-stage1_frozen_pair_ranking__seed-1337__outer-2__inner-0/history.json,3882,bc1086a64e933a95baba0f4dd9c7ee88469f7e6336fbd4603b1df15a126c1f5d,DECLARED_HASH_MATCH
fits/inner/inner__recipe-stage1_frozen_pair_ranking__seed-1337__outer-2__inner-0/metrics.json,298,bd85fd1de90ccbd4d448db39af726b41546fc1f634b3bfa6bea3e456b628d2d0,DECLARED_HASH_MATCH
fits/inner/inner__recipe-stage1_frozen_pair_ranking__seed-1337__outer-2__inner-1/classifier_checkpoint.pt,597191,079ed76a451f78e815a8f1d875ca0a019aafd74319b968cb1cea4d9e7cc4b55f,DECLARED_HASH_MATCH
fits/inner/inner__recipe-stage1_frozen_pair_ranking__seed-1337__outer-2__inner-1/fit_receipt.json,2286,b1b128a6a5b7990357afbc9828133022188bc72b53822a19ee18bb8d5b4dd3de,BINDING_RECOMPUTED
fits/inner/inner__recipe-stage1_frozen_pair_ranking__seed-1337__outer-2__inner-1/history.json,5357,1705c8cddf12620fc6ea77f09abcefd4e816173f796e138571d99d66e44103db,DECLARED_HASH_MATCH
fits/inner/inner__recipe-stage1_frozen_pair_ranking__seed-1337__outer-2__inner-1/metrics.json,299,5ec1fb890e5308526a3bb562747403689fe2a304091dc10d1502aa845fb3e191,DECLARED_HASH_MATCH
fits/inner/inner__recipe-stage1_frozen_pair_ranking__seed-1337__outer-2__inner-2/classifier_checkpoint.pt,597191,ebd859257d02a9a15679225abdec71cd08e68ddfe57d3dde62ba75321e6bc78b,DECLARED_HASH_MATCH
fits/inner/inner__recipe-stage1_frozen_pair_ranking__seed-1337__outer-2__inner-2/fit_receipt.json,2286,4b8c2627eb9fe7bd4273dcfd6874f934eebe21e752f11fa415690d4cf8f93de3,BINDING_RECOMPUTED
fits/inner/inner__recipe-stage1_frozen_pair_ranking__seed-1337__outer-2__inner-2/history.json,5850,24e96a06c9e2f1e0db4128169b5a3908d409f866dd280720c48b7346dad1c073,DECLARED_HASH_MATCH
fits/inner/inner__recipe-stage1_frozen_pair_ranking__seed-1337__outer-2__inner-2/metrics.json,299,56f0d240980e253716afa6e0c541a7923de0965932b48a13dec2bcd73939ac71,DECLARED_HASH_MATCH
fits/inner/inner__recipe-stage1_frozen_pair_ranking__seed-1337__outer-2__inner-3/classifier_checkpoint.pt,597191,79c86fcbe0281f8e3de64294f2ddc80cb51b0e258b1872431ca0c6aa2fae9c13,DECLARED_HASH_MATCH
fits/inner/inner__recipe-stage1_frozen_pair_ranking__seed-1337__outer-2__inner-3/fit_receipt.json,2284,82190e9ece44c4c4617328bb6295502428ac65e9f0b1ec508ebe961601e137b4,BINDING_RECOMPUTED
fits/inner/inner__recipe-stage1_frozen_pair_ranking__seed-1337__outer-2__inner-3/history.json,4381,c691dae21f067e6d61c797deac9eab287f40a32066331c655adbcc6ba16b8fc0,DECLARED_HASH_MATCH
fits/inner/inner__recipe-stage1_frozen_pair_ranking__seed-1337__outer-2__inner-3/metrics.json,299,dd3102663a6ff5009024275cfdf909b0d6938ab76690808a5dd72e1b23ae6b01,DECLARED_HASH_MATCH
fits/inner/inner__recipe-stage1_frozen_pair_ranking__seed-1337__outer-3__inner-0/classifier_checkpoint.pt,597191,fb876e4d7adc78eb516c61c9b180d76b7d234cf0c63ab2b7dbbb9edaeeb6d37d,DECLARED_HASH_MATCH
fits/inner/inner__recipe-stage1_frozen_pair_ranking__seed-1337__outer-3__inner-0/fit_receipt.json,2287,21d9da0e74b981871471e41827c7653dbc6e065a83e30b8e5eaf799a229fe63f,BINDING_RECOMPUTED
fits/inner/inner__recipe-stage1_frozen_pair_ranking__seed-1337__outer-3__inner-0/history.json,8280,309a890b85f6af8dd6a2f09d638d7b1cced7a97663df771f247e97a101d2fb69,DECLARED_HASH_MATCH
fits/inner/inner__recipe-stage1_frozen_pair_ranking__seed-1337__outer-3__inner-0/metrics.json,299,08c33c84c1b13167e07f27b9673829a35dc290d2c739e57b96eb36f34fef772f,DECLARED_HASH_MATCH
fits/inner/inner__recipe-stage1_frozen_pair_ranking__seed-1337__outer-3__inner-1/classifier_checkpoint.pt,597191,514e414b1beb2dc1dc2497ee4317604f163e80568eea7fb7386269f6157e79d1,DECLARED_HASH_MATCH
fits/inner/inner__recipe-stage1_frozen_pair_ranking__seed-1337__outer-3__inner-1/fit_receipt.json,2285,dfd06962e18d893e41c78a3431a35dad52b829e08ca28936db4023c317a3e8db,BINDING_RECOMPUTED
fits/inner/inner__recipe-stage1_frozen_pair_ranking__seed-1337__outer-3__inner-1/history.json,8284,a081974b695fde04f3b8baf9afb34954995777dd60b29cfa46883032d490ce69,DECLARED_HASH_MATCH
fits/inner/inner__recipe-stage1_frozen_pair_ranking__seed-1337__outer-3__inner-1/metrics.json,300,bd83af6b2b66e9d4b2d33e4d47e261b2eae8a352ff26434b5a1bd52d6096f354,DECLARED_HASH_MATCH
fits/inner/inner__recipe-stage1_frozen_pair_ranking__seed-1337__outer-3__inner-2/classifier_checkpoint.pt,597191,bbe7eeb31cdc8097b452c4926e2aa49911cbdb6f605a7e24bcf3c80d4cd6fd1f,DECLARED_HASH_MATCH
fits/inner/inner__recipe-stage1_frozen_pair_ranking__seed-1337__outer-3__inner-2/fit_receipt.json,2286,d920c2f9400fe4b7fce151858ffee58de73cc784cf6597ac8c60c2ed4c91ae0c,BINDING_RECOMPUTED
fits/inner/inner__recipe-stage1_frozen_pair_ranking__seed-1337__outer-3__inner-2/history.json,6793,8eae9efb60fc16a26ec326ad1758147adc5152db03ee711b8012e2a829334ebb,DECLARED_HASH_MATCH
fits/inner/inner__recipe-stage1_frozen_pair_ranking__seed-1337__outer-3__inner-2/metrics.json,299,42337a5a74ffad5cde8ed711624a4256e1f70f374d7907f774e0e1061dbf0cb7,DECLARED_HASH_MATCH
fits/inner/inner__recipe-stage1_frozen_pair_ranking__seed-1337__outer-3__inner-3/classifier_checkpoint.pt,597191,d5433531ba1f57e191c7a22477216de89e76cd7c8ee46e4e279fa6db4767df12,DECLARED_HASH_MATCH
fits/inner/inner__recipe-stage1_frozen_pair_ranking__seed-1337__outer-3__inner-3/fit_receipt.json,2285,5224abcb34fae77ad511e36d665b09f8eea4c0934cefcf21c4e66433d2b161a0,BINDING_RECOMPUTED
fits/inner/inner__recipe-stage1_frozen_pair_ranking__seed-1337__outer-3__inner-3/history.json,5844,d94fff6daa2bfbfc3b512c18b6588c86f6a0d1b806094f7a8045dc77b00fe307,DECLARED_HASH_MATCH
fits/inner/inner__recipe-stage1_frozen_pair_ranking__seed-1337__outer-3__inner-3/metrics.json,298,310bcb3afe52dfc6c52a19c7b8a9eeac18f2221db9f1d7bd0ef6ed2f270508fb,DECLARED_HASH_MATCH
fits/inner/inner__recipe-stage1_frozen_pair_ranking__seed-1337__outer-4__inner-0/classifier_checkpoint.pt,597191,26bdad3f07a5b99a6e06ad500e10b1c81dbc28e7f6a1208f288982964b28fa5e,DECLARED_HASH_MATCH
fits/inner/inner__recipe-stage1_frozen_pair_ranking__seed-1337__outer-4__inner-0/fit_receipt.json,2285,be94fd616b50e512ae5a9247682eea4acfa97e89d2c27e07f58160880f048d28,BINDING_RECOMPUTED
fits/inner/inner__recipe-stage1_frozen_pair_ranking__seed-1337__outer-4__inner-0/history.json,4371,214a93e9873fc52bbbdab4aaf3dcfb99ac1c347d4903c7dbb3a0e1debf340050,DECLARED_HASH_MATCH
fits/inner/inner__recipe-stage1_frozen_pair_ranking__seed-1337__outer-4__inner-0/metrics.json,298,85e86318af0e2b42c784279fcec14de99886eef8b37f94eb7135ee5db0886f88,DECLARED_HASH_MATCH
fits/inner/inner__recipe-stage1_frozen_pair_ranking__seed-1337__outer-4__inner-1/classifier_checkpoint.pt,597191,c19fa18057500c8baeb690ca605145c41ead4b0d083604c74f1515841d9b8496,DECLARED_HASH_MATCH
fits/inner/inner__recipe-stage1_frozen_pair_ranking__seed-1337__outer-4__inner-1/fit_receipt.json,2286,3bacd30cceed9975a0bcade8f50af8bbf8f398582e9496bcc06320ed299aa12d,BINDING_RECOMPUTED
fits/inner/inner__recipe-stage1_frozen_pair_ranking__seed-1337__outer-4__inner-1/history.json,5348,5f680da07a99dc4c892821c864469268e91b6609472bf5ac83161024f347af26,DECLARED_HASH_MATCH
fits/inner/inner__recipe-stage1_frozen_pair_ranking__seed-1337__outer-4__inner-1/metrics.json,299,8a1d81ed43d19c80f482a42b3d49510539f81d2c870f10dec8acd8dd162ab8cc,DECLARED_HASH_MATCH
fits/inner/inner__recipe-stage1_frozen_pair_ranking__seed-1337__outer-4__inner-2/classifier_checkpoint.pt,597191,329d550047d7f0332cb6a8485f631d5b92b04b802e3cc05f926934072d63b629,DECLARED_HASH_MATCH
fits/inner/inner__recipe-stage1_frozen_pair_ranking__seed-1337__outer-4__inner-2/fit_receipt.json,2286,51f6253167e98fa5a956e4280f961b9ee0149772bc8b8f68eb7696b975f09bb3,BINDING_RECOMPUTED
fits/inner/inner__recipe-stage1_frozen_pair_ranking__seed-1337__outer-4__inner-2/history.json,5832,a98a001516ccdb028c32d6ec2fc7bba6bb47683a8096a4b162888308a817b488,DECLARED_HASH_MATCH
fits/inner/inner__recipe-stage1_frozen_pair_ranking__seed-1337__outer-4__inner-2/metrics.json,298,f2f5785f75b3e081f204d0af0fcdf5778e1cae54df02d355bc35ce1d91732960,DECLARED_HASH_MATCH
fits/inner/inner__recipe-stage1_frozen_pair_ranking__seed-1337__outer-4__inner-3/classifier_checkpoint.pt,597191,819d47b8c717538639571a2383092f802f41af5b870cfc784d172c91d1cc6300,DECLARED_HASH_MATCH
fits/inner/inner__recipe-stage1_frozen_pair_ranking__seed-1337__outer-4__inner-3/fit_receipt.json,2286,d43dbabeca46229c4609b625e50bb63825474e24d5202e0d9abafb12fe4d25bf,BINDING_RECOMPUTED
fits/inner/inner__recipe-stage1_frozen_pair_ranking__seed-1337__outer-4__inner-3/history.json,5354,304e844f383dfbd261491cb362f0d9159c9568e3daffd8d3c3fb55165898a2db,DECLARED_HASH_MATCH
fits/inner/inner__recipe-stage1_frozen_pair_ranking__seed-1337__outer-4__inner-3/metrics.json,297,411def2800fd0983463f789caec0ca5ce53fe2317a9f5dc2744a8ae4993ea94e,DECLARED_HASH_MATCH
fits/inner/inner__recipe-stage1_frozen_pair_ranking__seed-2025__outer-0__inner-0/classifier_checkpoint.pt,597191,d8ee2a6cbdf108dab56758e3a869431e6dd10f14a9810b317784ebba45da2580,DECLARED_HASH_MATCH
fits/inner/inner__recipe-stage1_frozen_pair_ranking__seed-2025__outer-0__inner-0/fit_receipt.json,2286,94ae8a430e2899d97be4dd8c26cb8c2f9622f0faebe6e4c41d0a47ca314a8a12,BINDING_RECOMPUTED
fits/inner/inner__recipe-stage1_frozen_pair_ranking__seed-2025__outer-0__inner-0/history.json,2911,01cd3944e4e2a7f1a8ea19c4d6e523bdc818b6be9fb819f29ca79aa0e696c21d,DECLARED_HASH_MATCH
fits/inner/inner__recipe-stage1_frozen_pair_ranking__seed-2025__outer-0__inner-0/metrics.json,299,ddee69b308a9a5dd91103ad2bb7d83ef8778388dd1fff9de868c051c06db5975,DECLARED_HASH_MATCH
fits/inner/inner__recipe-stage1_frozen_pair_ranking__seed-2025__outer-0__inner-1/classifier_checkpoint.pt,597191,d7bef27cd89006144a940f3fd568b5e5a6728e4e5280d495ce800c22591cd644,DECLARED_HASH_MATCH
fits/inner/inner__recipe-stage1_frozen_pair_ranking__seed-2025__outer-0__inner-1/fit_receipt.json,2286,a9f3f71b673d5093c113bea29c57dc8a222ce49dd9adeee5bdf22bc371971716,BINDING_RECOMPUTED
fits/inner/inner__recipe-stage1_frozen_pair_ranking__seed-2025__outer-0__inner-1/history.json,4867,fe63b450600cb37cb963fc9b07eb9b8fc73f656ab28887cf443a8b2bfbd8ee2c,DECLARED_HASH_MATCH
fits/inner/inner__recipe-stage1_frozen_pair_ranking__seed-2025__outer-0__inner-1/metrics.json,299,b0922bb24278baf4912c740acd936ee9b5bc3665b2c207f3ff52200517d32c2c,DECLARED_HASH_MATCH
fits/inner/inner__recipe-stage1_frozen_pair_ranking__seed-2025__outer-0__inner-2/classifier_checkpoint.pt,597191,a88ec16ad125e08dd6ce26979e81f6ee1adab8d88aee676627fdfe821b2d7c24,DECLARED_HASH_MATCH
fits/inner/inner__recipe-stage1_frozen_pair_ranking__seed-2025__outer-0__inner-2/fit_receipt.json,2285,e496c84689021a2d499f1aa5202d3da90998eacb4714779a039a4c183fe733d6,BINDING_RECOMPUTED
fits/inner/inner__recipe-stage1_frozen_pair_ranking__seed-2025__outer-0__inner-2/history.json,3890,14fe1d4ee62fd1ee154c6ac6093a0f434ef37f1b309b8067e37b5c3e029b7142,DECLARED_HASH_MATCH
fits/inner/inner__recipe-stage1_frozen_pair_ranking__seed-2025__outer-0__inner-2/metrics.json,299,c7553256d96b641af5a483abdfa24ca14adf8cad391b017a37352b47cead6b3b,DECLARED_HASH_MATCH
fits/inner/inner__recipe-stage1_frozen_pair_ranking__seed-2025__outer-0__inner-3/classifier_checkpoint.pt,597191,84c8abbf8c603e80f386fc96e7d0374d48a5ec95ae885beca5b2396c0a9bf2eb,DECLARED_HASH_MATCH
fits/inner/inner__recipe-stage1_frozen_pair_ranking__seed-2025__outer-0__inner-3/fit_receipt.json,2286,e86b019d375309e5c040d36f3b6ae380a1ccc2e0b89b52f7516a253357fe6c57,BINDING_RECOMPUTED
fits/inner/inner__recipe-stage1_frozen_pair_ranking__seed-2025__outer-0__inner-3/history.json,5355,05f2989029828c0f154e8261301bf87c9a14c4b78213b52423d3222d29ca983d,DECLARED_HASH_MATCH
fits/inner/inner__recipe-stage1_frozen_pair_ranking__seed-2025__outer-0__inner-3/metrics.json,298,eb1651b465254f9bcda48ad29feff46ebe95bb6a121cc3e9f64387b38d2e6d63,DECLARED_HASH_MATCH
fits/inner/inner__recipe-stage1_frozen_pair_ranking__seed-2025__outer-1__inner-0/classifier_checkpoint.pt,597191,c00c0ac69a1b538b155528b81aae5718b57e88bb77b5f2f2f44fd7e3f6fc2bbc,DECLARED_HASH_MATCH
fits/inner/inner__recipe-stage1_frozen_pair_ranking__seed-2025__outer-1__inner-0/fit_receipt.json,2285,3cd28fba54d5055bd815c52806883358b0c1317e214334a6dc89d88628c49fd2,BINDING_RECOMPUTED
fits/inner/inner__recipe-stage1_frozen_pair_ranking__seed-2025__outer-1__inner-0/history.json,6807,90a70252eff466808330510b6b049ac7cabe1c057790368392ede005442dc4a8,DECLARED_HASH_MATCH
fits/inner/inner__recipe-stage1_frozen_pair_ranking__seed-2025__outer-1__inner-0/metrics.json,295,acdb20f2f6f0c056429fea3118ab5d234a6c9991ac1e5e85ed93bf66277b16a9,DECLARED_HASH_MATCH
fits/inner/inner__recipe-stage1_frozen_pair_ranking__seed-2025__outer-1__inner-1/classifier_checkpoint.pt,597191,ae3e99165af5879c9d2a1bcf9370eb305ac8c9da3e9afd555f013ef5cb9a6a44,DECLARED_HASH_MATCH
fits/inner/inner__recipe-stage1_frozen_pair_ranking__seed-2025__outer-1__inner-1/fit_receipt.json,2285,1b37f5d400a9787174f83d40710b1d51a809517246ba7c62053fc6fa341a6453,BINDING_RECOMPUTED
fits/inner/inner__recipe-stage1_frozen_pair_ranking__seed-2025__outer-1__inner-1/history.json,4373,ff1ce522a063fa7111318c94b492897242af540b57b7b989273d779bd5fc12fa,DECLARED_HASH_MATCH
fits/inner/inner__recipe-stage1_frozen_pair_ranking__seed-2025__outer-1__inner-1/metrics.json,299,f412bcfb377a9d31ebc89d65c3a1471786b61dd8de0f75e791f6f8a12fbd0498,DECLARED_HASH_MATCH
fits/inner/inner__recipe-stage1_frozen_pair_ranking__seed-2025__outer-1__inner-2/classifier_checkpoint.pt,597191,b819d0daae51f39d38435217b768c521ddb72a04045a6d31db0f9f7d187d698b,DECLARED_HASH_MATCH
fits/inner/inner__recipe-stage1_frozen_pair_ranking__seed-2025__outer-1__inner-2/fit_receipt.json,2287,77f65872c71d062a4e5553cf3ac8cfc42c0660aa03331271a23239c27a0db9fc,BINDING_RECOMPUTED
fits/inner/inner__recipe-stage1_frozen_pair_ranking__seed-2025__outer-1__inner-2/history.json,7298,c9b42d088129eb5de48dd668381f00e4d02653b4b9685946ee97e275e5bebbd1,DECLARED_HASH_MATCH
fits/inner/inner__recipe-stage1_frozen_pair_ranking__seed-2025__outer-1__inner-2/metrics.json,301,ec2fbc9c1ef208c6f0f9fb443727207445ef729fb4f4bd700e5c7a62ae124f87,DECLARED_HASH_MATCH
fits/inner/inner__recipe-stage1_frozen_pair_ranking__seed-2025__outer-1__inner-3/classifier_checkpoint.pt,597191,dafd17faf45f38c10bf87ff9cf539966b04d82e9635c049534f7d86ba604a039,DECLARED_HASH_MATCH
fits/inner/inner__recipe-stage1_frozen_pair_ranking__seed-2025__outer-1__inner-3/fit_receipt.json,2285,1236d001957d635f90bcd6975f5639df372353e65d11b9869549e1795d243987,BINDING_RECOMPUTED
fits/inner/inner__recipe-stage1_frozen_pair_ranking__seed-2025__outer-1__inner-3/history.json,3888,c176a7871fd18b0da4ebbc3e90f4201d11f48bc96badec7783cf3d759fadfbe7,DECLARED_HASH_MATCH
fits/inner/inner__recipe-stage1_frozen_pair_ranking__seed-2025__outer-1__inner-3/metrics.json,299,045a7ebe50543219fb7e5316471b5c7fa1a243083a467c8aea010e2bb8055a07,DECLARED_HASH_MATCH
fits/inner/inner__recipe-stage1_frozen_pair_ranking__seed-2025__outer-2__inner-0/classifier_checkpoint.pt,597191,477fec52381315a3f681dd10280d089de7823277dac08535b17f5bc7141b8bc6,DECLARED_HASH_MATCH
fits/inner/inner__recipe-stage1_frozen_pair_ranking__seed-2025__outer-2__inner-0/fit_receipt.json,2286,7bee30c1e99e9088f204bcf91a40c311024b39bc5ce74d22a7617a182d894732,BINDING_RECOMPUTED
fits/inner/inner__recipe-stage1_frozen_pair_ranking__seed-2025__outer-2__inner-0/history.json,9260,adeea94786f9b452623f62846a178939e6fece95e0f61d9a03f9722770d3cb41,DECLARED_HASH_MATCH
fits/inner/inner__recipe-stage1_frozen_pair_ranking__seed-2025__outer-2__inner-0/metrics.json,300,2abcd4ec832d3950b742f6d6b6182716916a7cd7bdc781bc634dfabd0ffd8ddb,DECLARED_HASH_MATCH
fits/inner/inner__recipe-stage1_frozen_pair_ranking__seed-2025__outer-2__inner-1/classifier_checkpoint.pt,597191,274ca3be88b4c3bfe012a368b62d2024125b8dd77465ce2a91b0bf03aec401b4,DECLARED_HASH_MATCH
fits/inner/inner__recipe-stage1_frozen_pair_ranking__seed-2025__outer-2__inner-1/fit_receipt.json,2286,eeae79a0a2dd12812c0396f9da927a467c44b1beb698c7b7c244f71e765bb0c8,BINDING_RECOMPUTED
fits/inner/inner__recipe-stage1_frozen_pair_ranking__seed-2025__outer-2__inner-1/history.json,8782,402aa37226e414fec04313738d66be0a09875ae1804cfded77c81e9bd12876fc,DECLARED_HASH_MATCH
fits/inner/inner__recipe-stage1_frozen_pair_ranking__seed-2025__outer-2__inner-1/metrics.json,297,5b1d55349e97ed0f1a79af76d0c55f9edbef2d42fb2a6693639012df8c616419,DECLARED_HASH_MATCH
fits/inner/inner__recipe-stage1_frozen_pair_ranking__seed-2025__outer-2__inner-2/classifier_checkpoint.pt,597191,777575c426b60ff770aa11d2f61e7fa45bc4f0d08445905467168f5fb95a0199,DECLARED_HASH_MATCH
fits/inner/inner__recipe-stage1_frozen_pair_ranking__seed-2025__outer-2__inner-2/fit_receipt.json,2287,37543c9983d8705ebd528b1d336fe21a2cb759ef525ec380dc3f281dcb9ff726,BINDING_RECOMPUTED
fits/inner/inner__recipe-stage1_frozen_pair_ranking__seed-2025__outer-2__inner-2/history.json,8268,8b85bf243734bec5a194ef2ec0dfabf22a33ed738fe435b7d763eaba2347365a,DECLARED_HASH_MATCH
fits/inner/inner__recipe-stage1_frozen_pair_ranking__seed-2025__outer-2__inner-2/metrics.json,298,b42a4d7d2688a5a7807f236f7cb325597fee1a3ca5e8acf6d59bcd6888b9cd32,DECLARED_HASH_MATCH
fits/inner/inner__recipe-stage1_frozen_pair_ranking__seed-2025__outer-2__inner-3/classifier_checkpoint.pt,597191,c5f1a45c72b6d6ee38db5733cd0169b4b38a2a26988b251d64c6b1503f4c4c60,DECLARED_HASH_MATCH
fits/inner/inner__recipe-stage1_frozen_pair_ranking__seed-2025__outer-2__inner-3/fit_receipt.json,2285,86d44c2219a545ef9613a41344914d83296555947aacdfc430f00b029eb2da33,BINDING_RECOMPUTED
fits/inner/inner__recipe-stage1_frozen_pair_ranking__seed-2025__outer-2__inner-3/history.json,3395,18da5400d016d25e786f2bbc96113535e92e4bb06c62bd34e1183fc664ba2aa5,DECLARED_HASH_MATCH
fits/inner/inner__recipe-stage1_frozen_pair_ranking__seed-2025__outer-2__inner-3/metrics.json,299,5b38ec7d6a5648b8d034c689653543b52c1bd0da3c4f1d65efe17efc0d091a87,DECLARED_HASH_MATCH
fits/inner/inner__recipe-stage1_frozen_pair_ranking__seed-2025__outer-3__inner-0/classifier_checkpoint.pt,597191,bcc05c28e2fbffae1863e92db47128b9583160a16d3e36da5bb0599db437baca,DECLARED_HASH_MATCH
fits/inner/inner__recipe-stage1_frozen_pair_ranking__seed-2025__outer-3__inner-0/fit_receipt.json,2286,47356f9ef8c0a1220cf3976cd5d28091340091d6f58c149994fde6f538516f72,BINDING_RECOMPUTED
fits/inner/inner__recipe-stage1_frozen_pair_ranking__seed-2025__outer-3__inner-0/history.json,5843,32833c2780d6f0d48944ae1c8c66b52d7d9e3d6aec6377d33e346089d0d92807,DECLARED_HASH_MATCH
fits/inner/inner__recipe-stage1_frozen_pair_ranking__seed-2025__outer-3__inner-0/metrics.json,299,e5f56ab3e1d3463fd8533f7b26cf9602f90fc0006b313229045ad863a4527e73,DECLARED_HASH_MATCH
fits/inner/inner__recipe-stage1_frozen_pair_ranking__seed-2025__outer-3__inner-1/classifier_checkpoint.pt,597191,e724ec65e476a33734a952ac9228e1454b622141bbad4876a1aa43f6f04b9240,DECLARED_HASH_MATCH
fits/inner/inner__recipe-stage1_frozen_pair_ranking__seed-2025__outer-3__inner-1/fit_receipt.json,2285,4b1d0f147fc097803b47d8b592f5bc48013da82ce4b4c554fde14e0dd3911f69,BINDING_RECOMPUTED
fits/inner/inner__recipe-stage1_frozen_pair_ranking__seed-2025__outer-3__inner-1/history.json,4369,0334f0942fb3ce44698e8e9346a78704258f1890dd701ce7616c80e5802536ef,DECLARED_HASH_MATCH
fits/inner/inner__recipe-stage1_frozen_pair_ranking__seed-2025__outer-3__inner-1/metrics.json,299,af0f7e0788c9be19e8f93e02e4137563fd5e38b3f36e8c947b93b733431a5f74,DECLARED_HASH_MATCH
fits/inner/inner__recipe-stage1_frozen_pair_ranking__seed-2025__outer-3__inner-2/classifier_checkpoint.pt,597191,08da8693f0c417292bbe18803bf13613349e2a103f7a80b13f3d4a0f64efc7bb,DECLARED_HASH_MATCH
fits/inner/inner__recipe-stage1_frozen_pair_ranking__seed-2025__outer-3__inner-2/fit_receipt.json,2286,23dac25de548331346fcbba49453ed41bfab1d985c428e001f22dd3c4ed2b295,BINDING_RECOMPUTED
fits/inner/inner__recipe-stage1_frozen_pair_ranking__seed-2025__outer-3__inner-2/history.json,7307,3a11a248529c63bd91c26907dd3b471e9b4eed1d40236dc6252c7b8c2e021706,DECLARED_HASH_MATCH
fits/inner/inner__recipe-stage1_frozen_pair_ranking__seed-2025__outer-3__inner-2/metrics.json,299,14810162670576647956fa49ae7f96b37b958ca6c40ba7c7cdc8513e445a55ab,DECLARED_HASH_MATCH
fits/inner/inner__recipe-stage1_frozen_pair_ranking__seed-2025__outer-3__inner-3/classifier_checkpoint.pt,597191,c93fd8476219edbb1fbe8ae20501b1c0ee4c0e058c316e9b7a8e9370a62fbe34,DECLARED_HASH_MATCH
fits/inner/inner__recipe-stage1_frozen_pair_ranking__seed-2025__outer-3__inner-3/fit_receipt.json,2284,c05cbb05984a9c760abf9a92a13b874ce949393dfb4b264630182ff0caa45a92,BINDING_RECOMPUTED
fits/inner/inner__recipe-stage1_frozen_pair_ranking__seed-2025__outer-3__inner-3/history.json,3398,240747335863e8e702dbe96b94d8d34fa6614a8953a4debc521cdd93d34753fd,DECLARED_HASH_MATCH
fits/inner/inner__recipe-stage1_frozen_pair_ranking__seed-2025__outer-3__inner-3/metrics.json,298,34fd17c94c1565d6b9e5bbb8271507a0d48a0e905d3f72ea820b0feb41247738,DECLARED_HASH_MATCH
fits/inner/inner__recipe-stage1_frozen_pair_ranking__seed-2025__outer-4__inner-0/classifier_checkpoint.pt,597191,274c2b899f28f6e728678614ec11e3baa1898264e3161cb623b86347860d10eb,DECLARED_HASH_MATCH
fits/inner/inner__recipe-stage1_frozen_pair_ranking__seed-2025__outer-4__inner-0/fit_receipt.json,2285,ac6841d79c910e1e03fb84d4aeff61bea494ec7597104bf27cf0e5ae883d7ef3,BINDING_RECOMPUTED
fits/inner/inner__recipe-stage1_frozen_pair_ranking__seed-2025__outer-4__inner-0/history.json,6808,c83422171c15005ddb653f8942fef60cc4f2c8184850f46dae70dd4326609a1e,DECLARED_HASH_MATCH
fits/inner/inner__recipe-stage1_frozen_pair_ranking__seed-2025__outer-4__inner-0/metrics.json,300,4f709dcc52033733cd3b3cb4ad60e0d53c7ce320a3e2a6550ccd128f33d34ec5,DECLARED_HASH_MATCH
fits/inner/inner__recipe-stage1_frozen_pair_ranking__seed-2025__outer-4__inner-1/classifier_checkpoint.pt,597191,90accf72d888c59c00751e60b4ae75e7f6b87fe074753e76a5a40c2be90c7522,DECLARED_HASH_MATCH
fits/inner/inner__recipe-stage1_frozen_pair_ranking__seed-2025__outer-4__inner-1/fit_receipt.json,2284,894dca3f4fb0d0a316bc4b4e9149b96472581e9d38eea7ee01272a16c3d02c0c,BINDING_RECOMPUTED
fits/inner/inner__recipe-stage1_frozen_pair_ranking__seed-2025__outer-4__inner-1/history.json,4364,2d6620933b2d2f72c30b4051ef3aa78af6b749da6d9d2ec45088b4be9ef19f3c,DECLARED_HASH_MATCH
fits/inner/inner__recipe-stage1_frozen_pair_ranking__seed-2025__outer-4__inner-1/metrics.json,295,6fe36009b3bf68f225ee4d1b6c0b6f13fc838843d982eb0845f8f4b6bc66ea64,DECLARED_HASH_MATCH
fits/inner/inner__recipe-stage1_frozen_pair_ranking__seed-2025__outer-4__inner-2/classifier_checkpoint.pt,597191,7b6ee3a9cee9a199f1321b597c5b5a25de5b345e8698fa6cd1d54a80fd546028,DECLARED_HASH_MATCH
fits/inner/inner__recipe-stage1_frozen_pair_ranking__seed-2025__outer-4__inner-2/fit_receipt.json,2286,7c3d38f0d7dae3f5824a5a798586916746fffcaa458cdaf798eed23f6d590ebb,BINDING_RECOMPUTED
fits/inner/inner__recipe-stage1_frozen_pair_ranking__seed-2025__outer-4__inner-2/history.json,4849,bb96eead8338c594fd837be1c5bc12ae8ad69ee072cc965b982632a3eaa9a12b,DECLARED_HASH_MATCH
fits/inner/inner__recipe-stage1_frozen_pair_ranking__seed-2025__outer-4__inner-2/metrics.json,299,507e577841515fb0b0b34ef04b6c772a5faf2cd325a23451999619e981c1ab75,DECLARED_HASH_MATCH
fits/inner/inner__recipe-stage1_frozen_pair_ranking__seed-2025__outer-4__inner-3/classifier_checkpoint.pt,597191,5b05bf13cb37c226f0a8cfa2141167cb6fe99b82409fbc5f69a9c75cc342ab42,DECLARED_HASH_MATCH
fits/inner/inner__recipe-stage1_frozen_pair_ranking__seed-2025__outer-4__inner-3/fit_receipt.json,2287,3a991293494437cc149011985f0adc191621ba0b50a2a1c9b2bdc2959213e375,BINDING_RECOMPUTED
fits/inner/inner__recipe-stage1_frozen_pair_ranking__seed-2025__outer-4__inner-3/history.json,8289,6d489cf8bb7e759696328e202a6c7eb1810a33212f717b6a7993732189e0a27f,DECLARED_HASH_MATCH
fits/inner/inner__recipe-stage1_frozen_pair_ranking__seed-2025__outer-4__inner-3/metrics.json,300,d8f03e3fc5a4aedfe2a244de4527c55edb79731af4d7adc312a9947ad169d4b6,DECLARED_HASH_MATCH
fits/inner/inner__recipe-stage1_frozen_pair_ranking__seed-42__outer-0__inner-0/classifier_checkpoint.pt,597191,c68eb974d6a83ae27c25587b12e97f1873f351d4093c6d73322c59eb681847ec,DECLARED_HASH_MATCH
fits/inner/inner__recipe-stage1_frozen_pair_ranking__seed-42__outer-0__inner-0/fit_receipt.json,2280,8aa33adfe4888f4c8759d1edfe493fab6c72bf38f3d9d86c622cc6894091da85,BINDING_RECOMPUTED
fits/inner/inner__recipe-stage1_frozen_pair_ranking__seed-42__outer-0__inner-0/history.json,2909,ec889a674d338ce788f706b44d50f6c7b773df32a78b54d9fb562b2f6e6f53bf,DECLARED_HASH_MATCH
fits/inner/inner__recipe-stage1_frozen_pair_ranking__seed-42__outer-0__inner-0/metrics.json,297,5d7e4f2b1080175fa0f99f5195b90116fea7d7964a3343ceb28da78db283e9cf,DECLARED_HASH_MATCH
fits/inner/inner__recipe-stage1_frozen_pair_ranking__seed-42__outer-0__inner-1/classifier_checkpoint.pt,597191,e55030e6e8799cba486adcff003a6ec904431196ef74e2bf0c65896aafba6211,DECLARED_HASH_MATCH
fits/inner/inner__recipe-stage1_frozen_pair_ranking__seed-42__outer-0__inner-1/fit_receipt.json,2281,6236e1204dab1350878b0953201472439793994f6f065fb35b6935905a35fe60,BINDING_RECOMPUTED
fits/inner/inner__recipe-stage1_frozen_pair_ranking__seed-42__outer-0__inner-1/history.json,3889,88e2ae109ebeebc0354bb125563c3d4a0650465450bacc89ddf9022184e16b40,DECLARED_HASH_MATCH
fits/inner/inner__recipe-stage1_frozen_pair_ranking__seed-42__outer-0__inner-1/metrics.json,300,464471c19b83e6863051c8ca8a6e5f77ee2c07d520386e7b5ef41b98e9c779aa,DECLARED_HASH_MATCH
fits/inner/inner__recipe-stage1_frozen_pair_ranking__seed-42__outer-0__inner-2/classifier_checkpoint.pt,597191,b7e4fc13053ab91ee77b3c3024cdebc01af470474119ac957cd927b525368327,DECLARED_HASH_MATCH
fits/inner/inner__recipe-stage1_frozen_pair_ranking__seed-42__outer-0__inner-2/fit_receipt.json,2281,ec9e7a27411fec2e2532d8c9e76e426dc4a1a1cdaf9237cf30cfecd8cca2f6df,BINDING_RECOMPUTED
fits/inner/inner__recipe-stage1_frozen_pair_ranking__seed-42__outer-0__inner-2/history.json,3398,aec328c27e8bde185b02718ffdeb4ebc919fee211df245eec6fed2b3bad32971,DECLARED_HASH_MATCH
fits/inner/inner__recipe-stage1_frozen_pair_ranking__seed-42__outer-0__inner-2/metrics.json,299,fab7dc1a25e45abb0e45f8e1a76145c145624eb1e95436c92ed794fd571a723e,DECLARED_HASH_MATCH
fits/inner/inner__recipe-stage1_frozen_pair_ranking__seed-42__outer-0__inner-3/classifier_checkpoint.pt,597191,24775a6d747404a545391a6a41d72b652ad87c21496c7a7eab368bbcab9281f2,DECLARED_HASH_MATCH
fits/inner/inner__recipe-stage1_frozen_pair_ranking__seed-42__outer-0__inner-3/fit_receipt.json,2282,8ec937924ac0e2d054bbfe2124b9e9364f88f06d1b847d92b3fbffc57ff11fc7,BINDING_RECOMPUTED
fits/inner/inner__recipe-stage1_frozen_pair_ranking__seed-42__outer-0__inner-3/history.json,7315,c69a5ee164f1cac67a5cc3e604ae9579d945fb272899516ea86f9d474c0869e4,DECLARED_HASH_MATCH
fits/inner/inner__recipe-stage1_frozen_pair_ranking__seed-42__outer-0__inner-3/metrics.json,299,7b8e0db218c25c95c40e775b5c3a4c2ba0e34f1ba2e68a2ef360c3e2815d4f1a,DECLARED_HASH_MATCH
fits/inner/inner__recipe-stage1_frozen_pair_ranking__seed-42__outer-1__inner-0/classifier_checkpoint.pt,597191,66519c3e4488f3eaaeab659b08b01bc5da4329cf9042bd5b69642b70d87d98c5,DECLARED_HASH_MATCH
fits/inner/inner__recipe-stage1_frozen_pair_ranking__seed-42__outer-1__inner-0/fit_receipt.json,2280,d9a22d8874b0116babd72869ae661c0d954dc56d062e40b6ec145e4b8ed3d931,BINDING_RECOMPUTED
fits/inner/inner__recipe-stage1_frozen_pair_ranking__seed-42__outer-1__inner-0/history.json,3884,daa4104406d1e43fa2e52ef3e4325c5a72e0193f1e38a2cd211b402e2497657f,DECLARED_HASH_MATCH
fits/inner/inner__recipe-stage1_frozen_pair_ranking__seed-42__outer-1__inner-0/metrics.json,296,f27b2e054abe184b76cf8442330563d5fc18fc11e8c7aaafcd127dff5a3742a6,DECLARED_HASH_MATCH
fits/inner/inner__recipe-stage1_frozen_pair_ranking__seed-42__outer-1__inner-1/classifier_checkpoint.pt,597191,1bfe3806f8c2cd7a4fb5a9daab49e4f8a296a311ff6c6c1a63a50216c542e861,DECLARED_HASH_MATCH
fits/inner/inner__recipe-stage1_frozen_pair_ranking__seed-42__outer-1__inner-1/fit_receipt.json,2281,33a0b03eb13f673b5fe944bd71e83d02db8b6206f8702d35bc2ceb253d8bce7e,BINDING_RECOMPUTED
fits/inner/inner__recipe-stage1_frozen_pair_ranking__seed-42__outer-1__inner-1/history.json,4366,fc1c0237dc044e5118fd375432c808424c4c3c63a8b5be1c308dc08935759901,DECLARED_HASH_MATCH
fits/inner/inner__recipe-stage1_frozen_pair_ranking__seed-42__outer-1__inner-1/metrics.json,299,a517fee18bd6ea266383f7809e3e9eaf77ba5e92f645e6c7fc4a249b633c2590,DECLARED_HASH_MATCH
fits/inner/inner__recipe-stage1_frozen_pair_ranking__seed-42__outer-1__inner-2/classifier_checkpoint.pt,597191,c0f228310dcdd53b3dd77ea29e3725ecea91b48e18a99dbbd8f90e697fbb853f,DECLARED_HASH_MATCH
fits/inner/inner__recipe-stage1_frozen_pair_ranking__seed-42__outer-1__inner-2/fit_receipt.json,2281,43773829fb1225a8023bd5c92768518014cfd4c6f1574cea03b29b31910f612f,BINDING_RECOMPUTED
fits/inner/inner__recipe-stage1_frozen_pair_ranking__seed-42__outer-1__inner-2/history.json,4371,d6709e61af71a2fb0bf7a1d1167eebcc3daa8854f7ea4c5afe4359a8ee6171c9,DECLARED_HASH_MATCH
fits/inner/inner__recipe-stage1_frozen_pair_ranking__seed-42__outer-1__inner-2/metrics.json,299,c470bcd2f3a583d6b65d859fde597bc2dc541b2f79eb9e71b52ad93d60aa197a,DECLARED_HASH_MATCH
fits/inner/inner__recipe-stage1_frozen_pair_ranking__seed-42__outer-1__inner-3/classifier_checkpoint.pt,597191,8841f3c9e4c16dfb6f856e147e8ad8dc06311eaf7981e52c1665388bd2e688a2,DECLARED_HASH_MATCH
fits/inner/inner__recipe-stage1_frozen_pair_ranking__seed-42__outer-1__inner-3/fit_receipt.json,2281,2c2fce2461fff8fc4c9a309795a5b2b57f5de41dd3b75efb8f9c69f34918a823,BINDING_RECOMPUTED
fits/inner/inner__recipe-stage1_frozen_pair_ranking__seed-42__outer-1__inner-3/history.json,3887,10b65553fa2a27703890209459a6bee846277dfa82cbd7b62b8e8ee17f05acfe,DECLARED_HASH_MATCH
fits/inner/inner__recipe-stage1_frozen_pair_ranking__seed-42__outer-1__inner-3/metrics.json,300,0bd9887c3933afa3d67463d279aa35712f120ef578ab2c25a45baad611ae18f3,DECLARED_HASH_MATCH
fits/inner/inner__recipe-stage1_frozen_pair_ranking__seed-42__outer-2__inner-0/classifier_checkpoint.pt,597191,fb0de11c19c1977a5df5b0e8417daeda2194e88071488be670370632d1e35667,DECLARED_HASH_MATCH
fits/inner/inner__recipe-stage1_frozen_pair_ranking__seed-42__outer-2__inner-0/fit_receipt.json,2283,703e6069bf59a92276b7844101ea19db35c4cd5a5eb526b232acae342e5fd9ec,BINDING_RECOMPUTED
fits/inner/inner__recipe-stage1_frozen_pair_ranking__seed-42__outer-2__inner-0/history.json,7793,2d7ebea7756ea8d355c90f7331ad13654a2d513390050efff26f8738b85a9b5e,DECLARED_HASH_MATCH
fits/inner/inner__recipe-stage1_frozen_pair_ranking__seed-42__outer-2__inner-0/metrics.json,300,19b80f9ec2645a2c1e80a0828c038111ba0f41df6875819a0e8f91b02a37eae6,DECLARED_HASH_MATCH
fits/inner/inner__recipe-stage1_frozen_pair_ranking__seed-42__outer-2__inner-1/classifier_checkpoint.pt,597191,96d6f2c973685a76b6292a25ca27680a9c68a69bf3a4be2e938a2caca5ed3dfe,DECLARED_HASH_MATCH
fits/inner/inner__recipe-stage1_frozen_pair_ranking__seed-42__outer-2__inner-1/fit_receipt.json,2281,3710d979ab3ebcfc2129c8eee1293ff7b941a92570111873bf78bfd70ded06d7,BINDING_RECOMPUTED
fits/inner/inner__recipe-stage1_frozen_pair_ranking__seed-42__outer-2__inner-1/history.json,4380,583ccb07d3d35e5dee90546dce8f14e38befb326efb85d031ff0641f5691d2c4,DECLARED_HASH_MATCH
fits/inner/inner__recipe-stage1_frozen_pair_ranking__seed-42__outer-2__inner-1/metrics.json,299,727d6d352c2a38d82f775c58b68b368b7769066445a24585a8f8c3f559fd7174,DECLARED_HASH_MATCH
fits/inner/inner__recipe-stage1_frozen_pair_ranking__seed-42__outer-2__inner-2/classifier_checkpoint.pt,597191,91a2da2b08d55c53e9fff5fdaba018cdf74f22398385d3aa19ac97faa66d84dd,DECLARED_HASH_MATCH
fits/inner/inner__recipe-stage1_frozen_pair_ranking__seed-42__outer-2__inner-2/fit_receipt.json,2281,970ed180c04bbbfdf084dd9d309084cda6d1e893de1b5e7816b6783bac0f9054,BINDING_RECOMPUTED
fits/inner/inner__recipe-stage1_frozen_pair_ranking__seed-42__outer-2__inner-2/history.json,2909,e4afba7cb087a019da89a143d82b4c3db1b818932a6007b6705836224c8f8344,DECLARED_HASH_MATCH
fits/inner/inner__recipe-stage1_frozen_pair_ranking__seed-42__outer-2__inner-2/metrics.json,298,26c6bb157cbd90044d4013ecf3a2683f3810a8d0e425a880e7a8ae3ce05c3bd9,DECLARED_HASH_MATCH
fits/inner/inner__recipe-stage1_frozen_pair_ranking__seed-42__outer-2__inner-3/classifier_checkpoint.pt,597191,cdb1b66153240d2016ee3c5e6114a7f0b6f00400a5415bf69a2b40c2e5325693,DECLARED_HASH_MATCH
fits/inner/inner__recipe-stage1_frozen_pair_ranking__seed-42__outer-2__inner-3/fit_receipt.json,2281,41b2fdc9fb8d42aee65d02cdb121b2e8fc6deaa7376b0011d9c4a7fd204a1e80,BINDING_RECOMPUTED
fits/inner/inner__recipe-stage1_frozen_pair_ranking__seed-42__outer-2__inner-3/history.json,3884,b12ea498175c2805556c676c9bec010b8c9c9286d3ffc94f4114306ddf90f523,DECLARED_HASH_MATCH
fits/inner/inner__recipe-stage1_frozen_pair_ranking__seed-42__outer-2__inner-3/metrics.json,299,885c48443a1ef0eec0655b25124355240051e80c398943aa22d16edadf8d5228,DECLARED_HASH_MATCH
fits/inner/inner__recipe-stage1_frozen_pair_ranking__seed-42__outer-3__inner-0/classifier_checkpoint.pt,597191,7b8f74cf90650c4e76ddb618dc1661a040cd298b159d0f0d5b53fd56dbd7f7c1,DECLARED_HASH_MATCH
fits/inner/inner__recipe-stage1_frozen_pair_ranking__seed-42__outer-3__inner-0/fit_receipt.json,2281,dfec318ae5f53dd8335e9f70c8595c6237dd6f0d65cfb804658ad3fd5bfe2ab4,BINDING_RECOMPUTED
fits/inner/inner__recipe-stage1_frozen_pair_ranking__seed-42__outer-3__inner-0/history.json,3402,94c9070c77e8691d5302236036ec6e0cb0f463897ad35bdd22830920a284e02a,DECLARED_HASH_MATCH
fits/inner/inner__recipe-stage1_frozen_pair_ranking__seed-42__outer-3__inner-0/metrics.json,299,394303225e7b0c334134fcdc2944ce65395a22525d5eefbb12df73766f9c3ba3,DECLARED_HASH_MATCH
fits/inner/inner__recipe-stage1_frozen_pair_ranking__seed-42__outer-3__inner-1/classifier_checkpoint.pt,597191,b71c70da93aeaf5b498e9b51a67919ccd46d26029708bb9d68263373f8b66cfd,DECLARED_HASH_MATCH
fits/inner/inner__recipe-stage1_frozen_pair_ranking__seed-42__outer-3__inner-1/fit_receipt.json,2282,f3feae6f1983f76ebac6961fe24d9642760b7811cfa5ba153ecc0e6f3a94cb13,BINDING_RECOMPUTED
fits/inner/inner__recipe-stage1_frozen_pair_ranking__seed-42__outer-3__inner-1/history.json,5839,2467613e9f6ba963f0dc98b9b35b7dfaba9048f3bf5954a9230dea5afeb80ea3,DECLARED_HASH_MATCH
fits/inner/inner__recipe-stage1_frozen_pair_ranking__seed-42__outer-3__inner-1/metrics.json,298,6bdfc69668d5f8d6658f138fec95e9bd5a3a4017f084adf27186edca3b305034,DECLARED_HASH_MATCH
fits/inner/inner__recipe-stage1_frozen_pair_ranking__seed-42__outer-3__inner-2/classifier_checkpoint.pt,597191,c7d34634f8bff2696b8abd7e55f8fef352124a2e57c3b5dff9e6ca6d48a6d5d1,DECLARED_HASH_MATCH
fits/inner/inner__recipe-stage1_frozen_pair_ranking__seed-42__outer-3__inner-2/fit_receipt.json,2282,b365e2a965501b49f1f5f2911f4a593b27af5820dfa53aa145908806855406bc,BINDING_RECOMPUTED
fits/inner/inner__recipe-stage1_frozen_pair_ranking__seed-42__outer-3__inner-2/history.json,8779,645d915a8e32e824187bd53c6d6fcb304871e6fa6a02b9e5fff97bca338b4e93,DECLARED_HASH_MATCH
fits/inner/inner__recipe-stage1_frozen_pair_ranking__seed-42__outer-3__inner-2/metrics.json,300,500301e553b912d63165755a6eac22adb77805960e0ff793806f587c71c98b6c,DECLARED_HASH_MATCH
fits/inner/inner__recipe-stage1_frozen_pair_ranking__seed-42__outer-3__inner-3/classifier_checkpoint.pt,597191,f545072372363664e2e01d6023945d8474c9d5840d2f87b6b01fcb00d36fb0b4,DECLARED_HASH_MATCH
fits/inner/inner__recipe-stage1_frozen_pair_ranking__seed-42__outer-3__inner-3/fit_receipt.json,2282,8c79649f4c186fca7a27d60c62677abc4c52594a7ec30625dda4a8e196548ef3,BINDING_RECOMPUTED
fits/inner/inner__recipe-stage1_frozen_pair_ranking__seed-42__outer-3__inner-3/history.json,6342,6571bef0cf058eabe4fd04d95c61fe062eb6c85ebfc27882b0b91f640361e83a,DECLARED_HASH_MATCH
fits/inner/inner__recipe-stage1_frozen_pair_ranking__seed-42__outer-3__inner-3/metrics.json,299,dc04621fadfc7a7cb20cc36086a2d338d257dd245c64462b99fdd1d1915873e4,DECLARED_HASH_MATCH
fits/inner/inner__recipe-stage1_frozen_pair_ranking__seed-42__outer-4__inner-0/classifier_checkpoint.pt,597191,9877f57ebdea08805c1b45847d199a70a1101c0d4b668c5a7310fa12f2de603f,DECLARED_HASH_MATCH
fits/inner/inner__recipe-stage1_frozen_pair_ranking__seed-42__outer-4__inner-0/fit_receipt.json,2281,450db4c85194ce54fc8da650f7e8b23c223f03f274cf3a52f2b7b709bce90ead,BINDING_RECOMPUTED
fits/inner/inner__recipe-stage1_frozen_pair_ranking__seed-42__outer-4__inner-0/history.json,3874,e469062e5a78c15665124ad34dac9703259e67d810db08da3c1570f86eda42ec,DECLARED_HASH_MATCH
fits/inner/inner__recipe-stage1_frozen_pair_ranking__seed-42__outer-4__inner-0/metrics.json,299,4a0ea4d20d65a16a4c76e4766d21c4447663166274a17d1622b8e006464dfb24,DECLARED_HASH_MATCH
fits/inner/inner__recipe-stage1_frozen_pair_ranking__seed-42__outer-4__inner-1/classifier_checkpoint.pt,597191,56a9089ddfc5f0cfef59dce176fe715befa62905ebcfb82e39ce9d642a7e3be6,DECLARED_HASH_MATCH
fits/inner/inner__recipe-stage1_frozen_pair_ranking__seed-42__outer-4__inner-1/fit_receipt.json,2281,8b8cd798bd9152d75279e39ec54f349d3f94429620a998cf8f2ad1e3d490e1b8,BINDING_RECOMPUTED
fits/inner/inner__recipe-stage1_frozen_pair_ranking__seed-42__outer-4__inner-1/history.json,5838,d79d5c2902a6804df50159a5152013372cb08c2a1b8e976c7b4c9f8df779ae22,DECLARED_HASH_MATCH
fits/inner/inner__recipe-stage1_frozen_pair_ranking__seed-42__outer-4__inner-1/metrics.json,296,5bffccf37711d5c85bb32d2ccc43bd1a307eabbb9c00624ffab36b2552d701f0,DECLARED_HASH_MATCH
fits/inner/inner__recipe-stage1_frozen_pair_ranking__seed-42__outer-4__inner-2/classifier_checkpoint.pt,597191,67a72995774e2c057af8c40275f5f68e05cfbe38686e09f945bf1b81bd6a2c1c,DECLARED_HASH_MATCH
fits/inner/inner__recipe-stage1_frozen_pair_ranking__seed-42__outer-4__inner-2/fit_receipt.json,2280,1df2d12fc58cd66214f8dd3658b276f8ece52db37622503730a109cd4338b3de,BINDING_RECOMPUTED
fits/inner/inner__recipe-stage1_frozen_pair_ranking__seed-42__outer-4__inner-2/history.json,4375,043e90a0fe4825919812c2097c9c594be00549795b421224c0851d2adde6924b,DECLARED_HASH_MATCH
fits/inner/inner__recipe-stage1_frozen_pair_ranking__seed-42__outer-4__inner-2/metrics.json,297,608c3484f1b4a9a9147db58d907d0694df12be0859bc2be7f539699c519bdf19,DECLARED_HASH_MATCH
fits/inner/inner__recipe-stage1_frozen_pair_ranking__seed-42__outer-4__inner-3/classifier_checkpoint.pt,597191,682bc286c542cfd3f40a6e4912beb4af81315b3f1b99e763a3d4dcbf91460b52,DECLARED_HASH_MATCH
fits/inner/inner__recipe-stage1_frozen_pair_ranking__seed-42__outer-4__inner-3/fit_receipt.json,2282,4a75b89545e0dd3eb060e1eaf822c17579133c4d5ed8d8475f1c77a69b609b32,BINDING_RECOMPUTED
fits/inner/inner__recipe-stage1_frozen_pair_ranking__seed-42__outer-4__inner-3/history.json,4849,de7ef36766a760925c8ffcb41cae64ed29005a9f6a9c64deee71ea68d8456269,DECLARED_HASH_MATCH
fits/inner/inner__recipe-stage1_frozen_pair_ranking__seed-42__outer-4__inner-3/metrics.json,299,1bbdf91de998fbcc3e1f9f9790ae4e175526a5513e4ef4c8ee8416cf99fbdd82,DECLARED_HASH_MATCH
fits/outer/outer__recipe-stage1_frozen__seed-1337__outer-0/classifier_checkpoint.pt,596999,eb2a4f548a091bed8984e1df90042e6e3fdad6c8c109386de12561e3e805be66,DECLARED_HASH_MATCH
fits/outer/outer__recipe-stage1_frozen__seed-1337__outer-0/fit_receipt.json,2688,6f9375934fbc5fa4b5767737915fb585d57a9cfa1f8e0f8504f079ceb954d023,BINDING_RECOMPUTED
fits/outer/outer__recipe-stage1_frozen__seed-1337__outer-0/history.json,1701,0f9cb053d741aa42cba4a280ee0ff5954e237da2cbc7646e5b7a5a8240fde7c6,DECLARED_HASH_MATCH
fits/outer/outer__recipe-stage1_frozen__seed-1337__outer-0/metrics.json,178,6e50dfcd456900bf3879c373e7be2980df66bc4a25c76e86f2ee4d5be8046dbf,DECLARED_HASH_MATCH
fits/outer/outer__recipe-stage1_frozen__seed-1337__outer-0/predictions.json,21539,8d5584e9acac93554456ff3bb322b958b0d3061bd76419a6edb750ac2cb0cf06,DECLARED_HASH_MATCH
fits/outer/outer__recipe-stage1_frozen__seed-1337__outer-1/classifier_checkpoint.pt,596999,5aadcf38742e26313d9e90862469d10f40eb47f426e7e68d9c9761bfa8f07d58,DECLARED_HASH_MATCH
fits/outer/outer__recipe-stage1_frozen__seed-1337__outer-1/fit_receipt.json,2687,0d54b1c8af72f5404ec8c0abda53ac898278133b7add4b73870f03640f6b1df6,BINDING_RECOMPUTED
fits/outer/outer__recipe-stage1_frozen__seed-1337__outer-1/history.json,1451,0bf1f2a61d87cf267b68087f1c069ef923c050bdc9c9e66852e9efb9443fd63f,DECLARED_HASH_MATCH
fits/outer/outer__recipe-stage1_frozen__seed-1337__outer-1/metrics.json,177,90378e75422001e33a0c049a6cb7cd84ffa9c846905b640e2c2052c7bd11af30,DECLARED_HASH_MATCH
fits/outer/outer__recipe-stage1_frozen__seed-1337__outer-1/predictions.json,21235,421aba34ae6726b2c65b41496232d0c11e8aaed2974a6fa51e438db0238bd936,DECLARED_HASH_MATCH
fits/outer/outer__recipe-stage1_frozen__seed-1337__outer-2/classifier_checkpoint.pt,596999,83fd213761adaf7f2f2543588151ff06fd5fa577a7536a459aa30028659c3a8a,DECLARED_HASH_MATCH
fits/outer/outer__recipe-stage1_frozen__seed-1337__outer-2/fit_receipt.json,2689,be91e8b0e8ad7f57cc6f12b276db6d14ea943fdd27f7a73b4c0cf114e3348d4c,BINDING_RECOMPUTED
fits/outer/outer__recipe-stage1_frozen__seed-1337__outer-2/history.json,1207,d665faf65a86a8fbdcf0a76c0fefef89cccc66abea1ecf44fea551339994b5b1,DECLARED_HASH_MATCH
fits/outer/outer__recipe-stage1_frozen__seed-1337__outer-2/metrics.json,179,d1359a59168e040f90a41a13ff78e78a5dd5baee6cba2f910740b5e659899e38,DECLARED_HASH_MATCH
fits/outer/outer__recipe-stage1_frozen__seed-1337__outer-2/predictions.json,21252,0114f22748e53a26c36c9858701b703f482a43c210f2b86d48bfad083c353165,DECLARED_HASH_MATCH
fits/outer/outer__recipe-stage1_frozen__seed-1337__outer-3/classifier_checkpoint.pt,596999,449ae88622d87848197ba375ba5bfe5e6030698d3b8971631d691d4a0a344ce5,DECLARED_HASH_MATCH
fits/outer/outer__recipe-stage1_frozen__seed-1337__outer-3/fit_receipt.json,2690,ce1ab5fa03a210ab24d6697507d73cdfb51f8171d32e5a1a16efc2a22f23f201,BINDING_RECOMPUTED
fits/outer/outer__recipe-stage1_frozen__seed-1337__outer-3/history.json,1451,b994e11dbcaae1ffbbcebdeacef9ada98db07e5f5b2751aba226f77ec641b5e6,DECLARED_HASH_MATCH
fits/outer/outer__recipe-stage1_frozen__seed-1337__outer-3/metrics.json,180,14f1647f5fd0ae7610d9503409c631cc8146e8f79a02a365e005e7396bb23e5a,DECLARED_HASH_MATCH
fits/outer/outer__recipe-stage1_frozen__seed-1337__outer-3/predictions.json,21241,b7e680976c8f4d1f05db68b3e334dbe1423921fcf77850eaa64f32622f3017d1,DECLARED_HASH_MATCH
fits/outer/outer__recipe-stage1_frozen__seed-1337__outer-4/classifier_checkpoint.pt,596999,c2582c1ebe91b99dfafaf788bde292c6f72446b8370707d099e5c436ee38f429,DECLARED_HASH_MATCH
fits/outer/outer__recipe-stage1_frozen__seed-1337__outer-4/fit_receipt.json,2690,b0cf0dd7d0135bc3757fdfaf7fe7ee0c0a0a5d064a84313e323ba8e20598bc3d,BINDING_RECOMPUTED
fits/outer/outer__recipe-stage1_frozen__seed-1337__outer-4/history.json,2427,8dcba60556575b0633a37523c5098dfc8b34cfe9573fe9aecc863e39b9ef0758,DECLARED_HASH_MATCH
fits/outer/outer__recipe-stage1_frozen__seed-1337__outer-4/metrics.json,180,e185b1b2af9c9da454cb734888a8c3c4284420a699fb2c0d7b6a12fd3e746342,DECLARED_HASH_MATCH
fits/outer/outer__recipe-stage1_frozen__seed-1337__outer-4/predictions.json,21242,bb4136e9c43c63da265c305ceab92ef5568f5347bb69c1be58b7eeabb468d649,DECLARED_HASH_MATCH
fits/outer/outer__recipe-stage1_frozen__seed-2025__outer-0/classifier_checkpoint.pt,596999,ff559d0cc927bab4ceebd029b8b20a41af837acd305e497592b1de5497961fd9,DECLARED_HASH_MATCH
fits/outer/outer__recipe-stage1_frozen__seed-2025__outer-0/fit_receipt.json,2689,b54d5385f8faba66a868704008f4a6ff082c1e59912a3a8b14e2f7d05bdf63c2,BINDING_RECOMPUTED
fits/outer/outer__recipe-stage1_frozen__seed-2025__outer-0/history.json,947,8db4a9ce34f36f2a17997e6f72817ffd3f4104fa69a289925a6c595ceb9bdb07,DECLARED_HASH_MATCH
fits/outer/outer__recipe-stage1_frozen__seed-2025__outer-0/metrics.json,180,d228e9a72c876af19e572cfcb460d752906b461734c8c19e6d291d526830b159,DECLARED_HASH_MATCH
fits/outer/outer__recipe-stage1_frozen__seed-2025__outer-0/predictions.json,21559,30a5221662dcc327728b0c7a0d26ebb02e741ececc896d0860a8dc3e9fc06ff2,DECLARED_HASH_MATCH
fits/outer/outer__recipe-stage1_frozen__seed-2025__outer-1/classifier_checkpoint.pt,596999,500bc08cbee6ecec86411e5dab069fb5b9f59c5a7c38f5ee0b8818499747c56e,DECLARED_HASH_MATCH
fits/outer/outer__recipe-stage1_frozen__seed-2025__outer-1/fit_receipt.json,2688,e0489bc68f0e5222b9d5f54c000985990a26d3611fdeffb3bb16adc96db60ccc,BINDING_RECOMPUTED
fits/outer/outer__recipe-stage1_frozen__seed-2025__outer-1/history.json,1208,f6440243d089c5566a7500893d6db44f548aa3aa03a20e552be112d6b828d437,DECLARED_HASH_MATCH
fits/outer/outer__recipe-stage1_frozen__seed-2025__outer-1/metrics.json,179,cc0aedd3243f79db47c077541ab661ad0309457033f099bc27593283ab31bbad,DECLARED_HASH_MATCH
fits/outer/outer__recipe-stage1_frozen__seed-2025__outer-1/predictions.json,21249,d1cda1730de1a59604c9ee151bd086011d091a5c01252188471300379e98d7b1,DECLARED_HASH_MATCH
fits/outer/outer__recipe-stage1_frozen__seed-2025__outer-2/classifier_checkpoint.pt,596999,d8a4372138587b578e324d79960ab6dbe629336d9092755dce191a0894aede27,DECLARED_HASH_MATCH
fits/outer/outer__recipe-stage1_frozen__seed-2025__outer-2/fit_receipt.json,2689,a3f27a55cefb66fb60ec76e4758de60d73274a082cfa2f28b0818413bb43e8c4,BINDING_RECOMPUTED
fits/outer/outer__recipe-stage1_frozen__seed-2025__outer-2/history.json,1456,69192c7e3a1222a13a40a84893f4da0b733624c9353212de067d99855e63730b,DECLARED_HASH_MATCH
fits/outer/outer__recipe-stage1_frozen__seed-2025__outer-2/metrics.json,179,6715637b8c5815aaff9d14a50f0c4a766f512e2b15a9b06546e604d31b217020,DECLARED_HASH_MATCH
fits/outer/outer__recipe-stage1_frozen__seed-2025__outer-2/predictions.json,21247,d1e84d0e929814ba5bfb728aaad3ab224dbb4b396557dd620dca513bbfb6b8b6,DECLARED_HASH_MATCH
fits/outer/outer__recipe-stage1_frozen__seed-2025__outer-3/classifier_checkpoint.pt,596999,aeef567aafc776da01ecb86fdc169787568584f9b3f453e3c8f0dcc0cc3d9d46,DECLARED_HASH_MATCH
fits/outer/outer__recipe-stage1_frozen__seed-2025__outer-3/fit_receipt.json,2688,652cc71e2636b2f49071961517d87ba0754b33410aed8cef6ab388eaaefbf8b1,BINDING_RECOMPUTED
fits/outer/outer__recipe-stage1_frozen__seed-2025__outer-3/history.json,1928,ee2a244aa8a9f3156c489588b7bbc25f5a14d5771e527a7f61427a2b19911ca1,DECLARED_HASH_MATCH
fits/outer/outer__recipe-stage1_frozen__seed-2025__outer-3/metrics.json,179,29cbbc85c037f2f516266053f761afcb1c67db8d157eb079f8a8495e1f8cdbc7,DECLARED_HASH_MATCH
fits/outer/outer__recipe-stage1_frozen__seed-2025__outer-3/predictions.json,21261,cf3201386f32ec0c1fa75f36c4a83a5b00152a1d9603ca1e611bc83499223ea3,DECLARED_HASH_MATCH
fits/outer/outer__recipe-stage1_frozen__seed-2025__outer-4/classifier_checkpoint.pt,596999,0f5e9dcdf7b9527b7eeb41a8a94d19a98e0800df51b0f049a229376c59ceb351,DECLARED_HASH_MATCH
fits/outer/outer__recipe-stage1_frozen__seed-2025__outer-4/fit_receipt.json,2689,c5f3adb94d3486204e3f6d0145a746a0f084fba135e251c56d7c90872779decf,BINDING_RECOMPUTED
fits/outer/outer__recipe-stage1_frozen__seed-2025__outer-4/history.json,1693,c85d7b8d71fd174246a3d0ff4a30c07857c1a9f512470817b58b082da7ab4616,DECLARED_HASH_MATCH
fits/outer/outer__recipe-stage1_frozen__seed-2025__outer-4/metrics.json,180,0f441508c96c8ef359aae66994a330c56f2099b8fd6462250791487cb244e246,DECLARED_HASH_MATCH
fits/outer/outer__recipe-stage1_frozen__seed-2025__outer-4/predictions.json,21220,a423f2527042d600faf304083bdf5ab16fb61c35dcf1d27e7eabf97d09112d53,DECLARED_HASH_MATCH
fits/outer/outer__recipe-stage1_frozen__seed-42__outer-0/classifier_checkpoint.pt,596999,417721a04a05916c53ef6e7cf089ce81871dc6a3611ad93d07b14d302af14953,DECLARED_HASH_MATCH
fits/outer/outer__recipe-stage1_frozen__seed-42__outer-0/fit_receipt.json,2686,10333498374dc62829716c6c9216e4eb9d8088a8b19fdf4dba8eccc7be163e8c,BINDING_RECOMPUTED
fits/outer/outer__recipe-stage1_frozen__seed-42__outer-0/history.json,1455,1a5f3c53d9c5a3a9c862014d324128a1cc9b53e5687eb0bd897645b3f5903276,DECLARED_HASH_MATCH
fits/outer/outer__recipe-stage1_frozen__seed-42__outer-0/metrics.json,180,1994d39f67bbfc9bee1082d1931f2fa1aed919fa7ad09188c33115b5d2e8fcae,DECLARED_HASH_MATCH
fits/outer/outer__recipe-stage1_frozen__seed-42__outer-0/predictions.json,21563,abc37338a21856e65608ba980e67f15fedff994cf18b1851be5f60fabcccf478,DECLARED_HASH_MATCH
fits/outer/outer__recipe-stage1_frozen__seed-42__outer-1/classifier_checkpoint.pt,596999,f1e6a7b8579c234dc87d63bc8bfac74c5bfc870f8b1661f96d060e190f90b531,DECLARED_HASH_MATCH
fits/outer/outer__recipe-stage1_frozen__seed-42__outer-1/fit_receipt.json,2684,132fe8d9962a5bde11ae1cb421241b72edfdb674cfbc2ee899c43403e5d57370,BINDING_RECOMPUTED
fits/outer/outer__recipe-stage1_frozen__seed-42__outer-1/history.json,1452,e93c404dc17023d3eb80fc48fe5dd7c7d06adb70c37ac6fc134e2354277b820b,DECLARED_HASH_MATCH
fits/outer/outer__recipe-stage1_frozen__seed-42__outer-1/metrics.json,178,1f7202df802d5d41e8b6b8bab2c80b952a3f4d52e4d0665de84471a46347138e,DECLARED_HASH_MATCH
fits/outer/outer__recipe-stage1_frozen__seed-42__outer-1/predictions.json,21247,455790d39cbc32fa6bd21f2d8ec89239bd69c980d98714cd99b6e5d7db03718a,DECLARED_HASH_MATCH
fits/outer/outer__recipe-stage1_frozen__seed-42__outer-2/classifier_checkpoint.pt,596999,fd30640fe2a8fa78aaae3a70f721068cd85a571c1de1f8b44890dc40b9e453e2,DECLARED_HASH_MATCH
fits/outer/outer__recipe-stage1_frozen__seed-42__outer-2/fit_receipt.json,2685,ae6ee3a6c63c8b4e9f7fe99e6103fccd5541847814d1d3ca1ca40fd0e9ef613b,BINDING_RECOMPUTED
fits/outer/outer__recipe-stage1_frozen__seed-42__outer-2/history.json,1699,5b2d318210bd7e152ab1ac9ec05bc3511f0b5aa6ef7eddc3ba6210977724ba57,DECLARED_HASH_MATCH
fits/outer/outer__recipe-stage1_frozen__seed-42__outer-2/metrics.json,179,e6c4b01dcae327da48cd53d706c50b20b2ceef782ad7b07f1189828fdbf0d5f5,DECLARED_HASH_MATCH
fits/outer/outer__recipe-stage1_frozen__seed-42__outer-2/predictions.json,21253,7e2cdf5ebf23ae2bfbb61d869d71ec7d2955694aa1b4591671cd916015a56117,DECLARED_HASH_MATCH
fits/outer/outer__recipe-stage1_frozen__seed-42__outer-3/classifier_checkpoint.pt,596999,73ae99ed985924433144779b92bfdf500a909a08fd736fbba7e65df0e1b47d16,DECLARED_HASH_MATCH
fits/outer/outer__recipe-stage1_frozen__seed-42__outer-3/fit_receipt.json,2684,1e0b6ecdddb9d555fa4ea6420f3ba8e4efbe2e48c093e6136a1bd19c174aa985,BINDING_RECOMPUTED
fits/outer/outer__recipe-stage1_frozen__seed-42__outer-3/history.json,2178,66c88c05599e5c96aca0f15a27e6adf677ae0416644094b3e284f4fcc067cd45,DECLARED_HASH_MATCH
fits/outer/outer__recipe-stage1_frozen__seed-42__outer-3/metrics.json,180,ef7b1c7a33dc9b248917102d6e424e6d9039b864702c6efaa3ab7f560a747901,DECLARED_HASH_MATCH
fits/outer/outer__recipe-stage1_frozen__seed-42__outer-3/predictions.json,21257,b7b11391d02219043f27186206ecd92349118dedd37dab79fcd313cd08d84011,DECLARED_HASH_MATCH
fits/outer/outer__recipe-stage1_frozen__seed-42__outer-4/classifier_checkpoint.pt,596999,4cef18e6f52b862e56b29980fdddcb37604503c300d31cb69ba6502b59dd3091,DECLARED_HASH_MATCH
fits/outer/outer__recipe-stage1_frozen__seed-42__outer-4/fit_receipt.json,2684,de9b0d936e7cd6269e25e025e387ed21bd68238fb38cbf4ab908388ab5b8d62e,BINDING_RECOMPUTED
fits/outer/outer__recipe-stage1_frozen__seed-42__outer-4/history.json,1207,c0b375988c985596fd3d058ea60c6ecec2e6ccc97e6f90230894ce3b908a54ac,DECLARED_HASH_MATCH
fits/outer/outer__recipe-stage1_frozen__seed-42__outer-4/metrics.json,178,4cfe1a384359e429de5a130e8f386443840d4e07e284e92ac6c86a2dfe68988e,DECLARED_HASH_MATCH
fits/outer/outer__recipe-stage1_frozen__seed-42__outer-4/predictions.json,21231,018b9e1909a5696f14ba23401d68f532da97d5be72646b01b783d6913c06a0a6,DECLARED_HASH_MATCH
fits/outer/outer__recipe-stage1_frozen_pair_ranking__seed-1337__outer-0/classifier_checkpoint.pt,596999,7f174ff847a5f34b98e6493bd823671fe5ad9b0812fe00417a8fd03de3efa422,DECLARED_HASH_MATCH
fits/outer/outer__recipe-stage1_frozen_pair_ranking__seed-1337__outer-0/fit_receipt.json,2716,2f516d1082456d199cb6e46f12a655ca16e53ba22214da98c4826bf9585a6b60,BINDING_RECOMPUTED
fits/outer/outer__recipe-stage1_frozen_pair_ranking__seed-1337__outer-0/history.json,1288,96cca9c576d3a76b3cb4c47acb3bf507df42379b976cb26b5796ef13e2640c04,DECLARED_HASH_MATCH
fits/outer/outer__recipe-stage1_frozen_pair_ranking__seed-1337__outer-0/metrics.json,180,737c2c18ef781bb858db489a54ec380d89de4ce2f2cf47566152e97ec866577b,DECLARED_HASH_MATCH
fits/outer/outer__recipe-stage1_frozen_pair_ranking__seed-1337__outer-0/predictions.json,21565,86dff094bd68cf8981ce2966a523aa880101bd6735c4e0e666f38dc035ab36c9,DECLARED_HASH_MATCH
fits/outer/outer__recipe-stage1_frozen_pair_ranking__seed-1337__outer-1/classifier_checkpoint.pt,596999,96f21b86904ce14178a5a82950e403829af0b734e68f8249a47474d990a8abc6,DECLARED_HASH_MATCH
fits/outer/outer__recipe-stage1_frozen_pair_ranking__seed-1337__outer-1/fit_receipt.json,2714,8c70e11662c693b6fe76f32feea836447e61380ae966ab014128fa53b27536e5,BINDING_RECOMPUTED
fits/outer/outer__recipe-stage1_frozen_pair_ranking__seed-1337__outer-1/history.json,1547,5e0d89708f7f793f2608f9463b1e97f402b6a87da0f70840118881ac55e6dd49,DECLARED_HASH_MATCH
fits/outer/outer__recipe-stage1_frozen_pair_ranking__seed-1337__outer-1/metrics.json,178,c4efd805b9999bf5c67929edd49da4998361898fcc0b7636fd463da9c4db6046,DECLARED_HASH_MATCH
fits/outer/outer__recipe-stage1_frozen_pair_ranking__seed-1337__outer-1/predictions.json,21232,f6f95efe3815a98ff64cf7c95278552dc8e2b6a79c5ab5aad822e72a1a3f74cf,DECLARED_HASH_MATCH
fits/outer/outer__recipe-stage1_frozen_pair_ranking__seed-1337__outer-2/classifier_checkpoint.pt,596999,ae8caef77cafc286d57ca2a55c6a2c8bfe8752fb2c0025eaa9a717310108c3e1,DECLARED_HASH_MATCH
fits/outer/outer__recipe-stage1_frozen_pair_ranking__seed-1337__outer-2/fit_receipt.json,2713,b11b71023a37e425777a8d96bc0bbee6c064fe9ca9a0c1b47fa9f91450980613,BINDING_RECOMPUTED
fits/outer/outer__recipe-stage1_frozen_pair_ranking__seed-1337__outer-2/history.json,1289,fe5c034a21f534b31fdfbf3b1f78c90f7ed22107eaa55a2daaab9e388bebb640,DECLARED_HASH_MATCH
fits/outer/outer__recipe-stage1_frozen_pair_ranking__seed-1337__outer-2/metrics.json,178,5cc7fee792b2c8f73aff6b9a67abfe59c5a55b81b5997c17322d975a38f042dc,DECLARED_HASH_MATCH
fits/outer/outer__recipe-stage1_frozen_pair_ranking__seed-1337__outer-2/predictions.json,21262,0cdffd5579faa1232a2fd09ebaaabd015c3724c86eae4b4da680bdd6c007c779,DECLARED_HASH_MATCH
fits/outer/outer__recipe-stage1_frozen_pair_ranking__seed-1337__outer-3/classifier_checkpoint.pt,596999,ca7c879945f55bc26b4755413fde54c3f9bd6a072f3e9d7e92a449cbfde6d02e,DECLARED_HASH_MATCH
fits/outer/outer__recipe-stage1_frozen_pair_ranking__seed-1337__outer-3/fit_receipt.json,2715,57b7c0af14f67a4e92f036a033d4708472a3875ce1b4a902c839f1d41e7b2687,BINDING_RECOMPUTED
fits/outer/outer__recipe-stage1_frozen_pair_ranking__seed-1337__outer-3/history.json,2848,df14335703f41c5101502e142a2bf4d17488360eaf7abbd8c53c73de1db75649,DECLARED_HASH_MATCH
fits/outer/outer__recipe-stage1_frozen_pair_ranking__seed-1337__outer-3/metrics.json,178,cbf4025fa2aa2ec686200799d3516616a64cedbbdf0abbfa5362c4f210c3c3aa,DECLARED_HASH_MATCH
fits/outer/outer__recipe-stage1_frozen_pair_ranking__seed-1337__outer-3/predictions.json,21232,f2da3c698005fc9783bcd0b307df585d886d7147e1bd1524a5d6588cbc7ba4d5,DECLARED_HASH_MATCH
fits/outer/outer__recipe-stage1_frozen_pair_ranking__seed-1337__outer-4/classifier_checkpoint.pt,596999,02f2fc45f0ddc6d34179fe3889f29c88c5c71d534ace8d0683b2bbabf77548b2,DECLARED_HASH_MATCH
fits/outer/outer__recipe-stage1_frozen_pair_ranking__seed-1337__outer-4/fit_receipt.json,2715,3f9b65f16d130e7e17dd4e67ed52d287d5563000da9db5dcf6e7fb0e2e2f91f9,BINDING_RECOMPUTED
fits/outer/outer__recipe-stage1_frozen_pair_ranking__seed-1337__outer-4/history.json,1545,b05269f310696f11e10973c4a77c8a1fb7aede6f5152ae10f9bfaebbba51b7bd,DECLARED_HASH_MATCH
fits/outer/outer__recipe-stage1_frozen_pair_ranking__seed-1337__outer-4/metrics.json,180,f114a5cc060116d3dd2689bd5ef8e09e78b4d2ee072b0bb50390c70f6119b8c1,DECLARED_HASH_MATCH
fits/outer/outer__recipe-stage1_frozen_pair_ranking__seed-1337__outer-4/predictions.json,21261,e5ff5d6eddee413bdf946b3b3e59c64b412aff89739e22227b6670879fafc8cb,DECLARED_HASH_MATCH
fits/outer/outer__recipe-stage1_frozen_pair_ranking__seed-2025__outer-0/classifier_checkpoint.pt,596999,a2b8a0ac9788600bb69ebcfc86b87e167c059d1a7829c5f974e19bd102604ec6,DECLARED_HASH_MATCH
fits/outer/outer__recipe-stage1_frozen_pair_ranking__seed-2025__outer-0/fit_receipt.json,2716,c8992999fb9b9396876a2eea96c6d36858b2d23ac9f754d9eece136ac948a04b,BINDING_RECOMPUTED
fits/outer/outer__recipe-stage1_frozen_pair_ranking__seed-2025__outer-0/history.json,1026,cd00a7f6fa9373c76b8cceedc6275b20cfc43acdc9b23985ebd5838191eb4293,DECLARED_HASH_MATCH
fits/outer/outer__recipe-stage1_frozen_pair_ranking__seed-2025__outer-0/metrics.json,180,48f05c6728c00002b999ee0443aa209e574a411b619f64e6a919cb31bdfc606f,DECLARED_HASH_MATCH
fits/outer/outer__recipe-stage1_frozen_pair_ranking__seed-2025__outer-0/predictions.json,21575,a8e26bf8e0b3220ad2dfd1ec647b466925bf9e55417c29675b38127405900199,DECLARED_HASH_MATCH
fits/outer/outer__recipe-stage1_frozen_pair_ranking__seed-2025__outer-1/classifier_checkpoint.pt,596999,148870913c3042cf73220f9422c482d3cddde0d95761fc90dbe5e9837885dbd7,DECLARED_HASH_MATCH
fits/outer/outer__recipe-stage1_frozen_pair_ranking__seed-2025__outer-1/fit_receipt.json,2713,a3889f823c06990d0c15630b3310ada43c3dda1c5c04b89ce648b4f4ec8b239a,BINDING_RECOMPUTED
fits/outer/outer__recipe-stage1_frozen_pair_ranking__seed-2025__outer-1/history.json,1809,56adf07da3214925c14de194a503d5d969baa2a0ff8d1391b3bdca4d1b1fbd95,DECLARED_HASH_MATCH
fits/outer/outer__recipe-stage1_frozen_pair_ranking__seed-2025__outer-1/metrics.json,179,59731e2edea46e055bc7b6f10e47958f4444445d54efffd4a81e1e8ca8607344,DECLARED_HASH_MATCH
fits/outer/outer__recipe-stage1_frozen_pair_ranking__seed-2025__outer-1/predictions.json,21225,9f21dcc85e9b687c1e56868145bb446e460a660c7b55be7bd9f8f904e33244f4,DECLARED_HASH_MATCH
fits/outer/outer__recipe-stage1_frozen_pair_ranking__seed-2025__outer-2/classifier_checkpoint.pt,596999,15f2e7178af9e928eedaefc68f236c6179d4d2d13e177cd74872e43f48d67ab2,DECLARED_HASH_MATCH
fits/outer/outer__recipe-stage1_frozen_pair_ranking__seed-2025__outer-2/fit_receipt.json,2715,abdb960f7477e1cf66bdd46e5a26a475b9f3b724e65b45d4ea4b94385427fa39,BINDING_RECOMPUTED
fits/outer/outer__recipe-stage1_frozen_pair_ranking__seed-2025__outer-2/history.json,3377,1cd84f9c9d21ba160f6243de10ecaa74e720dbb2b3e5b891f73bad92e5965644,DECLARED_HASH_MATCH
fits/outer/outer__recipe-stage1_frozen_pair_ranking__seed-2025__outer-2/metrics.json,179,b9ac4f7deb504cb64f454a8d6e10cb1cf86b2b8d74df2ac57c07f04c282e23bb,DECLARED_HASH_MATCH
fits/outer/outer__recipe-stage1_frozen_pair_ranking__seed-2025__outer-2/predictions.json,21250,02e5347c2d55114dccc5ad74951433a6d1cd390a7577c8117a1350705219310a,DECLARED_HASH_MATCH
fits/outer/outer__recipe-stage1_frozen_pair_ranking__seed-2025__outer-3/classifier_checkpoint.pt,596999,4e4244027a62817bf945f6d30d3c8dc076c3357285f6f025b27cb44da46e830f,DECLARED_HASH_MATCH
fits/outer/outer__recipe-stage1_frozen_pair_ranking__seed-2025__outer-3/fit_receipt.json,2714,3296edfa1f0dfb8eba51b4a8a2f6c4d96be05c909d62071a5b7b9ec66baa1a70,BINDING_RECOMPUTED
fits/outer/outer__recipe-stage1_frozen_pair_ranking__seed-2025__outer-3/history.json,1548,c01a22309b7db2280ad1057a17a25cf13ccec7a7b7dc7f77d119fe2af8fa02b5,DECLARED_HASH_MATCH
fits/outer/outer__recipe-stage1_frozen_pair_ranking__seed-2025__outer-3/metrics.json,179,5a5111edc7444a5078a1514098e58c190aa545c41c66964ac08e334aef6b8ce8,DECLARED_HASH_MATCH
fits/outer/outer__recipe-stage1_frozen_pair_ranking__seed-2025__outer-3/predictions.json,21259,a2729b2d341b1f1f8233bfe2d1bc7bf1c7fcfb142060f25ac8dce056e479449e,DECLARED_HASH_MATCH
fits/outer/outer__recipe-stage1_frozen_pair_ranking__seed-2025__outer-4/classifier_checkpoint.pt,596999,fed4a3f276228331e78938e87fe91262bf40c7fddb90b0a27327a9f5855e1c3e,DECLARED_HASH_MATCH
fits/outer/outer__recipe-stage1_frozen_pair_ranking__seed-2025__outer-4/fit_receipt.json,2715,0461896af3da2087ce4771345a158e37358170e276bea45fc56a70cf612c9e55,BINDING_RECOMPUTED
fits/outer/outer__recipe-stage1_frozen_pair_ranking__seed-2025__outer-4/history.json,1806,f4425edffa4d76d9d6ad3be20369118f016d9e9d527a195ce36ae2ce471c5f4d,DECLARED_HASH_MATCH
fits/outer/outer__recipe-stage1_frozen_pair_ranking__seed-2025__outer-4/metrics.json,179,251174a7b25042fe99af55e2c37a5794fd1cfd980faa465623cb11393d1a657d,DECLARED_HASH_MATCH
fits/outer/outer__recipe-stage1_frozen_pair_ranking__seed-2025__outer-4/predictions.json,21225,ca1e00eeb47b3d887300fa49e391a32a8f345799246610973800322be070005b,DECLARED_HASH_MATCH
fits/outer/outer__recipe-stage1_frozen_pair_ranking__seed-42__outer-0/classifier_checkpoint.pt,596999,68f6597bb4095257921e0994a0d28abf1f300a969c75cc2cb43072eeb0e8cc04,DECLARED_HASH_MATCH
fits/outer/outer__recipe-stage1_frozen_pair_ranking__seed-42__outer-0/fit_receipt.json,2709,169a31ce6bc3dcc78299d86f18bff81d200fdf6f979b216f331126288f10762f,BINDING_RECOMPUTED
fits/outer/outer__recipe-stage1_frozen_pair_ranking__seed-42__outer-0/history.json,765,683f900566a1e64c8b2c9532282893fa8f5e94696bc752dba9d3b57ca1e61f7c,DECLARED_HASH_MATCH
fits/outer/outer__recipe-stage1_frozen_pair_ranking__seed-42__outer-0/metrics.json,180,1d99ce05326a273f689b8835ab0a7ec80d31c19a435344ce1641fce7a5975213,DECLARED_HASH_MATCH
fits/outer/outer__recipe-stage1_frozen_pair_ranking__seed-42__outer-0/predictions.json,21526,e10c7a192222b199af4359d06c2b2df4cba9e519b8987f0bfc2a4ac320523db4,DECLARED_HASH_MATCH
fits/outer/outer__recipe-stage1_frozen_pair_ranking__seed-42__outer-1/classifier_checkpoint.pt,596999,ef2fc962a2c1f87ce4c72ff2df663fbf720fd31370821bd01f220b632dc39a16,DECLARED_HASH_MATCH
fits/outer/outer__recipe-stage1_frozen_pair_ranking__seed-42__outer-1/fit_receipt.json,2712,b2199ab07dddeb5d55a37c27551fc587ce7dc93cc45f78d651914614d3067211,BINDING_RECOMPUTED
fits/outer/outer__recipe-stage1_frozen_pair_ranking__seed-42__outer-1/history.json,1024,6b3d2b938af1a0bd13d619a77251e70146074fcfe4be6e99474e843f3bc8c244,DECLARED_HASH_MATCH
fits/outer/outer__recipe-stage1_frozen_pair_ranking__seed-42__outer-1/metrics.json,180,2ec38bdef626acc5c847046fa64d199229ee65a1ff89844f62f94da50d76c39f,DECLARED_HASH_MATCH
fits/outer/outer__recipe-stage1_frozen_pair_ranking__seed-42__outer-1/predictions.json,21236,9b872fe5ba148992fec138bf073105f2a70d0684c976860c1fd0f6cb3206aaf4,DECLARED_HASH_MATCH
fits/outer/outer__recipe-stage1_frozen_pair_ranking__seed-42__outer-2/classifier_checkpoint.pt,596999,9ee504d73906d9da0d03e66aaaec23b7bc6edac9264dff187e7b632c4ae47b4d,DECLARED_HASH_MATCH
fits/outer/outer__recipe-stage1_frozen_pair_ranking__seed-42__outer-2/fit_receipt.json,2711,5e09d5d5e845690ac7b531a885144cd6fb078d8311ac7c08b715d1a90de1f1b8,BINDING_RECOMPUTED
fits/outer/outer__recipe-stage1_frozen_pair_ranking__seed-42__outer-2/history.json,1027,d53bd1a1c3bc5d0ccdda39399d21dcdb05f8c6dc4094fe35fda3d3e783102393,DECLARED_HASH_MATCH
fits/outer/outer__recipe-stage1_frozen_pair_ranking__seed-42__outer-2/metrics.json,180,8b13b35bb991305a332908a461a929037bee166a1fc5a90689025a457336274a,DECLARED_HASH_MATCH
fits/outer/outer__recipe-stage1_frozen_pair_ranking__seed-42__outer-2/predictions.json,21238,047d109014122e76d434dfa321bd77e95bc0aefc2ea8a0383d20fb7039e19971,DECLARED_HASH_MATCH
fits/outer/outer__recipe-stage1_frozen_pair_ranking__seed-42__outer-3/classifier_checkpoint.pt,596999,ad7aab33b9cc5684346fd74b1c43311006346a7dbe5c1a1b19b3e7494b348d19,DECLARED_HASH_MATCH
fits/outer/outer__recipe-stage1_frozen_pair_ranking__seed-42__outer-3/fit_receipt.json,2709,16d30f6e15834054b35a422bd644044d44a6d0ef37b2cab0d3162b56ad730156,BINDING_RECOMPUTED
fits/outer/outer__recipe-stage1_frozen_pair_ranking__seed-42__outer-3/history.json,2069,bb410e62084f115682cd8fab292813ebb83fab69f3e307e2284036948868cf8b,DECLARED_HASH_MATCH
fits/outer/outer__recipe-stage1_frozen_pair_ranking__seed-42__outer-3/metrics.json,178,d8277e74b4f672fdb4affc09de970212f40721b6c64f2d0b966ddfb0fc94704e,DECLARED_HASH_MATCH
fits/outer/outer__recipe-stage1_frozen_pair_ranking__seed-42__outer-3/predictions.json,21248,e94c4a2b1bbfd04042c5b3d405fb05ba681c9eeb3bd52a0f41f47920f3a00c1b,DECLARED_HASH_MATCH
fits/outer/outer__recipe-stage1_frozen_pair_ranking__seed-42__outer-4/classifier_checkpoint.pt,596999,6a7f676aedd8125554ad4adaf0af2634de8663081df2f678bedb729ad85ad2dd,DECLARED_HASH_MATCH
fits/outer/outer__recipe-stage1_frozen_pair_ranking__seed-42__outer-4/fit_receipt.json,2711,6bf67f02862026ed056d694b8f87a2220ea6cddbf666bb44792770eb9e98dafb,BINDING_RECOMPUTED
fits/outer/outer__recipe-stage1_frozen_pair_ranking__seed-42__outer-4/history.json,1287,5b17aa98001fb326f2487be7bf4c12eca75c05cb5db0493cf8ccb5bf76d48d2d,DECLARED_HASH_MATCH
fits/outer/outer__recipe-stage1_frozen_pair_ranking__seed-42__outer-4/metrics.json,179,7f352cbb8baffbc3f65d2084bc2c4cb4241093733dfa77b2e6d1b0b59e802c6a,DECLARED_HASH_MATCH
fits/outer/outer__recipe-stage1_frozen_pair_ranking__seed-42__outer-4/predictions.json,21229,234db3fbbd9b97c9c05197fcbb3ccfaefef2c4fb7e279e13237caa4145d028a2,DECLARED_HASH_MATCH
fold_lock.json,4986,9faf260a4a81edd712c484f59815ad2c1cd5fa153dd9a85b4eda77308c9ec157,RECOMPUTED_EXACT_MATCH
oof_summary.json,3330,509041bdad927da37ef7b414e5c9e3a21027644f81adcb5c9c55a3883d6230d7,RECOMPUTED_EXACT_MATCH
progress.json,1197,68b1e757d977c6538ed561d769aac983762664d95bb67e62a0e87271732b82d0,ROOT_CONTRACT_VALIDATED
shared/frozen_features.pt,1579830,b97d9cdb83bcddbf0836bd589bec990bb53f27725b6195335a1a454998a107fd,DECLARED_HASH_MATCH
shared/frozen_features_receipt.json,826,3ac793ccd57fdafcde4ba858357da9485b0897dd560a79c124ad240fa9bee404,ROOT_CONTRACT_VALIDATED
